id,date,heure,sport,nom,duree_min,distance_km,denivele_m,fc_moy,fc_max,puiss_moy,puiss_norm,cadence,calories,temp_c,tss,methode,allure_s,pz1_min,pz2_min,pz3_min,pz4_min,pz5_min,pz6_min,pz7_min,activityName,description,startTimeLocal,startTimeGMT,activityType_typeId,activityType_typeKey,activityType_parentTypeId,activityType_isHidden,activityType_restricted,activityType_trimmable,eventType_typeId,eventType_typeKey,eventType_sortOrder,isFavorite,isPR,isAutoCalcCalories,isParent,distance,duration,elapsedDuration,movingDuration,elevationGain,elevationLoss,averageSpeed,maxSpeed,startLatitude,startLongitude,hasPolyline,hasImages,averageBikingCadenceInRevPerMinute,maxBikingCadenceInRevPerMinute,privacy_typeId,privacy_typeKey,userPro,hasVideo,isPurposeful,timeZoneId,beginTimestamp,sportTypeId,avgPower,maxPower,normPower,max20MinPower,trainingStressScore,intensityFactor,deviceId,minElevation,maxElevation,isElevationCorrected,isDecoDive,maxVerticalSpeed,manufacturer,locationName,lapCount,endLatitude,endLongitude,isAtpActivity,maxAvgPower_1,maxAvgPower_2,maxAvgPower_5,maxAvgPower_10,maxAvgPower_20,maxAvgPower_30,maxAvgPower_60,maxAvgPower_120,maxAvgPower_300,maxAvgPower_600,maxAvgPower_1200,maxAvgPower_1800,maxAvgPower_3600,excludeFromPowerCurveReports,minActivityLapDuration,splitSummaries_noOfSplits,splitSummaries_duration,splitSummaries_splitType,splitSummaries_numClimbSends,splitSummaries_numFalls,hasSplits,isManualActivity,hasHeatMap,powerTimeInZone_1,powerTimeInZone_2,powerTimeInZone_3,powerTimeInZone_4,powerTimeInZone_5,powerTimeInZone_6,powerTimeInZone_7,endTimeGMT,qualifyingDive,activityUUID,purposeful,manualActivity,autoCalcCalories,elevationCorrected,atpActivity,parent,decoDive,favorite,pr,splitSummaries_totalAscent,splitSummaries_maxElevationGain,splitSummaries_averageElevationGain,splitSummaries_maxDistance,splitSummaries_distance,splitSummaries_averageSpeed,splitSummaries_maxSpeed,splitSummaries_elevationLoss,bmrCalories,aerobicTrainingEffect,anaerobicTrainingEffect,minTemperature,maxTemperature,waterEstimated,trainingEffectLabel,activityTrainingLoad,aerobicTrainingEffectMessage,anaerobicTrainingEffectMessage,caloriesConsumed,waterConsumed,fastestSplit_40000,splitSummaries1_noOfSplits,splitSummaries1_totalAscent,splitSummaries1_duration,splitSummaries1_splitType,splitSummaries1_numClimbSends,splitSummaries1_maxElevationGain,splitSummaries1_averageElevationGain,splitSummaries1_maxDistance,splitSummaries1_distance,splitSummaries1_averageSpeed,splitSummaries1_maxSpeed,splitSummaries1_numFalls,splitSummaries1_elevationLoss,fichier,best_1km_s,best_5km_s,best_10km_s,meteo_temp_c,meteo_ressenti_c,meteo_humidite_pct,meteo_vent_kmh,meteo_rosee_c,meteo,z1_min,z2_min,z3_min,z4_min,materiel,averageHR,maxHR,moderateIntensityMinutes,vigorousIntensityMinutes,differenceBodyBattery,hrTimeInZone_1,hrTimeInZone_2,hrTimeInZone_3,hrTimeInZone_4,hrTimeInZone_5,fc_h1,fc_h2,derive_fc_bpm,averageRunningCadenceInStepsPerMinute,maxRunningCadenceInStepsPerMinute,steps,avgVerticalOscillation,avgGroundContactTime,avgStrideLength,vO2MaxValue,avgVerticalRatio,maxDoubleCadence,avgGradeAdjustedSpeed,fastestSplit_1000,fastestSplit_1609,fastestSplit_5000,v_h1_kmh,v_h2_kmh,decouplage_pct,negative_split,split_delta_pct,z5_min,splitSummaries2_noOfSplits,splitSummaries2_totalAscent,splitSummaries2_duration,splitSummaries2_splitType,splitSummaries2_numClimbSends,splitSummaries2_maxElevationGain,splitSummaries2_averageElevationGain,splitSummaries2_maxDistance,splitSummaries2_distance,splitSummaries2_averageSpeed,splitSummaries2_maxSpeed,splitSummaries2_numFalls,splitSummaries2_elevationLoss,fastestSplit_10000,averageSwimCadenceInStrokesPerMinute,averageSwolf,activeLengths,poolLength,unitOfPoolLength_unitId,unitOfPoolLength_unitKey,unitOfPoolLength_factor,strokes,avgStrokeDistance,avgStrokes,fastestSplit_100,fastestSplit_400,cloudPositioningStatus,watts_h1,watts_h2,p5min_w,p20min_w,p60min_w,summarizedExerciseSets_category,summarizedExerciseSets_subCategory,summarizedExerciseSets_reps,summarizedExerciseSets_volume,summarizedExerciseSets_duration,summarizedExerciseSets_sets,summarizedExerciseSets_maxWeight,totalSets,activeSets,totalReps,avgGroundContactBalance,minRespirationRate,maxRespirationRate,avgRespirationRate,workoutId,avgElevation,fastestSplit_750,hasIntensityIntervals,splitSummaries_maxDistanceWithPrecision,splitSummaries1_maxDistanceWithPrecision,splitSummaries_avgStepFrequency,splitSummaries1_avgStepFrequency,splitSummaries1_avgStepLength,splitSummaries1_verticalRatio,splitSummaries1_verticalOscillation,splitSummaries1_avgGroundContactTime,splitSummaries2_maxDistanceWithPrecision,splitSummaries2_avgStepFrequency,splitSummaries2_avgStepLength,splitSummaries2_verticalRatio,splitSummaries2_verticalOscillation,splitSummaries2_avgGroundContactTime
17883421616,2024-12-31,16:48,virtual_ride,Jinguashi (Taiwan),105.4,40.758,852.0,,,178.0,193.31499299785557,75.0,1131.0,,,FC,155.1,6.7,27.8,22.7,17.9,17.1,10.8,2.4,Jinguashi (Taiwan),"Known for its historic gold and copper mines, this town is in the Ruifang District of Taiwan. This ride features moderate elevation gain and some challenging stretches, as it begins with some rolling hills before a steady jungle climb to the Buyan Pavilion.",2024-12-31 16:48:16,2024-12-31 15:48:16,152,virtual_ride,2,0,0,1,9,uncategorized,10,0,0,0,0,40758.140625,6323.0,6323.0,6316.0,852.0,389.0,6.445000171661377,16.679000854492188,25.00610732473433,121.65174099616706,1,0,75.0,99.0,2,private,0,0,0,124,1735660096000,2,178.0,407.0,193.31499299785557,205.0825,164.09364642486284,0.9665749649892779,0,247.0,710.0,0,0,0.60003662109375,TACX,Shiding District,1,25.089258905500174,121.84876676648855,0,407,392,375,349,320,312,286,261,226,212,205,205,181,0,6323.0,1,6323.0,VIRTUAL_ACTIVITY_SECTION,0,0,0,0,0,404.0,1665.0,1361.0,1077.0,1028.0,645.0,142.0,2024-12-31 17:33:39,0,a7183843-5f0f-40c2-9c05-29b6cb0cca84,0,0,0,0,0,0,0,0,0,,,,,,,,,,,,,,,,,,,,,,,,,,,,,,,,,,,,,,,,,,,,,,,,,,,,,,,,,,,,,,,,,,,,,,,,,,,,,,,,,,,,,,,,,,,,,,,,,,,,,,,,,,,,,,,,,,,,,,,,,,,,,,,,,,,,,,,,,,,,,,,,,
17906514009,2025-01-03,16:22,virtual_ride,Smoky Valley Scenic Byway – Stage 1 (Kansas),66.9,30.857,133.0,,,129.0,140.12969964189486,76.0,513.0,,,FC,130.1,19.1,31.1,11.2,4.0,0.9,0.3,0.2,Smoky Valley Scenic Byway – Stage 1 (Kansas),"In stage one of this three-stage ride, you’ll embark on an easy ride through the rolling prairie of the state of Kansas in the United States.",2025-01-03 16:22:06,2025-01-03 15:22:06,152,virtual_ride,2,0,0,1,9,uncategorized,10,0,0,0,0,30856.76953125,4016.0,4016.0,3971.0,133.0,161.0,7.767000198364258,12.487999916076662,39.009811375290155,-99.89012908190489,1,0,76.0,101.0,2,private,0,0,0,124,1735917726000,2,129.0,330.0,140.12969964189486,140.76333333333332,54.76355014615161,0.7006484982094743,0,618.2000122070312,715.4000244140625,0,0,0.40002441406250006,TACX,Trego County,1,38.73306440189481,-99.8980016168207,0,330,323,322,315,297,293,251,194,176,157,141,137,130,0,4016.0,1,4016.0,VIRTUAL_ACTIVITY_SECTION,0,0,1,0,0,1145.0,1863.0,673.0,240.0,57.0,19.0,13.0,2025-01-03 16:29:02,0,b9141ab9-ec74-4dc1-8d13-a1edd9b45336,0,0,0,0,0,0,0,0,0,133.0,133.0,133.0,30856,30856.76953125,7.767000198364258,12.48799991607666,161.0,,,,,,,,,,,,,,,,,,,,,,,,,,,,,,,,,,,,,,,,,,,,,,,,,,,,,,,,,,,,,,,,,,,,,,,,,,,,,,,,,,,,,,,,,,,,,,,,,,,,,,,,,,,,,,,,,,,,,,,,,,,,,,,,,,,,,,,,,
17915950618,2025-01-04,16:46,virtual_ride,Isola Maddalena (Sardinia),91.0,43.198,667.0,,,194.0,208.80095028124663,72.0,1063.0,,,FC,126.4,5.7,19.3,14.9,14.7,15.4,15.4,5.5,Isola Maddalena (Sardinia),This beautiful ride on a small island just north of Sardinia presents easy rolling hills and incredible coastal views.,2025-01-04 16:46:36,2025-01-04 15:46:36,152,virtual_ride,2,0,0,1,9,uncategorized,10,0,0,0,0,43197.7109375,5461.0,5461.0,5451.0,667.0,618.0,7.90999984741211,19.608999252319336,41.22293849475682,9.380499813705683,1,0,72.0,117.0,2,private,0,0,0,124,1736005596000,2,194.0,506.0,208.80095028124663,207.20916666666668,165.3387409543321,1.0440047514062332,0,7.199999809265137,172.1999969482422,0,0,1.0,TACX,La Maddalena,1,41.22311401180923,9.380487240850925,0,506,497,478,387,356,343,298,269,233,217,207,200,195,0,5461.0,1,5461.0,VIRTUAL_ACTIVITY_SECTION,0,0,0,0,0,340.0,1160.0,893.0,884.0,926.0,924.0,333.0,2025-01-04 17:17:37,0,1dec769e-c9d9-4690-9a05-001e4f355c0f,0,0,0,0,0,0,0,0,0,,,,,,,,,,,,,,,,,,,,,,,,,,,,,,,,,,,,,,,,,,,,,,,,,,,,,,,,,,,,,,,,,,,,,,,,,,,,,,,,,,,,,,,,,,,,,,,,,,,,,,,,,,,,,,,,,,,,,,,,,,,,,,,,,,,,,,,,,,,,,,,,,
18028834387,2025-01-17,16:07,virtual_ride,Ettlingen - Schwarzwald North - Stage 1,0.5,0.265,3.0,,,157.0,161.5421357694877,69.0,4.0,,,FC,,0.1,0.1,0.1,0.1,0.1,0.0,,Ettlingen - Schwarzwald North - Stage 1,,2025-01-17 16:07:02,2025-01-17 15:07:02,152,virtual_ride,2,0,0,1,9,uncategorized,10,0,0,0,0,264.7799987792969,30.0,30.0,30.0,3.0,0.0,8.819000244140625,11.225000381469727,48.94240946508944,8.406649567186832,1,0,69.0,90.0,2,private,0,0,0,124,1737126422000,2,157.0,242.0,161.5421357694877,,,,0,144.0,146.8000030517578,0,0,0.5999908447265625,TACX,Ettlingen,1,48.94109392538667,8.409411320462823,0,242,241,229,204,189,159,,,,,,,,0,30.0,1,30.0,VIRTUAL_ACTIVITY_SECTION,0,0,0,0,0,3.0,9.0,5.0,8.0,3.0,2.0,0.0,2025-01-17 15:07:32,0,2059c0cd-b590-43aa-9aeb-a239eda73380,0,0,0,0,0,0,0,0,0,,,,,,,,,,,,,,,,,,,,,,,,,,,,,,,,,,,,,,,,,,,,,,,,,,,,,,,,,,,,,,,,,,,,,,,,,,,,,,,,,,,,,,,,,,,,,,,,,,,,,,,,,,,,,,,,,,,,,,,,,,,,,,,,,,,,,,,,,,,,,,,,,
18028343949,2025-01-17,16:08,virtual_ride,Gorges de la Jont (Cevennes),55.5,21.55,405.0,,,174.0,183.07275232721483,79.0,581.0,,,FC,154.5,3.1,10.2,14.1,18.7,6.8,2.2,0.3,Gorges de la Jont (Cevennes),,2025-01-17 16:08:51,2025-01-17 15:08:51,152,virtual_ride,2,0,0,1,9,uncategorized,10,0,0,0,0,21549.73046875,3330.0,3330.0,3330.0,405.0,112.0,6.46999979019165,13.006999969482422,44.19408034533262,3.2081298530101776,1,0,79.0,106.0,2,private,0,0,0,124,1737126531000,2,174.0,335.0,183.07275232721483,179.4475,77.50490049078027,0.9153637616360741,0,366.0,661.7999877929688,0,0,0.40002441406250006,TACX,Mostuéjouls,1,44.17928075417876,3.430313905701041,0,335,335,327,325,309,289,250,237,214,205,179,177,,0,3330.0,1,3330.0,VIRTUAL_ACTIVITY_SECTION,0,0,0,0,0,185.0,611.0,848.0,1120.0,410.0,135.0,21.0,2025-01-17 16:04:21,0,9d672d53-4b16-4ebc-a8c0-cec535f1deff,0,0,0,0,0,0,0,0,0,,,,,,,,,,,,,,,,,,,,,,,,,,,,,,,,,,,,,,,,,,,,,,,,,,,,,,,,,,,,,,,,,,,,,,,,,,,,,,,,,,,,,,,,,,,,,,,,,,,,,,,,,,,,,,,,,,,,,,,,,,,,,,,,,,,,,,,,,,,,,,,,,
18047825367,2025-01-19,17:42,virtual_ride,Lake Buffalo (Australia),42.8,22.049,192.0,,,200.0,211.8204463745105,76.0,514.0,,,FC,116.4,0.5,6.0,9.2,10.4,8.4,6.5,1.7,Lake Buffalo (Australia),"Enjoy a light, rolling ride as you head south from the town of Myrtleford, Australia, in the state of Victoria, to scenic Lake Buffalo.",2025-01-19 17:42:12,2025-01-19 16:42:12,152,virtual_ride,2,0,0,1,9,uncategorized,10,0,0,0,0,22048.69921875,2566.0,2566.0,2562.0,192.0,114.0,8.592000007629395,14.223999977111816,-36.5585211943835,146.72007749788463,1,0,76.0,98.0,2,private,0,0,0,124,1737304932000,2,200.0,492.0,211.8204463745105,211.775,79.95210781589846,1.0591022318725525,0,217.0,297.20001220703125,0,0,0.600006103515625,TACX,Myrtleford,1,-36.714318646118045,146.65658483281732,0,492,492,447,422,396,386,339,292,255,225,212,205,,0,2566.0,1,2566.0,VIRTUAL_ACTIVITY_SECTION,0,0,0,0,0,29.0,359.0,554.0,624.0,503.0,392.0,104.0,2025-01-19 17:24:58,0,732458df-9d58-4919-85d2-604b8411af5c,0,0,0,0,0,0,0,0,0,,,,,,,,,,,,,,,,,,,,,,,,,,,,,,,,,,,,,,,,,,,,,,,,,,,,,,,,,,,,,,,,,,,,,,,,,,,,,,,,,,,,,,,,,,,,,,,,,,,,,,,,,,,,,,,,,,,,,,,,,,,,,,,,,,,,,,,,,,,,,,,,,
18069019892,2025-01-22,07:06,virtual_ride,Lake Buffalo (Australia),45.0,22.048,195.0,,,178.0,191.8591518068269,77.0,481.0,,,FC,122.5,4.1,8.5,9.6,9.7,7.2,5.2,0.8,Lake Buffalo (Australia),"Enjoy a light, rolling ride as you head south from the town of Myrtleford, Australia, in the state of Victoria, to scenic Lake Buffalo.",2025-01-22 07:06:49,2025-01-22 06:06:49,152,virtual_ride,2,0,0,1,9,uncategorized,10,0,0,0,0,22047.849609375,2701.0,2701.0,2697.0,195.0,116.0,8.161999702453613,14.571000099182129,-36.5585211943835,146.72007749788463,1,0,77.0,120.0,2,private,0,0,0,124,1737526009000,2,178.0,375.0,191.8591518068269,189.47416666666666,68.35889106885877,0.9545231433175467,0,217.0,297.20001220703125,0,0,0.600006103515625,TACX,Myrtleford,1,-36.71432191506028,146.65657904930413,0,375,375,372,359,350,332,283,235,220,202,189,180,,0,2701.0,1,2701.0,VIRTUAL_ACTIVITY_SECTION,0,0,0,0,0,246.0,511.0,573.0,581.0,433.0,309.0,47.0,2025-01-22 06:51:50,0,58761bce-274a-41ca-b3d3-c0e2b61579bc,0,0,0,0,0,0,0,0,0,,,,,,,,,,,,,,,,,,,,,,,,,,,,,,,,,,,,,,,,,,,,,,,,,,,,,,,,,,,,,,,,,,,,,,,,,,,,,,,,,,,,,,,,,,,,,,,,,,,,,,,,,,,,,,,,,,,,,,,,,,,,,,,,,,,,,,,,,,,,,,,,,
18082080393,2025-01-23,17:44,virtual_ride,Kok River (Thailand),39.9,21.512,204.0,,,210.0,222.36200594760862,66.0,503.0,,,FC,111.3,0.8,5.3,6.7,8.8,7.6,7.4,3.4,Kok River (Thailand),"This flat, easy ride takes you along the ebbs and flows of the Kok River in northern Thailand. You’ll enjoy scenic views as you ride alongside the riverbank.",2025-01-23 17:44:59,2025-01-23 16:44:59,152,virtual_ride,2,0,0,1,9,uncategorized,10,0,0,0,0,21512.439453125,2395.0,2395.0,2391.0,204.0,201.0,8.980999946594238,14.902000427246094,19.937271075323224,99.77147670462728,1,0,66.0,89.0,2,private,0,0,0,124,1737650699000,2,210.0,467.0,222.36200594760862,213.28416666666666,81.42018194355832,1.1062786365552668,0,359.0,389.79998779296875,0,0,0.800018310546875,TACX,Chiang Rai,1,19.921464063227177,99.76424789987504,0,445,436,404,382,357,342,298,266,238,231,213,209,,0,2395.0,1,2395.0,VIRTUAL_ACTIVITY_SECTION,0,0,0,0,0,46.0,321.0,403.0,526.0,457.0,446.0,202.0,2025-01-23 17:24:54,0,7006aee5-469d-423a-a2b9-c6bfa14b3361,0,0,0,0,0,0,0,0,0,,,,,,,,,,,,,,,,,,,,,,,,,,,,,,,,,,,,,,,,,,,,,,,,,,,,,,,,,,,,,,,,,,,,,,,,,,,,,,,,,,,,,,,,,,,,,,,,,,,,,,,,,,,,,,,,,,,,,,,,,,,,,,,,,,,,,,,,,,,,,,,,,
18097840598,2025-01-25,14:00,virtual_ride,Stage 1 - Cap Corse (Corsica),80.2,31.587,335.0,,,110.0,122.03206380459585,78.0,531.0,,,FC,152.3,40.7,27.2,8.7,3.1,0.4,0.1,,Stage 1 - Cap Corse (Corsica),"In stage one of this three-stage ride around Cap Corse, a peninsula on the northeast edge of the French island of Corsica, you'll enjoy an easy ride along the eastern coastal road.",2025-01-25 14:00:46,2025-01-25 13:00:46,152,virtual_ride,2,0,0,1,9,uncategorized,10,0,0,0,0,31587.220703125,4811.0,4811.0,4809.0,335.0,319.0,6.565000057220459,14.168000221252441,42.70206067711115,9.452721560373902,1,0,78.0,111.0,2,private,0,0,0,124,1737810046000,2,110.0,250.0,122.03206380459585,125.72583333333333,48.77283826566804,0.604119127745524,0,9.199999809265137,66.4000015258789,0,0,0.40000152587890625,TACX,Bastia,1,42.93336482718587,9.463899247348309,0,244,244,237,229,223,201,182,153,136,132,126,122,115,0,4811.0,1,4811.0,VIRTUAL_ACTIVITY_SECTION,0,0,0,0,0,2443.0,1632.0,519.0,189.0,23.0,5.0,0.0,2025-01-25 14:20:57,0,db004023-80cd-4a89-8a70-4af66411020d,0,0,0,0,0,0,0,0,0,,,,,,,,,,,,,,,,,,,,,,,,,,,,,,,,,,,,,,,,,,,,,,,,,,,,,,,,,,,,,,,,,,,,,,,,,,,,,,,,,,,,,,,,,,,,,,,,,,,,,,,,,,,,,,,,,,,,,,,,,,,,,,,,,,,,,,,,,,,,,,,,,
18130036866,2025-01-29,07:13,virtual_ride,Stage 2 - Han River Circle (South Korea),37.6,19.2,78.0,,,171.0,180.69931712723175,75.0,386.0,,,FC,117.4,2.7,7.2,12.5,9.4,3.1,2.0,0.7,Stage 2 - Han River Circle (South Korea),Stage two of this two-stage ride continues your journey through the city of Seoul along the Han River. You’ll enjoy scenic urban views on this easy ride.,2025-01-29 07:13:22,2025-01-29 06:13:22,152,virtual_ride,2,0,0,1,9,uncategorized,10,0,0,0,0,19200.470703125,2255.0,2255.0,2252.0,78.0,76.0,8.512999534606934,13.67199993133545,37.52293392084539,127.061737049371,1,0,75.0,107.0,2,private,0,0,0,124,1738131202000,2,171.0,403.0,180.69931712723175,175.84833333333333,50.12499349131686,0.8945510748872859,0,16.0,44.0,0,0,0.6000003814697266,TACX,,1,37.53005082719028,127.06436159089208,0,403,381,348,319,303,284,249,220,189,179,176,170,,0,2255.0,1,2255.0,VIRTUAL_ACTIVITY_SECTION,0,0,0,0,0,162.0,431.0,750.0,567.0,185.0,118.0,42.0,2025-01-29 06:50:57,0,f979cbfd-291a-4532-bba6-1a2d21550f03,0,0,0,0,0,0,0,0,0,,,,,,,,,,,,,,,,,,,,,,,,,,,,,,,,,,,,,,,,,,,,,,,,,,,,,,,,,,,,,,,,,,,,,,,,,,,,,,,,,,,,,,,,,,,,,,,,,,,,,,,,,,,,,,,,,,,,,,,,,,,,,,,,,,,,,,,,,,,,,,,,,
18158414913,2025-02-01,12:15,virtual_ride,Uno-X Pro Cycling Team (Women) - Le Fustera,52.6,20.191,464.0,,,186.0,197.57822378744567,76.0,589.0,,,FC,156.5,3.5,5.8,12.1,16.4,9.0,4.7,1.2,Uno-X Pro Cycling Team (Women) - Le Fustera,Follow a small group of Uno-X Pro Cycling Team (Women) from Calpe along the well-traveled road up the coast to a category 3 climb from La Fustera to Benissa in Spain.,2025-02-01 12:15:08,2025-02-01 11:15:08,152,virtual_ride,2,0,0,1,9,uncategorized,10,0,0,0,0,20191.279296875,3159.0,3159.0,3159.0,464.0,276.0,6.390999794006348,16.39699935913086,38.643035888671875,0.06038658320903778,1,0,76.0,102.0,2,private,0,0,0,124,1738408508000,2,186.0,419.0,197.57822378744567,193.485,83.95035557032209,0.978110018749731,0,7.400000095367432,285.3999938964844,0,0,0.600006103515625,TACX,Calp,1,38.73960488475859,0.019011832773685455,0,419,409,393,381,356,342,310,260,232,203,193,192,,0,3159.0,1,3159.0,VIRTUAL_ACTIVITY_SECTION,0,0,0,0,0,207.0,349.0,727.0,981.0,542.0,283.0,70.0,2025-02-01 12:07:47,0,57e1b8f3-39b5-4695-a9f5-4275b708bcd8,0,0,0,0,0,0,0,0,0,,,,,,,,,,,,,,,,,,,,,,,,,,,,,,,,,,,,,,,,,,,,,,,,,,,,,,,,,,,,,,,,,,,,,,,,,,,,,,,,,,,,,,,,,,,,,,,,,,,,,,,,,,,,,,,,,,,,,,,,,,,,,,,,,,,,,,,,,,,,,,,,,
18167094926,2025-02-02,11:38,virtual_ride,Uno-X Pro Cycling Team (Women) - Le Fustera,48.9,20.194,459.0,,,215.0,230.18751139875474,68.0,632.0,,,FC,145.3,1.4,3.7,6.8,12.4,10.6,10.3,3.8,Uno-X Pro Cycling Team (Women) - Le Fustera,Follow a small group of Uno-X Pro Cycling Team (Women) from Calpe along the well-traveled road up the coast to a category 3 climb from La Fustera to Benissa in Spain.,2025-02-02 11:38:03,2025-02-02 10:38:03,152,virtual_ride,2,0,0,1,9,uncategorized,10,0,0,0,0,20193.849609375,2934.0,2934.0,2930.0,459.0,272.0,6.882999897003175,17.361000061035156,38.643035888671875,0.06038658320903778,1,0,68.0,114.0,2,private,0,0,0,124,1738492683000,2,215.0,596.0,230.18751139875474,217.81833333333333,105.83233672978321,1.1395421356373996,0,7.400000095367432,285.3999938964844,0,0,0.600006103515625,TACX,Calp,1,38.73960488475859,0.01889876089990139,0,596,596,555,456,430,403,329,289,248,237,218,217,,0,2934.0,1,2934.0,VIRTUAL_ACTIVITY_SECTION,0,0,0,0,0,85.0,220.0,409.0,742.0,635.0,616.0,226.0,2025-02-02 11:26:57,0,471268d6-b305-48d5-839c-cae2dcbf4627,0,0,0,0,0,0,0,0,0,,,,,,,,,,,,,,,,,,,,,,,,,,,,,,,,,,,,,,,,,,,,,,,,,,,,,,,,,,,,,,,,,,,,,,,,,,,,,,,,,,,,,,,,,,,,,,,,,,,,,,,,,,,,,,,,,,,,,,,,,,,,,,,,,,,,,,,,,,,,,,,,,
18888128238,2025-04-21,08:50,road_biking,Cyclisme sur route,0.1,,0.0,,,,,,0.0,23.0,,FC,,,,,,,,,Cyclisme sur route,,2025-04-21 08:50:11,2025-04-21 06:50:11,10,road_biking,2,0,0,1,9,uncategorized,10,0,0,0,0,0.0,4.566999912261963,18.027000427246094,0.0,0.0,0.0,0.0,,,,0,0,,,2,private,0,0,0,124,1745218211000,2,,,,,,,3499830968,84.80000305175781,84.80000305175781,0,0,0.0,GARMIN,,1,,,0,,,,,,,,,,,,,,,4.566999912261963,,,,,,0,0,0,,,,,,,,2025-04-21 06:50:29,0,72ffd032-e19b-43b7-b39f-7cc786608a9f,0,0,0,0,0,0,0,0,0,,,,,,,,,0.0,0.0,0.0,23.0,23.0,0.0,UNKNOWN,0.0521697998046875,NO_AEROBIC_BENEFIT_18,NO_ANAEROBIC_BENEFIT_0,,,,,,,,,,,,,,,,,,,,,,,,,,,,,,,,,,,,,,,,,,,,,,,,,,,,,,,,,,,,,,,,,,,,,,,,,,,,,,,,,,,,,,,,,,,,,,,,,,,,,,,,,,,,,,,,,,,,,,,,,,,,,,,
18948464060,2025-04-27,09:33,road_biking,Chevrières Cyclisme sur route,133.3,58.375,250.0,,,,,,2028.0,23.0,,FC,137.0,,,,,,,,Chevrières Cyclisme sur route,,2025-04-27 09:33:14,2025-04-27 07:33:14,10,road_biking,2,0,0,1,9,uncategorized,10,0,0,0,0,58375.0,7995.30908203125,8117.3017578125,7974.481994628906,250.0,247.0,7.301000118255616,12.913999557495117,49.34516058303416,2.68857104703784,1,0,,,2,private,0,0,0,124,1745739194000,2,,,,,,,3499830968,31.600000381469727,128.8000030517578,0,0,8.0,GARMIN,Chevrières,12,49.345173155888915,2.6842711307108402,0,,,,,,,,,,,,,,,502.4460144042969,,,,,,1,0,0,,,,,,,,2025-04-27 09:48:31,0,a71ba474-d6ac-491d-a642-61db7f8f847a,0,0,0,0,0,0,0,0,0,,,,,,,,,182.0,0.10000000149011612,0.0,15.0,23.0,2130.0,UNKNOWN,1.22216796875,NO_AEROBIC_BENEFIT_18,NO_ANAEROBIC_BENEFIT_0,0.0,750.0,5144.7548828125,,,,,,,,,,,,,,,,,,,,,,,,,,,,,,,,,,,,,,,,,,,,,,,,,,,,,,,,,,,,,,,,,,,,,,,,,,,,,,,,,,,,,,,,,,,,,,,,,,,,,,,,,,,,,,,,,,,,,,,,,,,,
19020799236,2025-05-01,09:31,road_biking,Chevrières Cyclisme sur route,163.7,66.174,488.0,,,,,,2302.0,35.0,,FC,148.4,,,,,,,,Chevrières Cyclisme sur route,,2025-05-01 09:31:30,2025-05-01 07:31:30,10,road_biking,2,0,0,1,9,uncategorized,10,0,0,0,0,66174.328125,9822.75390625,10335.0390625,9766.7060546875,488.0,530.0,6.736999988555908,14.71500015258789,49.348722975701094,2.688629385083914,1,0,,,2,private,0,0,0,124,1746084690000,2,,,,,,,3499830968,34.0,123.5999984741211,0,0,1.0,GARMIN,Chevrières,15,49.34550600126386,2.6843711268156767,0,,,,,,,,,,,,,,,47.494998931884766,,,,,,1,0,0,,,,,,,,2025-05-01 10:23:45,0,1018d50a-2f7d-41f2-9d8e-34d4151d9571,0,0,0,0,0,0,0,0,0,,,,,,,,,223.0,0.10000000149011612,0.0,22.0,35.0,2728.0,UNKNOWN,1.22216796875,NO_AEROBIC_BENEFIT_18,NO_ANAEROBIC_BENEFIT_0,0.0,1125.0,5508.9150390625,,,,,,,,,,,,,,,,,,,,,,,,,,,,,,,,,,,,,,,,,,,,,,,,,,,,,,,,,,,,,,,,,,,,,,,,,,,,,,,,,,,,,,,,,,,,,,,,,,,,,,,,,,,,,,,,,,,,,,,,,,,,
19020847968,2025-05-04,09:31,road_biking,Chevrières Cyclisme sur route,165.0,72.858,473.0,,,,,,2612.0,22.0,,FC,135.9,,,,,,,,Chevrières Cyclisme sur route,,2025-05-04 09:31:14,2025-05-04 07:31:14,10,road_biking,2,0,0,1,9,uncategorized,10,0,0,0,0,72857.796875,9901.5849609375,10319.3193359375,9886.036987304688,473.0,473.0,7.357999801635742,16.777000427246094,49.34707526117563,2.6853612810373306,1,0,,,2,private,0,0,0,124,1746343874000,2,,,,,,,3499830968,31.600000381469727,105.80000305175781,0,0,1.0,GARMIN,Chevrières,17,49.3454469088465,2.6843273732811213,0,,,,,,,,,,,,,,,0.7149999737739563,,,,,,1,0,0,,,,,,,,2025-05-04 10:23:13,0,c96bc4d5-1df2-4b64-91ef-154cec261446,0,0,0,0,0,0,0,0,0,,,,,,,,,225.0,0.10000000149011612,0.0,14.0,22.0,2646.0,UNKNOWN,1.22216796875,NO_AEROBIC_BENEFIT_18,NO_ANAEROBIC_BENEFIT_0,0.0,1125.0,5094.72216796875,,,,,,,,,,,,,,,,,,,,,,,,,,,,,,,,,,,,,,,,,,,,,,,,,,,,,,,,,,,,,,,,,,,,,,,,,,,,,,,,,,,,,,,,,,,,,,,,,,,,,,,,,,,,,,,,,,,,,,,,,,,,
19160326203,2025-05-18,09:38,indoor_cycling,Houdancourt Vélo d'intérieur,135.9,61.202,432.0,,,,,,2264.0,22.0,,FC,133.2,,,,,,,,Houdancourt Vélo d'intérieur,,2025-05-18 09:38:45,2025-05-18 07:38:45,25,indoor_cycling,2,0,0,1,9,uncategorized,10,0,0,0,0,61202.1484375,8153.7080078125,9712.9775390625,8138.1480712890625,432.0,434.0,7.50600004196167,16.926000595092773,49.34593087993562,2.6550435181707144,1,0,,,2,private,0,0,0,124,1747553925000,2,,,,,,,3499830968,33.599998474121094,164.1999969482422,0,0,1.0,GARMIN,Houdancourt,14,49.34549552388489,2.6842875592410564,0,,,,,,,,,,,,,,,7.458000183105469,2,8151.80810546875,SURFACE_TYPE_PAVED,0,0,1,0,0,,,,,,,,2025-05-18 10:20:37,0,6e33cc44-8d22-4be2-a3a9-7dde07d65a01,0,0,0,0,0,0,0,0,0,432.0,321.0,216.0,33768,61185.23828125,7.50600004196167,16.926000595092773,433.0,185.0,0.10000000149011612,0.0,13.0,22.0,2155.0,UNKNOWN,1.22216796875,NO_AEROBIC_BENEFIT_18,NO_ANAEROBIC_BENEFIT_0,0.0,1312.0,5171.89111328125,1,0.0,0.9950000047683716,SURFACE_TYPE_UNPAVED,0,0.0,0.0,8,8.09000015258789,8.130999565124512,8.13599967956543,0,1.0,,,,,,,,,,,,,,,,,,,,,,,,,,,,,,,,,,,,,,,,,,,,,,,,,,,,,,,,,,,,,,,,,,,,,,,,,,,,,,,,,,,,,,,,,,,,,,,,,,,,,,,,,,,,,,,
19223040480,2025-05-24,17:48,virtual_ride,Col du Telegraphe - Alpine Classic - Stage 3,68.0,19.028,831.0,,,207.0,215.89860128908447,74.0,938.0,,,FC,214.6,1.5,7.1,8.2,18.1,20.4,11.3,1.6,Col du Telegraphe - Alpine Classic - Stage 3,"In stage three of this five-stage remake of the original Tacx mountain routes, you’ll ride routes made famous by the Marmotte and various editions of the Tour de France. The Telegraphe is a sustained climb through the forest, with some steep sections along the way.",2025-05-24 17:48:21,2025-05-24 15:48:21,152,virtual_ride,2,0,0,1,9,uncategorized,10,0,0,0,0,19027.890625,4083.0,4083.0,4083.0,831.0,178.0,4.659999847412109,18.615999221801758,45.23353189229965,6.444539995864034,1,0,74.0,120.0,2,private,0,0,0,124,1748101701000,2,207.0,546.0,215.89860128908447,222.06166666666667,129.56085273198613,1.0688049568766558,0,796.2000122070312,1577.0,0,0,0.40002441406250006,TACX,Saint-Martin-de-la-Porte,1,45.174282314255834,6.432857047766447,0,546,546,486,434,370,385,307,273,259,243,222,218,215,0,4083.0,1,4083.0,VIRTUAL_ACTIVITY_SECTION,0,0,0,0,0,89.0,425.0,492.0,1083.0,1222.0,676.0,96.0,2025-05-24 16:56:24,0,8d75f1bd-714c-4913-ace9-6760b52f6e32,0,0,0,0,0,0,0,0,0,,,,,,,,,92.0,,,,,,,,,,,,,,,,,,,,,,,,,,,,,,,,,,,,,,,,,,,,,,,,,,,,,,,,,,,,,,,,,,,,,,,,,,,,,,,,,,,,,,,,,,,,,,,,,,,,,,,,,,,,,,,,,,,,,,,,,,,,,,,,,,,,,,,,
19240986798,2025-05-26,16:53,virtual_ride,Col de Peyresourde - Raid Pyrenees - Stage 12,58.2,19.335,712.0,,,193.0,208.22702013686583,65.0,756.0,,,FC,180.8,3.5,7.5,5.7,18.4,15.5,6.6,1.1,Col de Peyresourde - Raid Pyrenees - Stage 12,The shorter stage 12 takes you on the pass through the Col de Peyresourde. Then you’ll descend to the village of Saint-Aventin below.,2025-05-26 16:53:04,2025-05-26 14:53:04,152,virtual_ride,2,0,0,1,9,uncategorized,10,0,1,0,0,19334.73046875,3495.0,3495.0,3494.0,712.0,823.0,5.5320000648498535,19.951000213623047,42.81346128322184,0.4047969728708267,1,0,65.0,96.0,2,private,0,0,0,124,1748271184000,2,193.0,392.0,208.22702013686583,226.41166666666666,103.16113428639906,1.030826832360722,0,843.5999755859375,1587.800048828125,0,0,0.5999755859375,TACX,Génos,1,42.80623474158347,0.5594238080084324,0,392,384,365,344,315,308,293,278,252,237,226,223,,0,3495.0,1,3495.0,VIRTUAL_ACTIVITY_SECTION,0,0,0,0,0,211.0,448.0,343.0,1102.0,931.0,395.0,65.0,2025-05-26 15:51:19,0,90d567fc-a1f7-464b-a487-6b1fefe783a6,0,0,0,0,0,0,0,0,1,,,,,,,,,79.0,,,,,,,,,,,,,,,,,,,,,,,,,,,,,,,,,,,,,,,,,,,,,,,,,,,,,,,,,,,,,,,,,,,,,,,,,,,,,,,,,,,,,,,,,,,,,,,,,,,,,,,,,,,,,,,,,,,,,,,,,,,,,,,,,,,,,,,,
19311791152,2025-06-02,18:33,virtual_ride,Passo Valparola - Sella Ronda - Stage 3 (Dolomites),84.2,19.926,961.0,,,175.0,184.04173822231405,62.0,1003.0,,,FC,253.4,4.5,11.6,22.9,35.0,8.6,1.6,0.0,Passo Valparola - Sella Ronda - Stage 3 (Dolomites),Stage three of the Sella Ronda in the Italian Dolomites starts with a descent from Corvara to La Villa before climbing the stunning western side of the Valparola Pass.,2025-06-02 18:33:28,2025-06-02 16:33:28,152,virtual_ride,2,0,0,1,9,uncategorized,10,0,0,0,0,19925.669921875,5049.173828125,5049.173828125,5048.0,961.0,315.0,3.946000099182129,20.183000564575195,46.55211254954338,11.874274173751473,1,0,62.0,92.0,2,private,0,0,0,124,1748882008000,2,175.0,320.0,184.04173822231405,193.6975,116.42539915999879,0.9110977139718518,0,1358.4000244140625,2227.0,0,0,0.8000488281250001,TACX,Corvara in Badia,1,46.51888316497207,12.008491242304444,0,320,301,285,266,256,253,246,234,217,201,194,191,181,0,5049.173828125,1,5049.173828125,VIRTUAL_ACTIVITY_SECTION,0,0,0,0,0,267.0,694.0,1377.0,2101.0,518.0,93.0,1.0,2025-06-02 17:57:37,0,c079c8e1-f99d-4f3f-ac54-ee0ee17d9cee,0,0,0,0,0,0,0,0,0,,,,,,,,,114.0,,,,,,,,,,,,,,,,,,,,,,,,,,,,,,,,,,,,,,,,,,,,,,,,,,,,,,,,,,,,,,,,,,,,,,,,,,,,,,,,,,,,,,,,,,,,,,,,,,,,,,,,,,,,,,,,,,,,,,,,,,,,,,,,,,,,,,,,
19342311756,2025-06-05,17:28,virtual_ride,Col du Telegraphe - Alpine Classic - Stage 3,82.4,19.027,846.0,,,164.0,170.667167830515,64.0,926.0,,,FC,259.9,4.2,18.4,31.5,23.9,3.4,1.0,0.1,Col du Telegraphe - Alpine Classic - Stage 3,"In stage three of this five-stage remake of the original Tacx mountain routes, you’ll ride routes made famous by the Marmotte and various editions of the Tour de France. The Telegraphe is a sustained climb through the forest, with some steep sections along the way.",2025-06-05 17:28:56,2025-06-05 15:28:56,152,virtual_ride,2,0,0,1,9,uncategorized,10,0,0,0,0,19027.119140625,4945.43798828125,4945.43798828125,4941.0,846.0,192.0,3.846999883651734,17.100000381469727,45.23353189229965,6.444539995864034,1,0,64.0,95.0,2,private,0,0,0,124,1749137336000,2,164.0,345.0,170.667167830515,181.89583333333334,98.06171492246297,0.8448869694579951,0,796.2000122070312,1577.0,0,0,0.40002441406250006,TACX,Saint-Martin-de-la-Porte,1,45.17435481771827,6.43287624232471,0,345,330,313,306,289,269,216,210,201,189,182,180,169,0,4945.43798828125,1,4945.43798828125,VIRTUAL_ACTIVITY_SECTION,0,0,0,0,0,251.0,1104.0,1888.0,1434.0,203.0,62.0,6.0,2025-06-05 16:51:21,0,d009d720-908c-4b44-bc0f-5d3883f69a7c,0,0,0,0,0,0,0,0,0,,,,,,,,,112.0,,,,,,,,,,,,,,,,,,,,,,,,,,,,,,,,,,,,,,,,,,,,,,,,,,,,,,,,,,,,,,,,,,,,,,,,,,,,,,,,,,,,,,,,,,,,,,,,,,,,,,,,,,,,,,,,,,,,,,,,,,,,,,,,,,,,,,,,
19349161229,2025-06-06,12:24,virtual_ride,Passo Valparola - Sella Ronda - Stage 3 (Dolomites),77.9,19.924,949.0,,,196.0,203.06935321112448,73.0,1023.0,,,FC,234.7,1.0,7.8,14.9,26.8,21.1,6.0,0.6,Passo Valparola - Sella Ronda - Stage 3 (Dolomites),Stage three of the Sella Ronda in the Italian Dolomites starts with a descent from Corvara to La Villa before climbing the stunning western side of the Valparola Pass.,2025-06-06 12:24:15,2025-06-06 10:24:15,152,virtual_ride,2,0,0,1,9,uncategorized,10,0,0,0,0,19924.189453125,4675.5732421875,4675.5732421875,4675.5732421875,949.0,303.0,4.261000156402588,20.826000213623043,46.55211254954338,11.874274173751473,1,0,73.0,108.0,2,private,0,0,0,124,1749205455000,2,196.0,486.0,203.06935321112448,220.05083333333334,131.25576756471375,1.005293827777844,0,1358.4000244140625,2227.0,0,0,0.8000488281250001,TACX,Corvara in Badia,1,46.51889498345554,12.008466012775898,0,486,486,467,384,331,302,286,273,247,229,220,213,202,0,4675.5732421875,1,4675.5732421875,VIRTUAL_ACTIVITY_SECTION,0,0,0,0,0,60.0,466.0,894.0,1609.0,1263.0,357.0,36.0,2025-06-06 11:42:10,0,1746c87d-7da3-4b23-bfb0-e9fbd45e887b,0,0,0,0,0,0,0,0,0,,,,,,,,,106.0,,,,,,,,,,,,,,,,,,,,,,,,,,,,,,,,,,,,,,,,,,,,,,,,,,,,,,,,,,,,,,,,,,,,,,,,,,,,,,,,,,,,,,,,,,,,,,,,,,,,,,,,,,,,,,,,,,,,,,,,,,,,,,,,,,,,,,,,
19367776666,2025-06-08,09:46,road_biking,Chevrières Cyclisme sur route,149.1,65.241,489.0,,,,,,2384.0,25.0,,FC,137.1,,,,,,,,Chevrières Cyclisme sur route,,2025-06-08 09:46:06,2025-06-08 07:46:06,10,road_biking,2,0,0,1,9,uncategorized,10,0,0,0,0,65241.28125,8945.923828125,9583.7802734375,8931.032135009766,489.0,489.0,7.293000221252441,14.491000175476074,49.34548747725785,2.6846869569271803,1,0,,,2,private,0,0,0,124,1749368766000,2,,,,,,,3499830968,30.399999618530273,220.0,0,0,0.8000030517578125,GARMIN,Chevrières,14,49.34519846923649,2.684299796819687,0,,,,,,,,,,,,,,,62.69900131225586,12,8873.1435546875,SURFACE_TYPE_PAVED,0,0,1,0,0,,,,,,,,2025-06-08 10:25:49,0,cbb67e3c-2f89-43f6-adf3-ee176fa71f98,0,0,0,0,0,0,0,0,0,488.0,135.0,44.0,17643,64885.80859375,7.313000202178955,14.491000175476074,484.0,202.0,0.10000000149011612,0.0,14.0,25.0,2479.0,UNKNOWN,1.22216796875,NO_AEROBIC_BENEFIT_18,NO_ANAEROBIC_BENEFIT_0,0.0,1125.0,5198.0869140625,11,1.0,60.95100021362305,SURFACE_TYPE_UNPAVED,0,1.0,0.0,284,355.4700012207031,5.831999778747559,8.91100025177002,0,5.0,,,,,,,,,,,,,,,,,,,,,,,,,,,,,,,,,,,,,,,,,,,,,,,,,,,,,,,,,,,,,,,,,,,,,,,,,,,,,,,,,,,,,,,,,,,,,,,,,,,,,,,,,,,,,,,
19454412345,2025-06-15,09:00,road_biking,Chevrières Cyclisme sur route,193.7,86.558,500.0,,,,,,3115.0,23.0,,FC,134.2,,,,,,,,Chevrières Cyclisme sur route,,2025-06-15 09:00:46,2025-06-15 07:00:46,10,road_biking,2,0,0,1,9,uncategorized,10,0,0,0,0,86558.421875,11620.3203125,12120.0615234375,11612.672119140625,500.0,501.0,7.448999881744385,15.321000099182129,49.34549401514232,2.6843176502734423,1,0,,,2,private,0,0,0,124,1749970846000,2,,,,,,,3499830968,29.600000381469727,115.80000305175781,0,0,1.0,GARMIN,Chevrières,18,49.34550725854933,2.6843075919896364,0,,,,,,,,,,,,,,,258.4880065917969,2,11601.0009765625,SURFACE_TYPE_PAVED,0,0,1,0,0,,,,,,,,2025-06-15 10:22:46,0,6ddfb456-548e-4cd8-8249-a7931b0041b7,0,0,0,0,0,0,0,0,0,499.0,280.0,250.0,62666,86420.46875,7.448999881744385,15.321000099182129,501.0,263.0,0.10000000149011612,0.0,15.0,23.0,3154.0,UNKNOWN,1.22216796875,NO_AEROBIC_BENEFIT_18,NO_ANAEROBIC_BENEFIT_0,838.0039999999999,1312.0,5116.63916015625,1,1.0,17.993000030517578,SURFACE_TYPE_UNPAVED,0,1.0,1.0,138,138.0,7.670000076293945,8.13599967956543,0,0.0,,,,,,,,,,,,,,,,,,,,,,,,,,,,,,,,,,,,,,,,,,,,,,,,,,,,,,,,,,,,,,,,,,,,,,,,,,,,,,,,,,,,,,,,,,,,,,,,,,,,,,,,,,,,,,,
19509384295,2025-06-22,09:41,road_biking,Chevrières Cyclisme sur route,132.8,61.42,336.0,,,,,,2231.0,34.0,,FC,129.7,,,,,,,,Chevrières Cyclisme sur route,,2025-06-22 09:41:09,2025-06-22 07:41:09,10,road_biking,2,0,0,1,9,uncategorized,10,0,0,0,0,61419.7890625,7967.86181640625,8423.84375,7949.3270263671875,336.0,336.0,7.708000183105469,13.864999771118164,49.34549636207521,2.685200348496437,1,0,,,2,private,0,0,0,124,1750578069000,2,,,,,,,3499830968,31.0,151.39999389648438,0,0,0.6000022888183594,GARMIN,Chevrières,14,49.345497535541654,2.6842453982681036,0,,,,,,,,,,,,,,,102.33799743652344,5,7955.9912109375,SURFACE_TYPE_PAVED,0,0,1,0,0,,,,,,,,2025-06-22 10:01:32,0,63d0ca34-99ab-4fb6-9433-4deb0c59d615,0,0,0,0,0,0,0,0,0,335.0,151.0,67.0,35423,61352.78125,7.711999893188477,13.864999771118164,336.0,181.0,0.10000000149011612,0.0,26.0,34.0,2211.0,UNKNOWN,1.22216796875,NO_AEROBIC_BENEFIT_18,NO_ANAEROBIC_BENEFIT_0,1257.0059999999999,750.0,5042.57177734375,4,1.0,10.979000091552734,SURFACE_TYPE_UNPAVED,0,1.0,0.0,38,66.97000122070312,6.099999904632568,7.72599983215332,0,0.0,,,,,,,,,,,,,,,,,,,,,,,,,,,,,,,,,,,,,,,,,,,,,,,,,,,,,,,,,,,,,,,,,,,,,,,,,,,,,,,,,,,,,,,,,,,,,,,,,,,,,,,,,,,,,,,
19517263426,2025-06-23,07:07,virtual_ride,Stage 1 - Han River Circle (South Korea),44.3,23.957,55.0,,,190.0,196.16677017957764,74.0,566.0,,,FC,111.0,0.7,5.7,14.8,15.3,4.9,2.5,0.4,Stage 1 - Han River Circle (South Korea),"In stage one of this two-stage ride, you’ll follow the banks of the Han River into Seoul, the capital of South Korea.",2025-06-23 07:07:44,2025-06-23 05:07:44,152,virtual_ride,2,0,0,1,9,uncategorized,10,0,0,0,0,23956.83984375,2659.677978515625,2659.677978515625,2656.0,55.0,52.0,9.006999969482422,12.246999740600586,37.5543899461627,126.87587731517851,1,0,74.0,93.0,2,private,0,0,0,124,1750655264000,2,190.0,434.0,196.16677017957764,196.84833333333333,65.08559324308591,0.9385969865051562,0,15.199999809265137,32.20000076293945,0,0,0.6000003814697266,TACX,,1,37.52297901548445,127.06164157949388,0,434,420,411,396,348,309,255,235,213,202,197,192,,0,2659.677978515625,1,2659.677978515625,VIRTUAL_ACTIVITY_SECTION,0,0,0,0,0,42.0,339.0,887.0,920.0,293.0,152.0,26.0,2025-06-23 05:52:03,0,b492553c-3cf6-4e8d-b99f-494e7aa214b6,0,0,0,0,0,0,0,0,0,,,,,,,,,60.0,,,,,,,,,,,,,,,,,,,,,,,,,,,,,,,,,,,,,,,,,,,,,,,,,,,,,,,,,,,,,,,,,,,,,,,,,,,,,,,,,,,,,,,,,,,,,,,,,,,,,,,,,,,,,,,,,,,,,,,,,,,,,,,,,,,,,,,,
19578142492,2025-06-29,09:01,road_biking,Chevrières Cyclisme sur route,170.3,78.599,590.0,,,,,,2962.0,26.0,,FC,130.0,,,,,,,,Chevrières Cyclisme sur route,,2025-06-29 09:01:05,2025-06-29 07:01:05,10,road_biking,2,0,0,1,9,uncategorized,10,0,0,0,0,78599.2109375,10215.84765625,10431.8330078125,10202.89501953125,590.0,591.0,7.693999767303468,15.255999565124512,49.34696185402572,2.684845542535186,1,0,,,2,private,0,0,0,124,1751180465000,2,,,,,,,3499830968,33.0,184.39999389648438,0,0,0.8000030517578125,GARMIN,Chevrières,16,49.3453364353627,2.682902868837118,0,,,,,,,,,,,,,,,359.14599609375,2,10163.0869140625,SURFACE_TYPE_PAVED,0,0,1,0,0,,,,,,,,2025-06-29 09:54:56,0,152da098-8568-42ba-85bb-346d33d435fd,0,0,0,0,0,0,0,0,0,580.0,423.0,290.0,44174,78234.65625,7.697999954223633,15.255999565124512,587.0,233.0,0.10000000149011612,0.0,19.0,26.0,2835.0,UNKNOWN,1.22216796875,NO_AEROBIC_BENEFIT_18,NO_ANAEROBIC_BENEFIT_0,,,5072.56884765625,1,10.0,51.99599838256836,SURFACE_TYPE_UNPAVED,0,10.0,10.0,364,364.5299987792969,7.011000156402588,9.638999938964844,0,4.0,,,,,,,,,,,,,,,,,,,,,,,,,,,,,,,,,,,,,,,,,,,,,,,,,,,,,,,,,,,,,,,,,,,,,,,,,,,,,,,,,,,,,,,,,,,,,,,,,,,,,,,,,,,,,,,
19676178823,2025-07-09,07:32,virtual_ride,Col de Braus - Côte d'Azur Tour - Stage 4a,63.3,20.18,666.0,,,190.0,197.35099092442653,66.0,810.0,,,FC,188.1,1.9,6.1,20.2,21.5,9.5,3.7,0.4,Col de Braus - Côte d'Azur Tour - Stage 4a,A fairly steady climb that starts in the scenic village of Sospel. This is one of the more well-known climbs in the C?te d'Azur and it can be climbed both sides via Stage 3 which comes after the equally well-known Col de la Madone.??,2025-07-09 07:32:08,2025-07-09 05:32:08,152,virtual_ride,2,0,0,1,9,uncategorized,10,0,0,0,0,20179.75,3795.5439453125,3796.87890625,3795.5439453125,666.0,504.0,5.316999912261962,19.075000762939453,43.87828820385039,7.449130034074187,1,0,66.0,95.0,2,private,0,0,0,124,1752039128000,2,190.0,341.0,197.35099092442653,207.11333333333334,94.00643296896149,0.9442631144709404,0,350.20001220703125,1014.7999877929688,0,0,0.40002441406250006,TACX,Sospel,1,43.847965663298965,7.36366362310946,0,335,334,323,316,306,299,272,266,243,221,207,201,193,0,3795.5439453125,1,3796.87890625,VIRTUAL_ACTIVITY_SECTION,0,0,0,0,0,116.0,364.0,1212.0,1289.0,568.0,224.0,23.0,2025-07-09 06:35:24,0,90dab68f-5ca0-43a7-9a96-37ad382c0265,0,0,0,0,0,0,0,0,0,,,,,,,,,86.0,,,,,,,,,,,,,,,,,,,,,,,,,,,,,,,,,,,,,,,,,,,,,,,,,,,,,,,,,,,,,,,,,,,,,,,,,,,,,,,,,,,,,,,,,,,,,,,,,,,,,,,,,,,,,,,,,,,,,,,,,,,,,,,,,,,,,,,,
19718064712,2025-07-13,09:02,road_biking,Chevrières Cyclisme sur route,171.6,81.074,518.0,,,,,,2950.0,32.0,,FC,127.0,,,,,,,,Chevrières Cyclisme sur route,,2025-07-13 09:02:40,2025-07-13 07:02:40,10,road_biking,2,0,0,1,9,uncategorized,10,0,0,0,0,81073.7421875,10296.1630859375,10334.5361328125,10272.625122070312,518.0,523.0,7.874000072479248,15.348999977111816,49.34597069397569,2.685240665450692,1,0,,,2,private,0,0,0,124,1752390160000,2,,,,,,,3499830968,33.79999923706055,126.19999694824219,0,0,0.7999992370605469,GARMIN,Chevrières,17,49.34550952166319,2.6842516846954823,0,,,,,,,,,,,,,,,157.1820068359375,0,0.0,SURFACE_TYPE_UNPAVED,0,0,1,0,0,,,,,,,,2025-07-13 09:54:54,0,2770288b-18e7-49a4-8c81-721c79559ad4,0,0,0,0,0,0,0,0,0,,,,,,,,,234.0,0.10000000149011612,0.0,22.0,32.0,2859.0,UNKNOWN,1.22216796875,NO_AEROBIC_BENEFIT_18,NO_ANAEROBIC_BENEFIT_0,2514.0119999999997,1875.0,4956.25390625,1,518.0,10280.6533203125,SURFACE_TYPE_PAVED,0,518.0,518.0,81074,81074.0078125,7.886000156402588,15.348999977111816,0,523.0,,,,,,,,,,,,,,,,,,,,,,,,,,,,,,,,,,,,,,,,,,,,,,,,,,,,,,,,,,,,,,,,,,,,,,,,,,,,,,,,,,,,,,,,,,,,,,,,,,,,,,,,,,,,,,,
19809217776,2025-07-22,07:27,virtual_ride,Col de Joux Plane (French Alps),78.9,12.845,970.0,,,187.0,190.94822193286316,60.0,995.0,,,FC,368.5,1.6,5.7,25.5,38.0,7.5,0.7,,Col de Joux Plane (French Alps),,2025-07-22 07:27:51,2025-07-22 05:27:51,152,virtual_ride,2,0,0,1,9,uncategorized,10,0,0,0,0,12845.3701171875,4733.14697265625,4734.47216796875,4731.0,970.0,25.0,2.7139999866485596,13.00399971008301,46.08237074688077,6.723700035363436,1,0,60.0,89.0,2,private,0,0,0,124,1753162071000,2,187.0,297.0,190.94822193286316,197.455,109.7453567631953,0.9136278561381013,0,699.5999755859375,1666.4000244140625,0,0,0.40002441406250006,TACX,Samoëns,1,46.12756018526852,6.701308535411954,0,284,278,272,266,263,256,241,222,213,201,197,196,189,0,4733.14697265625,1,4734.47216796875,VIRTUAL_ACTIVITY_SECTION,0,0,0,0,0,96.0,339.0,1528.0,2279.0,448.0,44.0,0.0,2025-07-22 06:46:45,0,d65ccb2c-1461-4220-a5f3-69e3ee6e6283,0,0,0,0,0,0,0,0,0,,,,,,,,,107.0,,,,,,,,,,,,,,,,,,,,,,,,,,,,,,,,,,,,,,,,,,,,,,,,,,,,,,,,,,,,,,,,,,,,,,,,,,,,,,,,,,,,,,,,,,,,,,,,,,,,,,,,,,,,,,,,,,,,,,,,,,,,,,,,,,,,,,,,
19841288797,2025-07-25,07:57,virtual_ride,Falzagaro East - Sella Ronda - Stage 5 (Dolomites),61.6,19.739,642.0,,,186.0,191.88614065903315,66.0,772.0,,,FC,187.2,2.4,6.1,17.1,27.9,6.6,1.4,0.0,Falzagaro East - Sella Ronda - Stage 5 (Dolomites),"In stage five, you’ll get a bit of a breather after finishing the HC Giau Pass in stage four. We’ll start with a descent of the Giau Pass, followed by the eastern side of the Falzarego Pass, a fairly easy, wooded climb.",2025-07-25 07:57:00,2025-07-25 05:57:00,152,virtual_ride,2,0,0,1,9,uncategorized,10,0,0,0,0,19739.439453125,3695.194091796875,3695.194091796875,3693.0,642.0,715.0,5.3420000076293945,22.915000915527344,46.48411553353071,12.059433935210109,1,0,66.0,101.0,2,private,0,0,0,124,1753423020000,2,186.0,323.0,191.88614065903315,198.6675,86.5225674502006,0.9181155055456132,0,1489.5999755859375,2205.0,0,0,0.5999755859375,TACX,San Vito di Cadore,1,46.51888903230429,12.009135140106082,0,323,323,271,255,249,248,233,230,216,201,199,198,187,0,3695.194091796875,1,3695.194091796875,VIRTUAL_ACTIVITY_SECTION,0,0,0,0,0,143.0,365.0,1028.0,1677.0,395.0,84.0,2.0,2025-07-25 06:58:35,0,a120aecc-7397-4bcb-b414-419d9c0bc510,0,0,0,0,0,0,0,0,0,,,,,,,,,84.0,,,,,,,,,,,,,,,,,,,,,,,,,,,,,,,,,,,,,,,,,,,,,,,,,,,,,,,,,,,,,,,,,,,,,,,,,,,,,,,,,,,,,,,,,,,,,,,,,,,,,,,,,,,,,,,,,,,,,,,,,,,,,,,,,,,,,,,,
19867434185,2025-07-27,09:45,road_biking,Chevrières Cyclisme sur route,89.5,34.817,193.0,,,,,,1148.0,22.0,,FC,154.3,,,,,,,,Chevrières Cyclisme sur route,,2025-07-27 09:45:29,2025-07-27 07:45:29,10,road_biking,2,0,0,1,9,uncategorized,10,0,0,0,0,34817.0,5372.865234375,5385.5751953125,5367.522033691406,193.0,190.0,6.480000019073486,11.541999816894531,49.34622743166983,2.6850876957178116,1,0,,,2,private,0,0,0,124,1753602329000,2,,,,,,,3499830968,29.0,121.80000305175781,0,0,0.600006103515625,GARMIN,Chevrières,7,49.34547775425017,2.6843310613185167,0,,,,,,,,,,,,,,,687.47998046875,0,0.0,SURFACE_TYPE_UNPAVED,0,0,1,0,0,,,,,,,,2025-07-27 09:15:14,0,93b66919-0960-4736-91db-6edcadcdbe6e,0,0,0,0,0,0,0,0,0,,,,,,,,,122.0,0.10000000149011612,0.0,17.0,22.0,1304.0,UNKNOWN,1.22216796875,NO_AEROBIC_BENEFIT_18,NO_ANAEROBIC_BENEFIT_0,,,,1,193.0,5371.94580078125,SURFACE_TYPE_PAVED,0,193.0,193.0,34812,34812.33984375,6.480000019073486,11.541999816894531,0,190.0,,,,,,,,,,,,,,,,,,,,,,,,,,,,,,,,,,,,,,,,,,,,,,,,,,,,,,,,,,,,,,,,,,,,,,,,,,,,,,,,,,,,,,,,,,,,,,,,,,,,,,,,,,,,,,,
19932671541,2025-07-30,18:40,road_biking,Chevrières Cyclisme sur route,196.6,72.507,607.0,,,,,,2500.0,25.0,,FC,162.7,,,,,,,,Chevrières Cyclisme sur route,,2025-07-30 18:40:32,2025-07-30 16:40:32,10,road_biking,2,0,0,1,9,uncategorized,10,0,0,0,0,72507.0703125,11796.349609375,11912.33984375,11783.934020996094,607.0,627.0,6.146999835968018,16.35700035095215,49.3702704180032,2.6866760663688183,1,0,,,2,private,0,0,0,124,1753893632000,2,,,,,,,3499830968,33.20000076293945,184.1999969482422,0,0,1.0,GARMIN,Chevrières,15,49.345506839454174,2.684265850111842,0,,,,,,,,,,,,,,,290.68499755859375,6,11731.8759765625,SURFACE_TYPE_PAVED,0,0,1,0,0,,,,,,,,2025-07-30 19:59:04,0,9788dab4-780b-4c63-81db-7eda319a6eeb,0,0,0,0,0,0,0,0,0,599.0,169.0,100.0,28604,72231.671875,6.1570000648498535,16.35700035095215,627.0,269.0,0.10000000149011612,0.0,18.0,25.0,3256.0,UNKNOWN,1.22216796875,NO_AEROBIC_BENEFIT_18,NO_ANAEROBIC_BENEFIT_0,3771.0179999999996,3187.0,6615.1748046875,5,8.0,63.97700119018555,SURFACE_TYPE_UNPAVED,0,8.0,2.0,244,269.0199890136719,4.204999923706055,7.605000019073486,0,0.0,,,,,,,,,,,,,,,,,,,,,,,,,,,,,,,,,,,,,,,,,,,,,,,,,,,,,,,,,,,,,,,,,,,,,,,,,,,,,,,,,,,,,,,,,,,,,,,,,,,,,,,,,,,,,,,
19934717913,2025-08-03,09:04,road_biking,Chevrières Cyclisme sur route,198.4,91.087,594.0,,,,,,3338.0,27.0,,FC,130.7,,,,,,,,Chevrières Cyclisme sur route,,2025-08-03 09:04:17,2025-08-03 07:04:17,10,road_biking,2,0,0,1,9,uncategorized,10,0,0,0,0,91087.3984375,11902.4443359375,12054.4306640625,11890.869018554688,594.0,593.0,7.6529998779296875,13.725000381469727,49.34548236429691,2.6843241043388844,1,0,,,2,private,0,0,0,124,1754204657000,2,,,,,,,3499830968,30.600000381469727,162.39999389648438,0,0,0.6000022888183594,GARMIN,Chevrières,19,49.345488818362355,2.6842407882213593,0,,,,,,,,,,,,,,,153.75999450683594,3,11897.646484375,SURFACE_TYPE_PAVED,0,0,1,0,0,,,,,,,,2025-08-03 10:25:11,0,6b5b83e0-5a3b-44dc-b6b4-0ffdf83a3bc2,0,0,0,0,0,0,0,0,0,594.0,437.0,198.0,70488,91064.390625,7.6539998054504395,13.725000381469727,593.0,271.0,0.10000000149011612,0.0,18.0,27.0,3305.0,UNKNOWN,1.22216796875,NO_AEROBIC_BENEFIT_18,NO_ANAEROBIC_BENEFIT_0,3771.0179999999996,3187.0,4970.72509765625,2,0.0,2.9839999675750732,SURFACE_TYPE_UNPAVED,0,0.0,0.0,16,22.90999984741211,7.677999973297119,8.687000274658203,0,0.0,seances/2025-08-03_road_biking_19934717913.md,83.7,89.7,104.0,63,63,68,3,52,Fair,,,,,,,,,,,,,,,,,,,,,,,,,,,,,,,,,,,,,,,,,,,,,,,,,,,,,,,,,,,,,,,,,,,,,,,,,,,,,,,,,,,,,,,,,,,,,,,,,,,,,
19984347906,2025-08-07,17:34,cycling,Chevrières Cyclisme,147.4,63.134,596.0,129.0,169.0,,,,1253.0,,89.7,FC,140.1,,,,,,,,Chevrières Cyclisme,,2025-08-07 17:34:25,2025-08-07 15:34:25,2,cycling,17,0,0,1,9,uncategorized,10,0,0,0,0,63133.9609375,8844.52734375,9356.787109375,8778.226013183594,596.0,599.0,7.138000011444092,16.319000244140625,49.34549049474299,2.6843734737485647,1,0,,,2,private,0,0,0,124,1754580865000,2,,,,,,,3615274803,27.600000381469727,101.0,0,0,2.4000015258789062,GARMIN,Chevrières,13,49.34548898600042,2.6838916819542646,0,,,,,,,,,,,,,,,408.5769958496094,,,,,,0,0,0,,,,,,,,2025-08-07 18:10:21,0,99218747-d7b6-416e-9030-191ab238e1fc,0,0,0,0,0,0,0,0,0,,,,,,,,,222.0,3.700000047683716,1.600000023841858,,,1930.0,AEROBIC_BASE,132.18650817871094,IMPROVING_AEROBIC_ENDURANCE_9,MINOR_ANAEROBIC_BENEFIT_15,,,5550.748046875,,,,,,,,,,,,,,seances/2025-08-07_cycling_19984347906.md,72.3,98.6,112.4,84,84,25,7,45,Fair,18.8,49.8,54.6,9.4,triban ,129.0,169.0,43,73,-16,1127.631,2987.055,3278.932,564.97,0.0,132.4,125.3,-7.1,,,,,,,,,,,,,,,,,,,,,,,,,,,,,,,,,,,,,,,,,,,,,,,,,,,,,,,,,,,,,,,,,,,,,,,,,,,,,,,,,,,
20057246997,2025-08-07,17:34,road_biking,Chevrières Cyclisme sur route,148.1,63.94,436.0,,,,,,2269.0,34.0,,FC,138.9,,,,,,,,Chevrières Cyclisme sur route,,2025-08-07 17:34:11,2025-08-07 15:34:11,10,road_biking,2,0,0,1,9,uncategorized,10,0,0,0,0,63939.62890625,8883.7763671875,9380.830078125,8866.5439453125,436.0,438.0,7.197000026702881,15.760000228881836,49.34538362547755,2.684299796819687,1,0,,,2,private,0,0,0,124,1754580851000,2,,,,,,,3499830968,32.599998474121094,102.5999984741211,0,0,0.6000022888183594,GARMIN,Chevrières,13,49.34551890939474,2.6843114476650953,0,,,,,,,,,,,,,,,510.75299072265625,2,44.994998931884766,SURFACE_TYPE_UNPAVED,0,0,1,0,0,,,,,,,,2025-08-07 18:10:31,0,d53b5d9e-049d-4d0e-b064-5d7ba6ea7b82,0,0,0,0,0,0,0,0,0,0.0,0.0,0.0,140,156.1699981689453,3.4709999561309814,8.154999732971191,0.0,223.0,0.10000000149011612,0.0,26.0,34.0,2467.0,UNKNOWN,1.44635009765625,NO_AEROBIC_BENEFIT_18,NO_ANAEROBIC_BENEFIT_0,1257.0059999999999,2437.0,5499.68505859375,3,436.0,8837.189453125,SURFACE_TYPE_PAVED,0,272.0,145.0,34574,63783.421875,7.2179999351501465,15.760000228881836,0,437.0,seances/2025-08-07_road_biking_20057246997.md,72.4,99.3,112.6,84,84,25,7,45,Fair,,,,,triban ,,,43,73,,,,,,,,,,,,,,,,,,,,,,,,,,,,,,,,,,,,,,,,,,,,,,,,,,,,,,,,,,,,,,,,,,,,,,,,,,,,,,,,,,,,,,,,,,,,
19990372141,2025-08-08,12:02,running,Aulnay-sous-Bois Course à pied,45.5,8.318,55.0,149.0,172.0,346.0,351.0,156.09375,608.0,,45.3,FC,328.2,22.4,15.1,3.9,1.0,,,,Aulnay-sous-Bois Course à pied,,2025-08-08 12:02:05,2025-08-08 10:02:05,1,running,17,0,0,1,9,uncategorized,10,0,0,0,0,8317.58984375,2730.02197265625,3070.950927734375,2711.7000122070312,55.0,60.0,3.046999931335449,4.2270002365112305,48.950303541496396,2.4870658200234175,1,0,,,2,private,0,0,0,124,1754647325000,1,346.0,479.0,351.0,,,,3615274803,52.0,75.4000015258789,0,0,0.5999984741210938,GARMIN,Aulnay-sous-Bois,9,48.950318628922105,2.4871267564594746,0,,,,,,,,,,,,,,,84.60299682617188,,,,,,1,0,0,1346.484,908.474,232.059,61.959,0.0,,,2025-08-08 10:53:15,0,12cb6cea-f27a-4bcc-ac4e-0caee6a9cf22,0,0,0,0,0,0,0,0,0,,,,,,,,,69.0,3.5999999046325684,0.0,,,758.0,AEROBIC_BASE,110.78067016601562,IMPROVING_AEROBIC_ENDURANCE_9,NO_ANAEROBIC_BENEFIT_0,,,,,,,,,,,,,,,,,seances/2025-08-08_running_19990372141.md,291.8,367.5,,77,77,61,6,63,Mostly Cloudy,0.6,5.5,22.8,16.3,Asics metaspeed tokyo Sky ,149.0,172.0,0,50,-10,35.176,328.926,1370.878,980.968,0.0,141.2,158.0,16.8,156.09375,171.0,7176,9.890000152587891,280.5,116.25999755859375,53.0,8.539999961853027,171.0,3.0510001182556157,291.7749938964844,475.9530029296875,1590.5560302734375,10.28,11.57,-0.6,oui,12.6,,,,,,,,,,,,,,,,,,,,,,,,,,,,,,,,,,,,,,,,,,,,,,,,,,,,,,,,,,,,,,,,,
20004293087,2025-08-09,16:40,running,Chevrières Course à pied,89.5,18.117,92.0,165.0,178.0,385.0,388.0,163.046875,1347.0,,128.1,FC,296.6,,10.4,46.8,30.9,1.3,,,Chevrières Course à pied,,2025-08-09 16:40:33,2025-08-09 14:40:33,1,running,17,0,0,1,9,uncategorized,10,0,1,0,0,18116.58984375,5372.5390625,5373.8291015625,5364.5379638671875,92.0,91.0,3.371999979019165,4.031000137329102,49.345495691522956,2.6845222525298595,1,0,,,2,private,0,0,0,124,1754750433000,1,385.0,497.0,388.0,,,,3615274803,27.200000762939453,88.0,0,0,0.5999984741210938,GARMIN,Chevrières,19,49.34546702541411,2.684107180684805,0,,,,,,,,,,,,,,,32.29600143432617,3,7.000999927520752,RWD_STAND,0,0,1,0,0,0.0,623.919,2810.092,1853.641,75.997,,,2025-08-09 16:10:06,0,b85ecb83-f2b9-4c03-8cd7-f364f636a2c0,0,0,0,0,0,0,0,0,1,0.0,0.0,0.0,7,7.190000057220459,1.0269999504089355,2.1089999675750732,0.0,135.0,5.0,0.0,,,1492.0,LACTATE_THRESHOLD,276.39935302734375,OVERREACHING_14,NO_ANAEROBIC_BENEFIT_0,,,,1,92.0,5365.48095703125,RWD_RUN,0,92.0,92.0,18109,18109.419921875,3.375,4.031000137329102,0,91.0,seances/2025-08-09_running_20004293087.md,273.5,290.2,293.3,81,81,48,8,59,Mostly Clear,0.3,0.8,10.7,75.6,Asics metaspeed tokyo Sky ,165.0,178.0,0,89,-18,15.001,48.999,644.941,4533.707,118.003,159.1,170.4,11.3,163.046875,172.0,14552,9.969999694824219,264.29998779296875,123.80000000000001,53.0,8.050000190734863,172.0,3.375999927520752,273.35198974609375,456.4259948730469,1451.260009765625,12.22,11.98,8.5,non,-2.0,2.0,1,92.0,5372.5390625,INTERVAL_ACTIVE,0,92.0,92.0,18116,18116.609375,3.371999979019165,4.031000137329102,0,91.0,2932.705078125,,,,,,,,,,,,,,,,,,,,,,,,,,,,,,,,,,,,,,,,,,,,,,,,,,
20057249115,2025-08-10,08:35,road_biking,Chevrières Cyclisme sur route,201.2,92.834,580.0,,,,,,3373.0,29.0,,FC,130.0,,,,,,,,Chevrières Cyclisme sur route,,2025-08-10 08:35:59,2025-08-10 06:35:59,10,road_biking,2,0,0,1,9,uncategorized,10,0,0,0,0,92834.171875,12071.9970703125,12301.658203125,12058.919006347656,580.0,568.0,7.690000057220459,16.665000915527344,49.347682697698474,2.6875047851353884,1,0,,,2,private,0,0,0,124,1754807759000,2,,,,,,,3499830968,32.599998474121094,153.60000610351562,0,0,0.600006103515625,GARMIN,Chevrières,19,49.34549988247454,2.684310022741556,0,,,,,,,,,,,,,,,355.1159973144531,5,12065.8271484375,SURFACE_TYPE_PAVED,0,0,1,0,0,,,,,,,,2025-08-10 10:01:00,0,2fc500da-88ab-4b7a-b75f-2ebd5b211a9c,0,0,0,0,0,0,0,0,0,580.0,282.0,116.0,40652,92787.6171875,7.690000057220459,16.665000915527344,568.0,303.0,0.10000000149011612,0.0,16.0,29.0,3353.0,UNKNOWN,1.480865478515625,NO_AEROBIC_BENEFIT_18,NO_ANAEROBIC_BENEFIT_0,4190.0199999999995,3187.0,4871.7578125,4,0.0,5.986000061035156,SURFACE_TYPE_UNPAVED,0,0.0,0.0,24,46.540000915527344,7.775000095367432,8.369999885559082,0,1.0,seances/2025-08-10_road_biking_20057249115.md,79.4,105.4,106.8,59,59,82,5,54,Fair,,,,,triban ,,,104,71,,,,,,,,,,,,,,,,,,,,,,,,,,,,,,,,,,,,,,,,,,,,,,,,,,,,,,,,,,,,,,,,,,,,,,,,,,,,,,,,,,,,,,,,,,,,
20010755927,2025-08-10,08:35,cycling,Chevrières Cyclisme,201.6,92.885,835.0,128.0,171.0,,,,1591.0,,119.5,FC,130.2,,,,,,,,Chevrières Cyclisme,,2025-08-10 08:35:56,2025-08-10 06:35:56,2,cycling,17,0,0,1,9,uncategorized,10,0,1,0,0,92885.4609375,12097.41015625,12287.1162109375,12080.647094726562,835.0,839.0,7.677999973297119,16.62700080871582,49.347567446529865,2.687343517318368,1,0,,,2,private,0,0,0,124,1754807756000,2,,,,,,,3615274803,27.399999618530273,151.1999969482422,0,0,2.0,GARMIN,Chevrières,19,49.345417404547334,2.683349372819066,0,,,,,,,,,,,,,,,354.27899169921875,,,,,,0,0,0,,,,,,,,2025-08-10 10:00:43,0,23247a91-698b-43ee-bb13-ad605084596c,0,0,0,0,0,0,0,0,1,,,,,,,,,304.0,3.299999952316284,1.7000000476837158,,,2030.0,AEROBIC_BASE,100.86921691894531,IMPROVING_AEROBIC_BASE_8,MINOR_ANAEROBIC_BENEFIT_15,,,4863.546875,,,,,,,,,,,,,,seances/2025-08-10_cycling_20010755927.md,78.6,105.4,106.7,59,59,82,5,54,Fair,37.1,101.3,49.1,10.4,triban ,128.0,171.0,103,71,-28,2226.365,6075.325,2944.416,626.936,0.0,120.5,133.9,13.5,,,,,,,,,,,,,,,,,,,,,,,,,,,,,,,,,,,,,,,,,,,,,,,,,,,,,,,,,,,,,,,,,,,,,,,,,,,,,,,,,,,
20044441588,2025-08-13,12:35,running,Aulnay-sous-Bois Course à pied,41.1,6.931,51.0,137.0,152.0,321.0,325.0,157.734375,510.0,,30.6,FC,355.9,16.5,18.4,4.2,1.0,0.1,,,Aulnay-sous-Bois Course à pied,,2025-08-13 12:35:31,2025-08-13 10:35:31,1,running,17,0,0,1,9,uncategorized,10,0,0,0,0,6931.39013671875,2466.972900390625,3672.31201171875,2454.9960021972656,51.0,53.0,2.809999942779541,4.367000102996826,48.95036238245666,2.4870030395686626,1,0,,,2,private,0,0,0,124,1755081331000,1,321.0,519.0,325.0,,,,3615274803,48.599998474121094,81.0,0,0,0.40000152587890625,GARMIN,Aulnay-sous-Bois,7,48.95013372413814,2.487223818898201,0,,,,,,,,,,,,,,,328.7359924316406,,,,,,1,0,0,990.995,1102.402,253.973,58.12,4.0,,,2025-08-13 11:36:43,0,95fe9ef8-3fcc-41e9-aad0-606c9521a73b,0,0,0,0,0,0,0,0,0,,,,,,,,,62.0,3.0999999046325684,0.0,,,684.0,AEROBIC_BASE,68.82516479492188,IMPROVING_AEROBIC_BASE_8,NO_ANAEROBIC_BENEFIT_0,,,,,,,,,,,,,,,,,seances/2025-08-13_running_20044441588.md,322.3,369.6,,86,88,49,5,64,Fair,1.2,14.3,25.4,,Asics metaspeed tokyo Sky ,137.0,152.0,2,52,-12,72.32,855.248,1523.525,0.0,0.0,138.4,133.0,-5.4,157.734375,169.0,6534,9.40999984741211,284.1000061035156,106.48000488281251,54.0,8.869999885559082,169.0,2.8299999237060547,322.58599853515625,531.02197265625,1707.1929931640625,10.47,9.26,8.0,non,-11.6,,,,,,,,,,,,,,,,,,,,,,,,,,,,,,,,,,,,,,,,,,,,,,,,,,,,,,,,,,,,,,,,,
20307484092,2025-08-14,17:35,road_biking,Chevrières Cyclisme sur route,148.6,72.156,393.0,,,,,,2694.0,35.0,,FC,123.6,,,,,,,,Chevrières Cyclisme sur route,,2025-08-14 17:35:07,2025-08-14 15:35:07,10,road_biking,2,0,0,1,9,uncategorized,10,0,0,0,0,72155.6171875,8916.7275390625,8953.703125,8906.239074707031,393.0,396.0,8.092000007629395,15.0600004196167,49.34547482058406,2.684300383552909,1,0,,,2,private,0,0,0,124,1755185707000,2,,,,,,,3499830968,28.799999237060547,160.39999389648438,0,0,0.600006103515625,GARMIN,Chevrières,15,49.345504492521286,2.683984972536564,0,,,,,,,,,,,,,,,198.2030029296875,5,8862.4443359375,SURFACE_TYPE_PAVED,0,0,1,0,0,,,,,,,,2025-08-14 18:04:20,0,352b3421-b4bc-47e7-8079-ea5d7e830148,0,0,0,0,0,0,0,0,0,393.0,248.0,79.0,26588,71777.4609375,8.098999977111816,15.0600004196167,395.0,224.0,0.10000000149011612,0.0,27.0,35.0,2476.0,UNKNOWN,1.480865478515625,NO_AEROBIC_BENEFIT_18,NO_ANAEROBIC_BENEFIT_0,2095.0099999999998,1875.0,4836.65283203125,4,0.0,53.97999954223633,SURFACE_TYPE_UNPAVED,0,0.0,0.0,276,378.17999267578125,7.00600004196167,9.60099983215332,0,0.0,seances/2025-08-14_road_biking_20307484092.md,72.3,98.3,104.1,86,88,52,9,66,Fair,,,,,triban ,,,70,67,,,,,,,,,,,,,,,,,,,,,,,,,,,,,,,,,,,,,,,,,,,,,,,,,,,,,,,,,,,,,,,,,,,,,,,,,,,,,,,,,,,,,,,,,,,,
20059022727,2025-08-14,17:35,cycling,Chevrières Cyclisme,149.2,72.217,567.0,135.0,176.0,,,,1356.0,,105.8,FC,123.9,,,,,,,,Chevrières Cyclisme,,2025-08-14 17:35:06,2025-08-14 15:35:06,2,cycling,17,0,0,1,9,uncategorized,10,0,0,0,0,72216.578125,8949.69140625,8949.69140625,8930.468017578125,567.0,569.0,8.069000244140625,15.04100036621094,49.3454831186682,2.684298623353243,1,0,,,2,private,0,0,0,124,1755185706000,2,,,,,,,3615274803,23.799999237060547,155.8000030517578,0,0,1.2000045776367188,GARMIN,Chevrières,15,49.34544204734266,2.6834305096417665,0,,,,,,,,,,,,,,,200.8179931640625,,,,,,0,0,0,,,,,,,,2025-08-14 18:04:15,0,db38146f-d630-4e2b-8f9c-6e56cb180daf,0,0,0,0,0,0,0,0,0,,,,,,,,,225.0,3.4000000953674316,2.0999999046325684,,,2052.0,AEROBIC_BASE,122.433349609375,IMPROVING_AEROBIC_BASE_8,MAINTAINING_ANAEROBIC_BASE_1,,,4837.57421875,,,,,,,,,,,,,,seances/2025-08-14_cycling_20059022727.md,72.1,98.2,104.0,86,88,52,9,66,Fair,12.1,58.1,64.8,11.7,triban ,135.0,176.0,70,67,-15,723.986,3486.041,3888.532,703.017,6.0,131.7,139.0,7.2,,,,,,,,,,,,,,,,,,,0.1,,,,,,,,,,,,,,,,,,,,,,,,,,,,,,,,,,,,,,,,,,,,,,,,,,,,,,,,,,,,,,,,
20129558193,2025-08-21,12:14,running,Aulnay-sous-Bois Course à pied,47.4,8.561,71.0,136.0,188.0,346.0,358.0,157.75,601.0,,34.5,FC,332.5,15.8,14.2,8.6,6.4,1.4,,,Aulnay-sous-Bois Course à pied,,2025-08-21 12:14:23,2025-08-21 10:14:23,1,running,17,0,0,1,9,uncategorized,10,0,0,0,0,8561.33984375,2846.738037109375,3478.797119140625,2832.0470123291016,71.0,78.0,3.0069999694824223,5.123000144958496,48.950610822066665,2.4866405222564936,1,0,,,2,private,0,0,0,124,1755771263000,1,346.0,616.0,358.0,,,,3615274803,47.400001525878906,74.19999694824219,0,0,0.6000022888183594,GARMIN,Aulnay-sous-Bois,9,48.950182255357504,2.4873273354023695,0,,,,,,,,,,,,,,,187.01300048828125,,,,,,1,0,0,945.939,853.417,518.068,386.57,85.001,,,2025-08-21 11:12:21,0,4c994e5d-56b2-4f78-a7b6-d2af73fa9d77,0,0,0,0,0,0,0,0,0,,,,,,,,,72.0,3.0999999046325684,1.7999999523162842,,,790.0,AEROBIC_BASE,91.12248229980469,IMPROVING_AEROBIC_BASE_8,MINOR_ANAEROBIC_BENEFIT_15,,,,,,,,,,,,,,,,,seances/2025-08-21_running_20129558193.md,242.5,366.9,,70,70,60,12,55,Fair,2.9,26.9,11.1,4.1,Asics metaspeed tokyo Sky ,136.0,188.0,1,55,-13,171.968,1614.183,665.123,243.697,140.983,126.5,147.7,21.2,157.75,172.0,7548,9.66999969482422,278.3999938964844,113.4,54.0,8.600000381469727,172.0,3.0250000953674316,242.31500244140625,428.8290100097656,1834.5140380859375,10.16,11.52,2.9,oui,13.4,2.3,,,,,,,,,,,,,,,,,,,,,,,,,,,,,,,,,,,,,,,,,,,,,,,,,,,,,,,,,,,,,,,,
20133377771,2025-08-21,18:44,lap_swimming,Nat. piscine,25.1,1.05,,130.0,151.0,,,,255.0,,24.5,CSS,143.5,,,,,,,,Nat. piscine,,2025-08-21 18:44:47,2025-08-21 16:44:47,27,lap_swimming,26,0,0,0,9,uncategorized,10,0,0,0,0,1050.0,1506.3480224609375,2312.346923828125,1367.8709716796875,,,0.7680000066757203,0.9139999747276306,,,0,0,,,2,private,0,0,0,124,1755794687000,5,,,,,,,3615274803,,,0,0,,GARMIN,,12,,,0,,,,,,,,,,,,,,,0.0,,,,,,0,0,0,,,,,,,,2025-08-21 17:23:19,0,990bbb06-b3d6-4af4-a34a-a467e9b9ed61,0,0,0,0,0,0,0,0,0,,,,,,,,,38.0,2.4000000953674316,0.30000001192092896,,,,RECOVERY,42.23820495605469,MINOR_AEROBIC_BENEFIT_0,NO_ANAEROBIC_BENEFIT_0,,,,,,,,,,,,,,,,,seances/2025-08-21_lap_swimming_20133377771.md,,,,,,,,,,4.2,10.0,10.0,,,130.0,151.0,3,25,,252.582,597.389,598.367,0.0,0.0,127.3,134.2,6.9,,,,,,,,,,,,,,,,,,,,,,,,,,,,,,,,,,29.0,96.0,21,5000.0,1,meter,100.0,657.0,0.0,31.299999237060547,110.31199645996094,531.5859985351562,,,,,,,,,,,,,,,,,,,,,,,,,,,,,,,,,,,,,,
20228470850,2025-08-30,10:23,multi_sport,Fréjus Multisport,320.2,100.536,973.0,,195.0,,,,3915.0000000000005,,,FC,191.1,,,,,,,,Fréjus Multisport,,2025-08-30 10:23:00,2025-08-30 08:23:00,89,multi_sport,17,0,0,1,9,uncategorized,10,0,0,0,1,100535.51248931885,19213.712287902832,19213.712287902832,,973.0,966.0,5.232487662085849,,43.415697338059545,6.742847738787532,1,0,,,2,private,0,0,0,124,,18,,,,,,,3615274803,-11.399999618530273,15.399999618530273,0,0,,GARMIN,Fréjus,5,43.41750908643007,6.739664375782013,0,,,,,,,,,,,,,,,,,,,,,0,0,0,,,,,,,,2025-08-30 13:43:13,0,beeda56a-508c-436d-8388-df31bd34c5a8,0,0,0,0,0,1,0,0,0,,,,,,,,,,5.0,4.0,,,5336.0,TEMPO,570.635986328125,OVERREACHING_TEMPO_24,HIGHLY_IMPROVING_ANAEROBIC_CAPACITY_AND_SPEED_13,,,,,,,,,,,,,,,,,seances/2025-08-30_multi_sport_20228470850.md,1103.1,,,,,,,,,,,,,,,195.0,,,,,,,,,101.5,123.7,22.2,,,,,,,,,,,,,,2.82,1.97,42.5,non,-29.9,,,,,,,,,,,,,,,,,,,,,,,,,,,,,,,,,,,,,,,,,,,,,,,,,,,,,,,,,,,,,,,,,
20307488597,2025-08-30,11:23,road_biking,Fréjus Cyclisme sur route,152.1,79.463,303.0,,,,,,3034.0,35.0,,FC,114.9,,,,,,,,Fréjus Cyclisme sur route,,2025-08-30 11:23:20,2025-08-30 09:23:20,10,road_biking,2,0,0,1,9,uncategorized,10,0,0,0,0,79462.8203125,9127.7314453125,9146.001953125,9113.700012207031,303.0,304.0,8.706000328063965,12.381999969482422,43.41896343044937,6.741128778085113,1,0,,,2,private,0,0,0,124,1756545800000,2,,,,,,,3499830968,-0.20000000298023224,15.0,0,0,0.6000003814697266,GARMIN,Fréjus,16,43.41789985075593,6.740766512230039,0,,,,,,,,,,,,,,,527.6480102539062,2,9110.2021484375,SURFACE_TYPE_PAVED,0,0,1,0,0,,,,,,,,2025-08-30 11:55:46,0,20e12220-8863-4907-8595-2fa1225b104a,0,0,0,0,0,0,0,0,0,303.0,298.0,151.0,77290,79423.421875,8.718000411987305,12.381999969482422,304.0,229.0,0.10000000149011612,0.0,25.0,35.0,2535.0,UNKNOWN,1.480865478515625,NO_AEROBIC_BENEFIT_18,NO_ANAEROBIC_BENEFIT_0,2933.0139999999997,2437.0,4496.28076171875,1,0.0,5.997000217437744,SURFACE_TYPE_UNPAVED,0,0.0,0.0,32,32.83000183105469,5.473999977111816,6.438000202178955,0,0.0,seances/2025-08-30_road_biking_20307488597.md,90.1,103.2,110.4,81,81,30,7,46,Fair,,,,,triban ,,,8,142,,,,,,,,,,,,,,,,,,,,,,,,,,,,,,,,,,,,,,,,,,,,,,,,,,,,,,,,,,,,,,,,,,,,,,,,,,,,,,,,,,,,,,,,,,,,
20287202079,2025-09-05,12:18,lap_swimming,Nat. piscine,26.8,1.25,,121.0,143.0,,,,291.0,,36.4,CSS,128.4,,,,,,,,Nat. piscine,,2025-09-05 12:18:41,2025-09-05 10:18:41,27,lap_swimming,26,0,0,0,9,uncategorized,10,0,0,0,0,1250.0,1605.3719482421875,2174.90087890625,1599.1639404296875,,,0.7820000052452087,0.9539999961853027,,,0,0,,,2,private,0,0,0,124,1757067521000,5,,,,,,,3615274803,,,0,0,,GARMIN,,10,,,0,,,,,,,,,,,,,,,2.9119999408721924,,,,,,0,0,0,,,,,,,,2025-09-05 10:54:55,0,5c9157d4-5f5b-4aa1-814c-2c5a0a2fcae7,0,0,0,0,0,0,0,0,0,,,,,,,,,40.0,2.0,0.0,,,,RECOVERY,22.427383422851562,MINOR_AEROBIC_BENEFIT_0,NO_ANAEROBIC_BENEFIT_0,,,,,,,,,,,,,,,,,seances/2025-09-05_lap_swimming_20287202079.md,,,,,,,,,,5.1,19.7,0.4,,,121.0,143.0,10,22,,305.857,1184.998,26.001,0.0,0.0,115.6,124.6,8.9,,,,,,,,,,,,,,,,,,,,,,,,,,,,,,,,,,26.0,92.0,25,5000.0,1,meter,100.0,692.0,0.0,27.700000762939453,106.4729995727539,501.9360046386719,,,,,,,,,,,,,,,,,,,,,,,,,,,,,,,,,,,,,,
20296497270,2025-09-06,10:42,running,Chevrières Course à pied,52.0,11.027,75.0,165.0,181.0,412.0,415.0,162.390625,808.0,,74.5,FC,283.1,0.0,0.7,17.1,31.7,2.4,,,Chevrières Course à pied,,2025-09-06 10:42:27,2025-09-06 08:42:27,1,running,17,0,0,1,9,uncategorized,10,0,0,0,0,11027.349609375,3121.530029296875,3124.06591796875,3111.4029846191406,75.0,71.0,3.5329999923706055,3.9189999103546147,49.345535757020116,2.6848129369318485,1,0,,,2,private,0,0,0,124,1757148147000,1,412.0,495.0,415.0,,,,3615274803,27.799999237060547,88.4000015258789,0,0,0.5999984741210938,GARMIN,Chevrières,12,49.34551413170993,2.683768467977643,0,,,,,,,,,,,,,,,7.076000213623047,1,3121.530029296875,INTERVAL_ACTIVE,0,0,1,0,0,1.001,40.01,1025.727,1900.286,146.0,,,2025-09-06 09:34:31,0,e8ce7643-ce50-4219-bbb7-d542cb6a3ab3,0,0,0,0,0,0,0,0,0,75.0,75.0,75.0,11027,11027.3603515625,3.5329999923706055,3.9189999103546143,71.0,78.0,4.900000095367432,0.0,,,866.0,LACTATE_THRESHOLD,208.53138732910156,HIGHLY_IMPROVING_LACTATE_THRESHOLD_13,NO_ANAEROBIC_BENEFIT_0,,,,1,0.0,8.0,RWD_STAND,0,0.0,0.0,0,0.0,0.0,0.0,0,0.0,seances/2025-09-06_running_20296497270.md,266.0,280.0,282.6,64,64,68,13,54,Fair,0.3,0.8,7.0,39.8,Asics metaspeed tokyo Sky ,165.0,181.0,2,49,-12,17.0,50.0,419.938,2390.26,223.827,158.1,170.6,12.4,162.390625,172.0,8418,10.25,260.8999938964844,130.35999755859376,54.0,7.860000133514404,172.0,3.556999921798706,265.9840087890625,435.9849853515625,1399.3160400390625,12.71,12.62,8.0,non,-0.7,3.7,1,75.0,3113.48193359375,RWD_RUN,0,75.0,75.0,11027,11027.3603515625,3.5420000553131104,3.9189999103546143,0,71.0,2825.991943359375,,,,,,,,,,,,,,,,,,,,,,,,,,,,,,,,,,,,,,,,,,,,,,,,,,
20307493916,2025-09-07,08:34,road_biking,Chevrières Cyclisme sur route,196.9,83.77,819.0,,,,,,3091.0,29.0,,FC,141.0,,,,,,,,Chevrières Cyclisme sur route,,2025-09-07 08:34:30,2025-09-07 06:34:30,10,road_biking,2,0,0,1,9,uncategorized,10,0,0,0,0,83770.4921875,11811.337890625,11930.337890625,11797.114990234375,819.0,814.0,7.092000007629395,14.154999732971191,49.34551706537604,2.6843152195215225,1,0,,,2,private,0,0,0,124,1757226870000,2,,,,,,,3499830968,32.20000076293945,187.0,0,0,0.6000022888183594,GARMIN,Chevrières,17,49.345460403710604,2.6838558074086905,0,,,,,,,,,,,,,,,575.0599975585938,3,11800.8603515625,SURFACE_TYPE_PAVED,0,0,1,0,0,,,,,,,,2025-09-07 09:53:20,0,28bc731a-43e2-42e5-a135-4aee405b3fca,0,0,0,0,0,0,0,0,0,819.0,469.0,273.0,45865,83722.4609375,7.09499979019165,14.154999732971191,814.0,297.0,0.10000000149011612,0.0,16.0,29.0,3280.0,UNKNOWN,1.480865478515625,NO_AEROBIC_BENEFIT_18,NO_ANAEROBIC_BENEFIT_0,3771.0179999999996,3187.0,5463.06591796875,2,1.0,6.988999843597412,SURFACE_TYPE_UNPAVED,0,1.0,0.0,32,47.20000076293945,6.752999782562256,7.146999835968018,0,0.0,seances/2025-09-07_road_biking_20307493916.md,84.5,113.8,122.1,61,61,77,11,54,Fair,,,,,triban ,,,81,79,,,,,,,,,,,,,,,,,,,,,,,,,,,,,,,,,,,,,,,,,,,,,,,,,,,,,,,,,,,,,,,,,,,,,,,,,,,,,,,,,,,,,,,,,,,,
20307501605,2025-09-07,08:34,road_biking,Chevrières Cyclisme sur route,198.8,83.903,1178.0,130.0,184.0,,,,1573.0,,124.1,FC,142.2,,,,,,,,Chevrières Cyclisme sur route,,2025-09-07 08:34:29,2025-09-07 06:34:29,10,road_biking,2,0,0,1,9,uncategorized,10,0,1,0,0,83903.34375,11930.0849609375,11930.0849609375,11840.31005859375,1178.0,1171.0,7.0329999923706055,14.145000457763672,49.34553902596235,2.6843853760510683,1,0,,,2,private,0,0,0,124,1757226869000,2,,,,,,,3615274803,28.600000381469727,189.39999389648438,0,0,2.5999984741210938,GARMIN,Chevrières,17,49.34544908814132,2.683727229014039,0,,,,,,,,,,,,,,,593.2550048828125,,,,,,0,0,0,,,,,,,,2025-09-07 09:53:19,0,8fab822b-1554-44cf-8e72-c0aef6fe2098,0,0,0,0,0,0,0,0,1,,,,,,,,,300.0,3.200000047683716,2.4000000953674316,,,2022.0,SPEED,128.70021057128906,IMPROVING_AEROBIC_BASE_8,MAINTAINING_FAST_FORCE_PRODUCTION_6,,,5533.001953125,,,,,,,,,,,,,,seances/2025-09-07_road_biking_20307501605.md,84.0,113.6,122.1,61,61,77,11,54,Fair,15.1,114.2,59.6,4.9,triban ,130.0,184.0,81,79,-22,904.984,6849.074,3578.969,292.172,71.988,130.6,130.3,-0.3,,,,,,,,,,,,,,,,,,,1.2,,,,,,,,,,,,,,,,,,,,,,,,,,,,,,,,,,,,,,,,,,,,,,,,,,,,,,,,,,,,,,,,
20338394095,2025-09-10,07:07,virtual_ride,Yosemite National Park (California),38.4,19.536,76.0,,,169.0,177.4310171377865,77.0,447.0,,,FC,117.9,1.9,12.3,11.9,7.2,3.5,1.2,0.2,Yosemite National Park (California),"This flat loop of the valley road in Yosemite National Park takes you through some of most beautiful and iconic scenery in the world — El Capitan, Half Dome and more.",2025-09-10 07:07:54,2025-09-10 05:07:54,152,virtual_ride,2,0,0,1,9,uncategorized,10,0,0,0,0,19536.279296875,2304.2890625,2304.2890625,2301.0,76.0,65.0,8.477999687194824,13.354000091552734,37.73803325369954,-119.60774987004697,1,0,77.0,114.0,2,private,0,0,0,124,1757480874000,2,169.0,328.0,177.4310171377865,175.52916666666667,46.131860470210086,0.8489522351090264,0,1190.4000244140625,1227.5999755859375,0,0,0.40002441406250006,TACX,Mariposa County,1,37.7426618244499,-119.60039508529007,0,320,320,313,308,302,288,257,229,217,194,176,172,,0,2304.2890625,1,2304.2890625,VIRTUAL_ACTIVITY_SECTION,0,0,0,0,0,115.0,740.0,717.0,433.0,212.0,75.0,11.0,2025-09-10 05:46:18,0,90b6e663-9752-4873-8011-7daa3040983e,0,0,0,0,0,0,0,0,0,,,,,,,,,57.0,,,,,,,,,,,,,,,,,,,,,,,,,,seances/2025-09-10_virtual_ride_20338394095.md,92.1,108.7,115.6,,,,,,,,,,,triban ,,,,,,,,,,,,,,,,,,,,,,,,,,,29.81,31.16,,oui,4.5,,,,,,,,,,,,,,,,,,,,,,,,,,,,,,,,,,,,,,,,,,,,,,,,,,,,,,,,,,,,,,,,,
20346020255,2025-09-10,12:15,running,Aulnay-sous-Bois Course à pied,50.1,9.319,76.0,137.0,156.0,350.0,353.0,159.1875,647.0,,37.3,FC,322.3,6.6,31.4,8.5,2.6,0.3,,,Aulnay-sous-Bois Course à pied,,2025-09-10 12:15:08,2025-09-10 10:15:08,1,running,17,0,0,1,9,uncategorized,10,0,0,0,0,9319.0400390625,3003.875,3090.05908203125,2999.7149963378906,76.0,66.0,3.1019999980926514,4.2170000076293945,48.95090863108635,2.4861410446465015,1,0,,,2,private,0,0,0,124,1757499308000,1,350.0,525.0,353.0,,,,3615274803,45.20000076293945,74.5999984741211,0,0,0.8000030517578125,GARMIN,Aulnay-sous-Bois,10,48.950250651687384,2.4872286804020405,0,,,,,,,,,,,,,,,99.38800048828125,,,,,,1,0,0,396.038,1884.936,512.214,154.035,19.012,,,2025-09-10 11:06:38,0,842b74fb-d79b-4929-b4d7-b3eaf95c7c1e,0,0,0,0,0,0,0,0,0,,,,,,,,,75.0,3.299999952316284,0.10000000149011612,,,834.0,AEROBIC_BASE,89.56117248535156,IMPROVING_AEROBIC_BASE_8,NO_ANAEROBIC_BENEFIT_0,,,,,,,,,,,,,,,,,seances/2025-09-10_running_20346020255.md,303.6,324.4,,66,66,56,12,50,Cloudy,1.2,19.1,29.4,0.0,Asics metaspeed tokyo Sky ,137.0,156.0,0,48,-14,71.128,1145.248,1764.202,2.912,0.0,131.8,142.1,10.3,159.1875,171.0,7990,9.9,276.6000061035156,116.95999755859376,55.0,8.470000267028809,171.0,3.138000011444092,303.8179931640625,494.2139892578125,1621.8310546875,11.09,11.25,5.9,oui,1.4,,,,,,,,,,,,,,,,,,,,,,,,,,,,,,,,,,,,,,,,,,,,,,,,,,,,,,,,,,,,,,,,,
20354211453,2025-09-11,17:41,lap_swimming,Nat. piscine,35.2,1.175,,111.0,165.0,,,,331.0,,17.4,CSS,179.9,,,,,,,,Nat. piscine,,2025-09-11 17:41:41,2025-09-11 15:41:41,27,lap_swimming,26,0,0,0,9,uncategorized,10,0,0,0,0,1175.0,2113.326904296875,3284.80908203125,1345.333984375,,,0.8730000257492065,1.3420000076293943,,,0,0,,,2,private,0,0,0,124,1757605301000,5,,,,,,,3615274803,,,0,0,,GARMIN,,26,,,0,,,,,,,,,,,,,,,0.23499999940395355,,,,,,0,0,0,,,,,,,,2025-09-11 16:36:25,0,9c83a27d-283a-461e-a138-2e11f2d48fe4,0,0,0,0,0,0,0,0,0,,,,,,,,,53.0,2.700000047683716,0.5,,,,AEROBIC_BASE,58.25141906738281,MAINTAINING_AEROBIC_FITNESS_1,NO_ANAEROBIC_BENEFIT_0,,,,,,,,,,,,,,,,,seances/2025-09-11_lap_swimming_20354211453.md,,,,,,,,,,7.5,1.4,11.4,1.0,,111.0,165.0,13,18,,447.784,86.803,687.0,60.001,0.0,79.4,125.3,45.9,,,,,,,,,,,,,,,,,,,,,,,,,,,,,,,,,,27.0,41.0,47,2500.0,1,meter,100.0,601.0,0.0,12.800000190734863,104.92500305175781,467.2460021972656,,,,,,,,,,,,,,,,,,,,,,,,,,,,,,,,,,,,,,
20395303830,2025-09-15,18:45,lap_swimming,Nat. piscine,28.0,1.25,,146.0,186.0,,,,1559.0,,33.1,CSS,134.6,,,,,,,,Nat. piscine,,2025-09-15 18:45:45,2025-09-15 16:45:45,27,lap_swimming,26,0,0,0,9,uncategorized,10,0,0,0,0,1250.0,1682.52001953125,2333.113037109375,1837.9219970703125,,,0.6800000071525573,1.8480000495910645,,,0,0,,,2,private,0,0,0,124,1757954745000,5,,,,,,,3615274803,,,0,0,,GARMIN,,8,,,0,,,,,,,,,,,,,,,124.8740005493164,,,,,,0,0,0,,,,,,,,2025-09-15 17:24:38,0,392b1c6b-8f93-4f8e-8ff6-7f119a0810cb,0,0,0,0,0,0,0,0,0,,,,,,,,,42.0,3.0999999046325684,1.5,,,,AEROBIC_BASE,95.15457153320312,IMPROVING_AEROBIC_BASE_8,MINOR_ANAEROBIC_BENEFIT_15,,,,,,,,,,,,,,,,,seances/2025-09-15_lap_swimming_20395303830.md,,,,,,,,,,2.2,7.2,9.3,3.9,,146.0,186.0,1,35,,131.115,429.076,557.435,233.998,302.0,132.3,160.1,27.9,,,,,,,,,,,,,,,,,,,5.0,,,,,,,,,,,,,,,23.0,101.0,25,5000.0,1,meter,100.0,698.0,0.0,27.899999618530273,62.874000549316406,,,,,,,,,,,,,,,,,,,,,,,,,,,,,,,,,,,,,,,
20399733610,2025-09-16,06:57,virtual_ride,Lake Hamana (Japan),36.5,19.274,50.0,,,186.0,191.2535480798181,71.0,462.0,,,FC,113.6,1.7,3.2,12.3,13.1,3.5,2.3,0.3,Lake Hamana (Japan),Take a nice and easy recovery ride with very little elevation gain along the scenic shore of Lake Hamana.,2025-09-16 06:57:36,2025-09-16 04:57:36,152,virtual_ride,2,0,0,1,9,uncategorized,10,0,0,0,0,19274.380859375,2189.294921875,2189.294921875,2187.0,50.0,43.0,8.803999900817871,16.893999099731445,34.71189874224365,137.5933379586786,1,0,71.0,102.0,2,private,0,0,0,124,1757998656000,2,186.0,361.0,191.2535480798181,189.13833333333332,50.924667061782415,0.915088746793388,0,1.7999999523162842,30.799999237060547,0,0,0.40000152587890625,TACX,Nishi Ward,1,34.801807310432196,137.62150534428656,0,361,357,344,335,305,289,273,238,211,198,189,187,,0,2189.294921875,1,2189.294921875,VIRTUAL_ACTIVITY_SECTION,0,0,0,0,0,104.0,193.0,741.0,787.0,207.0,140.0,17.0,2025-09-16 05:34:05,0,db83be57-5017-4564-a0a1-782729efd2a3,0,0,0,0,0,0,0,0,0,,,,,,,,,54.0,,,,,,,,,,,,,,,,,,,,,,,,,,seances/2025-09-16_virtual_ride_20399733610.md,87.3,107.0,110.4,,,,,,,,,,,triban ,,,,,,,,,,,,,,,,,,,,,,,,,,,30.46,32.81,,oui,7.7,,,,,,,,,,,,,,,,,,,,,,,,,,,,,,,,,,,,,,,,,,,,,,,,,,,,,,,,,,,,,,,,,
20421067595,2025-09-18,06:30,virtual_ride,Passo Valparola - Sella Ronda - Stage 3 (Dolomites),40.9,12.732,400.0,,,184.0,192.02092383552545,73.0,513.0,,,FC,192.8,1.6,6.5,13.0,13.0,4.9,1.9,0.2,Passo Valparola - Sella Ronda - Stage 3 (Dolomites),Stage three of the Sella Ronda in the Italian Dolomites starts with a descent from Corvara to La Villa before climbing the stunning western side of the Valparola Pass.,2025-09-18 06:30:28,2025-09-18 04:30:28,152,virtual_ride,2,0,0,1,9,uncategorized,10,0,0,0,0,12732.169921875,2454.513916015625,2460.708984375,2454.513916015625,400.0,144.0,5.186999797821044,17.39900016784668,46.55211254954338,11.874274173751473,1,0,73.0,107.0,2,private,0,0,0,124,1758169828000,2,184.0,409.0,192.02092383552545,194.85583333333332,57.55294285543994,0.918760401126916,0,1358.4000244140625,1743.0,0,0,0.8000488281250001,TACX,Corvara in Badia,1,46.55175908468664,11.974888443946838,0,409,396,373,338,315,282,249,226,214,201,195,192,,0,2454.513916015625,1,2460.708984375,VIRTUAL_ACTIVITY_SECTION,0,0,0,0,0,97.0,387.0,780.0,779.0,292.0,111.0,14.0,2025-09-18 05:11:28,0,b6e531a7-4cbd-43d7-8e6a-57e70d47b263,0,0,0,0,0,0,0,0,0,,,,,,,,,61.0,,,,,,,,,,,,,,,,,,,,,,,,,,seances/2025-09-18_virtual_ride_20421067595.md,72.0,89.1,174.3,,,,,,,,,,,triban ,,,16,18,,,,,,,,,,,,,,,,,,,,,,,24.09,13.39,,non,-44.4,,,,,,,,,,,,,,,,,,,,,,,,,,,,,,,,,,,,,,,,,,,,,,,,,,,,,,,,,,,,,,,,,
20421065073,2025-09-18,06:31,indoor_cycling,Vélo d'intérieur,40.1,,,117.0,159.0,,,,346.0,,17.6,FC,,,,,,,,,Vélo d'intérieur,,2025-09-18 06:31:15,2025-09-18 04:31:15,25,indoor_cycling,2,0,0,1,9,uncategorized,10,0,0,0,0,0.0,2406.198974609375,2406.198974609375,0.0,,,0.0,,,,0,0,,,2,private,0,0,0,124,1758169875000,2,,,,,,,3615274803,,,0,0,,GARMIN,,1,,,0,,,,,,,,,,,,,,,2406.198974609375,,,,,,0,0,0,,,,,,,,2025-09-18 05:11:21,0,3a444e35-1e3a-4a58-a6f4-f22a1985cbd9,0,0,0,0,0,0,0,0,0,,,,,,,,,60.0,2.0999999046325684,1.0,,,482.0,RECOVERY,39.4183349609375,MINOR_AEROBIC_BENEFIT_0,MINOR_ANAEROBIC_BENEFIT_15,,,,,,,,,,,,,,,,,seances/2025-09-18_indoor_cycling_20421065073.md,,,,,,,,,,5.6,14.0,9.2,0.4,triban ,117.0,159.0,16,18,-7,336.024,838.998,552.649,26.0,0.0,100.3,131.2,30.9,,,,,,,,,,,,,,,,,,,,,,,,,,,,,,,,,,,,,,,,,,,,,,,,,,,,,,,,,,,,,,,,,,,,,,,,,,,,,,,,,,,
20446150032,2025-09-20,15:39,running,Chevrières Course à pied,44.7,10.031,14.0,166.0,180.0,423.0,425.0,161.125,717.0,,65.4,FC,267.6,0.0,,12.3,31.7,0.6,,,Chevrières Course à pied,,2025-09-20 15:39:37,2025-09-20 13:39:37,1,running,17,0,0,1,9,uncategorized,10,0,1,0,0,10031.2099609375,2684.27099609375,2684.27099609375,2677.8580322265625,14.0,14.0,3.736999988555908,4.189000129699707,49.345462918281555,2.6841309014707804,1,0,,,2,private,0,0,0,124,1758375577000,1,423.0,523.0,425.0,,,,3615274803,27.799999237060547,35.599998474121094,0,0,0.40000152587890625,GARMIN,Chevrières,11,49.34547926299274,2.6840905845165253,0,,,,,,,,,,,,,,,7.572000026702881,2,6.0,RWD_STAND,0,0,1,0,0,1.001,0.0,739.956,1902.312,34.997,,,2025-09-20 14:24:21,0,4ec3d4e3-fb83-40c5-b7ca-ceb895110016,0,0,0,0,0,0,0,0,1,0.0,0.0,0.0,8,8.140000343322754,1.3569999933242798,0.0,0.0,67.0,4.699999809265137,0.0,,,745.0,VO2MAX,209.99755859375,HIGHLY_IMPROVING_VO2_MAX_16,NO_ANAEROBIC_BENEFIT_0,,,,1,14.0,2684.27099609375,INTERVAL_ACTIVE,0,14.0,14.0,10031,10031.2099609375,3.736999988555908,4.189000129699707,0,14.0,seances/2025-09-20_running_20446150032.md,257.1,266.1,267.3,66,66,94,12,64,Light Rain,0.3,0.9,6.9,26.2,Asics metaspeed tokyo Sky ,166.0,180.0,0,44,-10,18.781,55.001,411.937,1570.009,628.324,158.1,174.1,15.9,161.125,171.0,7184,10.70999984741211,258.5,139.24000244140626,55.0,7.690000057220459,171.0,3.7330000400543217,257.0409851074219,418.802001953125,1330.616943359375,13.34,13.44,8.5,oui,0.7,10.5,1,14.0,2678.22705078125,RWD_RUN,0,14.0,14.0,10023,10023.0703125,3.742000102996826,4.189000129699707,0,14.0,2672.866943359375,,,,,,,,,,,,,,,,,,,,,,,,,,,,,,,,,,,,,,,,,,,,,,,,,,
20489410303,2025-09-24,18:42,lap_swimming,Nat. piscine,18.9,0.95,,122.0,178.0,,,,1426.0,,31.9,CSS,119.5,,,,,,,,Nat. piscine,,2025-09-24 18:42:06,2025-09-24 16:42:06,27,lap_swimming,26,0,0,0,9,uncategorized,10,0,0,0,0,950.0,1134.9429931640625,2546.322021484375,1055.6290283203125,,,0.8999999761581421,1.7740000486373901,,,0,0,,,2,private,0,0,0,124,1758732126000,5,,,,,,,3615274803,,,0,0,,GARMIN,,14,,,0,,,,,,,,,,,,,,,2.688999891281128,,,,,,0,0,0,,,,,,,,2025-09-24 17:24:32,0,51abf05f-6613-4c2a-8230-3b7a088e958c,0,0,0,0,0,0,0,0,0,,,,,,,,,28.0,2.5,1.600000023841858,,,,AEROBIC_BASE,67.46493530273438,MAINTAINING_AEROBIC_FITNESS_1,MINOR_ANAEROBIC_BENEFIT_15,,,,,,,,,,,,,,,,,seances/2025-09-24_lap_swimming_20489410303.md,,,,,,,,,,8.1,5.6,3.6,1.3,,122.0,178.0,8,27,,485.683,335.833,213.915,76.002,1.71,110.7,144.0,33.3,,,,,,,,,,,,,,,,,,,0.0,,,,,,,,,,,,,,,29.0,83.0,19,5000.0,1,meter,100.0,518.0,0.0,27.299999237060547,60.24599838256836,,,,,,,,,,,,,,,,,,,,,,,,,,,,,,,,,,,,,,,
20591298943,2025-10-04,11:47,hiking,Le Tampon Randonnée,401.6,11.925,935.0,108.0,140.0,,,31.484375,2136.0,,135.6,FC,2020.9,,,,,,,,Le Tampon Randonnée,,2025-10-04 11:47:47,2025-10-04 07:47:47,3,hiking,17,0,0,1,9,uncategorized,10,0,0,0,0,11924.7900390625,24098.228515625,25849.14453125,10327.0,935.0,932.0,0.4950000047683716,4.815000057220459,-21.190836997702718,55.53610467351973,1,0,,,2,private,0,0,0,125,1759564067000,17,,,,,,,3615274803,617.2000122070312,1403.800048828125,0,0,0.5999755859375,GARMIN,Le Tampon,2,-21.192829459905624,55.537979789078236,0,,,,,,,,,,,,,,,9483.892578125,,,,,,0,0,0,,,,,,,,2025-10-04 14:58:36,0,57281582-40dc-4d3d-9e86-f699763bef10,0,0,0,0,0,0,0,0,0,,,,,,,,,602.0,2.4000000953674316,0.0,,,4101.0,AEROBIC_BASE,37.28968811035156,MAINTAINING_AEROBIC_BASE_7,NO_ANAEROBIC_BENEFIT_0,,,,,,,,,,,,,,,,,seances/2025-10-04_hiking_20591298943.md,1052.4,1601.7,2231.5,79,79,70,8,68,Fair,217.0,98.4,2.1,,,108.0,140.0,264,13,-24,13020.848,5905.075,128.989,0.0,0.0,100.5,113.8,13.2,31.484375,248.0,18444,,,94.19403029363751,,,248.0,,,,,2.42,1.71,37.5,non,-29.3,,,,,,,,,,,,,,,,,,,,,,,,,,,,COMPLETE,,,,,,,,,,,,,,,,,,,,,,,,,,,,,,,,,,,,,
20607064938,2025-10-06,06:54,hiking,Saint-Paul Randonnée,545.7,29.688,719.0,96.0,154.0,,,68.25,2577.0,,124.5,FC,1102.8,,,,,,,,Saint-Paul Randonnée,,2025-10-06 06:54:07,2025-10-06 02:54:07,3,hiking,17,0,0,1,9,uncategorized,10,0,0,0,0,29688.30078125,32739.900390625,35521.4921875,23725.0,719.0,725.0,0.9070000052452087,5.47700023651123,-20.980129363015294,55.346492528915405,1,0,,,2,private,0,0,0,125,1759719247000,17,,,,,,,3615274803,460.79998779296875,1011.5999755859375,0,0,1.20001220703125,GARMIN,Saint-Paul,2,-20.980145875364542,55.34639202989638,0,,,,,,,,,,,,,,,2785.842041015625,,,,,,0,0,0,,,,,,,,2025-10-06 12:46:08,0,de9eabfc-a29e-4349-83cd-49f6bcf06018,0,0,0,0,0,0,0,0,0,,,,,,,,,818.0,1.7999999523162842,0.0,,,5636.0,AEROBIC_BASE,18.675216674804688,MINOR_AEROBIC_BENEFIT_6,NO_ANAEROBIC_BENEFIT_0,,,,,,,,,,,,,,,,,seances/2025-10-06_hiking_20607064938.md,740.7,842.2,859.8,70,70,73,14,61,Fair,169.9,23.2,5.9,,,96.0,154.0,219,12,-36,10193.721,1392.868,354.01,0.0,0.0,96.8,96.6,-0.2,68.25,250.0,42068,,,79.97035032869273,,,250.0,,,,,3.21,3.75,-17.0,oui,16.8,,,,,,,,,,,,,,,,,,,,,,,,,,,,COMPLETE,,,,,,,,,,,,,,,,,,,,,,,,,,,,,,,,,,,,,
20648728272,2025-10-10,10:39,hiking,Salazie Randonnée,215.3,7.105,537.0,101.0,145.0,,,42.671875,1141.0,,58.2,FC,1818.6,,,,,,,,Salazie Randonnée,,2025-10-10 10:39:12,2025-10-10 06:39:12,3,hiking,17,0,0,1,9,uncategorized,10,0,0,0,0,7104.72998046875,12920.4453125,14527.0263671875,7233.0,537.0,604.0,0.550000011920929,2.687000036239624,-21.06282077729702,55.52756150253117,1,0,,,2,private,0,0,0,125,1760078352000,17,,,,,,,3615274803,960.4000244140625,1530.4000244140625,0,0,0.5999755859375,GARMIN,Salazie,1,-21.064728247001767,55.52094994112849,0,,,,,,,,,,,,,,,12920.4453125,,,,,,0,0,0,,,,,,,,2025-10-10 10:41:19,0,21decf5f-2ff4-4402-b5c8-3d025ae9ad00,0,0,0,0,0,0,0,0,0,,,,,,,,,323.0,1.899999976158142,0.20000000298023224,,,2262.0,AEROBIC_BASE,21.65606689453125,MINOR_AEROBIC_BENEFIT_6,NO_ANAEROBIC_BENEFIT_0,,,,,,,,,,,,,,,,,seances/2025-10-10_hiking_20648728272.md,1206.3,1942.0,,81,81,51,17,61,Fair,80.6,32.8,4.0,,,101.0,145.0,107,14,-13,4838.602,1969.003,242.997,0.0,0.0,109.5,93.1,-16.4,42.671875,223.0,11768,,,77.31782329899923,,,223.0,,,,,2.17,2.72,-47.5,oui,25.4,,,,,,,,,,,,,,,,,,,,,,,,,,,,COMPLETE,,,,,,,,,,,,,,,,,,,,,,,,,,,,,,,,,,,,,
20661473904,2025-10-12,02:20,hiking,Sainte-Rose Randonnée,189.1,6.799,418.0,99.0,141.0,,,36.140625,938.0,,47.8,FC,1668.8,,,,,,,,Sainte-Rose Randonnée,,2025-10-12 02:20:33,2025-10-11 22:20:33,3,hiking,17,0,0,1,9,uncategorized,10,0,0,0,0,6798.8701171875,11345.982421875,11345.982421875,6488.0,418.0,285.0,0.5989999771118164,1.847000002861023,-21.225309586152434,55.68478161469102,1,0,,,2,private,0,0,0,125,1760221233000,17,,,,,,,3615274803,2220.60009765625,2505.60009765625,0,0,0.60009765625,GARMIN,Sainte-Rose,1,-21.24579177238047,55.71952661499381,0,,,,,,,,,,,,,,,11345.982421875,,,,,,0,0,0,,,,,,,,2025-10-12 01:29:38,0,6e689150-14c7-4271-90bf-304378926ec9,0,0,0,0,0,0,0,0,0,,,,,,,,,283.0,1.2000000476837158,0.0,,,1404.0,RECOVERY,12.395919799804688,MINOR_AEROBIC_BENEFIT_0,NO_ANAEROBIC_BENEFIT_0,,,,,,,,,,,,,,,,,seances/2025-10-12_hiking_20661473904.md,980.5,1420.0,,70,70,78,9,63,Mostly Cloudy,83.1,29.3,0.1,,,99.0,141.0,104,2,-9,4988.491,1756.041,6.0,0.0,0.0,97.8,102.4,4.7,36.140625,237.0,9388,,,99.48331074138073,,,237.0,,,,,2.97,2.1,32.7,non,-29.5,,,,,,,,,,,,,,,,,,,,,,,,,,,,,,,,,,,,,,,,,,,,,,,,,,,,,,,,,,,,,,,,,
20694166800,2025-10-15,08:22,hiking,Cilaos Randonnée,148.2,7.947,665.0,124.0,171.0,,,63.84375,1271.0,,79.0,FC,1119.0,,,,,,,,Cilaos Randonnée,,2025-10-15 08:22:41,2025-10-15 04:22:41,3,hiking,17,0,0,1,9,uncategorized,10,0,0,0,0,7946.97021484375,8892.962890625,13396.1201171875,6720.0,665.0,614.0,0.8939999938011169,3.3499999046325684,-21.137186363339424,55.463672960177064,1,0,,,2,private,0,0,0,125,1760502161000,17,,,,,,,3615274803,781.0,1172.199951171875,0,0,0.60003662109375,GARMIN,Cilaos,1,-21.136053213849664,55.46547766774893,0,,,,,,,,,,,,,,,8892.962890625,,,,,,0,0,0,,,,,,,,2025-10-15 08:05:57,0,5fc042b3-f850-4054-a73a-d3b658a7947a,0,0,0,0,0,0,0,0,0,,,,,,,,,222.0,3.299999952316284,2.0,,,1857.0,AEROBIC_BASE,106.27413940429688,IMPROVING_AEROBIC_BASE_8,MAINTAINING_ANAEROBIC_BASE_1,,,,,,,,,,,,,,,,,seances/2025-10-15_hiking_20694166800.md,880.4,2052.2,,77,77,65,20,64,Mostly Clear,63.1,24.7,28.9,21.0,,124.0,171.0,71,53,-19,3788.587,1481.005,1733.003,1261.337,0.0,114.1,138.7,24.6,63.84375,250.0,11626,,,83.9823392432719,,,250.0,,,,,3.38,3.81,7.3,oui,12.7,,,,,,,,,,,,,,,,,,,,,,,,,,,,COMPLETE,,,,,,,,,,,,,,,,,,,,,,,,,,,,,,,,,,,,,
20714080615,2025-10-17,09:07,hiking,Salazie Randonnée,166.7,9.277,294.0,92.0,127.0,,,67.203125,736.0,,32.9,FC,1078.0,,,,,,,,Salazie Randonnée,,2025-10-17 09:07:20,2025-10-17 05:07:20,3,hiking,17,0,0,1,9,uncategorized,10,0,0,0,0,9276.51953125,9999.6318359375,11907.703125,8193.0,294.0,342.0,0.9279999732971191,4.8429999351501465,-21.062667472288013,55.537758842110634,1,0,,,2,private,0,0,0,125,1760677640000,17,,,,,,,3615274803,1377.5999755859375,1538.199951171875,0,0,0.5,GARMIN,Salazie,1,-21.062578540295362,55.538325374946,0,,,,,,,,,,,,,,,9999.6318359375,,,,,,0,0,0,,,,,,,,2025-10-17 08:25:47,0,e17d92a9-c58e-4995-9686-a009502f94a0,0,0,0,0,0,0,0,0,0,,,,,,,,,250.0,0.699999988079071,0.0,,,1498.0,RECOVERY,7.26220703125,RECOVERY_5,NO_ANAEROBIC_BENEFIT_0,,,,,,,,,,,,,,,,,seances/2025-10-17_hiking_20714080615.md,771.8,1060.6,,77,77,65,8,64,Cloudy,45.4,4.3,,,,92.0,127.0,61,1,-19,2726.2,258.854,0.0,0.0,0.0,89.3,96.5,7.2,67.203125,229.0,13308,,,82.82526509238326,,,229.0,,,,,3.5,3.44,8.8,non,-1.4,,,,,,,,,,,,,,,,,,,,,,,,,,,,,,,,,,,,,,,,,,,,,,,,,,,,,,,,,,,,,,,,,
20732817712,2025-10-19,01:17,hiking,Cilaos Randonnée,204.1,8.7,1764.0,135.0,169.0,,,60.40625,1827.0,,144.7,FC,1407.6,,,,,,,,Cilaos Randonnée,,2025-10-19 01:17:29,2025-10-18 21:17:29,3,hiking,17,0,0,1,9,uncategorized,10,0,0,0,0,8699.5498046875,12245.505859375,12246.8974609375,9746.0,1764.0,44.0,0.7099999785423279,2.2950000762939453,-21.12310920841992,55.48165323212743,1,0,,,2,private,0,0,0,125,1760822249000,17,,,,,,,3615274803,1379.4000244140625,3103.39990234375,0,0,0.5,GARMIN,Cilaos,1,-21.099399738013744,55.48002580180764,0,,,,,,,,,,,,,,,12245.505859375,,,,,,0,0,0,,,,,,,,2025-10-19 00:41:35,0,3db8b1b0-917c-4a79-a0f8-b04f7d09acac,0,0,0,0,0,0,0,0,0,,,,,,,,,306.0,4.0,2.0,,,1980.0,AEROBIC_BASE,164.39501953125,HIGHLY_IMPROVING_AEROBIC_ENDURANCE_10,MAINTAINING_ANAEROBIC_BASE_1,,,,,,,,,,,,,,,,,seances/2025-10-19_hiking_20732817712.md,1166.0,1252.7,,70,70,78,2,63,Mostly Clear,30.4,51.7,86.6,30.5,,135.0,169.0,38,111,-22,1826.875,3100.007,5195.65,1829.951,0.0,142.8,130.0,-12.8,60.40625,160.0,15092,,,70.56501253333872,,,160.0,,,,,2.94,2.63,1.7,non,-10.5,,,,,,,,,,,,,,,,,,,,,,,,,,,,COMPLETE,,,,,,,,,,,,,,,,,,,,,,,,,,,,,,,,,,,,,
20732816886,2025-10-19,05:55,hiking,Cilaos Randonnée,174.0,8.09,33.0,105.0,149.0,,,44.71875,976.0,,53.5,FC,1290.2,,,,,,,,Cilaos Randonnée,,2025-10-19 05:55:58,2025-10-19 01:55:58,3,hiking,17,0,0,1,9,uncategorized,10,0,0,0,0,8089.8798828125,10437.638671875,10437.638671875,7717.0,33.0,1688.0,0.7749999761581422,5.617000102996826,-21.098571438342333,55.47981474548578,1,0,,,2,private,0,0,0,125,1760838958000,17,,,,,,,3615274803,1410.199951171875,3067.39990234375,0,0,0.40002441406250006,GARMIN,Cilaos,1,-21.122976187616587,55.482793506234884,0,,,,,,,,,,,,,,,10437.638671875,,,,,,0,0,0,,,,,,,,2025-10-19 04:49:55,0,fc68c75e-eb12-497d-8b52-ccaea45bc5b8,0,0,0,0,0,0,0,0,0,,,,,,,,,261.0,2.0,0.0,,,1508.0,AEROBIC_BASE,23.646774291992188,MAINTAINING_AEROBIC_BASE_7,NO_ANAEROBIC_BENEFIT_0,,,,,,,,,,,,,,,,,seances/2025-10-19_hiking_20732816886.md,902.7,1308.1,,73,73,69,13,63,Cloudy,80.4,35.3,3.6,,,105.0,149.0,94,9,0,4821.652,2115.006,215.0,0.0,0.0,114.0,97.1,-17.0,44.71875,250.0,12620,,,103.99235416389764,,,250.0,,,,,2.96,3.18,-26.0,oui,7.2,,,,,,,,,,,,,,,,,,,,,,,,,,,,,,,,,,,,,,,,,,,,,,,,,,,,,,,,,,,,,,,,,
20752940033,2025-10-21,07:18,hiking,Saint-Paul Randonnée,363.3,18.391,878.0,106.0,156.0,,,69.765625,1990.0,,115.3,FC,1185.4,,,,,,,,Saint-Paul Randonnée,,2025-10-21 07:18:35,2025-10-21 03:18:35,3,hiking,17,0,0,1,9,uncategorized,10,0,0,0,0,18390.58984375,21800.267578125,21800.267578125,17697.0,878.0,889.0,0.843999981880188,2.0989999771118164,-21.07062759809196,55.3859774954617,1,0,,,2,private,0,0,0,125,1761016715000,17,,,,,,,3615274803,2162.199951171875,2925.39990234375,0,0,0.4666341145833333,GARMIN,Saint-Paul,1,-21.069476678967476,55.38522991351783,0,,,,,,,,,,,,,,,21800.267578125,,,,,,0,0,0,,,,,,,,2025-10-21 09:21:55,0,630129e3-0071-4319-83f1-62ed30fccc84,0,0,0,0,0,0,0,0,0,,,,,,,,,544.0,2.700000047683716,0.6000000238418579,,,3691.0,AEROBIC_BASE,55.50712585449219,MAINTAINING_AEROBIC_BASE_7,NO_ANAEROBIC_BENEFIT_0,,,,,,,,,,,,,,,,,seances/2025-10-21_hiking_20752940033.md,695.5,986.6,1177.2,75,75,65,14,63,Cloudy,193.1,45.6,27.2,0.4,,106.0,156.0,175,42,-34,11585.493,2733.689,1629.665,22.109,0.0,117.1,97.9,-19.1,69.765625,244.0,29060,,,72.55103219378238,,,244.0,,,,,3.31,3.13,-13.1,non,-5.4,,,,,,,,,,,,,,,,,,,,,,,,,,,,,,,,,,,,,,,,,,,,,,,,,,,,,,,,,,,,,,,,,
20782216170,2025-10-24,11:19,running,Chevrières Course à pied,60.8,11.053,87.0,149.0,170.0,346.0,349.0,158.15625,828.0,,60.5,FC,330.2,16.0,31.5,11.8,1.2,,,,Chevrières Course à pied,,2025-10-24 11:19:18,2025-10-24 09:19:18,1,running,17,0,0,1,9,uncategorized,10,0,0,0,0,11053.419921875,3650.097900390625,3696.0380859375,3639.9879760742188,87.0,88.0,3.0280001163482666,3.742000102996826,49.34549426659942,2.6848520804196596,1,0,,,2,private,0,0,0,124,1761297558000,1,346.0,444.0,349.0,,,,3615274803,34.400001525878906,93.80000305175781,0,0,1.1999969482421875,GARMIN,Chevrières,12,49.34545646421611,2.684076586738229,0,,,,,,,,,,,,,,,16.969999313354492,,,,,,1,0,0,960.193,1889.091,710.3,69.058,0.0,,,2025-10-24 10:20:54,0,20306c67-33bc-482a-ba25-dc75ba7409ba,0,0,0,0,0,0,0,0,0,,,,,,,,,91.0,3.5999999046325684,0.0,,,1013.0,AEROBIC_BASE,113.20664978027344,IMPROVING_AEROBIC_ENDURANCE_9,NO_ANAEROBIC_BENEFIT_0,,,,,,,,,,,,,,,,,seances/2025-10-24_running_20782216170.md,312.7,329.7,333.5,48,42,76,15,41,Fair,0.4,1.5,52.5,6.2,Daily shoes,149.0,170.0,1,59,-12,24.974,91.634,3150.771,369.07,0.0,145.9,150.9,5.0,158.15625,191.0,9610,9.890000152587891,281.3999938964844,114.75999755859375,54.0,8.619999885559082,191.0,3.036000013351441,312.4779968261719,511.88299560546875,1648.3929443359375,10.81,10.85,3.0,oui,0.3,,,,,,,,,,,,,,,3334.988037109375,,,,,,,,,,,,,,,,,,,,,,,,,,,,,,,,,,,,,,,,,,,,,,,,,,
20794172763,2025-10-25,16:12,indoor_cycling,Entraîn puissance,69.4,36.766,0.0,,,175.0,178.83237763254584,93.0,833.0,,92.5,puissance,113.2,0.8,12.1,37.2,14.9,3.0,1.1,0.1,Entraîn puissance,,2025-10-25 16:12:49,2025-10-25 14:12:49,25,indoor_cycling,2,0,0,1,9,uncategorized,10,0,0,0,0,36765.73046875,4162.865234375,4162.865234375,4162.865234375,0.0,0.0,8.833000183105469,10.197999954223633,,,0,0,93.0,115.0,2,private,0,0,0,124,1761401569000,2,175.0,339.0,178.83237763254584,194.03333333333333,84.6622058923457,0.8556573092466309,0,0.0,0.0,0,0,0.0,TACX,,1,,,0,339,339,319,274,258,251,240,229,215,204,194,185,179,0,4162.865234375,,,,,,0,0,0,51.0,724.0,2235.0,895.0,183.0,67.0,8.0,2025-10-25 15:22:11,0,811049bf-9a13-47e0-90e1-af99b07f89c2,0,0,0,0,0,0,0,0,0,,,,,,,,,103.0,,,,,,,,,,,,,,,,,,,,,,,,,,seances/2025-10-25_indoor_cycling_20794172763.md,,,,,,,,,,,,,,triban ,,,11,57,,,,,,,,,,,,,,,,,,,,,,,,,,oui,10.8,,,,,,,,,,,,,,,,,,,,,,,,,,,,,167,185,219.0,196.7,179.9,,,,,,,,,,,,,,,,,,,,,,,,,,,,,,,,
20794242371,2025-10-25,16:13,indoor_cycling,Vélo d'intérieur,75.0,,,138.0,161.0,,,,809.0,,57.3,FC,,,,,,,,,Vélo d'intérieur,,2025-10-25 16:13:32,2025-10-25 14:13:32,25,indoor_cycling,2,0,0,1,9,uncategorized,10,0,0,0,0,0.0,4499.15185546875,4499.15185546875,0.0,,,0.0,,,,0,0,,,2,private,0,0,0,124,1761401612000,2,,,,,,,3615274803,,,0,0,,GARMIN,,1,,,0,,,,,,,,,,,,,,,4499.15185546875,,,,,,0,0,0,,,,,,,,2025-10-25 15:28:31,0,67edcd74-886f-4a97-be58-60321d5d27ac,0,0,0,0,0,0,0,0,0,,,,,,,,,112.0,3.299999952316284,0.800000011920929,,,1065.0,AEROBIC_BASE,95.31045532226562,IMPROVING_AEROBIC_BASE_8,NO_ANAEROBIC_BENEFIT_0,,,,,,,,,,,,,,,,,seances/2025-10-25_indoor_cycling_20794242371.md,,,,,,,,,,9.2,5.1,53.7,4.7,triban ,138.0,161.0,11,58,-10,552.611,303.991,3221.007,284.001,0.0,132.0,139.6,7.7,,,,,,,,,,,,,,,,,,,,,,,,,,,,,,,,,,,,,,,,,,,,,,,,,,,,,,,,,,,,,,,,,,,,,,,,,,,,,,,,,,,
20808469928,2025-10-27,06:21,virtual_ride,Falzarego est - Sellaronda - Étape 5 (Dolomites),61.8,19.741,642.0,,,183.0,187.98207268705426,77.0,773.0,,,FC,187.9,1.6,8.4,21.1,23.8,6.0,1.0,,Falzarego est - Sellaronda - Étape 5 (Dolomites),"Lors la cinquième étape, vous aurez un peu de répit après avoir atteint le col de Giau (hors catégorie) au cours de la quatrième étape. Nous commencerons par une descente du col de Giau, suivie de la partie est du col de Falzarego, une ascension boisée assez facile.",2025-10-27 06:21:05,2025-10-27 05:21:05,152,virtual_ride,2,0,0,1,9,uncategorized,10,0,0,0,0,19741.470703125,3708.77294921875,3712.156982421875,3708.77294921875,642.0,715.0,5.322999954223633,22.714000701904297,46.48411553353071,12.059433935210109,1,0,77.0,102.0,2,private,0,0,0,124,1761542465000,2,183.0,301.0,187.98207268705426,199.985,83.34279123126369,0.8994357544835132,0,1489.5999755859375,2205.0,0,0,0.5999755859375,TACX,San Vito di Cadore,1,46.51889146305621,12.009127428755164,0,301,283,273,255,240,236,228,221,212,203,200,200,185,0,3708.77294921875,1,3712.156982421875,VIRTUAL_ACTIVITY_SECTION,0,0,0,0,0,94.0,507.0,1266.0,1426.0,360.0,59.0,0.0,2025-10-27 06:22:57,0,e03dc45c-795a-4611-8562-55cf6ef876ac,0,0,0,0,0,0,0,0,0,,,,,,,,,92.0,,,,,,,,,,,,,,,,,,,,,,,,,,seances/2025-10-27_virtual_ride_20808469928.md,48.1,50.1,75.3,,,,,,,,,,,triban ,,,20,40,,,,,,,,,,,,,,,,,,,,,,,26.91,11.43,,non,-57.5,,,,,,,,,,,,,,,,,,,,,,,,,,,,,,,,,,,,,,,,,,,,,,,,,,,,,,,,,,,,,,,,,
20808471944,2025-10-27,06:21,indoor_cycling,Vélo d'intérieur,62.1,,,130.0,155.0,,,,625.0,,38.8,FC,,,,,,,,,Vélo d'intérieur,,2025-10-27 06:21:02,2025-10-27 05:21:02,25,indoor_cycling,2,0,0,1,9,uncategorized,10,0,0,0,0,0.0,3727.35888671875,3727.35888671875,0.0,,,0.0,,,,0,0,,,2,private,0,0,0,124,1761542462000,2,,,,,,,3615274803,,,0,0,,GARMIN,,1,,,0,,,,,,,,,,,,,,,3727.35888671875,,,,,,0,0,0,,,,,,,,2025-10-27 06:23:09,0,4745c44b-d526-4605-96a9-dbeeca3f0a7e,0,0,0,0,0,0,0,0,0,,,,,,,,,93.0,2.5999999046325684,0.699999988079071,,,834.0,AEROBIC_BASE,51.71990966796875,MAINTAINING_AEROBIC_BASE_7,NO_ANAEROBIC_BENEFIT_0,,,,,,,,,,,,,,,,,seances/2025-10-27_indoor_cycling_20808471944.md,,,,,,,,,,6.4,29.5,25.3,0.1,triban ,130.0,155.0,20,41,-12,382.006,1772.001,1518.304,5.0,0.0,120.0,139.9,19.8,,,,,,,,,,,,,,,,,,,,,,,,,,,,,,,,,,,,,,,,,,,,,,,,,,,,,,,,,,,,,,,,,,,,,,,,,,,,,,,,,,,
20808618967,2025-10-27,07:02,virtual_ride,Ettlingen - Nord de la Forêt-Noire - Étape 1,50.2,20.727,314.0,,,172.0,183.1380517766346,66.0,593.0,,,FC,145.2,4.7,11.0,15.0,11.9,4.0,2.7,0.8,Ettlingen - Nord de la Forêt-Noire - Étape 1,"Lors de la première étape de ce parcours en trois étapes, vous apprécierez la route facile menant de la ville d'Ettlingen le long d'une vallée boisée à la station thermale de Bad Herrenalb.",2025-10-27 07:02:36,2025-10-27 06:02:36,152,virtual_ride,2,0,0,1,9,uncategorized,10,0,0,0,0,20727.4296875,3009.820068359375,3009.820068359375,3007.0,314.0,75.0,6.88700008392334,13.147999763488771,48.94240946508944,8.406649567186832,1,0,66.0,107.0,2,private,0,0,0,124,1761544956000,2,172.0,408.0,183.1380517766346,191.6675,64.19521242401996,0.8762586209408354,0,144.0,395.6000061035156,0,0,0.800018310546875,TACX,Ettlingen,1,48.79977084696293,8.439107984304428,0,408,408,397,380,360,320,266,220,210,201,192,180,,0,3009.820068359375,1,3009.820068359375,VIRTUAL_ACTIVITY_SECTION,0,0,0,0,0,283.0,662.0,900.0,717.0,239.0,162.0,46.0,2025-10-27 06:52:45,0,a5be3a09-5950-4588-9a47-438dbe0c011c,0,0,0,0,0,0,0,0,0,,,,,,,,,75.0,,,,,,,,,,,,,,,,,,,,,,,,,,seances/2025-10-27_virtual_ride_20808618967.md,94.9,132.2,137.3,,,,,,,,,,,triban ,,,1,20,,,,,,,,,,,,,,,,,,,,,,,25.66,23.82,,non,-7.2,,,,,,,,,,,,,,,,,,,,,,,,,,,,,,,,,,,,,,,,,,,,,,,,,,,,,,,,,,,,,,,,,
20823966317,2025-10-28,18:41,lap_swimming,Nat. piscine,28.6,1.45,,116.0,178.0,,,,321.0,,49.9,CSS,118.2,,,,,,,,Nat. piscine,,2025-10-28 18:41:38,2025-10-28 17:41:38,27,lap_swimming,26,0,0,0,9,uncategorized,10,0,0,0,0,1450.0,1713.1829833984375,2399.448974609375,1708.8089599609375,,,0.8489999771118164,1.843000054359436,,,0,0,,,2,private,0,0,0,124,1761673298000,5,,,,,,,3615274803,,,0,0,,GARMIN,,10,,,0,,,,,,,,,,,,,,,4.374000072479248,,,,,,0,0,0,,,,,,,,2025-10-28 18:21:37,0,6014b13b-0fc3-47e3-ae96-a937cc82672d,0,0,0,0,0,0,0,0,0,,,,,,,,,43.0,2.200000047683716,1.600000023841858,,,,RECOVERY,44.91722106933594,MINOR_AEROBIC_BENEFIT_0,MINOR_ANAEROBIC_BENEFIT_15,,,,,,,,,,,,,,,,,seances/2025-10-28_lap_swimming_20823966317.md,,,,,,,,,,15.1,5.9,3.3,1.6,,116.0,178.0,16,13,,908.614,352.551,195.992,97.0,19.001,118.3,112.9,-5.4,,,,,,,,,,,,,,,,,,,0.3,,,,,,,,,,,,,,,29.0,87.0,29,5000.0,1,meter,100.0,815.0,0.0,28.100000381469727,64.68599700927734,525.4359741210938,,,,,,,,,,,,,,,,,,,,,,,,,,,,,,,,,,,,,,
20828054438,2025-10-29,06:52,virtual_ride,Villard-Notre-Dame (Alpes françaises),57.1,9.303,765.0,,,201.0,205.92582460294062,60.0,774.0,,,FC,368.4,1.8,1.3,10.4,28.8,12.9,2.5,0.0,Villard-Notre-Dame (Alpes françaises),"Cette ascension française exigeante sur le plan mental comprend des à-pics vertigineux, des tunnels plongés dans le noir complet et des pentes raides. Vos efforts seront récompensés par une explosion de couleurs automnales lorsque vous atteindrez les pentes ensoleillées à plus haute altitude.",2025-10-29 06:52:10,2025-10-29 05:52:10,152,virtual_ride,2,0,0,1,9,uncategorized,10,0,0,0,0,9303.23046875,3427.555908203125,3457.85693359375,3425.0,765.0,2.0,2.7139999866485596,8.66100025177002,45.054920157417655,6.030600043013692,1,0,60.0,99.0,2,private,0,0,0,124,1761717130000,2,201.0,324.0,205.92582460294062,206.445,92.42960603699144,0.9852910268083284,0,768.2000122070312,1532.4000244140625,0,0,0.40002441406250006,TACX,Le Bourg-d'Oisans,1,45.019593704491854,6.043757703155279,0,324,312,294,289,283,275,252,232,224,212,206,206,,0,3427.555908203125,1,3457.85693359375,VIRTUAL_ACTIVITY_SECTION,0,0,0,0,0,105.0,79.0,624.0,1729.0,773.0,147.0,1.0,2025-10-29 06:49:47,0,399d5ce8-f0e9-404c-b4c2-aac9324b9b89,0,0,0,0,0,0,0,0,0,,,,,,,,,85.0,,,,,,,,,,,,,,,,,,,,,,,,,,seances/2025-10-29_virtual_ride_20828054438.md,180.2,358.1,,,,,,,,,,,,triban ,,,,,,,,,,,,,,,,,,,,,,,,,,,10.1,9.53,,non,-5.7,,,,,,,,,,,,,,,,,,,,,,,,,,,,,,,,,,,,,,,,,,,,,,,,,,,,,,,,,,,,,,,,,
20842502723,2025-10-30,17:01,running,Chevrières Course à pied,61.7,11.132,75.0,148.0,167.0,344.0,347.0,156.484375,823.0,,60.0,FC,332.8,16.4,36.0,8.2,1.0,,,,Chevrières Course à pied,,2025-10-30 17:01:16,2025-10-30 16:01:16,1,running,17,0,0,1,9,uncategorized,10,0,0,0,0,11131.6796875,3704.965087890625,3704.965087890625,3696.3060302734375,75.0,77.0,3.005000114440918,3.6019999980926514,49.345527961850166,2.684645550325513,1,0,,,2,private,0,0,0,124,1761840076000,1,344.0,440.0,347.0,,,,3615274803,32.0,91.0,0,0,0.40000152587890625,GARMIN,Chevrières,12,49.34540793299675,2.6843517646193504,0,,,,,,,,,,,,,,,41.301998138427734,1,3697.930908203125,RWD_RUN,0,0,1,0,0,981.969,2162.228,490.984,58.994,0.0,,,2025-10-30 17:03:00,0,2b1507b4-455d-4ab2-af73-4f0a7758e836,0,0,0,0,0,0,0,0,0,75.0,75.0,75.0,11131,11131.6796875,3.009999990463257,3.6019999980926514,77.0,93.0,3.700000047683716,0.0,,,1028.0,AEROBIC_BASE,119.85733032226562,IMPROVING_AEROBIC_ENDURANCE_9,NO_ANAEROBIC_BENEFIT_0,,,,1,0.0,7.008999824523926,RWD_STAND,0,0.0,0.0,0,0.0,0.0,0.0,0,0.0,seances/2025-10-30_running_20842502723.md,313.7,329.8,333.3,54,54,71,7,45,Mostly Cloudy,0.4,0.7,51.1,9.6,Daily shoes,148.0,167.0,1,60,,23.623,44.0,3063.189,573.985,0.0,147.5,147.6,0.0,156.484375,165.0,9630,9.969999694824219,284.79998779296875,115.00999755859375,54.0,8.680000305175781,165.0,3.022000074386597,313.7200012207031,512.0980224609375,1648.468017578125,10.81,10.75,0.6,non,-0.6,,1,75.0,3704.965087890625,INTERVAL_ACTIVE,0,75.0,75.0,11131,11131.6796875,3.005000114440918,3.6019999980926514,0,77.0,3332.166015625,,,,,,,,,,,,,,,,,,,,,,,,,,,,,,,,,,,,,,,,,,,,,,,,,,
20896483772,2025-11-05,06:52,virtual_ride,Val d'Aran (Pyrénées) - Col du Portillon (Catalogne),57.4,20.54,546.0,,,182.0,189.11361458862194,61.0,715.0,,,FC,167.7,2.6,6.4,18.4,21.1,7.0,1.8,0.1,Val d'Aran (Pyrénées) - Col du Portillon (Catalogne),"Ce parcours court, mais boisé vous emmène de la vallée d'Aran, en Catalogne, jusqu'en France, pour redescendre ensuite par le col du Portillon vers Bagnères-de-Luchon.",2025-11-05 06:52:16,2025-11-05 05:52:16,152,virtual_ride,2,0,0,1,9,uncategorized,10,0,0,0,0,20539.849609375,3443.7919921875,3443.7919921875,3441.0,546.0,666.0,5.964000225067139,21.152000427246094,42.75228881277144,0.6984800007194281,1,0,61.0,120.0,2,private,0,0,0,124,1762321936000,2,182.0,315.0,189.11361458862194,201.23416666666665,78.32266023386016,0.9048498305675691,0,687.7999877929688,1291.800048828125,0,0,0.40002441406250006,TACX,Vilamòs,1,42.78222821652889,0.6018079072237015,0,315,315,315,291,268,257,233,222,209,204,201,198,,0,3443.7919921875,1,3443.7919921875,VIRTUAL_ACTIVITY_SECTION,0,0,0,0,0,159.0,384.0,1105.0,1266.0,420.0,105.0,5.0,2025-11-05 06:49:39,0,4112e162-cc98-4794-99e3-cc846a4c50dc,0,0,0,0,0,0,0,0,0,,,,,,,,,86.0,,,,,,,,,,,,,,,,,,,,,,,,,,seances/2025-11-05_virtual_ride_20896483772.md,50.3,56.1,93.7,,,,,,,,,,,triban ,,,,,,,,,,,,,,,,,,,,,,,,,,,17.05,25.91,,oui,52.0,,,,,,,,,,,,,,,,,,,,,,,,,,,,,,,,,,,,,,,,,,,,,,,,,,,,,,,,,,,,,,,,,
20902722874,2025-11-05,18:55,lap_swimming,Nat. piscine,20.4,0.95,,131.0,183.0,,,,198.0,,27.6,CSS,128.6,,,,,,,,Nat. piscine,,2025-11-05 18:55:14,2025-11-05 17:55:14,27,lap_swimming,26,0,0,0,9,uncategorized,10,0,0,0,0,950.0,1221.4210205078125,2992.801025390625,1221.4210205078125,,,0.777999997138977,0.9879999756813049,,,0,0,,,2,private,0,0,0,124,1762365314000,5,,,,,,,3615274803,,,0,0,,GARMIN,,7,,,0,,,,,,,,,,,,,,,54.255001068115234,,,,,,0,0,0,,,,,,,,2025-11-05 18:45:06,0,e574d251-b0a1-4663-82b7-513d26b7f5ba,0,0,0,0,0,0,0,0,0,,,,,,,,,31.0,2.5999999046325684,1.2999999523162842,,,,AEROBIC_BASE,61.05120849609375,MAINTAINING_AEROBIC_FITNESS_1,MINOR_ANAEROBIC_BENEFIT_15,,,,,,,,,,,,,,,,,seances/2025-11-05_lap_swimming_20902722874.md,,,,,,,,,,4.3,9.0,1.6,2.8,,131.0,183.0,2,40,,257.992,538.033,95.567,165.999,112.0,113.7,149.9,36.2,,,,,,,,,,,,,,,,,,,1.9,,,,,,,,,,,,,,,28.0,95.0,19,5000.0,1,meter,100.0,580.0,0.0,30.5,102.54499816894531,,,,,,,,,,,,,,,,,,,,,,,,,,,,,,,,,,,,,,,
20913162214,2025-11-06,20:08,virtual_ride,Col de Valparola - Sellaronda - Étape 3 (Dolomites),44.8,13.952,500.0,,,207.0,211.2433417809207,79.0,625.0,,,FC,192.8,1.8,1.9,8.8,18.5,11.2,4.0,0.3,Col de Valparola - Sellaronda - Étape 3 (Dolomites),La troisième étape de la Sellaronda dans les Dolomites italiennes commence par une descente de Corvara à La Villa. Vous effectuerez ensuite l'ascension du superbe côté ouest du col de Valparola.,2025-11-06 20:08:30,2025-11-06 19:08:30,152,virtual_ride,2,0,0,1,9,uncategorized,10,0,0,0,0,13951.580078125,2689.7470703125,2785.94189453125,2685.0,500.0,144.0,5.186999797821044,17.320999145507812,46.55211254954338,11.874274173751473,1,0,79.0,105.0,2,private,0,0,0,124,1762456110000,2,207.0,381.0,211.2433417809207,218.4275,76.32774441774264,1.010733692731678,0,1358.4000244140625,1842.4000244140625,0,0,0.8000488281250001,TACX,Corvara in Badia,1,46.55019057914615,11.977687748149037,0,381,381,358,326,300,275,256,242,231,221,218,213,,0,2689.7470703125,1,2785.94189453125,VIRTUAL_ACTIVITY_SECTION,0,0,0,0,0,107.0,114.0,530.0,1109.0,669.0,237.0,20.0,2025-11-06 19:54:55,0,5baf9093-d7f8-4078-8b2d-f2ac501bffb1,0,0,0,0,0,0,0,0,0,,,,,,,,,67.0,,,,,,,,,,,,,,,,,,,,,,,,,,seances/2025-11-06_virtual_ride_20913162214.md,72.5,84.6,171.1,,,,,,,,,,,triban ,,,7,36,,,,,,,,,,,,,,,,,,,,,,,24.21,13.67,,non,-43.6,,,,,,,,,,,,,,,,,,,,,,,,,,,,,,,,,,,,,,,,,,,,,,,,,,,,,,,,,,,,,,,,,
20913166091,2025-11-06,20:09,indoor_cycling,Vélo d'intérieur,45.6,,,141.0,162.0,,,,561.0,,37.5,FC,,,,,,,,,Vélo d'intérieur,,2025-11-06 20:09:27,2025-11-06 19:09:27,25,indoor_cycling,2,0,0,1,9,uncategorized,10,0,0,0,0,0.0,2734.04296875,2734.04296875,0.0,,,0.0,,,,0,0,,,2,private,0,0,0,124,1762456167000,2,,,,,,,3615274803,,,0,0,,GARMIN,,1,,,0,,,,,,,,,,,,,,,2734.04296875,,,,,,0,0,0,,,,,,,,2025-11-06 19:55:01,0,d112c668-1d08-47df-b25d-67f86805e035,0,0,0,0,0,0,0,0,0,,,,,,,,,68.0,3.4000000953674316,1.399999976158142,,,652.0,AEROBIC_BASE,107.43135070800781,IMPROVING_AEROBIC_BASE_8,MINOR_ANAEROBIC_BENEFIT_15,,,,,,,,,,,,,,,,,seances/2025-11-06_indoor_cycling_20913166091.md,,,,,,,,,,1.7,1.4,26.9,10.3,triban ,141.0,162.0,7,37,-6,100.0,84.001,1614.153,616.997,0.0,126.4,151.2,24.8,,,,,,,,,,,,,,,,,,,,,,,,,,,,,,,,,,,,,,,,,,,,,,,,,,,,,,,,,,,,,,,,,,,,,,,,,,,,,,,,,,,
20940240772,2025-11-09,16:07,running,Chevrières Course à pied,50.2,11.049,75.0,165.0,178.0,416.0,419.0,161.734375,785.0,,71.8,FC,272.5,,0.1,13.3,32.2,4.4,,,Chevrières Course à pied,,2025-11-09 16:07:04,2025-11-09 15:07:04,1,running,17,0,0,1,9,uncategorized,10,0,0,0,0,11048.76953125,3010.659912109375,3011.4951171875,3007.592987060547,75.0,75.0,3.6700000762939453,4.263999938964844,49.345496110618114,2.6844068337231874,1,0,,,2,private,0,0,0,124,1762700824000,1,416.0,509.0,419.0,,,,3615274803,20.799999237060547,80.4000015258789,0,0,0.40000152587890625,GARMIN,Chevrières,12,49.3454918358475,2.683894196525216,0,,,,,,,,,,,,,,,12.817999839782715,1,3010.659912109375,INTERVAL_ACTIVE,0,0,1,0,0,0.0,5.0,798.039,1934.804,265.984,,,2025-11-09 15:57:15,0,9f53a28b-7c7c-4070-9249-b29bb60a5e88,0,0,0,0,0,0,0,0,0,75.0,75.0,75.0,11048,11048.75,3.6700000762939453,4.263999938964844,75.0,75.0,5.0,0.0,,,835.0,LACTATE_THRESHOLD,223.55007934570312,OVERREACHING_14,NO_ANAEROBIC_BENEFIT_0,,,,1,75.0,3010.6220703125,RWD_RUN,0,75.0,75.0,11048,11048.75,3.6700000762939453,4.263999938964844,0,75.0,seances/2025-11-09_running_20940240772.md,252.9,270.8,271.4,54,54,82,8,48,Mostly Cloudy,0.2,0.8,2.8,39.3,Daily shoes,165.0,178.0,1,48,-9,10.001,48.0,169.999,2355.819,413.009,161.6,168.2,6.7,161.734375,170.0,8078,10.55,259.3999938964844,136.30999755859375,54.0,7.75,170.0,3.6819999217987065,252.81500244140625,415.88299560546875,1354.166015625,13.03,13.28,2.2,oui,1.9,6.9,,,,,,,,,,,,,,2713.635009765625,,,,,,,,,,,,,,,,,,,,,,,,,,,,,,,,,,,,,,,,,,,,,,,,,,
20974293461,2025-11-13,06:47,virtual_ride,Castle Creek Road (Colorado),41.8,12.875,340.0,,,163.0,172.01235733693053,74.0,474.0,,,FC,195.0,3.5,14.8,13.3,6.4,2.1,1.4,0.3,Castle Creek Road (Colorado),Ce magnifique parcours dans les montagnes Elk offre une ascension assez facile jusqu'à la frontière du Colorado. Elle commence près de la ville fantôme d'Ashcroft et se termine au bord de la station balnéaire d'Aspen.,2025-11-13 06:47:04,2025-11-13 05:47:04,152,virtual_ride,2,0,0,1,9,uncategorized,10,0,0,0,0,12875.169921875,2510.486083984375,2510.486083984375,2510.0,340.0,20.0,5.129000186920166,12.253000259399416,39.18983453884721,-106.83763884007931,1,0,74.0,111.0,2,private,0,0,0,124,1763012824000,2,163.0,389.0,172.01235733693053,172.25916666666666,47.23697092891886,0.8230256331910552,0,2505.0,2825.39990234375,0,0,0.400146484375,TACX,Aspen,1,39.08800782635808,-106.81325068697333,0,389,382,356,318,291,255,249,214,187,175,172,168,,0,2510.486083984375,1,2510.486083984375,VIRTUAL_ACTIVITY_SECTION,0,0,0,0,0,209.0,891.0,797.0,384.0,128.0,83.0,19.0,2025-11-13 06:28:54,0,7c972944-1852-4f29-8a82-b33e45065feb,0,0,0,0,0,0,0,0,0,,,,,,,,,62.0,,,,,,,,,,,,,,,,,,,,,,,,,,seances/2025-11-13_virtual_ride_20974293461.md,111.4,174.7,194.4,,,,,,,,,,,triban ,,,20,14,,,,,,,,,,,,,,,,,,,,,,,19.11,17.85,,non,-6.6,,,,,,,,,,,,,,,,,,,,,,,,,,,,,,,,,,,,,,,,,,,,,,,,,,,,,,,,,,,,,,,,,
20974295562,2025-11-13,06:52,indoor_cycling,Vélo d'intérieur,36.9,,,116.0,151.0,,,,302.0,,15.8,FC,,,,,,,,,Vélo d'intérieur,,2025-11-13 06:52:07,2025-11-13 05:52:07,25,indoor_cycling,2,0,0,1,9,uncategorized,10,0,0,0,0,0.0,2212.237060546875,2212.237060546875,0.0,,,0.0,,,,0,0,,,2,private,0,0,0,124,1763013127000,2,,,,,,,3615274803,,,0,0,,GARMIN,,1,,,0,,,,,,,,,,,,,,,2212.237060546875,,,,,,0,0,0,,,,,,,,2025-11-13 06:28:59,0,5c8d810e-e6f7-4406-818f-4ba572340046,0,0,0,0,0,0,0,0,0,,,,,,,,,55.0,1.899999976158142,0.5,,,442.0,RECOVERY,25.09075927734375,RECOVERY_5,NO_ANAEROBIC_BENEFIT_0,,,,,,,,,,,,,,,,,seances/2025-11-13_indoor_cycling_20974295562.md,,,,,,,,,,11.3,18.4,2.7,,triban ,116.0,151.0,19,14,-8,678.435,1104.002,159.002,0.0,0.0,105.6,125.3,19.6,,,,,,,,,,,,,,,,,,,,,,,,,,,,,,,,,,,,,,,,,,,,,,,,,,,,,,,,,,,,,,,,,,,,,,,,,,,,,,,,,,,
20974364376,2025-11-13,06:54,virtual_ride,Col de Castillon - Tour de la Côte d'Azur - Étape 1,47.8,21.841,412.0,,,182.0,192.10141366220856,69.0,594.0,,,FC,131.4,3.0,7.1,10.2,17.7,8.2,1.6,,Col de Castillon - Tour de la Côte d'Azur - Étape 1,"Il s'agit du premier film d'une série de cinq parcours qui vous emmène dans un tour de la Côte d'Azur, en France. Cet itinéraire démarre dans le village de Sospel et se termine au pied d'une ascension difficile connue sous le nom du col de la Madone.",2025-11-13 06:54:20,2025-11-13 05:54:20,152,virtual_ride,2,0,0,1,9,uncategorized,10,0,0,0,0,21841.44921875,2868.958984375,2868.958984375,2866.0,412.0,722.0,7.61299991607666,18.475000381469727,43.87805175036192,7.443399829789996,1,0,69.0,106.0,2,private,0,0,0,124,1763013260000,2,182.0,326.0,192.10141366220856,212.68916666666667,67.3271743722839,0.9191455199148735,0,72.5999984741211,726.7999877929688,0,0,1.0,TACX,Sospel,1,43.78285403363407,7.484956383705139,0,287,283,283,268,254,252,232,223,219,218,213,201,,0,2868.958984375,1,2868.958984375,VIRTUAL_ACTIVITY_SECTION,0,0,0,0,0,180.0,427.0,613.0,1061.0,494.0,94.0,0.0,2025-11-13 06:42:08,0,a06410ba-52e1-4914-a6f9-fe725f22ea61,0,0,0,0,0,0,0,0,0,,,,,,,,,71.0,,,,,,,,,,,,,,,,,,,,,,,,,,seances/2025-11-13_virtual_ride_20974364376.md,60.3,63.4,66.8,,,,,,,,,,,triban ,,,18,15,,,,,,,,,,,,,,,,,,,,,,,15.68,39.18,,oui,150.0,,,,,,,,,,,,,,,,,,,,,,,,,,,,,,,,,,,,,,,,,,,,,,,,,,,,,,,,,,,,,,,,,
20994511839,2025-11-15,11:17,running,Chevrières Course à pied,58.6,11.056,77.0,154.0,179.0,355.0,359.0,157.734375,826.0,,65.5,FC,317.9,1.4,32.3,18.9,5.7,0.1,,,Chevrières Course à pied,,2025-11-15 11:17:55,2025-11-15 10:17:55,1,running,17,0,0,1,9,uncategorized,10,0,0,0,0,11056.1396484375,3514.945068359375,3514.945068359375,3512.7310180664062,77.0,76.0,3.1449999809265137,3.815999984741211,49.345499128103256,2.6847844384610653,1,0,,,2,private,0,0,0,124,1763201875000,1,355.0,464.0,359.0,,,,3615274803,31.399999618530273,92.80000305175781,0,0,0.40000152587890625,GARMIN,Chevrières,12,49.345480436459184,2.684055296704173,0,,,,,,,,,,,,,,,17.582000732421875,1,3514.945068359375,INTERVAL_ACTIVE,0,0,1,0,0,85.787,1940.266,1131.254,340.158,8.951,,,2025-11-15 11:16:29,0,d670b1d7-9b78-4ae9-96fd-3afd9da3a496,0,0,0,0,0,0,0,0,0,77.0,77.0,77.0,11056,11056.1396484375,3.1449999809265137,3.815999984741211,76.0,88.0,4.0,0.0,,,976.0,TEMPO,143.0542449951172,HIGHLY_IMPACTING_TEMPO_23,NO_ANAEROBIC_BENEFIT_0,,,,1,0.0,8.0,RWD_WALK,0,0.0,0.0,12,12.039999961853027,1.5049999952316284,1.5679999589920044,0,0.0,seances/2025-11-15_running_20994511839.md,293.1,310.1,316.4,57,57,88,4,54,Mostly Cloudy,0.3,1.1,18.6,37.3,Daily shoes,154.0,179.0,0,58,-18,20.165,68.906,1114.12,2235.247,65.975,145.6,161.0,15.3,157.734375,165.0,9210,10.10999984741211,279.6000061035156,119.43000488281251,54.0,8.479999542236328,165.0,3.1600000858306885,293.1570129394531,476.70001220703125,1550.009033203125,11.47,11.1,12.4,non,-3.2,1.1,1,77.0,3506.9208984375,RWD_RUN,0,77.0,77.0,11044,11044.08984375,3.1489999294281006,3.815999984741211,0,76.0,3164.011962890625,,,,,,,,,,,,,,,,,,,,,,,,,,,,,,,,,,,,,,,,,,,,,,,,,,
21016933848,2025-11-17,18:22,lap_swimming,Nat. piscine,29.1,1.4,,131.0,167.0,,,,286.0,,43.1,CSS,124.8,,,,,,,,Nat. piscine,,2025-11-17 18:22:33,2025-11-17 17:22:33,27,lap_swimming,26,0,0,0,9,uncategorized,10,0,0,0,0,1400.0,1747.8299560546875,2276.18701171875,1747.8299560546875,,,0.8009999990463257,0.972000002861023,,,0,0,,,2,private,0,0,0,124,1763400153000,5,,,,,,,3615274803,,,0,0,,GARMIN,,5,,,0,,,,,,,,,,,,,,,56.689998626708984,,,,,,0,0,0,,,,,,,,2025-11-17 18:00:29,0,5c3b0559-40f5-401d-9b00-1de14c3f49f7,0,0,0,0,0,0,0,0,0,,,,,,,,,44.0,3.0999999046325684,1.600000023841858,,,,AEROBIC_BASE,90.24147033691406,IMPROVING_AEROBIC_BASE_8,MINOR_ANAEROBIC_BENEFIT_15,,,,,,,,,,,,,,,,,seances/2025-11-17_lap_swimming_21016933848.md,,,,,,,,,,3.6,0.8,13.2,5.2,,131.0,167.0,9,24,,218.002,48.477,790.014,310.006,0.0,110.4,149.6,39.2,,,,,,,,,,,,,,,,,,,,,,,,,,,,,,,,,,28.0,91.0,28,5000.0,1,meter,100.0,811.0,0.0,29.0,105.3740005493164,460.93499755859375,,,,,,,,,,,,,,,,,,,,,,,,,,,,,,,,,,,,,,
21020733558,2025-11-18,07:00,virtual_ride,Col du Télégraphe - Alpine Classic - Étape 3,73.4,19.029,792.0,,,184.0,190.17067531849713,64.0,924.0,,,FC,231.5,2.6,9.3,20.5,30.7,8.7,1.6,0.0,Col du Télégraphe - Alpine Classic - Étape 3,"Lors de la troisième des cinq étapes de ce remake des itinéraires originaux de montagne Tacx, vous emprunterez des routes rendues célèbres par la Marmotte et par plusieurs éditions du Tour de France.",2025-11-18 07:00:44,2025-11-18 06:00:44,152,virtual_ride,2,0,0,1,9,uncategorized,10,0,0,0,0,19029.369140625,4406.13916015625,4406.13916015625,4403.0,792.0,138.0,4.318999767303467,17.32900047302246,45.23353189229965,6.444539995864034,1,0,64.0,97.0,2,private,0,0,0,124,1763445644000,2,184.0,327.0,190.17067531849713,201.70083333333332,101.33284451825531,0.9099075374090771,0,796.2000122070312,1577.0,0,0,0.40002441406250006,TACX,Saint-Martin-de-la-Porte,1,45.17426052130759,6.432851264253259,0,327,305,299,291,267,250,225,216,208,203,202,199,192,0,4406.13916015625,1,4406.13916015625,VIRTUAL_ACTIVITY_SECTION,0,0,0,0,0,154.0,560.0,1229.0,1840.0,523.0,98.0,2.0,2025-11-18 07:14:10,0,1b3a137c-e81c-416d-a023-c7a3fc2a24fe,0,0,0,0,0,0,0,0,0,,,,,,,,,110.0,,,,,,,,,,,,,,,,,,,,,,,,,,seances/2025-11-18_virtual_ride_21020733558.md,62.1,147.6,220.7,,,,,,,,,,,triban ,,,,,,,,,,,,,,,,,,,,,,,,,,,14.79,16.53,,oui,11.8,,,,,,,,,,,,,,,,,,,,,,,,,,,,,,,,,,,,,,,,,,,,,,,,,,,,,,,,,,,,,,,,,
21026244970,2025-11-18,18:36,running,Chevrières Course à pied,50.6,10.506,78.0,161.0,175.0,391.0,396.0,161.34375,769.0,,66.2,FC,288.8,0.4,6.0,29.0,13.1,1.8,,,Chevrières Course à pied,,2025-11-18 18:36:47,2025-11-18 17:36:47,1,running,17,0,0,1,9,uncategorized,10,0,0,0,0,10506.3603515625,3033.923095703125,3033.923095703125,3023.3270263671875,78.0,91.0,3.4630000591278076,3.927999973297119,49.34549384750426,2.6847890485078096,1,0,,,2,private,0,0,0,124,1763487407000,1,391.0,495.0,396.0,,,,3615274803,29.799999237060547,91.19999694824219,0,0,14.80000114440918,GARMIN,Chevrières,11,49.345472222194076,2.684235507622361,0,,,,,,,,,,,,,,,142.5970001220703,1,3025.89794921875,RWD_RUN,0,0,1,0,0,26.998,362.972,1737.524,786.898,110.0,,,2025-11-18 18:27:20,0,a2278351-5116-4d52-84ab-665c0ef39699,0,0,0,0,0,0,0,0,0,78.0,78.0,78.0,10506,10506.349609375,3.4719998836517334,3.927999973297119,91.0,76.0,4.599999904632568,0.0,,,842.0,LACTATE_THRESHOLD,184.12460327148438,HIGHLY_IMPROVING_LACTATE_THRESHOLD_13,NO_ANAEROBIC_BENEFIT_0,,,,2,0.0,8.0,RWD_STAND,0,0.0,0.0,0,0.0,0.0,0.0,0,0.0,seances/2025-11-18_running_21026244970.md,265.5,285.7,288.4,45,39,70,11,36,Mostly Cloudy,0.2,0.8,4.0,44.9,Daily shoes,161.0,175.0,0,50,-10,14.001,49.001,242.0,2692.392,17.999,157.2,163.7,6.5,161.34375,175.0,8142,10.290000152587892,264.8999938964844,128.80999755859375,55.0,8.0,175.0,3.4839999675750732,265.52099609375,428.1159973144531,1427.4010009765625,12.39,12.4,3.9,oui,0.1,0.3,1,78.0,3033.923095703125,INTERVAL_ACTIVE,0,78.0,78.0,10506,10506.349609375,3.4630000591278076,3.927999973297119,0,91.0,2883.02099609375,,,,,,,,,,,,,,,,,,,,,,,,,,,,,,,,,,,,,,,,,,,,,,,,,,
21044466159,2025-11-20,17:17,running,Chevrières Course à pied,74.5,12.098,77.0,142.0,158.0,304.0,307.0,156.984375,915.0,,62.8,FC,369.5,63.9,9.1,1.2,,,,,Chevrières Course à pied,,2025-11-20 17:17:57,2025-11-20 16:17:57,1,running,17,0,0,1,9,uncategorized,10,0,0,0,0,12097.669921875,4469.91796875,4469.91796875,4467.790985107422,77.0,80.0,2.7060000896453853,3.246999979019165,49.34551195241511,2.684595426544547,1,0,,,2,private,0,0,0,124,1763655477000,1,304.0,382.0,307.0,,,,3615274803,23.600000381469727,87.19999694824219,0,0,0.40000152587890625,GARMIN,Chevrières,13,49.3454762455076,2.6842574682086706,0,,,,,,,,,,,,,,,36.31700134277344,1,4469.91796875,INTERVAL_ACTIVE,0,0,1,0,0,3834.982,547.007,71.97,0.0,0.0,,,2025-11-20 17:32:26,0,297a7863-9c81-4c9b-9838-421485928ea2,0,0,0,0,0,0,0,0,0,77.0,77.0,77.0,12097,12097.650390625,2.7060000896453857,3.246999979019165,80.0,112.0,3.299999952316284,0.0,,,1133.0,AEROBIC_BASE,91.12480163574219,IMPROVING_AEROBIC_BASE_8,NO_ANAEROBIC_BENEFIT_0,,,,1,77.0,4469.81396484375,RWD_RUN,0,77.0,77.0,12097,12097.650390625,2.7070000171661377,3.246999979019165,0,80.0,seances/2025-11-20_running_21044466159.md,348.1,361.8,367.9,37,37,65,4,27,Fair,0.2,2.5,69.9,1.7,Daily shoes,142.0,158.0,0,74,-14,14.999,149.0,4195.992,100.968,0.0,141.9,142.0,0.1,156.984375,167.0,11670,9.4,291.6000061035156,103.15,54.0,9.119999885559082,167.0,2.7100000381469727,347.97698974609375,566.9929809570312,1809.2080078125,9.6,9.85,-2.6,oui,2.7,,,,,,,,,,,,,,,3678.654052734375,,,,,,,,,,,,,,,,,,,,,,,,,,,,,,,,,,,,,,,,,,,,,,,,,,
21080613916,2025-11-24,18:35,lap_swimming,Nat. piscine,33.4,1.6,,149.0,180.0,,,,349.0,,49.1,CSS,125.1,,,,,,,,Nat. piscine,,2025-11-24 18:35:39,2025-11-24 17:35:39,27,lap_swimming,26,0,0,0,9,uncategorized,10,0,0,0,0,1600.0,2001.3409423828125,3531.10693359375,2001.3409423828125,,,0.7990000247955322,1.0010000467300415,,,0,0,,,2,private,0,0,0,124,1764005739000,5,,,,,,,3615274803,,,0,0,,GARMIN,,10,,,0,,,,,,,,,,,,,,,57.70100021362305,,,,,,0,0,0,,,,,,,,2025-11-24 18:34:30,0,0966d3a2-cc43-43da-9c67-ea17aee4e9a2,0,0,0,0,0,0,0,0,0,,,,,,,,,50.0,3.4000000953674316,1.600000023841858,,,,AEROBIC_BASE,117.06620788574219,IMPROVING_AEROBIC_BASE_8,MINOR_ANAEROBIC_BENEFIT_15,,,,,,,,,,,,,,,,,seances/2025-11-24_lap_swimming_21080613916.md,,,,,,,,,,0.5,3.0,19.2,9.2,,149.0,180.0,0,56,,28.287,179.957,1150.828,552.005,84.998,145.1,153.9,8.8,,,,,,,,,,,,,,,,,,,1.4,,,,,,,,,,,,,,,30.0,94.0,32,5000.0,1,meter,100.0,993.0,0.0,31.0,100.29900360107422,489.4020080566406,,,,,,,,,,,,,,,,,,,,,,,,,,,,,,,,,,,,,,
21177678489,2025-12-02,12:13,running,Aulnay-sous-Bois Course à pied,39.1,7.496,19.0,147.0,190.0,351.0,371.0,157.703125,556.0,,37.1,FC,313.0,12.7,10.5,5.6,2.8,4.1,,,Aulnay-sous-Bois Course à pied,,2025-12-02 12:13:00,2025-12-02 11:13:00,1,running,17,0,0,1,9,uncategorized,10,0,0,0,0,7496.0400390625,2346.48388671875,2413.77392578125,2329.658987045288,19.0,28.0,3.194999933242798,5.729000091552734,48.9430661033839,2.4969170708209276,1,0,,,2,private,0,0,0,124,1764673980000,1,351.0,620.0,371.0,,,,3615274803,39.400001525878906,53.599998474121094,0,0,1.2000007629394531,GARMIN,Aulnay-sous-Bois,25,48.95008569583297,2.4874757789075375,0,,,,,,,,,,,,,,,19.79400062561035,,,,,,1,0,0,763.388,627.614,336.716,170.266,247.944,,,2025-12-02 11:53:13,0,75915fa2-e48c-40a9-94aa-47c77a84a907,0,0,0,0,0,0,0,0,0,,,,,,,,,59.0,3.799999952316284,3.5,,,651.0,ANAEROBIC_CAPACITY,226.62889099121094,IMPACTING_TEMPO_22,IMPROVING_ANAEROBIC_CAPACITY_AND_POWER_8,,,,,,,,,,,,,,,,,seances/2025-12-02_running_21177678489.md,222.7,295.3,,50,48,66,5,39,Cloudy,0.7,14.7,6.6,13.3,Daily shoes,147.0,190.0,1,39,-11,44.026,881.93,396.399,797.212,212.49,157.3,136.3,-20.9,157.703125,187.0,6176,9.830000305175782,273.70001220703125,119.65999755859376,54.0,8.40999984741211,187.0,3.2200000286102295,222.74099731445312,403.1050109863281,1495.39404296875,12.12,10.86,-3.4,non,-10.3,3.5,,,,,,,,,,,,,,,,,,,,,,,,,,,,,,,,,,,,,,,,,,,,,,,,,,,,,,,,,,,,,,,,
21177678555,2025-12-02,18:48,lap_swimming,Nat. piscine,23.6,1.05,,144.0,171.0,,,,268.0,,27.8,CSS,134.7,,,,,,,,Nat. piscine,,2025-12-02 18:48:43,2025-12-02 17:48:43,27,lap_swimming,26,0,0,0,9,uncategorized,10,0,0,0,0,1050.0,1414.1309814453125,2322.87109375,1414.1309814453125,,,0.7429999709129333,1.0149999856948853,,,0,0,,,2,private,0,0,0,124,1764697723000,5,,,,,,,3615274803,,,0,0,,GARMIN,,6,,,0,,,,,,,,,,,,,,,59.60499954223633,,,,,,0,0,0,,,,,,,,2025-12-02 18:27:25,0,2b7f291e-3adb-43c5-b05e-d3b17eb1e5e5,0,0,0,0,0,0,0,0,0,,,,,,,,,35.0,3.0999999046325684,1.399999976158142,,,,AEROBIC_BASE,89.51602172851562,IMPROVING_AEROBIC_BASE_8,MINOR_ANAEROBIC_BENEFIT_15,,,,,,,,,,,,,,,,,seances/2025-12-02_lap_swimming_21177678555.md,,,,,,,,,,0.7,5.7,9.8,7.3,,144.0,171.0,1,37,,43.429,342.27,587.899,438.001,0.0,137.6,152.4,14.7,,,,,,,,,,,,,,,,,,,,,,,,,,,,,,,,,,29.0,100.0,21,5000.0,1,meter,100.0,692.0,0.0,33.0,101.93699645996094,554.4359741210938,,,,,,,,,,,,,,,,,,,,,,,,,,,,,,,,,,,,,,
21177678614,2025-12-04,12:23,hiit,HIIT,39.1,,,147.0,184.0,,,,501.0,,37.1,FC,,,,,,,,,HIIT,,2025-12-04 12:23:37,2025-12-04 11:23:37,180,hiit,29,0,0,0,9,uncategorized,10,0,0,0,0,0.0,2343.97705078125,2343.97705078125,2343.97705078125,,,0.0,,,,0,0,,,2,private,0,0,0,124,1764847417000,62,,,,,,,3615274803,,,0,0,,GARMIN,,1,,,0,,,,,,,,,,,,,,,2343.97705078125,1,2343.97705078125,WORKOUT_ROUND,0,0,0,0,0,,,,,,,,2025-12-04 12:02:40,0,00eace4f-1470-4240-84da-9385b47b8431,0,0,0,0,0,0,0,0,0,,,,0,0.0,0.0,,,59.0,3.4000000953674316,3.700000047683716,,,462.0,SPEED,225.6237335205078,IMPROVING_AEROBIC_FITNESS_2,IMPROVING_ANAEROBIC_CAPACITY_AND_SPEED_12,,,,,,,,,,,,,,,,,seances/2025-12-04_hiit_21177678614.md,,,,,,,,,,1.5,7.0,14.8,12.9,,147.0,184.0,2,35,-8,91.326,418.914,888.934,772.125,136.688,138.3,153.6,15.3,,,0,,,,,,,,,,,,,,,,2.3,,,,,,,,,,,,,,,,,,,,,,,,,,,,,,,,,CARDIO,JUMP_ROPE,0,0,2343977.05078125,1,0,1,1,0,,,,,,,,,,,,,,,,,,,,,,
21177681724,2025-12-05,17:23,running,Chevrières Course à pied,64.6,11.081,84.0,145.0,156.0,322.0,325.0,159.453125,842.0,,58.5,FC,350.0,36.5,22.7,5.2,0.0,,,,Chevrières Course à pied,,2025-12-05 17:23:57,2025-12-05 16:23:57,1,running,17,0,0,1,9,uncategorized,10,0,0,0,0,11081.0,3878.2509765625,3878.2509765625,3871.5130310058594,84.0,77.0,2.857000112533569,3.23799991607666,49.34552016668022,2.687901584431529,1,0,,,2,private,0,0,0,124,1764951837000,1,322.0,403.0,325.0,,,,3615274803,12.600000381469727,81.4000015258789,0,0,0.600006103515625,GARMIN,Chevrières,12,49.345472222194076,2.6842993777245283,0,,,,,,,,,,,,,,,27.485000610351562,1,3878.2509765625,INTERVAL_ACTIVE,0,0,1,0,0,2189.919,1359.132,309.996,1.997,0.0,,,2025-12-05 17:28:35,0,c36e2691-dbe8-48dc-8689-31449e4309b4,0,0,0,0,0,0,0,0,0,8400.0,8400.0,8400.0,11081,11081.01953125,2.8570001125335693,3.23799991607666,77.0,97.0,3.4000000953674316,0.0,,,1077.0,AEROBIC_BASE,105.07252502441406,IMPROVING_AEROBIC_BASE_8,NO_ANAEROBIC_BENEFIT_0,,,,3,0.0,5.0,RWD_STAND,0,0.0,0.0,0,0.0,0.0,0.0,0,0.0,seances/2025-12-05_running_21177681724.md,334.0,347.5,349.7,41,35,93,10,39,Mostly Cloudy,0.3,2.7,58.8,2.6,Daily shoes,145.0,156.0,1,63,-13,18.997,161.0,3530.057,157.999,0.0,142.2,148.2,6.0,159.453125,171.0,10292,9.530000305175781,284.1000061035156,107.75,54.0,8.850000381469727,171.0,2.874000072479248,333.9150085449219,543.7310180664062,1737.2850341796875,10.2,10.3,3.0,oui,1.0,,1,8400.0,3873.208984375,RWD_RUN,0,8400.0,8400.0,11081,11081.01953125,2.8610000610351562,3.23799991607666,0,77.0,3497.212890625,,,,,,,,,,,,,COMPLETE,,,,,,,,,,,,,,,,,,,,,,,,,,,,,,,,,,,,,
21204720953,2025-12-08,18:29,lap_swimming,Nat. piscine,41.0,2.0,,146.0,165.0,,,,442.0,,63.6,CSS,122.9,,,,,,,,Nat. piscine,,2025-12-08 18:29:09,2025-12-08 17:29:09,27,lap_swimming,26,0,0,0,9,uncategorized,10,0,1,0,0,2000.0,2457.52490234375,3058.798095703125,2457.52490234375,,,0.8140000104904175,3.1370000839233403,,,0,0,,,2,private,0,0,0,124,1765214949000,5,,,,,,,3615274803,,,0,0,,GARMIN,,5,,,0,,,,,,,,,,,,,,,250.4949951171875,,,,,,0,0,0,,,,,,,,2025-12-08 18:20:07,0,5cedd090-507c-4fce-8100-10012b2bfe46,0,0,0,0,0,0,0,0,1,,,,,,,,,61.0,3.5999999046325684,1.7000000476837158,,,,AEROBIC_BASE,134.9243927001953,IMPROVING_AEROBIC_ENDURANCE_9,MINOR_ANAEROBIC_BENEFIT_15,,,,,,,,,,,,,,,,,seances/2025-12-08_lap_swimming_21204720953.md,,,,,,,,,,0.5,7.9,17.8,14.7,,146.0,165.0,1,48,,30.825,472.233,1067.992,883.007,0.0,139.2,153.2,14.0,,,,,,,,,,,,,,,,,,,,,,,,,,,,,,,,,,30.0,92.0,40,5000.0,1,meter,100.0,1242.0,0.0,31.100000381469727,60.0620002746582,364.74700927734375,,,,,,,,,,,,,,,,,,,,,,,,,,,,,,,,,,,,,,
21207999509,2025-12-09,06:52,virtual_ride,Le Marais Poitevin,62.2,32.438,58.0,,,185.0,190.21533981404104,78.0,786.0,,,FC,115.0,2.2,7.5,20.0,21.6,8.0,2.7,0.2,Le Marais Poitevin,"Ce circuit dans les marais littoraux du centre-ouest de la France est assez rustique, avec des pistes cyclables envahies par la végétation et des chemins gravel.",2025-12-09 06:52:51,2025-12-09 05:52:51,152,virtual_ride,2,0,0,1,9,uncategorized,10,0,0,0,0,32438.009765625,3730.883056640625,3730.883056640625,3728.0,58.0,45.0,8.694999694824219,9.720000267028809,46.44816588610411,-1.1680580209940672,1,0,78.0,104.0,2,private,0,0,0,124,1765259571000,2,185.0,349.0,190.21533981404104,199.92333333333335,85.84354388925856,0.910121243129383,0,17.799999237060547,35.20000076293945,0,0,0.39999961853027344,TACX,Luçon,1,46.33358661085367,-1.3194615952670574,0,349,324,320,302,282,279,245,226,209,203,200,195,187,0,3730.883056640625,1,3730.883056640625,VIRTUAL_ACTIVITY_SECTION,0,0,0,0,0,130.0,449.0,1198.0,1299.0,481.0,160.0,13.0,2025-12-09 06:55:01,0,5451045d-2616-481d-add5-c00e373996fe,0,0,0,0,0,0,0,0,0,,,,,,,,,93.0,,,,,,,,,,,,,,,,,,,,,,,,,,seances/2025-12-09_virtual_ride_21207999509.md,107.5,112.3,112.7,,,,,,,,,,,triban ,,,,,,,,,,,,,,,,,,,,,,,,,,,31.12,31.38,,oui,0.8,,,,,,,,,,,,,,,,,,,,,,,,,,,,,,,,,,,,,,,,,,,,,,,,,,,,,,,,,,,,,,,,,
21222500111,2025-12-10,18:04,running,Chevrières Course à pied,59.9,11.057,74.0,146.0,167.0,345.0,348.0,158.71875,818.0,,55.6,FC,325.1,5.4,42.5,10.9,0.8,0.2,,,Chevrières Course à pied,,2025-12-10 18:04:25,2025-12-10 17:04:25,1,running,17,0,0,1,9,uncategorized,10,0,0,0,0,11057.2998046875,3594.844970703125,3594.844970703125,3587.9559631347656,74.0,76.0,3.0759999752044678,3.555000066757202,49.34545663185418,2.684808326885104,1,0,,,2,private,0,0,0,124,1765386265000,1,345.0,476.0,348.0,,,,3615274803,20.399999618530273,78.80000305175781,0,0,0.40000152587890625,GARMIN,Chevrières,12,49.34546182863414,2.684051441028714,0,,,,,,,,,,,,,,,17.03700065612793,1,3594.844970703125,INTERVAL_ACTIVE,0,0,1,0,0,325.974,2548.042,651.973,47.998,13.0,,,2025-12-10 18:04:19,0,e3e4808c-7de9-402a-9400-b1e391f94d04,0,0,0,0,0,0,0,0,0,74.0,74.0,74.0,11057,11057.2900390625,3.0759999752044678,3.555000066757202,76.0,90.0,3.5,0.0,,,998.0,AEROBIC_BASE,119.73121643066406,IMPROVING_AEROBIC_ENDURANCE_9,NO_ANAEROBIC_BENEFIT_0,,,,1,0.0,8.017000198364258,RWD_STAND,0,0.0,0.0,3,3.0399999618530273,0.3790000081062317,3.0320000648498535,0,0.0,seances/2025-12-10_running_21222500111.md,301.8,315.4,324.8,54,54,77,6,46,Fair,0.4,3.2,43.8,12.3,Daily shoes,146.0,167.0,0,59,-12,25.0,192.997,2626.852,740.162,0.0,140.3,152.4,12.1,158.71875,169.0,9488,9.930000305175781,279.5,116.29000244140626,54.0,8.550000190734863,169.0,3.0910000801086426,301.6579895019531,491.0140075683594,1577.177978515625,10.73,11.34,2.7,oui,5.7,,1,74.0,3586.777099609375,RWD_RUN,0,74.0,74.0,11054,11054.259765625,3.0820000171661377,3.555000066757202,0,76.0,3247.716064453125,,,,,,,,,,,,,,,,,,,,,,,,,,,,,,,,,,,,,,,,,,,,,,,,,,
21260501839,2025-12-15,06:54,virtual_ride,Provence – Étape 2 (France),50.3,25.142,325.0,,,182.0,190.0153970991899,69.0,625.0,,,FC,120.1,1.9,11.7,14.0,11.6,8.0,3.1,0.1,Provence – Étape 2 (France),"Lors de la seconde et dernière étape de parcours, vous laisserez la montagne Sainte-Victoire derrière vous et profiterez d'un parcours plus modéré à travers les charmants vignobles de Provence.",2025-12-15 06:54:55,2025-12-15 05:54:55,152,virtual_ride,2,0,0,1,9,uncategorized,10,0,0,0,0,25142.2109375,3019.76904296875,3019.76904296875,3017.0,325.0,549.0,8.326000213623047,20.81599998474121,43.554103849455714,5.725855752825737,1,0,69.0,105.0,2,private,0,0,0,124,1765778095000,2,182.0,330.0,190.0153970991899,191.13583333333332,69.33559437665174,0.9091645794219613,0,400.79998779296875,679.5999755859375,0,0,0.79998779296875,TACX,Rians,1,43.51947158575058,5.540419304743409,0,330,327,315,300,273,269,240,226,213,201,191,189,,0,3019.76904296875,1,3019.76904296875,VIRTUAL_ACTIVITY_SECTION,0,0,0,0,0,111.0,702.0,842.0,696.0,479.0,184.0,5.0,2025-12-15 06:45:14,0,235f1dfe-6b90-49b6-b086-c844b94a3b1a,0,0,0,0,0,0,0,0,0,,,,,,,,,75.0,,,,,,,,,,,,,,,,,,,,,,,,,,seances/2025-12-15_virtual_ride_21260501839.md,53.4,70.2,99.9,,,,,,,,,,,triban ,,,,,,,,,,,,,,,,,,,,,,,,,,,31.08,28.68,,non,-7.7,,,,,,,,,,,,,,,,,,,,,,,,,,,,,,,,,,,,,,,,,,,,,,,,,,,,,,,,,,,,,,,,,
21274724015,2025-12-16,18:53,running,Chevrières Course à pied,55.2,11.065,74.0,161.0,186.0,375.0,378.0,160.03125,837.0,,72.3,FC,299.3,0.0,12.3,36.7,5.5,0.5,,,Chevrières Course à pied,,2025-12-16 18:53:26,2025-12-16 17:53:26,1,running,17,0,0,1,9,uncategorized,10,0,0,0,0,11065.240234375,3311.85498046875,3311.85498046875,3304.843994140625,74.0,77.0,3.3410000801086426,4.124000072479248,49.345503989607096,2.684524767100811,1,0,,,2,private,0,0,0,124,1765907606000,1,375.0,528.0,378.0,,,,3615274803,27.799999237060547,86.0,0,0,0.40000152587890625,GARMIN,Chevrières,12,49.34546702541411,2.6840454898774624,0,,,,,,,,,,,,,,,18.61400032043457,1,3311.85498046875,INTERVAL_ACTIVE,0,0,1,0,0,1.999,736.923,2203.691,330.004,31.999,,,2025-12-16 18:48:37,0,ee6b1c69-b533-4757-8480-b46d6f2a257d,0,0,0,0,0,0,0,0,0,74.0,74.0,74.0,11065,11065.23046875,3.3410000801086426,4.124000072479248,77.0,83.0,4.599999904632568,1.0,,,919.0,LACTATE_THRESHOLD,214.87913513183594,HIGHLY_IMPROVING_LACTATE_THRESHOLD_13,MINOR_ANAEROBIC_BENEFIT_15,,,,1,0.0,6.000999927520752,RWD_STAND,0,0.0,0.0,15,15.239999771118164,2.5399999618530273,1.9220000505447388,0,0.0,seances/2025-12-16_running_21274724015.md,264.2,287.6,296.0,50,48,87,5,46,Mostly Clear,0.2,1.1,12.4,38.1,Daily shoes,161.0,186.0,0,54,-12,14.0,67.0,746.915,2287.699,186.003,151.5,170.3,18.8,160.03125,167.0,8814,10.240000152587891,270.79998779296875,125.19000244140625,54.0,8.1899995803833,167.0,3.3480000495910645,264.0880126953125,436.7330017089844,1437.8260498046875,11.48,12.46,3.4,oui,8.6,3.1,1,74.0,3305.80810546875,RWD_RUN,0,74.0,74.0,11049,11049.990234375,3.3429999351501465,4.124000072479248,0,77.0,2959.81689453125,,,,,,,,,,,,,,,,,,,,,,,,,,,,,,,,,,,,,,,,,,,,,,,,,,
21291982241,2025-12-18,17:27,running,Aulnay-sous-Bois Course à pied,57.0,11.443,34.0,162.0,189.0,372.0,387.0,159.625,859.0,,76.3,FC,298.8,11.9,13.4,11.2,14.0,5.3,,,Aulnay-sous-Bois Course à pied,,2025-12-18 17:27:37,2025-12-18 16:27:37,1,running,17,0,0,1,9,uncategorized,10,0,1,0,0,11443.240234375,3418.952880859375,3574.593994140625,3406.0319900512695,34.0,32.0,3.3469998836517334,4.664999961853027,48.94957406446338,2.488380018621683,1,0,,,2,private,0,0,0,124,1766075257000,1,372.0,576.0,387.0,,,,3615274803,35.0,47.79999923706055,0,0,8.0,GARMIN,Aulnay-sous-Bois,15,48.95012182183564,2.487406963482499,0,,,,,,,,,,,,,,,32.90399932861328,,,,,,1,0,0,712.833,801.243,673.284,840.534,320.97,,,2025-12-18 17:27:11,0,b3438240-d2ed-4e38-bb0c-90a8d3c64a8a,0,0,0,0,0,0,0,0,1,,,,,,,,,86.0,4.800000190734863,2.700000047683716,,,949.0,VO2MAX,271.40924072265625,HIGHLY_IMPROVING_VO2_MAX_16,MAINTAINING_ANAEROBIC_BASE_1,,,,,,,,,,,,,,,,,seances/2025-12-18_running_21291982241.md,218.9,265.1,300.1,57,57,63,16,45,Fair,0.0,0.8,17.8,22.1,Daily shoes,162.0,189.0,1,58,-16,1.0,49.011,1069.162,1326.669,971.101,153.8,170.8,16.9,159.625,173.0,9124,10.100000000000001,267.8999938964844,125.20999755859376,54.0,8.170000076293945,173.0,3.351999998092652,218.91200256347656,363.4360046386719,1325.248046875,12.65,11.4,18.8,non,-9.9,16.2,,,,,,,,,,,,,,3024.794921875,,,,,,,,,,,,,,,,,,,,,,,,,,,,,,,,,,,,,,,,,,,,,,,,,,
21295549657,2025-12-19,07:38,virtual_ride,Le Marais Poitevin,49.6,25.097,45.0,,,175.0,178.4186579739306,69.0,596.0,,,FC,118.6,1.3,8.7,22.2,13.0,3.7,0.7,0.1,Le Marais Poitevin,"Ce circuit dans les marais littoraux du centre-ouest de la France est assez rustique, avec des pistes cyclables envahies par la végétation et des chemins gravel.",2025-12-19 07:38:51,2025-12-19 06:38:51,152,virtual_ride,2,0,0,1,9,uncategorized,10,0,0,0,0,25097.44921875,2976.200927734375,2976.200927734375,2974.0,45.0,36.0,8.432999610900879,9.984000205993652,46.44816588610411,-1.1680580209940672,1,0,69.0,92.0,2,private,0,0,0,124,1766126331000,2,175.0,350.0,178.4186579739306,180.175,60.24870430292019,0.8536777893489502,0,17.799999237060547,30.399999618530273,0,0,0.40000152587890625,TACX,Luçon,1,46.300759725272655,-1.2562971655279398,0,342,322,320,292,244,234,211,197,187,182,180,180,,0,2976.200927734375,1,2976.200927734375,VIRTUAL_ACTIVITY_SECTION,0,0,0,0,0,77.0,519.0,1330.0,782.0,222.0,40.0,6.0,2025-12-19 07:28:27,0,44cc6f52-85a4-4c1c-96f6-8bcb52b8cf38,0,0,0,0,0,0,0,0,0,,,,,,,,,74.0,,,,,,,,,,,,,,,,,,,,,,,,,,seances/2025-12-19_virtual_ride_21295549657.md,111.1,115.8,117.5,,,,,,,,,,,triban ,,,,,,,,,,,,,,,,,,,,,,,,,,,30.06,30.56,,oui,1.7,,,,,,,,,,,,,,,,,,,,,,,,,,,,,,,,,,,,,,,,,,,,,,,,,,,,,,,,,,,,,,,,,
21361407672,2025-12-27,09:04,virtual_ride,Stage 1 - Han River Circle (South Korea),44.7,23.955,54.0,123.0,148.0,183.0,188.4826248178934,75.0,558.0,,23.2,FC,111.9,0.5,7.4,18.4,12.3,4.1,1.4,0.7,Stage 1 - Han River Circle (South Korea),"In stage one of this two-stage ride, you’ll follow the banks of the Han River into Seoul, the capital of South Korea.",2025-12-27 09:04:20,2025-12-27 08:04:20,152,virtual_ride,2,0,0,1,9,uncategorized,10,0,0,0,0,23954.98046875,2681.23291015625,2681.23291015625,2681.0,54.0,51.0,8.934000015258789,12.399999618530275,37.5543899461627,126.87587731517851,1,0,75.0,99.0,2,private,0,0,0,124,1766822660000,2,183.0,378.0,188.4826248178934,187.92333333333335,60.57342222034861,0.9018307407554708,0,15.199999809265137,32.20000076293945,0,0,0.6000003814697266,TACX,,1,37.52296610735357,127.06167108379304,0,378,370,356,337,324,286,259,223,204,195,188,186,,0,2681.23291015625,1,2681.23291015625,VIRTUAL_ACTIVITY_SECTION,0,0,0,0,0,28.0,442.0,1106.0,736.0,245.0,81.0,43.0,2025-12-27 08:49:01,0,a91925fc-204c-495c-a782-a98cc2b5691a,0,0,0,0,0,0,0,0,0,,,,,,,,,66.0,2.799999952316284,0.0,,,,AEROBIC_BASE,52.64533996582031,MAINTAINING_AEROBIC_BASE_7,NO_ANAEROBIC_BENEFIT_0,,,,,,,,,,,,,,,,,seances/2025-12-27_virtual_ride_21361407672.md,101.4,109.2,110.9,,,,,,,5.8,32.6,4.9,,triban ,123.0,148.0,,,,348.0,1956.0,295.0,0.0,0.0,116.8,129.9,13.2,,,,,,,,,,,,,,32.08,32.22,9.8,oui,0.4,,,,,,,,,,,,,,,,,,,,,,,,,,,,,,,,,,,,,,,,,,,,,,,,,,,,,,,,,,,,,,,,,
21365392407,2025-12-27,15:25,running,Chevrières Course à pied,46.6,9.063,65.0,158.0,172.0,376.0,380.0,162.46875,678.0,,57.0,FC,308.3,0.6,17.0,18.9,9.9,0.0,,,Chevrières Course à pied,,2025-12-27 15:25:21,2025-12-27 14:25:21,1,running,17,0,0,1,9,uncategorized,10,0,0,0,0,9062.830078125,2793.736083984375,2804.367919921875,2790.8690185546875,65.0,68.0,3.2439999580383305,3.6760001182556157,49.34549435041845,2.684165434911847,1,0,,,2,private,0,0,0,124,1766845521000,1,376.0,468.0,380.0,,,,3615274803,26.0,81.80000305175781,0,0,0.5999984741210938,GARMIN,Chevrières,10,49.34550013393164,2.68376050516963,0,,,,,,,,,,,,,,,18.614999771118164,1,2793.736083984375,INTERVAL_ACTIVE,0,0,1,0,0,35.951,1021.67,1133.231,593.977,0.999,,,2025-12-27 15:12:05,0,c8bdcdc0-aed1-4fe1-92e8-e9de1f9ff3c6,0,0,0,0,0,0,0,0,0,65.0,65.0,65.0,9062,9062.83984375,3.24399995803833,3.6760001182556152,68.0,70.0,3.700000047683716,0.0,,,775.0,TEMPO,131.89004516601562,IMPACTING_TEMPO_22,NO_ANAEROBIC_BENEFIT_0,,,,1,65.0,2793.666015625,RWD_RUN,0,65.0,65.0,9062,9062.83984375,3.24399995803833,3.6760001182556152,0,68.0,seances/2025-12-27_running_21365392407.md,286.5,306.5,,39,36,75,5,32,Mostly Clear,0.2,0.5,6.5,39.1,Daily shoes,158.0,172.0,0,46,,13.081,27.0,391.989,2343.951,0.0,157.1,157.5,0.4,162.46875,171.0,7530,11.040000152587892,247.8000030517578,119.75,54.0,8.979999542236328,171.0,3.256999969482422,286.57598876953125,469.10198974609375,1532.3800048828125,11.66,11.62,0.6,non,-0.4,,,,,,,,,,,,,,,,,,,,,,,,,,,,,,,,,,,,,,,,,,,,50.369998931884766,31.520000457763672,46.880001068115234,37.40999984741211,,,,,,,,,,,,,,,,,,
21394099257,2025-12-30,15:47,running,Chevrières Course à pied,60.8,11.011,82.0,148.0,162.0,357.0,360.0,161.125,801.0,,59.1,FC,331.1,2.1,35.4,20.1,2.9,0.0,,,Chevrières Course à pied,,2025-12-30 15:47:11,2025-12-30 14:47:11,1,running,17,0,0,1,9,uncategorized,10,0,0,0,0,11010.7998046875,3645.93603515625,3748.864013671875,3640.0609741210938,82.0,85.0,3.0199999809265137,4.039999961853027,49.345509354025126,2.6845178939402103,1,0,,,2,private,0,0,0,124,1767106031000,1,357.0,470.0,360.0,,,,3615274803,23.0,81.5999984741211,0,0,1.0,GARMIN,Chevrières,12,49.34561010450125,2.683727229014039,0,,,,,,,,,,,,,,,3.4800000190734863,,,,,,1,0,0,126.632,2125.759,1208.891,175.004,2.0,,,2025-12-30 15:49:39,0,859e6235-1d02-4ddc-81ea-dbfc33b83837,0,0,0,0,0,0,0,0,0,,,,,,,,,91.0,3.5,0.0,,,1012.0,AEROBIC_BASE,112.34478759765625,IMPROVING_AEROBIC_ENDURANCE_9,NO_ANAEROBIC_BENEFIT_0,,,,,,,,,,,,,,,,,seances/2025-12-30_running_21394099257.md,311.7,327.0,329.8,39,33,70,10,30,Mostly Clear,0.4,2.1,53.3,4.8,Daily shoes,148.0,162.0,0,61,,23.0,124.999,3199.521,288.007,0.0,146.7,148.1,1.5,161.125,173.0,9736,11.16999969482422,250.60000610351562,112.5199951171875,54.0,9.6899995803833,173.0,3.022000074386597,311.72198486328125,508.9909973144531,1634.8480224609375,10.85,10.73,2.2,non,-1.2,,,,,,,,,,,,,,,3297.43798828125,,,,,,,,,,,,,,,,,,,,,,,,,,,,,50.349998474121094,20.979999542236328,41.290000915527344,34.279998779296875,,,,,,,,,,,,,,,,,,
21418676273,2026-01-02,10:41,trail_running,Compiègne Trail,74.2,12.02,335.0,145.0,182.0,340.0,353.0,156.46875,923.0,,67.2,FC,370.5,24.8,20.4,16.4,5.2,2.4,,,Compiègne Trail,,2026-01-02 10:41:31,2026-01-02 09:41:31,6,trail_running,1,0,0,1,9,uncategorized,10,0,0,0,0,12019.8896484375,4453.8388671875,4807.0791015625,4450.805023193359,335.0,337.0,2.6989998817443848,4.385000228881836,49.40741188824177,2.8826699405908585,1,0,,,2,private,0,0,0,124,1767346891000,1,340.0,626.0,353.0,,,,3615274803,29.799999237060547,135.8000030517578,0,0,0.8000030517578125,GARMIN,Compiègne,13,49.40742471255362,2.8826542664319277,0,,,,,,,,,,,,,,,5.604000091552734,,,,,,1,0,0,1489.251,1226.901,985.39,309.001,142.661,,,2026-01-02 11:01:38,0,032dd299-c75e-4906-a9e2-8aee7436bdaa,0,0,0,0,0,0,0,0,0,,,,,,,,,111.0,3.5999999046325684,0.20000000298023224,,,1160.0,AEROBIC_BASE,112.78297424316406,IMPROVING_AEROBIC_ENDURANCE_9,NO_ANAEROBIC_BENEFIT_0,,,,,,,,,,,,,,,,,seances/2026-01-02_trail_running_21418676273.md,314.0,390.1,400.0,37,30,87,12,34,Fair,1.2,8.0,52.1,11.3,Daily shoes,145.0,182.0,0,77,-22,71.762,477.008,3127.701,678.712,73.937,141.1,149.7,8.6,156.46875,201.0,11546,10.65999984741211,273.79998779296875,103.9,54.0,10.130000114440918,201.0,2.9500000476837154,313.78399658203125,522.7429809570312,1950.779052734375,9.21,10.18,-4.2,oui,10.5,1.2,,,,,,,,,,,,,,3999.68505859375,,,,,,,,,,,,,,,,,,,,,,,,,,,,,50.40999984741211,23.739999771118164,42.650001525878906,33.5099983215332,,,,,,,,,,,,,,,,,,
21510554839,2026-01-07,18:43,indoor_cycling,Vélo d'intérieur,55.2,,,130.0,149.0,,,,555.0,,34.5,FC,,,,,,,,,Vélo d'intérieur,,2026-01-07 18:43:17,2026-01-07 17:43:17,25,indoor_cycling,2,0,0,1,9,uncategorized,10,0,0,0,0,0.0,3311.7548828125,3499.029052734375,0.0,,,0.0,,,,0,0,,,2,private,0,0,0,124,1767807797000,2,,,,,,,3615274803,,,0,0,,GARMIN,,1,,,0,,,,,,,,,,,,,,,3311.7548828125,,,,,,0,0,0,,,,,,,,2026-01-07 18:41:36,0,1981faa6-acc2-4ebe-8361-0011e4f97edc,0,0,0,0,0,0,0,0,0,,,,,,,,,83.0,2.5,0.699999988079071,,,716.0,AEROBIC_BASE,49.19206237792969,MAINTAINING_AEROBIC_BASE_7,NO_ANAEROBIC_BENEFIT_0,,,,,,,,,,,,,,,,,seances/2026-01-07_indoor_cycling_21510554839.md,,,,,,,,,,1.3,35.3,16.7,,triban ,130.0,149.0,12,42,-7,80.08,2119.874,1001.65,0.0,0.0,124.8,133.2,8.4,,,,,,,,,,,,,,,,,,,,,,,,,,,,,,,,,,,,,,,,,,,,,,,,,,,,,,,,,,,,,,,,,,,,,,,,,,,,,,,,,,,
21474662553,2026-01-07,18:43,virtual_ride,Veitastrond (Norvège),53.6,26.849,190.0,,,171.0,180.80907735001355,84.0,630.0,,,FC,119.7,7.8,19.7,13.0,8.0,4.6,3.4,1.0,Veitastrond (Norvège),"Lors de ce parcours facile près du Veitastrondavatnet, vous aurez une vue imprenable sur les montagnes et les glaciers en longeant ce lac norvégien.",2026-01-07 18:43:11,2026-01-07 17:43:11,152,virtual_ride,2,0,0,1,9,uncategorized,10,0,0,0,0,26848.630859375,3213.781982421875,3450.43896484375,3213.781982421875,190.0,202.0,8.354000091552734,17.538000106811523,61.48322288878262,7.032802077010274,1,0,84.0,109.0,2,private,0,0,0,124,1767807791000,2,171.0,440.0,180.80907735001355,172.35666666666665,66.81312708264666,0.8651152026316438,0,156.0,188.60000610351562,0,0,0.8000030517578125,TACX,Luster,1,61.30989560857415,7.178051071241498,0,440,434,385,373,342,297,269,232,199,188,172,167,,0,3213.781982421875,1,3450.43896484375,VIRTUAL_ACTIVITY_SECTION,0,0,0,0,0,469.0,1180.0,782.0,482.0,276.0,203.0,58.0,2026-01-07 18:40:41,0,48a06fb4-c9c8-485d-b1f5-158f304dcbd9,0,0,0,0,0,0,0,0,0,,,,,,,,,80.0,,,,,,,,,,,,,,,,,,,,,,,,,,seances/2026-01-07_virtual_ride_21474662553.md,81.1,107.4,117.2,,,,,,,,,,,triban ,,,12,41,,,,,,,,,,,,,,,,,,,,,,,29.97,30.22,,oui,0.9,,,,,,,,,,,,,,,,,,,,,,,,,,,,,,,,,,,,,,,,,,,,,,,,,,,,,,,,,,,,,,,,,
21509149519,2026-01-11,09:32,virtual_ride,Lac Hamana (Japon),45.9,19.275,50.0,,,111.0,113.68605829008013,76.0,374.0,,,FC,142.9,21.6,22.3,1.6,0.4,,,,Lac Hamana (Japon),"Profitez d'une activité de récupération agréable et facile, avec très peu de dénivelé, le long de la rive pittoresque du lac Hamana.",2026-01-11 09:32:22,2026-01-11 08:32:22,152,virtual_ride,2,0,0,1,9,uncategorized,10,0,0,0,0,19274.580078125,2753.5830078125,2753.98193359375,2751.0,50.0,43.0,7.0,16.48200035095215,34.71189874224365,137.5933379586786,1,0,76.0,105.0,2,private,0,0,0,124,1768120342000,2,111.0,218.0,113.68605829008013,119.93583333333333,22.63171773248496,0.5439524320099528,0,1.7999999523162842,30.799999237060547,0,0,0.40000009536743164,TACX,Nishi Ward,1,34.80181192047894,137.6215247064829,0,216,212,192,184,171,153,138,133,131,127,120,114,,0,2753.5830078125,1,2753.98193359375,VIRTUAL_ACTIVITY_SECTION,0,0,0,0,0,1293.0,1338.0,96.0,26.0,0.0,0.0,0.0,2026-01-11 09:18:15,0,57dedb22-261a-41c0-9c2a-19bcf58979ed,0,0,0,0,0,0,0,0,0,,,,,,,,,68.0,,,,,,,,,,,,,,,,,,,,,,,,,,seances/2026-01-11_virtual_ride_21509149519.md,100.6,127.1,137.8,,,,,,,,,,,triban ,,,2,4,,,,,,,,,,,,,,,,,,,,,,,24.2,26.2,,oui,8.3,,,,,,,,,,,,,,,,,,,,,,,,,,,,,,,,,,,,,,,,,,,,,,,,,,,,,,,,,,,,,,,,,
21510555368,2026-01-11,10:12,trail_running,Compiègne Trail,82.8,12.839,221.0,140.0,170.0,326.0,339.0,155.6875,962.0,,66.5,FC,387.1,32.7,28.6,7.6,7.8,1.0,,,Compiègne Trail,,2026-01-11 10:12:12,2026-01-11 09:12:12,6,trail_running,1,0,0,1,9,uncategorized,10,0,0,0,0,12838.66015625,4969.26220703125,5384.1181640625,4874.157989501953,221.0,220.0,2.5840001106262203,4.198999881744385,49.406268345192075,2.846713252365589,1,0,,,2,private,0,0,0,124,1768122732000,1,326.0,541.0,339.0,,,,3615274803,32.400001525878906,136.1999969482422,0,0,0.600006103515625,GARMIN,Compiègne,13,49.4085084926337,2.848902018740773,0,,,,,,,,,,,,,,,295.00201416015625,,,,,,1,0,0,1959.509,1715.951,454.007,470.972,57.976,,,2026-01-11 10:41:56,0,bc2f6e7a-5b04-40f9-b05a-c626dcefc1d5,0,0,0,0,0,0,0,0,0,,,,,,,,,124.0,3.4000000953674316,0.0,,,1380.0,AEROBIC_BASE,94.69015502929688,IMPROVING_AEROBIC_BASE_8,NO_ANAEROBIC_BENEFIT_0,,,,,,,,,,,,,,,,,seances/2026-01-11_trail_running_21510555368.md,305.4,371.2,427.1,32,25,93,7,30,Fair,1.3,27.7,45.5,7.9,Daily shoes,140.0,170.0,3,85,-18,75.769,1661.515,2728.516,476.127,0.0,138.9,141.1,2.2,155.6875,198.0,12786,10.600000000000001,278.29998779296875,100.22000122070312,53.0,10.4399995803833,198.0,2.739000082015991,304.989013671875,529.0770263671875,1856.0810546875,9.25,9.27,1.4,oui,0.2,,,,,,,,,,,,,,,4268.705078125,,,,,,,,,,,,,,,,,,,,,,,,,,,,,50.5099983215332,20.56999969482422,43.93000030517578,31.209999084472656,,,,,,,,,,,,,,,,,,
21574670023,2026-01-12,18:04,lap_swimming,Nat. piscine,26.2,1.2,,152.0,184.0,,,,303.0,,33.5,CSS,131.1,,,,,,,,Nat. piscine,,2026-01-12 18:04:25,2026-01-12 17:04:25,27,lap_swimming,26,0,0,0,9,uncategorized,10,0,0,0,0,1200.0,1573.10302734375,2779.56396484375,1571.5400390625,,,0.7639999985694885,0.9279999732971191,,,0,0,,,2,private,0,0,0,124,1768237465000,5,,,,,,,3615274803,,,0,0,,GARMIN,,4,,,0,,,,,,,,,,,,,,,1.562999963760376,,,,,,0,0,0,,,,,,,,2026-01-12 17:50:44,0,0f42d959-2d3e-498b-beab-13877cb1d3e5,0,0,0,0,0,0,0,0,0,,,,,,,,,39.0,3.5,0.699999988079071,,,,TEMPO,107.57415771484375,IMPROVING_AEROBIC_FITNESS_2,NO_ANAEROBIC_BENEFIT_0,,,,,,,,,,,,,,,,,seances/2026-01-12_lap_swimming_21574670023.md,,,,,,,,,,0.2,2.3,13.2,6.8,,152.0,184.0,1,44,,14.734,137.324,789.612,406.025,223.001,141.4,164.2,22.8,,,,,,,,,,,,,,,,,,,3.7,,,,,,,,,,,,,,,30.0,98.0,24,5000.0,1,meter,100.0,776.0,0.0,32.29999923706055,110.81199645996094,494.74798583984375,,,,,,,,,,,,,,,,,,,,,,,,,,,,,,,,,,,,,,
21529672970,2026-01-13,06:34,virtual_ride,Castle Creek Road (Colorado),50.5,16.83,450.0,113.0,132.0,180.0,187.1523363954215,63.0,621.0,,19.8,FC,180.0,2.6,8.3,15.2,16.7,5.7,2.0,,Castle Creek Road (Colorado),This beautiful ride through the Elk Mountains presents a fairly easy climb as far as Colorado goes. It starts near the ghost town of Ashcroft and ends at the edge of the resort town of Aspen.,2026-01-13 06:34:24,2026-01-13 05:34:24,152,virtual_ride,2,0,0,1,9,uncategorized,10,0,0,0,0,16830.390625,3028.9560546875,3028.9560546875,3028.9560546875,450.0,32.0,5.557000160217285,11.685999870300293,39.18983453884721,-106.83763884007931,1,0,63.0,98.0,2,private,0,0,0,124,1768282464000,2,180.0,318.0,187.1523363954215,190.21333333333334,67.46653499229268,0.8954657243800072,0,2505.0,2925.60009765625,0,0,0.400146484375,TACX,Aspen,1,39.05665749683976,-106.79989554919302,0,308,302,296,273,265,261,241,217,201,198,190,187,,0,3028.9560546875,1,3028.9560546875,VIRTUAL_ACTIVITY_SECTION,0,0,0,0,0,156.0,497.0,910.0,1001.0,344.0,121.0,0.0,2026-01-13 06:24:52,0,770b6363-36cf-4209-bdd0-e693ba941426,0,0,0,0,0,0,0,0,0,,,,,,,,,75.0,2.5999999046325684,0.0,,,,AEROBIC_BASE,45.19868469238281,MAINTAINING_AEROBIC_BASE_7,NO_ANAEROBIC_BENEFIT_0,,,,,,,,,,,,,,,,,seances/2026-01-13_virtual_ride_21529672970.md,120.6,154.1,180.0,,,,,,,30.9,19.1,,,triban ,113.0,132.0,,,,1854.0,1143.0,0.0,0.0,0.0,112.0,115.5,3.5,,,,,,,,,,,,,,20.33,19.81,5.5,non,-2.6,,,,,,,,,,,,,,,,,,,,,,,,,,,,,,,,,,,,,,,,,,,,,,,,,,,,,,,,,,,,,,,,,
21574671121,2026-01-13,12:26,running,Aulnay-sous-Bois Course à pied,44.7,8.784,31.0,153.0,189.0,364.0,379.0,160.328125,631.0,,48.8,FC,305.4,6.0,23.1,9.8,2.1,3.2,,,Aulnay-sous-Bois Course à pied,,2026-01-13 12:26:21,2026-01-13 11:26:21,1,running,17,0,0,1,9,uncategorized,10,0,0,0,0,8784.2900390625,2683.0810546875,2750.2919921875,2680.342987060547,31.0,25.0,3.2739999294281006,7.017000198364258,48.9497213345021,2.4881337583065033,1,0,,,2,private,0,0,0,124,1768303581000,1,364.0,740.0,379.0,,,,3615274803,41.599998474121094,54.20000076293945,0,0,3.7999992370605473,GARMIN,Aulnay-sous-Bois,9,48.95009315572679,2.48747150413692,0,,,,,,,,,,,,,,,248.06199645996094,,,,,,1,0,0,359.976,1388.811,590.578,125.271,191.656,,,2026-01-13 12:12:11,0,00ee6027-a9c8-44af-ab8a-9407d102c4a1,0,0,0,0,0,0,0,0,0,,,,,,,,,67.0,4.099999904632568,3.200000047683716,,,745.0,LACTATE_THRESHOLD,231.82754516601562,HIGHLY_IMPROVING_LACTATE_THRESHOLD_13,IMPROVING_ANAEROBIC_CAPACITY_AND_POWER_8,,,,,,,,,,,,,,,,,seances/2026-01-13_running_21574671121.md,264.9,296.2,,54,54,58,11,39,Fair,0.5,10.8,11.9,15.3,Daily shoes,153.0,189.0,1,44,-11,29.002,645.477,715.223,915.989,364.903,138.6,168.7,30.1,160.328125,210.0,7172,9.9,273.20001220703125,121.6199951171875,53.0,8.289999961853027,210.0,3.2890000343322754,265.01800537109375,445.18798828125,1480.676025390625,11.98,11.64,20.2,non,-2.8,6.1,,,,,,,,,,,,,,,,,,,,,,,,,,,,,,,,,,,,,,,,,,,,,,,,,,,,,,,,,,,,,,,,
21572775933,2026-01-17,08:57,virtual_ride,Stage 2 - Mull Tour (Scotland),52.1,21.073,201.0,,,113.0,121.74935500499468,73.0,432.0,,,FC,148.3,27.9,17.4,4.5,1.5,0.5,0.3,,Stage 2 - Mull Tour (Scotland),"In stage two of this two-stage ride of the Scottish Isle of Mull, you’ll complete your tour by traveling along one of the most beautiful roads in Scotland along the southern part of the island.",2026-01-17 08:57:07,2026-01-17 07:57:07,152,virtual_ride,2,0,0,1,9,uncategorized,10,0,0,0,0,21072.69921875,3124.948974609375,3124.948974609375,3122.0,201.0,306.0,6.74399995803833,18.31800079345703,56.39519115909934,-5.911320196464658,1,0,73.0,101.0,2,private,0,0,0,124,1768636627000,2,113.0,306.0,121.74935500499468,127.1825,29.456503570311984,0.5825327990669602,0,8.600000381469727,156.39999389648438,0,0,0.40000152587890625,TACX,Argyll and Bute,1,56.4402384404093,-6.131800878793001,0,306,303,282,255,225,199,166,156,141,129,127,120,,0,3124.948974609375,1,3124.948974609375,VIRTUAL_ACTIVITY_SECTION,0,0,0,0,0,1672.0,1043.0,270.0,92.0,28.0,19.0,0.0,2026-01-17 08:49:11,0,7af49f48-69a2-432e-9969-79225f2a4602,0,0,0,0,0,0,0,0,0,,,,,,,,,78.0,,,,,,,,,,,,,,,,,,,,,,,,,,seances/2026-01-17_virtual_ride_21572775933.md,64.1,102.4,116.3,,,,,,,,,,,triban ,,,,,,,,,,,,,,,,,,,,,,,,,,,28.34,20.34,,non,-28.2,,,,,,,,,,,,,,,,,,,,,,,,,,,,,,,,,,,,,,,,,,,,,,,,,,,,,,,,,,,,,,,,,
21574671576,2026-01-17,11:37,running,Chevrières Course à pied,53.6,11.079,74.0,170.0,181.0,411.0,416.0,162.96875,825.0,,85.5,FC,290.2,0.1,3.3,23.3,20.4,6.4,,,Chevrières Course à pied,,2026-01-17 11:37:29,2026-01-17 10:37:29,1,running,17,0,0,1,9,uncategorized,10,0,0,0,0,11078.8798828125,3215.3349609375,3238.7099609375,3213.0020141601562,74.0,79.0,3.4460000991821294,4.067999839782715,49.34596315026283,2.685177968814969,1,0,,,2,private,0,0,0,124,1768646249000,1,411.0,540.0,416.0,,,,3615274803,31.0,89.19999694824219,0,0,0.6000022888183594,GARMIN,Chevrières,12,49.34546107426286,2.683934010565281,0,,,,,,,,,,,,,,,21.79599952697754,1,3215.3349609375,INTERVAL_ACTIVE,0,0,1,0,0,6.561,198.757,1400.732,1226.262,382.837,,,2026-01-17 11:31:27,0,6c003d0d-59a6-494a-a133-f4f0b1aa34cc,0,0,0,0,0,0,0,0,0,74.0,74.0,74.0,11078,11078.8896484375,3.446000099182129,4.067999839782715,79.0,80.0,4.900000095367432,0.0,,,893.0,VO2MAX,210.16854858398438,HIGHLY_IMPROVING_VO2_MAX_16,NO_ANAEROBIC_BENEFIT_0,,,,1,74.0,3215.2890625,RWD_RUN,0,74.0,74.0,11078,11078.8896484375,3.446000099182129,4.067999839782715,0,79.0,seances/2026-01-17_running_21574671576.md,258.7,277.3,289.6,48,46,93,6,46,Fair,,0.5,1.3,40.9,Daily shoes,170.0,181.0,0,53,-17,0.0,29.324,80.985,2453.369,651.471,169.7,168.9,-0.8,162.96875,175.0,8678,11.75,246.60000610351562,126.93000488281251,53.0,9.029999732971191,175.0,3.4579999446868896,258.0740051269531,418.1340026855469,1386.342041015625,12.87,11.9,7.1,non,-7.5,10.9,,,,,,,,,,,,,,2895.62890625,,,,,,,,,,,,,,,,,,,,,,,,,,,,,51.29999923706055,31.329999923706055,55.2400016784668,41.75,,,,,,,,,,,,,,,,,,
21654122186,2026-01-22,18:32,lap_swimming,Nat. piscine,21.5,1.15,,150.0,186.0,,,,267.0,,44.0,CSS,112.0,,,,,,,,Nat. piscine,,2026-01-22 18:32:21,2026-01-22 17:32:21,27,lap_swimming,26,0,0,0,9,uncategorized,10,0,0,0,0,1150.0,1288.510009765625,1777.376953125,1277.4100341796875,,,0.8999999761581421,1.7489999532699585,,,0,0,,,2,private,0,0,0,124,1769103141000,5,,,,,,,3615274803,,,0,0,,GARMIN,,10,,,0,,,,,,,,,,,,,,,0.5170000195503235,,,,,,0,0,0,,,,,,,,2026-01-22 18:01:58,0,bcc29027-fc23-4177-a325-0d152b3aab87,0,0,0,0,0,0,0,0,0,,,,,,,,,32.0,3.200000047683716,1.0,,,,AEROBIC_BASE,98.58663940429688,IMPROVING_AEROBIC_BASE_8,MINOR_ANAEROBIC_BENEFIT_15,,,,,,,,,,,,,,,,,seances/2026-01-22_lap_swimming_21654122186.md,,,,,,,,,,0.7,3.2,9.4,4.9,,150.0,186.0,1,27,,40.995,191.069,562.441,295.048,170.001,138.6,166.3,27.7,,,,,,,,,,,,,,,,,,,2.8,,,,,,,,,,,,,,,31.0,85.0,23,5000.0,1,meter,100.0,668.0,0.0,29.0,59.084999084472656,492.37298583984375,,,,,,,,,,,,,,,,,,,,,,,,,,,,,,,,,,,,,,
21654122623,2026-01-23,12:08,running,Aulnay-sous-Bois Course à pied,47.6,9.327,76.0,158.0,180.0,369.0,372.0,161.375,694.0,,58.2,FC,306.0,1.8,15.6,23.6,5.3,0.9,,,Aulnay-sous-Bois Course à pied,,2026-01-23 12:08:26,2026-01-23 11:08:26,1,running,17,0,0,1,9,uncategorized,10,0,0,0,0,9327.2099609375,2854.280029296875,2919.64599609375,2850.2269592285156,76.0,70.0,3.2679998874664307,3.86299991607666,48.95023690536618,2.4872558377683163,1,0,,,2,private,0,0,0,124,1769166506000,1,369.0,527.0,372.0,,,,3615274803,43.79999923706055,71.5999984741211,0,0,0.5999984741210938,GARMIN,Aulnay-sous-Bois,10,48.95030479878187,2.487112171947956,0,,,,,,,,,,,,,,,98.52400207519531,1,0.0,RWD_WALK,0,0,1,0,0,105.034,936.498,1413.504,315.69,54.951,,,2026-01-23 11:57:05,0,e872ce77-037f-4f81-b95c-25217ae224c1,0,0,0,0,0,0,0,0,0,,,,,,,,,71.0,4.099999904632568,0.0,,,792.0,TEMPO,160.5135040283203,HIGHLY_IMPACTING_TEMPO_23,NO_ANAEROBIC_BENEFIT_0,,,,1,76.0,2854.280029296875,INTERVAL_ACTIVE,0,76.0,76.0,9327,9327.2197265625,3.2679998874664307,3.86299991607666,0,70.0,seances/2026-01-23_running_21654122623.md,283.2,304.5,,46,40,87,14,43,Cloudy,0.4,4.3,10.2,31.6,Daily shoes,158.0,180.0,1,47,-12,24.516,258.816,610.141,1895.671,64.98,149.2,165.6,16.3,161.375,171.0,7650,9.980000305175782,270.1000061035156,121.14000244140625,54.0,8.25,171.0,3.2829999923706055,283.25,463.0350036621094,1522.2679443359375,11.68,11.73,9.5,oui,0.4,1.1,2,76.0,2854.217041015625,RWD_RUN,0,45.0,38.0,7036,9327.2197265625,3.2679998874664307,3.86299991607666,0,70.0,,,,,,,,,,,,,,,,,,,,,,,,,,,,,,,,,,,,,,,,,,,,,,,,,,,
21676803377,2026-01-27,07:06,virtual_ride,Gorges de la Jont (Cevennes),54.1,21.549,388.0,120.0,140.0,183.0,187.75439313582515,70.0,676.0,,25.8,FC,150.6,1.5,8.4,15.7,21.3,6.0,1.2,0.0,Gorges de la Jont (Cevennes),,2026-01-27 07:06:22,2026-01-27 06:06:22,152,virtual_ride,2,0,0,1,9,uncategorized,10,0,0,0,0,21549.30078125,3244.299072265625,3244.616943359375,3240.0,388.0,96.0,6.642000198364258,13.138999938964844,44.19408034533262,3.2081298530101776,1,0,70.0,120.0,2,private,0,0,0,124,1769493982000,2,183.0,328.0,187.75439313582515,185.91333333333333,72.72873344209094,0.8983463786403117,0,366.0,661.7999877929688,0,0,0.40002441406250006,TACX,Mostuéjouls,1,44.17929374612868,3.430259171873331,0,322,306,276,264,257,236,226,207,201,198,186,186,,0,3244.299072265625,1,3244.616943359375,VIRTUAL_ACTIVITY_SECTION,0,0,0,0,0,89.0,503.0,943.0,1276.0,360.0,71.0,2.0,2026-01-27 07:00:26,0,dda7948c-36cb-47ca-8da4-bff75b861fae,0,0,0,0,0,0,0,0,0,,,,,,,,,81.0,2.700000047683716,0.0,,,,AEROBIC_BASE,51.56243896484375,MAINTAINING_AEROBIC_BASE_7,NO_ANAEROBIC_BENEFIT_0,,,,,,,,,,,,,,,,,seances/2026-01-27_virtual_ride_21676803377.md,79.4,102.8,134.4,,,,,,,10.5,41.1,1.1,,triban ,120.0,140.0,,,,631.0,2468.0,67.0,0.0,0.0,115.0,125.5,10.6,,,,,,,,,,,,,,22.82,25.08,-0.6,oui,9.9,,,,,,,,,,,,,,,,,,,,,,,,,,,,,,,,,,,,,,,,,,,,,,,,,,,,,,,,,,,,,,,,,
21721957193,2026-01-31,16:07,indoor_cycling,Entraînement vélo,50.0,26.032,0.0,,,169.0,181.90562781555897,88.0,583.0,,68.9,puissance,115.3,5.3,13.7,13.1,11.4,4.9,1.6,,Entraînement vélo,,2026-01-31 16:07:24,2026-01-31 15:07:24,25,indoor_cycling,2,0,0,1,9,uncategorized,10,0,0,0,0,26032.4609375,3000.2529296875,3000.2529296875,2999.0,0.0,0.0,8.677000045776367,10.293999671936035,,,0,0,88.0,112.0,2,private,0,0,0,124,1769872044000,2,169.0,298.0,181.90562781555897,190.97833333333332,63.13280224152345,0.8703618555768372,0,0.0,0.0,0,0,0.0,TACX,,3,,,0,298,293,283,277,271,264,256,247,237,214,191,188,,0,300.0050048828125,,2400.0029296875,INTERVAL_ACTIVE,0,0,0,0,0,320.0,819.0,787.0,687.0,292.0,94.0,0.0,2026-01-31 15:57:24,0,8b29a0fa-d8d7-4252-8384-5b30d42cb364,0,0,0,0,0,0,0,0,0,0.0,0.0,0.0,21496,21496.640625,8.95692266000652,10.293999671936035,0.0,74.0,,,,,,,,,,,,,,0.0,300.2449951171875,INTERVAL_WARMUP,0,0.0,0.0,2336,2336.409912109375,7.781678129880099,8.107000350952148,0,0.0,seances/2026-01-31_indoor_cycling_21721957193.md,,,,,,,,,,,,,,triban ,,,5,40,,,,,,,,,,,,,,,,,,,,,,,,,,oui,5.0,,,0.0,300.0050048828125,INTERVAL_COOLDOWN,0,0.0,0.0,2190,2190.699951171875,7.302211348199351,9.437000274658203,0,0.0,,,,,,,,,,,,,,,166,174,238.7,192.0,,,,,,,,,,,,,,,,1459303836,,,,,,,,,,,,,,,,,
21722015640,2026-01-31,16:09,indoor_cycling,Vélo d'intérieur,52.4,,,133.0,162.0,,,,542.0,,35.3,FC,,,,,,,,,Vélo d'intérieur,,2026-01-31 16:09:23,2026-01-31 15:09:23,25,indoor_cycling,2,0,0,1,9,uncategorized,10,0,0,0,0,0.0,3143.4990234375,3143.4990234375,0.0,,,0.0,,,,0,0,,,2,private,0,0,0,124,1769872163000,2,,,,,,,3615274803,,,0,0,,GARMIN,,1,,,0,,,,,,,,,,,,,,,3143.4990234375,,,,,,0,0,0,,,,,,,,2026-01-31 16:01:46,0,e2ba2b6e-7497-495c-aed6-830faba20ca7,0,0,0,0,0,0,0,0,0,,,,,,,,,78.0,2.799999952316284,0.699999988079071,,,674.0,AEROBIC_BASE,61.03672790527344,MAINTAINING_AEROBIC_BASE_7,NO_ANAEROBIC_BENEFIT_0,,,,,,,,,,,,,,,,,seances/2026-01-31_indoor_cycling_21722015640.md,,,,,,,,,,4.0,24.8,22.1,1.4,triban ,133.0,162.0,7,40,,241.996,1489.667,1324.994,82.004,0.0,131.3,132.6,1.2,,,,,,,,,,,,,,,,,,,,,,,,,,,,,,,,,,,,,,,,,,,,,,,,,,,,,,,,,,,,,,,17.31999969482422,42.650001525878906,32.099998474121094,,,,,,,,,,,,,,,,,,
21765328149,2026-02-04,18:12,running,Chevrières Course à pied,45.5,7.774,70.0,146.0,164.0,324.0,326.0,159.25,593.0,,42.2,FC,351.1,20.7,21.6,2.9,,,,,Chevrières Course à pied,,2026-02-04 18:12:36,2026-02-04 17:12:36,1,running,17,0,0,1,9,uncategorized,10,0,0,0,0,7774.419921875,2729.822998046875,2739.826904296875,2722.3370056152344,70.0,56.0,2.8480000495910645,3.4709999561309814,49.3455124553293,2.6846323907375336,1,0,,,2,private,0,0,0,124,1770225156000,1,324.0,399.0,326.0,,,,3615274803,29.399999618530273,86.19999694824219,0,0,0.40000152587890625,GARMIN,Chevrières,8,49.36083775945008,2.6658174488693476,0,,,,,,,,,,,,,,,268.58099365234375,1,2729.822998046875,INTERVAL_ACTIVE,0,0,1,0,0,1244.928,1295.362,176.978,0.0,0.0,,,2026-02-04 17:58:15,0,b4d93c0b-f3c3-474d-8c0b-12eb62d2e955,0,0,0,0,0,0,0,0,0,70.0,70.0,70.0,7774,7774.41015625,2.8480000495910645,3.4709999561309814,56.0,68.0,3.4000000953674316,0.0,,,758.0,AEROBIC_BASE,93.8529052734375,IMPROVING_AEROBIC_BASE_8,NO_ANAEROBIC_BENEFIT_0,,,,5,70.0,2721.762939453125,RWD_RUN,0,70.0,70.0,7770,7770.93994140625,2.8550000190734863,3.4709999561309814,0,56.0,seances/2026-02-04_running_21765328149.md,324.0,352.9,,50,45,71,13,41,Fair,0.4,4.5,36.4,3.8,Daily shoes,146.0,164.0,0,43,-10,25.0,273.0,2184.095,230.982,0.0,139.6,152.7,13.0,159.25,170.0,7248,9.490000152587891,283.70001220703125,107.2699951171875,53.0,8.859999656677246,170.0,2.874000072479248,323.8219909667969,536.5050048828125,1764.488037109375,10.19,10.24,8.1,oui,0.5,,48,0.0,8.03499984741211,RWD_STAND,0,0.0,0.0,3,3.4700000286102295,0.4309999942779541,3.4519999027252197,0,0.0,,,,,,,,,,,,,,,,,,,,,,,,,,,,,,,,,,,53.29890108283186,,,,,,,,,,,,,,,,
21769448654,2026-02-05,07:01,virtual_ride,Col d'Èze (Côte d'Azur),49.8,14.905,516.0,122.0,141.0,193.0,198.7854552927264,64.0,654.0,,25.2,FC,200.5,1.0,4.7,10.7,22.7,9.0,1.6,,Col d'Èze (Côte d'Azur),"This scenic ride between Nice and Monaco was featured in the 2020 Tour de France, but it was filmed in less-than-ideal weather conditions. The ride starts out fairly steep, so be sure to warm up properly.",2026-02-05 07:01:48,2026-02-05 06:01:48,152,virtual_ride,2,0,0,1,9,uncategorized,10,0,0,0,0,14905.080078125,2989.18310546875,2989.18310546875,2989.0,516.0,83.0,4.986000061035156,14.383999824523928,43.7081222422421,7.29288381524384,1,0,64.0,98.0,2,private,0,0,0,124,1770271308000,2,193.0,324.0,198.7854552927264,204.17166666666665,75.11499724718567,0.9511265803479731,0,34.20000076293945,536.7999877929688,0,0,0.40002441406250006,TACX,Nice,1,43.74458377249539,7.394295204430819,0,311,307,285,281,263,254,245,222,214,210,204,204,,0,2989.18310546875,1,2989.18310546875,VIRTUAL_ACTIVITY_SECTION,0,0,0,0,0,60.0,284.0,644.0,1362.0,541.0,98.0,0.0,2026-02-05 06:51:37,0,e23ca748-4809-4482-a6b2-26c25fc65683,0,0,0,0,0,0,0,0,0,,,,,,,,,74.0,2.799999952316284,0.0,,,,AEROBIC_BASE,55.459564208984375,MAINTAINING_AEROBIC_BASE_7,NO_ANAEROBIC_BENEFIT_0,,,,,,,,,,,,,,,,,seances/2026-02-05_virtual_ride_21769448654.md,85.9,109.5,164.1,,,,,,,7.6,37.0,3.7,,triban ,122.0,141.0,,,,458.0,2221.0,220.0,0.0,0.0,116.1,128.3,12.3,,,,,,,,,,,,,,13.47,22.54,-51.4,oui,67.4,,,,,,,,,,,,,,,,,,,,,,,,,,,,,,,,,,,,,,,,,,,,,,,,,335.7090662984634,,,,,,,,,,,,,,,,
21805062287,2026-02-08,15:43,running,Chevrières Course à pied,59.3,11.077,77.0,153.0,167.0,349.0,352.0,160.5625,815.0,,64.8,FC,321.4,1.7,38.2,17.1,2.0,0.2,,,Chevrières Course à pied,,2026-02-08 15:43:24,2026-02-08 14:43:24,1,running,17,0,0,1,9,uncategorized,10,0,0,0,0,11076.76953125,3560.455078125,3562.362060546875,3557.7149963378906,77.0,78.0,3.1110000610351562,3.507999897003174,49.34551111422479,2.6846504118293524,1,0,,,2,private,0,0,0,124,1770561804000,1,349.0,466.0,352.0,,,,3615274803,26.399999618530273,87.4000015258789,0,0,0.40000152587890625,GARMIN,Chevrières,12,49.34546057134867,2.6840240322053432,0,,,,,,,,,,,,,,,22.899999618530273,1,3560.455078125,INTERVAL_ACTIVE,0,0,1,0,0,103.985,2294.678,1024.98,119.09,11.001,,,2026-02-08 15:42:46,0,2e491b8f-b744-4b75-bd42-e08457e9d790,0,0,0,0,0,0,0,0,0,77.0,77.0,77.0,11076,11076.7900390625,3.1110000610351562,3.507999897003174,78.0,89.0,3.9000000953674316,0.0,,,988.0,AEROBIC_BASE,138.41091918945312,IMPROVING_AEROBIC_ENDURANCE_9,NO_ANAEROBIC_BENEFIT_0,,,,2,77.0,3560.419921875,RWD_RUN,0,77.0,77.0,11076,11076.7900390625,3.1110000610351562,3.507999897003174,0,78.0,seances/2026-02-08_running_21805062287.md,301.7,319.3,321.3,55,55,62,5,43,Mostly Cloudy,0.1,1.1,47.6,10.6,Daily shoes,153.0,167.0,0,58,-13,6.544,67.0,2853.644,633.097,0.0,152.1,153.1,1.0,160.5625,167.0,9518,9.84000015258789,275.6000061035156,116.2800048828125,53.0,8.470000267028809,167.0,3.124000072479248,301.80499267578125,496.2829895019531,1596.626953125,11.19,11.15,1.1,non,-0.4,,,,,,,,,,,,,,,3212.6220703125,,,,,,,,,,,,,,,,,,,,,,,,,,,,,,,,,,48.02752803845352,,,,,,,,,,,,,,,,
21973565832,2026-02-16,09:57,resort_skiing,de-Haute-Provence - Espace Lumiere Ski,130.7,14.218,1612.0,94.0,154.0,,,,590.0,,27.8,FC,551.5,,,,,,,,de-Haute-Provence - Espace Lumiere Ski,,2026-02-16 09:57:54,2026-02-16 08:57:54,251,resort_skiing,165,0,0,1,9,uncategorized,10,0,0,0,0,14217.919921875,7841.68505859375,7841.68505859375,3831.0,1612.0,1869.0,1.812999963760376,16.024999618530273,44.369203951209784,6.600001249462366,1,0,,,2,private,0,0,0,124,1771232274000,13,,,,,,,3615274803,1482.199951171875,2164.60009765625,0,0,2.0,GARMIN,Uvernet-Fours,6,44.35596255585551,6.615558732300997,0,,,,,,,,,,,,,,,362.7569885253906,6,2939.590087890625,SKI_LIFT_SPLIT,0,0,1,0,0,,,,,,,,2026-02-16 11:08:35,0,c7a5512e-e71f-41f2-b3c5-4f4c7b7690b9,0,0,0,0,0,0,0,0,0,1567.0,486.0,157.0,1664,5731.18994140625,1.9500000476837158,4.572000026702881,7.0,195.0,0.6000000238418579,0.8999999761581421,,,1097.0,UNKNOWN,16.246353149414062,RECOVERY_5,NO_ANAEROBIC_BENEFIT_0,,,,6,45.0,4902.0,SKI_RUN_SPLIT,0,13.0,8.0,2727,8504.990234375,1.7350000143051147,16.024999618530273,0,1862.0,seances/2026-02-16_resort_skiing_21973565832.md,173.2,407.6,476.0,41,41,87,3,37,Partly Cloudy,35.4,7.8,1.0,,,94.0,154.0,50,4,-12,2121.899,465.008,58.0,0.0,0.0,93.1,91.5,-1.5,,,,,,,,,,,,,,10.68,12.38,-17.9,oui,15.9,,,,,,,,,,,,,,,,,,,,,,,,,,,,,,,,,,,,,,,,,,,,,,,,,1809.7656682329114,,,,,,,,,,,,,,,,
21973567617,2026-02-20,10:37,resort_skiing,de-Haute-Provence - Espace Lumiere Ski,394.7,54.52,6265.0,94.0,131.0,,,,1717.0,,83.9,FC,434.3,,,,,,,,de-Haute-Provence - Espace Lumiere Ski,,2026-02-20 10:37:22,2026-02-20 09:37:22,251,resort_skiing,165,0,0,1,9,uncategorized,10,0,0,0,0,54519.76953125,23679.947265625,23679.947265625,15888.998992919922,6265.0,7001.0,2.302000045776367,20.320999145507812,44.34037514962256,6.564193842932582,1,0,,,2,private,0,0,0,124,1771580242000,13,,,,,,,3615274803,1486.199951171875,2516.800048828125,0,0,6.199951171875,GARMIN,Uvernet-Fours,16,44.356257347390056,6.6130822990089655,0,,,,,,,,,,,,,,,417.9989929199219,16,15404.6220703125,SKI_RUN_SPLIT,0,0,1,0,0,,,,,,,,2026-02-20 16:12:01,0,622d1c5e-2e8d-4bb6-9b56-ef5b5b4c92cf,0,0,0,0,0,0,0,0,0,159.0,22.0,10.0,4409,33855.6015625,2.197999954223633,20.320999145507812,6945.0,590.0,0.6000000238418579,0.0,,,2770.0,RECOVERY,6.69439697265625,MINOR_AEROBIC_BENEFIT_0,NO_ANAEROBIC_BENEFIT_0,,,,16,6106.0,8274.630859375,SKI_LIFT_SPLIT,0,656.0,122.0,2584,21461.01953125,2.5940001010894775,5.989999771118164,0,56.0,seances/2026-02-20_resort_skiing_21973567617.md,69.3,243.6,293.8,63,63,34,2,34,Fair,149.5,13.2,,,,94.0,131.0,161,3,-25,8967.691,794.017,0.0,0.0,0.0,93.3,93.5,0.2,,,,,,,,,,,,,,12.0,13.03,-8.4,oui,8.7,,,,,,,,,,,,,,,,,,,,,,,,,,,,,,,,,,,,,,,,,,,,,,,,,2036.3955309171934,,,,,,,,,,,,,,,,
21973567772,2026-02-23,18:19,lap_swimming,Nat. piscine,29.8,1.5,,143.0,170.0,,,,357.0,,50.7,CSS,119.1,,,,,,,,Nat. piscine,,2026-02-23 18:19:10,2026-02-23 17:19:10,27,lap_swimming,26,0,0,0,9,uncategorized,10,0,0,0,0,1500.0,1787.2159423828125,2287.927978515625,1787.2159423828125,,,0.8389999866485596,3.7920000553131104,,,0,0,,,2,private,0,0,0,124,1771867150000,5,,,,,,,3615274803,,,0,0,,GARMIN,,3,,,0,,,,,,,,,,,,,,,259.18499755859375,,,,,,0,0,0,,,,,,,,2026-02-23 17:57:17,0,e182d146-0184-4569-b221-291456993032,0,0,0,0,0,0,0,0,0,,,,,,,,,45.0,3.299999952316284,0.6000000238418579,,,,AEROBIC_BASE,89.47956848144531,IMPROVING_AEROBIC_BASE_8,NO_ANAEROBIC_BENEFIT_0,,,,,,,,,,,,,,,,,seances/2026-02-23_lap_swimming_21973567772.md,,,,,,,,,,0.9,10.6,8.7,9.5,,143.0,170.0,0,35,,55.584,637.994,521.0,568.002,0.0,128.1,156.7,28.6,,,,,,,,,,,,,,,,,,,,,,,,,,,,,,,,,,28.0,88.0,30,5000.0,1,meter,100.0,848.0,0.0,28.299999237060547,64.56199645996094,435.80999755859375,,,,,,,,,,,,,,,,,,,,,,,,,,,,,,,,,,,,,,
21973567890,2026-02-24,12:21,hiit,HIIT,51.1,,,150.0,185.0,,,,660.0,,52.1,FC,,,,,,,,,HIIT,,2026-02-24 12:21:51,2026-02-24 11:21:51,180,hiit,29,0,0,0,9,uncategorized,10,0,0,0,0,0.0,3067.596923828125,3067.596923828125,3067.596923828125,,,0.0,,,,0,0,,,2,private,0,0,0,124,1771932111000,62,,,,,,,3615274803,,,0,0,,GARMIN,,1,,,0,,,,,,,,,,,,,,,3067.596923828125,1,3067.596923828125,WORKOUT_ROUND,0,0,0,0,0,,,,,,,,2026-02-24 12:12:58,0,86059e54-dc60-42da-b0e6-b8ae8aa507ba,0,0,0,0,0,0,0,0,0,,,,0,0.0,0.0,,,76.0,3.799999952316284,3.5,,,704.0,SPEED,226.8408660888672,IMPACTING_TEMPO_22,IMPROVING_ANAEROBIC_CAPACITY_AND_SPEED_12,,,,,,,,,,,,,,,,,seances/2026-02-24_hiit_21973567890.md,,,,,,,,,,3.6,6.8,18.3,19.7,,150.0,185.0,5,45,-11,216.069,409.983,1099.549,1180.005,153.991,140.5,159.9,19.3,,,42,,,,,,,,,,,,,,,,2.6,,,,,,,,,,,,,,,,,,,,,,,,,,,,,,,,,LUNGE,,21,0,3067596.923828125,1,0,1,1,21,,,,,,,,,,,,,,,,,,,,,,
21977491446,2026-02-25,07:20,virtual_ride,Lavardens Cycle Tour Demo (Gascony),31.1,13.247,276.0,123.0,142.0,178.0,189.0640187900474,62.0,379.0,,16.1,FC,140.7,1.8,7.1,7.6,8.8,4.0,1.6,0.1,Lavardens Cycle Tour Demo (Gascony),This is an easy ride around the village of Lavardens in France. It features gentle rolling hills with some autumn colors starting to appear in the trees.,2026-02-25 07:20:16,2026-02-25 06:20:16,152,virtual_ride,2,0,0,1,9,uncategorized,10,0,0,0,0,13246.8896484375,1864.2039794921875,1864.2039794921875,1862.0,276.0,324.0,7.105999946594239,17.839000701904297,43.7607001606375,0.511349905282259,1,0,62.0,96.0,2,private,0,0,0,124,1772000416000,2,178.0,381.0,189.0640187900474,186.75,42.3756261018279,0.9046125300959207,0,132.60000610351562,239.8000030517578,0,0,0.8000030517578125,TACX,Lavardens,1,43.70928875170648,0.5636454373598099,0,381,327,316,303,270,266,246,235,206,191,187,182,,0,1864.2039794921875,1,1864.2039794921875,VIRTUAL_ACTIVITY_SECTION,0,0,0,0,0,109.0,428.0,458.0,526.0,242.0,97.0,4.0,2026-02-25 06:51:20,0,c2541bb7-fda7-4355-8a77-3ca726c42fbd,0,0,0,0,0,0,0,0,0,,,,,,,,,46.0,2.4000000953674316,0.0,,,,RECOVERY,38.77436828613281,MINOR_AEROBIC_BENEFIT_0,NO_ANAEROBIC_BENEFIT_0,,,,,,,,,,,,,,,,,seances/2026-02-25_virtual_ride_21977491446.md,63.3,103.4,132.9,,,,,,,4.0,23.1,3.3,,triban ,123.0,142.0,,,,240.0,1384.0,199.0,0.0,0.0,118.7,127.3,8.6,,,,,,,,,,,,,,28.17,22.99,23.9,non,-18.4,,,,,,,,,,,,,,,,,,,,,,,,,,,,,,,,,,,,,,,,,,,,,,,,,188.48283257709554,,,,,,,,,,,,,,,,
21996149433,2026-02-26,12:11,running,Aulnay-sous-Bois Course à pied,43.6,7.186,60.0,143.0,159.0,310.0,314.0,155.203125,544.0,,37.6,FC,363.9,27.2,11.5,2.6,1.0,0.1,,,Aulnay-sous-Bois Course à pied,,2026-02-26 12:11:38,2026-02-26 11:11:38,1,running,17,0,0,1,9,uncategorized,10,0,0,0,0,7186.080078125,2614.884033203125,2837.89208984375,2613.3250122070312,60.0,60.0,2.7479999065399165,3.638999938964844,48.950333716347814,2.4870560131967068,1,0,,,2,private,0,0,0,124,1772104298000,1,310.0,487.0,314.0,,,,3615274803,57.20000076293945,79.5999984741211,0,0,0.5999984741210938,GARMIN,Aulnay-sous-Bois,8,48.952124677598476,2.4856913555413485,0,,,,,,,,,,,,,,,68.55000305175781,3,9.626999855041504,RWD_WALK,0,0,1,0,0,1630.757,689.4,156.076,60.984,3.945,,,2026-02-26 11:58:55,0,2bcd0cbc-a62c-47b9-a885-21b1f9873eb6,0,0,0,0,0,0,0,0,0,0.0,0.0,0.0,12,21.489999771118164,2.2320001125335693,1.9780000448226929,0.0,65.0,3.0999999046325684,0.0,,,726.0,AEROBIC_BASE,68.52214050292969,IMPROVING_AEROBIC_BASE_8,NO_ANAEROBIC_BENEFIT_0,,,,1,60.0,2614.884033203125,INTERVAL_ACTIVE,0,60.0,60.0,7186,7186.080078125,2.747999906539917,3.6389999389648438,0,60.0,seances/2026-02-26_running_21996149433.md,342.6,395.7,,61,61,68,11,50,Fair,0.5,6.6,35.5,1.0,Daily shoes,143.0,159.0,1,45,-11,31.101,397.567,2127.037,59.012,0.0,139.0,145.5,6.5,155.203125,171.0,6750,9.51999969482422,292.8999938964844,105.10000000000001,53.0,9.069999694824219,171.0,2.752000093460083,342.885986328125,551.5570068359375,1978.364990234375,10.08,9.59,9.1,non,-4.8,,3,60.0,2605.220947265625,RWD_RUN,0,31.0,20.0,3137,7164.58984375,2.75,3.6389999389648438,0,60.0,,,,,,,,,,,,,,,,,,,,,,,,,,,,,,,,,,,69.30550461952839,,,,,,,,,,,,,,,,
21996149544,2026-02-26,18:55,lap_swimming,Nat. piscine,21.3,1.0,,132.0,158.0,,,,241.0,,29.5,CSS,127.6,,,,,,,,Nat. piscine,,2026-02-26 18:55:37,2026-02-26 17:55:37,27,lap_swimming,26,0,0,0,9,uncategorized,10,0,0,0,0,1000.0,1275.8370361328125,1921.823974609375,1193.1510009765625,,,0.837999999523163,1.5440000295639038,,,0,0,,,2,private,0,0,0,124,1772128537000,5,,,,,,,3615274803,,,0,0,,GARMIN,,14,,,0,,,,,,,,,,,,,,,4.525000095367432,,,,,,0,0,0,,,,,,,,2026-02-26 18:27:38,0,1dfd65cd-c90b-43ac-8cf4-9c3b0678e549,0,0,0,0,0,0,0,0,0,,,,,,,,,32.0,2.5,1.2999999523162842,,,,AEROBIC_BASE,53.181427001953125,MAINTAINING_AEROBIC_FITNESS_1,MINOR_ANAEROBIC_BENEFIT_15,,,,,,,,,,,,,,,,,seances/2026-02-26_lap_swimming_21996149544.md,,,,,,,,,,3.9,8.5,8.2,0.2,,132.0,158.0,4,22,,231.472,507.048,494.759,13.0,0.0,122.1,143.4,21.3,,,,,,,,,,,,,,,,,,,,,,,,,,,,,,,,,,26.0,86.0,20,5000.0,1,meter,100.0,523.0,0.0,26.200000762939453,68.5,,,,,,,,,,,,,,,,,,,,,,,,,,,,,,,,,,,,,,,
22034149354,2026-02-27,12:25,hiit,HIIT,37.7,,,154.0,187.0,,,,493.0,,42.1,FC,,,,,,,,,HIIT,,2026-02-27 12:25:37,2026-02-27 11:25:37,180,hiit,29,0,0,0,9,uncategorized,10,0,0,0,0,0.0,2261.48095703125,2261.48095703125,2261.48095703125,,,0.0,,,,0,0,,,2,private,0,0,0,124,1772191537000,62,,,,,,,3615274803,,,0,0,,GARMIN,,1,,,0,,,,,,,,,,,,,,,2261.48095703125,1,2261.48095703125,WORKOUT_ROUND,0,0,0,0,0,,,,,,,,2026-02-27 12:03:18,0,9492c429-1985-4305-84be-fe6f8a37a070,0,0,0,0,0,0,0,0,0,,,,0,0.0,0.0,,,56.0,3.5999999046325684,3.0,,,513.0,SPEED,166.53631591796875,IMPACTING_TEMPO_22,IMPROVING_ANAEROBIC_CAPACITY_AND_SPEED_12,,,,,,,,,,,,,,,,,seances/2026-02-27_hiit_22034149354.md,,,,,,,,,,0.4,4.3,14.3,17.6,,154.0,187.0,1,34,-7,24.176,258.258,859.805,1054.019,54.0,151.0,154.3,3.4,,,50,,,,,,,,,,,,,,,,0.9,,,,,,,,,,,,,,,,,,,,,,,,,,,,,,,,,PULL_UP,,25,0,2261480.95703125,1,0,1,1,25,,,,,,,,,,,,,,,,,,,,,,
22038590340,2026-03-02,18:43,lap_swimming,Nat. piscine,30.1,1.35,,131.0,151.0,,,,309.0,,36.2,CSS,133.7,,,,,,,,Nat. piscine,,2026-03-02 18:43:40,2026-03-02 17:43:40,27,lap_swimming,26,0,0,0,9,uncategorized,10,0,0,0,0,1350.0,1805.093994140625,2877.6220703125,1805.093994140625,,,0.7480000257492065,0.9739999771118164,,,0,0,,,2,private,0,0,0,124,1772473420000,5,,,,,,,3615274803,,,0,0,,GARMIN,,5,,,0,,,,,,,,,,,,,,,62.18299865722656,,,,,,0,0,0,,,,,,,,2026-03-02 18:31:37,0,6fab69ac-deea-4049-9581-352fb27fe034,0,0,0,0,0,0,0,0,0,,,,,,,,,45.0,2.5,0.4000000059604645,,,,AEROBIC_BASE,46.76683044433594,MAINTAINING_AEROBIC_FITNESS_1,NO_ANAEROBIC_BENEFIT_0,,,,,,,,,,,,,,,,,seances/2026-03-02_lap_swimming_22038590340.md,,,,,,,,,,3.8,12.6,13.3,,,131.0,151.0,2,43,,227.291,757.045,800.001,0.0,0.0,123.7,140.2,16.5,,,,,,,,,,,1304.510009765625,,,,,,,,,,,,,,,,,,,,,,,26.0,96.0,27,5000.0,1,meter,100.0,795.0,0.0,29.399999618530273,113.75,498.3110046386719,,,,,,,,,,,,,,,,,,,,,,,967.2479858398438,,,,,,,,,,,,,,,
22055048056,2026-03-04,07:08,virtual_ride,Lake Buffalo (Australia),44.1,22.049,186.0,123.0,146.0,186.0,194.2813534685979,76.0,558.0,,22.9,FC,119.9,1.0,10.0,11.4,11.9,6.5,2.9,0.4,Lake Buffalo (Australia),"Enjoy a light, rolling ride as you head south from the town of Myrtleford, Australia, in the state of Victoria, to scenic Lake Buffalo.",2026-03-04 07:08:51,2026-03-04 06:08:51,152,virtual_ride,2,0,0,1,9,uncategorized,10,0,0,0,0,22049.279296875,2643.24609375,2644.214111328125,2641.0,186.0,108.0,8.342000007629395,14.267999649047853,-36.5585211943835,146.72007749788463,1,0,76.0,104.0,2,private,0,0,0,124,1772604531000,2,186.0,410.0,194.2813534685979,193.43333333333334,63.446075949873276,0.9295758539167364,0,217.0,297.3999938964844,0,0,0.600006103515625,TACX,Myrtleford,1,-36.71433893032372,146.6565488744527,0,410,395,380,371,344,321,256,224,213,202,193,186,,0,2643.24609375,1,2644.214111328125,VIRTUAL_ACTIVITY_SECTION,0,0,0,0,0,61.0,600.0,682.0,716.0,389.0,174.0,22.0,2026-03-04 06:52:55,0,535a1305-ba2f-4ffc-8374-c2e6c4af475d,0,0,0,0,0,0,0,0,0,,,,,,,,,65.0,2.700000047683716,0.0,,,,AEROBIC_BASE,51.79429626464844,MAINTAINING_AEROBIC_BASE_7,NO_ANAEROBIC_BENEFIT_0,,,,,,,,,,,,,,,,,seances/2026-03-04_virtual_ride_22055048056.md,92.0,110.6,115.1,,,,,,,2.1,37.1,4.2,,triban ,123.0,146.0,,,,126.0,2228.0,250.0,0.0,0.0,121.4,126.2,4.8,,,,,,,,,,,,,,30.92,29.07,9.6,non,-6.0,,,,,,,,,,,,,,,,,,,,,,,,,,,,,,,,,,,,,,,,,,,,,,,,,246.1482601079205,,,,,,,,,,,,,,,,
22057382907,2026-03-04,12:00,running,Aulnay-sous-Bois Course à pied,44.4,7.484,60.0,141.0,169.0,315.0,320.0,154.0625,552.0,,36.5,FC,355.6,20.1,17.8,3.8,0.9,0.2,,,Aulnay-sous-Bois Course à pied,,2026-03-04 12:00:57,2026-03-04 11:00:57,1,running,17,0,0,1,9,uncategorized,10,0,0,0,0,7483.580078125,2661.083984375,2797.77294921875,2650.175994873047,60.0,58.0,2.812000036239624,5.784999847412109,48.95030806772411,2.487209066748619,1,0,,,2,private,0,0,0,124,1772622057000,1,315.0,697.0,320.0,,,,3615274803,51.0,75.5999984741211,0,0,1.0,GARMIN,Aulnay-sous-Bois,8,48.950243946164846,2.4872870184481144,0,,,,,,,,,,,,,,,151.4290008544922,,,,,,1,0,0,1203.438,1066.455,226.452,51.997,14.53,,,2026-03-04 11:47:34,0,67a6ab24-dbd7-4a28-b7d3-b05a526e1996,0,0,0,0,0,0,0,0,0,,,,,,,,,66.0,3.200000047683716,0.5,,,737.0,AEROBIC_BASE,81.52444458007812,IMPROVING_AEROBIC_BASE_8,NO_ANAEROBIC_BENEFIT_0,,,,,,,,,,,,,,,,,seances/2026-03-04_running_22057382907.md,335.8,364.9,,63,63,48,10,43,Fair,1.7,6.3,36.2,0.1,Daily shoes,141.0,169.0,0,44,-12,101.719,375.83,2174.876,8.533,0.0,137.6,145.2,7.7,154.0625,183.0,6938,9.55,289.3999938964844,106.49000244140626,53.0,8.989999771118164,183.0,2.799000024795532,335.7770080566406,547.718994140625,1824.447021484375,9.98,10.06,4.5,oui,0.8,,,,,,,,,,,,,,,,,,,,,,,,,,,,,,,,,,,,,,,,,,,,,,,,,64.70353385667156,,,,,,,,,,,,,,,,
22069393567,2026-03-05,12:19,hiit,HIIT,40.7,,,124.0,167.0,,,,332.0,,21.7,FC,,,,,,,,,HIIT,,2026-03-05 12:19:26,2026-03-05 11:19:26,180,hiit,29,0,0,0,9,uncategorized,10,0,0,0,0,0.0,2443.635009765625,2443.635009765625,2443.635009765625,,,0.0,,,,0,0,,,2,private,0,0,0,124,1772709566000,62,,,,,,,3615274803,,,0,0,,GARMIN,,1,,,0,,,,,,,,,,,,,,,2443.635009765625,1,2443.635009765625,WORKOUT_ROUND,0,0,0,0,0,,,,,,,,2026-03-05 12:00:09,0,95b5a410-1d0c-41ff-a00c-6c452cd25aa0,0,0,0,0,0,0,0,0,0,,,,0,0.0,0.0,,,61.0,2.299999952316284,1.2999999523162842,,,418.0,RECOVERY,48.00431823730469,MINOR_AEROBIC_BENEFIT_0,MINOR_ANAEROBIC_BENEFIT_15,,,,,,,,,,,,,,,,,seances/2026-03-05_hiit_22069393567.md,,,,,,,,,,12.9,14.7,9.1,1.4,,124.0,167.0,20,15,-7,776.985,883.46,548.549,85.002,0.0,127.4,119.2,-8.3,,,10,,,,,,,,,,,,,,,,,,,,,,,,,,,,,,,,,,,,,,,,,,,,,,,,,OLYMPIC_LIFT,CLEAN,5,0,2443635.009765625,1,0,1,1,5,,,,,,,,,,,,,,,,,,,,,,
22108435619,2026-03-08,09:02,cycling,Chevrières Cyclisme,102.2,44.45,438.0,137.0,188.0,,,,1093.0,,76.2,FC,138.0,,,,,,,,Chevrières Cyclisme,,2026-03-08 09:02:55,2026-03-08 08:02:55,2,cycling,17,0,0,1,9,uncategorized,10,0,0,0,0,44450.3984375,6134.3671875,6134.3671875,6076.927001953125,438.0,430.0,7.245999813079834,11.869000434875488,49.345544977113605,2.684398451820016,1,0,,,2,private,0,0,0,124,1772956975000,2,,,,,,,3615274803,25.399999618530273,98.5999984741211,0,0,2.0,GARMIN,Chevrières,9,49.34764791280031,2.731200400739908,0,,,,,,,,,,,,,,,581.666015625,,,,,,0,0,0,,,,,,,,2026-03-08 09:45:09,0,50c22179-9fc7-483d-a84f-925b5ab12dd3,0,0,0,0,0,0,0,0,0,,,,,,,,,153.0,3.5,3.299999952316284,,,787.0,SPEED,192.30645751953125,IMPROVING_AEROBIC_ENDURANCE_9,IMPROVING_ANAEROBIC_CAPACITY_AND_SPEED_12,,,5399.5390625,,,,,,,,,,,,,,seances/2026-03-08_cycling_22108435619.md,100.4,112.7,119.2,43,43,100,4,43,Fog,14.3,23.2,46.7,12.0,triban ,137.0,188.0,29,69,-23,860.0,1393.967,2803.928,722.967,208.0,127.6,146.6,19.1,,,,,,,,,,,,,,,,,,,3.5,,,,,,,,,,,,,,,,,,,,,,,,,,,,,,,,,,,,,,,,,,,,,,,,49.326611177939576,,,,,,,,,,,,,,,,
22100367984,2026-03-08,09:03,road_biking,Chevrières Cyclisme sur route,107.8,47.762,267.0,,,,,,1687.0,15.0,,FC,135.4,,,,,,,,Chevrières Cyclisme sur route,,2026-03-08 09:03:38,2026-03-08 08:03:38,10,road_biking,2,0,0,1,9,uncategorized,10,0,0,0,0,47762.2109375,6465.30615234375,6537.6298828125,6435.0889892578125,267.0,266.0,7.387000083923341,11.635000228881834,49.34723502025008,2.685608211904764,1,0,,,2,private,0,0,0,124,1772957018000,2,,,,,,,3499830968,30.399999618530273,98.5999984741211,0,0,0.600006103515625,GARMIN,Chevrières,10,49.346441589295864,2.683610301464796,0,,,,,,,,,,,,,,,321.1780090332031,0,0.0,SURFACE_TYPE_UNPAVED,0,0,1,0,0,,,,,,,,2026-03-08 09:52:35,0,b5b331ec-0ba8-43a9-8743-867db33dcbab,0,0,0,0,0,0,0,0,0,,,,,,,,,160.0,0.10000000149011612,0.0,7.0,15.0,1248.0,UNKNOWN,1.502899169921875,NO_AEROBIC_BENEFIT_18,NO_ANAEROBIC_BENEFIT_0,0.0,1125.0,5192.2470703125,1,267.0,6434.966796875,SURFACE_TYPE_PAVED,0,267.0,267.0,47735,47735.828125,7.418000221252441,11.635000228881836,0,266.0,seances/2026-03-08_road_biking_22100367984.md,100.2,112.8,119.3,43,43,100,4,43,Fog,,,,,triban ,,,28,69,,,,,,,,,,,,,,,,,,,,,,,,,,,,,,,,,,,,,,,,,,,,,,,,,,,,,,,,,,,,,,,,,,,,,,,,,,,,51.375835409848996,,,,,,,,,,,,,,,,
22179384742,2026-03-08,10:54,road_biking,Chevrières Cyclisme sur route,186.3,78.884,559.0,,,,,,2726.0,14.0,,FC,141.7,,,,,,,,Chevrières Cyclisme sur route,,2026-03-08 10:54:51,2026-03-08 09:54:51,10,road_biking,2,0,0,1,9,uncategorized,10,0,0,0,0,78884.3125,11177.14453125,607722.8125,11162.489990234375,559.0,560.0,7.058000087738037,12.763999938964844,49.34516762383282,2.684278842061758,1,0,,,2,private,0,0,0,124,1772963691000,2,,,,,,,3499830968,-25.799999237060547,122.5999984741211,0,0,0.7999992370605469,GARMIN,Chevrières,16,49.34547381475568,2.684228802099824,0,,,,,,,,,,,,,,,592.3170166015625,0,0.0,SURFACE_TYPE_UNPAVED,0,0,1,0,0,,,,,,,,2026-03-15 10:43:33,0,922b2f0d-b106-4262-a56d-0be4929b3852,0,0,0,0,0,0,0,0,0,,,,,,,,,278.0,0.10000000149011612,0.0,1.0,14.0,2178.0,UNKNOWN,1.502899169921875,NO_AEROBIC_BENEFIT_18,NO_ANAEROBIC_BENEFIT_0,1257.0059999999999,2062.0,,1,559.0,11166.8076171875,SURFACE_TYPE_PAVED,0,559.0,559.0,78844,78844.4765625,7.060999870300293,12.763999938964844,0,560.0,seances/2026-03-08_road_biking_22179384742.md,96.2,116.3,120.9,45,45,100,2,45,Fog,,,,,triban ,,,7,68,,,,,,,,,,,,,,,,,,,,,,,,,,,,,,,,,,,,,,,,,,,,,,,,,,,,,,,,,,,,,,,,,,,,,,,,,,,,78.64100225085913,,,,,,,,,,,,,,,,
22137277566,2026-03-11,12:19,hiit,HIIT,39.7,,,142.0,180.0,,,,453.0,,33.4,FC,,,,,,,,,HIIT,,2026-03-11 12:19:35,2026-03-11 11:19:35,180,hiit,29,0,0,0,9,uncategorized,10,0,0,0,0,0.0,2379.0810546875,2379.0810546875,2379.0810546875,,,0.0,,,,0,0,,,2,private,0,0,0,124,1773227975000,62,,,,,,,3615274803,,,0,0,,GARMIN,,1,,,0,,,,,,,,,,,,,,,2379.0810546875,1,2379.0810546875,WORKOUT_ROUND,0,0,0,0,0,,,,,,,,2026-03-11 11:59:14,0,3369e0a7-3ed7-4627-aec4-25ac3ad8d6d7,0,0,0,0,0,0,0,0,0,,,,0,0.0,0.0,,,59.0,3.200000047683716,3.200000047683716,,,484.0,SPEED,155.51344299316406,IMPROVING_AEROBIC_FITNESS_2,IMPROVING_ANAEROBIC_CAPACITY_AND_SPEED_12,,,,,,,,,,,,,,,,,seances/2026-03-11_hiit_22137277566.md,,,,,,,,,,3.0,6.8,18.2,9.5,,142.0,180.0,2,34,,179.996,406.009,1093.003,569.989,22.002,133.6,147.4,13.8,,,18,,,,,,,,,,,,,,,,0.4,,,,,,,,,,,,,,,,,,,,,,,,,,,,,,,,,TRICEPS_EXTENSION,BENCH_DIP,9,0,2379081.0546875,1,0,1,1,9,,,,,,,,,,,,,,,,,,,,,,
22141278867,2026-03-11,18:51,lap_swimming,Nat. piscine,24.8,1.25,,136.0,163.0,,,,266.0,,42.3,CSS,119.1,,,,,,,,Nat. piscine,,2026-03-11 18:51:24,2026-03-11 17:51:24,27,lap_swimming,26,0,0,0,9,uncategorized,10,0,0,0,0,1250.0,1488.3060302734375,2063.860107421875,1431.7349853515625,,,0.8730000257492065,3.239000082015991,,,0,0,,,2,private,0,0,0,124,1773251484000,5,,,,,,,3615274803,,,0,0,,GARMIN,,11,,,0,,,,,,,,,,,,,,,0.0,,,,,,0,0,0,,,,,,,,2026-03-11 18:25:47,0,e4f375f2-ed78-4ce3-bfc7-ce02fce4f882,0,0,0,0,0,0,0,0,0,,,,,,,,,37.0,2.5999999046325684,1.0,,,,AEROBIC_BASE,60.472259521484375,MAINTAINING_AEROBIC_FITNESS_1,MINOR_ANAEROBIC_BENEFIT_15,,,,,,,,,,,,,,,,,seances/2026-03-11_lap_swimming_22141278867.md,,,,,,,,,,1.3,11.7,11.3,0.3,,136.0,163.0,1,32,,80.385,699.736,680.916,21.0,0.0,130.6,143.2,12.6,,,,,,,,,,,,,,,,,,,,,,,,,,,,,,,,,,25.0,81.0,25,5000.0,1,meter,100.0,601.0,0.0,24.0,55.9370002746582,493.9989929199219,,,,,,,,,,,,,,,,,,,,,,,,,,,,,,,,,,,,,,
22179401960,2026-03-15,08:35,cycling,Chevrières Cyclisme,188.1,78.993,882.0,134.0,189.0,,,,1660.0,,130.1,FC,142.9,,,,,,,,Chevrières Cyclisme,,2026-03-15 08:35:13,2026-03-15 07:35:13,2,cycling,17,0,0,1,9,uncategorized,10,0,0,0,0,78992.7578125,11287.9404296875,11302.3974609375,11183.718017578125,882.0,881.0,6.998000144958496,12.838999748229982,49.34549007564783,2.6843596436083317,1,0,,,2,private,0,0,0,124,1773560113000,2,,,,,,,3615274803,24.799999237060547,121.0,0,0,2.4000015258789062,GARMIN,Chevrières,16,49.3454883992672,2.684007603675127,0,,,,,,,,,,,,,,,592.0759887695312,,,,,,0,0,0,,,,,,,,2026-03-15 10:43:35,0,817c83f4-7f11-4424-9ad9-d3cb9043211d,0,0,0,0,0,0,0,0,0,,,,,,,,,281.0,3.700000047683716,3.799999952316284,,,1454.0,SPEED,251.47630310058594,IMPROVING_AEROBIC_ENDURANCE_9,IMPROVING_ANAEROBIC_CAPACITY_AND_SPEED_12,,,5225.2431640625,,,,,,,,,,,,,,seances/2026-03-15_cycling_22179401960.md,94.3,116.1,120.8,37,37,81,0,32,Fair,21.6,58.0,75.9,21.7,triban ,134.0,189.0,44,101,-20,1294.405,3478.23,4554.973,1299.71,105.988,136.3,130.1,-6.2,,,,,,,,,,,,,,,,,,,1.8,,,,,,,,,,,,,,,,,,,,,,,,,,,,,,,,,,,,,,,,,,,,,,,,74.8768672055937,,,,,,,,,,,,,,,,
22195000315,2026-03-16,18:41,lap_swimming,Nat. piscine,25.0,1.3,,138.0,170.0,,,,299.0,,46.9,CSS,115.3,,,,,,,,Nat. piscine,,2026-03-16 18:41:54,2026-03-16 17:41:54,27,lap_swimming,26,0,0,0,9,uncategorized,10,0,0,0,0,1300.0,1499.333984375,3439.343994140625,1481.9210205078125,,,0.8769999742507935,1.0549999475479126,,,0,0,,,2,private,0,0,0,124,1773682914000,5,,,,,,,3615274803,,,0,0,,GARMIN,,13,,,0,,,,,,,,,,,,,,,6.859000205993652,,,,,,0,0,0,,,,,,,,2026-03-16 18:39:13,0,da47d333-9996-4a70-a352-2c8aa8b1ed7a,0,0,0,0,0,0,0,0,0,,,,,,,,,37.0,2.5999999046325684,1.7000000476837158,,,,AEROBIC_BASE,72.37968444824219,MAINTAINING_AEROBIC_FITNESS_1,MINOR_ANAEROBIC_BENEFIT_15,,,,,,,,,,,,,,,,,seances/2026-03-16_lap_swimming_22195000315.md,,,,,,,,,,2.2,10.5,8.2,3.9,,138.0,170.0,4,49,,134.562,632.763,489.998,236.999,0.0,131.4,145.6,14.2,,,,,,,,,,,,,,,,,,,,,,,,,,,,,,,,,,27.0,83.0,26,5000.0,1,meter,100.0,666.0,0.0,25.600000381469727,96.46800231933594,,,,,,,,,,,,,,,,,,,,,,,,,,,,,,,,,,,,,,,
22213626893,2026-03-18,12:08,running,Aulnay-sous-Bois Course à pied,43.5,7.915,67.0,142.0,158.0,342.0,347.0,156.1875,563.0,,36.7,FC,329.8,7.3,19.2,13.1,2.6,0.4,,,Aulnay-sous-Bois Course à pied,,2026-03-18 12:08:31,2026-03-18 11:08:31,1,running,17,0,0,1,9,uncategorized,10,0,0,0,0,7915.33984375,2610.1650390625,2699.221923828125,2601.7420043945312,67.0,77.0,3.0329999923706055,4.002999782562256,48.950440753251314,2.486934056505561,1,0,,,2,private,0,0,0,124,1773832111000,1,342.0,510.0,347.0,,,,3615274803,48.400001525878906,76.80000305175781,0,0,0.600006103515625,GARMIN,Aulnay-sous-Bois,8,48.95023196004331,2.4872410856187344,0,,,,,,,,,,,,,,,287.5889892578125,,,,,,1,0,0,435.485,1149.295,788.292,157.019,21.001,,,2026-03-18 11:53:30,0,ba4e22ab-100a-4668-b661-10d2ed598204,0,0,0,0,0,0,0,0,0,,,,,,,,,65.0,3.200000047683716,0.0,,,724.0,AEROBIC_BASE,90.04891967773438,IMPROVING_AEROBIC_BASE_8,NO_ANAEROBIC_BENEFIT_0,,,,,,,,,,,,,,,,,seances/2026-03-18_running_22213626893.md,318.0,332.9,,57,57,36,15,30,Fair,1.3,6.0,35.9,0.3,Daily shoes,142.0,158.0,1,43,-9,77.442,362.767,2152.592,17.254,0.0,137.0,146.7,9.7,156.1875,173.0,6836,9.86999969482422,282.0,114.45999755859376,54.0,8.640000343322754,173.0,3.0260000228881836,318.0159912109375,514.718017578125,1664.666015625,10.45,11.09,0.9,oui,6.1,,,,,,,,,,,,,,,,,,,,,,,,,,,,,,,,,,,,,,,,,,,,,,,,,64.79838956499393,,,,,,,,,,,,,,,,
22225608789,2026-03-19,12:20,hiit,HIIT,41.9,,,141.0,189.0,,,,464.0,,34.4,FC,,,,,,,,,HIIT,,2026-03-19 12:20:39,2026-03-19 11:20:39,180,hiit,29,0,0,0,9,uncategorized,10,0,0,0,0,0.0,2513.1640625,2513.85888671875,2504.908935546875,,,0.0,,,,0,0,,,2,private,0,0,0,124,1773919239000,62,,,,,,,3615274803,,,0,0,,GARMIN,,1,,,0,,,,,,,,,,,,,,,2513.1640625,2,2513.1640625,WORKOUT_ROUND,0,0,0,0,0,,,,,,,,2026-03-19 12:02:32,0,a97e0a92-0c62-4317-ac9e-0098d588ee84,0,0,0,0,0,0,0,0,0,,,,0,0.0,0.0,,,63.0,2.799999952316284,3.799999952316284,,,495.0,SPEED,206.3385009765625,MAINTAINING_AEROBIC_FITNESS_1,IMPROVING_ANAEROBIC_CAPACITY_AND_SPEED_12,,,,,,,,,,,,,,,,,seances/2026-03-19_hiit_22225608789.md,,,,,,,,,,2.8,14.2,17.2,6.3,,141.0,189.0,9,32,-7,169.0,851.317,1029.018,380.561,78.0,138.0,141.4,3.5,,,16,,,,,,,,,,,,,,,,1.3,,,,,,,,,,,,,,,,,,,,,,,,,,,,,,,,,UNKNOWN,,8,0,2504908.9965820312,2,0,2,2,8,,,,,,,,0,,,,,,,,,,,,,,
22251027233,2026-03-21,16:17,running,Chevrières Course à pied,55.8,10.932,85.0,153.0,175.0,372.0,375.0,159.546875,794.0,,61.0,FC,306.5,0.4,15.9,29.4,9.5,0.5,,,Chevrières Course à pied,,2026-03-21 16:17:52,2026-03-21 15:17:52,1,running,17,0,0,1,9,uncategorized,10,0,0,0,0,10931.9404296875,3350.550048828125,3456.962890625,3343.0900268554688,85.0,84.0,3.263000011444092,4.552999973297119,49.345500469207764,2.684824923053384,1,0,,,2,private,0,0,0,124,1774106272000,1,372.0,517.0,375.0,,,,3615274803,29.600000381469727,89.4000015258789,0,0,0.6000022888183594,GARMIN,Chevrières,11,49.34547993354499,2.6841588132083416,0,,,,,,,,,,,,,,,267.5740051269531,,,,,,1,0,0,25.026,953.284,1761.838,569.593,29.998,,,2026-03-21 16:15:28,0,83b916f6-68bd-4219-b176-2edb1df14091,0,0,0,0,0,0,0,0,0,,,,,,,,,84.0,3.9000000953674316,0.0,,,930.0,TEMPO,159.4521942138672,IMPACTING_TEMPO_22,NO_ANAEROBIC_BENEFIT_0,,,,,,,,,,,,,,,,,seances/2026-03-21_running_22251027233.md,255.0,281.8,314.1,61,61,45,10,39,Fair,0.4,4.4,28.4,22.6,Daily shoes,153.0,175.0,0,57,-11,23.989,264.241,1701.245,1357.521,0.0,143.1,163.3,20.2,159.546875,167.0,8888,10.16999969482422,274.0,122.9,54.0,8.3100004196167,167.0,3.2839999198913574,255.1529998779297,422.625,1409.135986328125,10.86,12.57,-1.4,oui,15.7,,,,,,,,,,,,,,,3141.339111328125,,,,,,,,,,,,,,,,,,,,,,,,,,,,,,,,,,52.06750221161372,,0,,,,,,,,,,,,,,
22257919035,2026-03-22,08:36,cycling,Chevrières Cyclisme,168.3,73.781,876.0,144.0,189.0,,,,1628.0,,148.8,FC,136.9,,,,,,,,Chevrières Cyclisme,,2026-03-22 08:36:34,2026-03-22 07:36:34,2,cycling,17,0,0,1,9,uncategorized,10,0,0,0,0,73781.140625,10100.54296875,10359.365234375,10046.745971679688,876.0,870.0,7.304999828338623,14.267000198364258,49.345479095354676,2.6843487471342087,1,0,,,2,private,0,0,0,124,1774164994000,2,,,,,,,3615274803,26.0,183.1999969482422,0,0,2.4000015258789062,GARMIN,Chevrières,15,49.34549359604716,2.684250259771943,0,,,,,,,,,,,,,,,449.0799865722656,,,,,,0,0,0,,,,,,,,2026-03-22 10:29:13,0,41c426d1-e43f-4068-b337-5ec31ad5f17c,0,0,0,0,0,0,0,0,0,,,,,,,,,252.0,4.199999809265137,3.700000047683716,,,1496.0,SPEED,336.61737060546875,HIGHLY_IMPROVING_AEROBIC_FITNESS_3,IMPROVING_ANAEROBIC_CAPACITY_AND_SPEED_12,,,5400.39208984375,,,,,,,,,,,,,,seances/2026-03-22_cycling_22257919035.md,86.7,116.9,121.1,43,39,87,7,39,Fair,8.3,42.7,65.3,44.3,triban ,144.0,189.0,37,94,-29,497.659,2561.961,3918.868,2655.229,452.571,148.6,138.0,-10.6,,,,,,,,,,,,,,,,,,,7.5,,,,,,,,,,,,,,,,,,,,,,,,,,,,,,,,,,,,,,,,,,,,,,,,67.4408712517389,,0,,,,,,,,,,,,,,
22468391098,2026-03-22,08:36,road_biking,Chevrières Cyclisme sur route,167.9,73.695,627.0,,,,,,2689.0,17.0,,FC,136.7,,,,,,,,Chevrières Cyclisme sur route,,2026-03-22 08:36:30,2026-03-22 07:36:30,10,road_biking,2,0,0,1,9,uncategorized,10,0,0,0,0,73694.6328125,10071.25390625,10357.55859375,10032.304016113281,627.0,626.0,7.316999912261963,14.23900032043457,49.34553416445851,2.685245191678405,1,0,,,2,private,0,0,0,124,1774164990000,2,,,,,,,3499830968,31.399999618530273,184.60000610351562,0,0,0.8000030517578125,GARMIN,Chevrières,15,49.34548328630626,2.684240620583296,0,,,,,,,,,,,,,,,439.5090026855469,4,9986.7060546875,SURFACE_TYPE_PAVED,0,0,1,0,0,,,,,,,,2026-03-22 10:29:07,0,8cfb320b-d638-44d5-a2bd-63866a370b01,0,0,0,0,0,0,0,0,0,616.0,239.0,154.0,31771,73295.890625,7.339000225067139,14.23900032043457,619.0,250.0,0.10000000149011612,0.0,8.0,17.0,2338.0,UNKNOWN,1.502899169921875,NO_AEROBIC_BENEFIT_18,NO_ANAEROBIC_BENEFIT_0,3352.0159999999996,2250.0,5299.80810546875,3,11.0,58.983001708984375,SURFACE_TYPE_UNPAVED,0,11.0,4.0,384,398.739990234375,6.760000228881836,8.967000007629395,0,7.0,seances/2026-03-22_road_biking_22468391098.md,88.2,117.0,121.2,43,39,87,7,39,Fair,,,,,triban ,,,37,94,,,,,,,,,,,,,,,,,,,,,,,,,,,,,,,,,,,,,,,,,,,,,,,,,,,,,,,,,,,,,,,,,,,,,,,,,,,,70.24950356157741,,0,,,,,,,,,,,,,,
22286635517,2026-03-24,18:52,lap_swimming,Nat. piscine,24.0,1.2,,114.0,155.0,,,,263.0,,40.0,CSS,120.0,,,,,,,,Nat. piscine,,2026-03-24 18:52:26,2026-03-24 17:52:26,27,lap_swimming,26,0,0,0,9,uncategorized,10,0,0,0,0,1200.0,1439.43701171875,2035.22998046875,1439.43701171875,,,0.8339999914169312,0.9760000109672546,,,0,0,,,2,private,0,0,0,124,1774374746000,5,,,,,,,3615274803,,,0,0,,GARMIN,,9,,,0,,,,,,,,,,,,,,,51.22600173950195,,,,,,0,0,0,,,,,,,,2026-03-24 18:26:21,0,8b8b54ce-27a5-4ae5-a044-3140f4e45130,0,0,0,0,0,0,0,0,0,,,,,,,,,36.0,2.299999952316284,0.699999988079071,,,,RECOVERY,47.17219543457031,MINOR_AEROBIC_BENEFIT_0,NO_ANAEROBIC_BENEFIT_0,,,,,,,,,,,,,,,,,seances/2026-03-24_lap_swimming_22286635517.md,,,,,,,,,,4.7,1.5,8.4,,,114.0,155.0,12,17,,283.782,88.762,506.001,0.0,0.0,93.4,144.5,51.2,,,,,,,,,,,,,,,,,,,,,,,,,,,,,,,,,,27.0,87.0,24,5000.0,1,meter,100.0,659.0,0.0,27.5,113.4219970703125,,,,,,,,,,,,,,,,,,,,,,,,,0,,,,,,,,,,,,,,
22291540655,2026-03-25,07:13,virtual_ride,Balcons d'Auris (French Alps),47.2,17.522,480.0,110.0,124.0,184.0,189.23143050465245,56.0,592.0,,16.9,FC,161.7,0.9,6.8,15.4,16.7,6.3,1.0,,Balcons d'Auris (French Alps),,2026-03-25 07:13:06,2026-03-25 06:13:06,152,virtual_ride,2,0,0,1,9,uncategorized,10,0,0,0,0,17521.7109375,2832.85498046875,2832.85498046875,2830.0,480.0,872.0,6.184999942779541,22.665000915527344,45.07487101480365,6.0522164683789015,1,0,56.0,120.0,2,private,0,0,0,124,1774419186000,2,184.0,303.0,189.23143050465245,199.855,64.50833232163231,0.9054135430844615,0,901.2000122070312,1335.199951171875,0,0,1.20001220703125,TACX,Huez,1,45.04572822712362,6.126904422417283,0,303,303,280,256,243,234,226,221,214,209,200,194,,0,2832.85498046875,1,2832.85498046875,VIRTUAL_ACTIVITY_SECTION,0,0,0,0,0,57.0,409.0,924.0,1003.0,381.0,59.0,0.0,2026-03-25 07:00:18,0,94ce53c1-1676-444b-845d-e2dd1e10cce4,0,0,0,0,0,0,0,0,0,,,,,,,,,70.0,2.299999952316284,0.0,,,,AEROBIC_BASE,39.60838317871094,MAINTAINING_AEROBIC_BASE_7,NO_ANAEROBIC_BENEFIT_0,,,,,,,,,,,,,,,,,seances/2026-03-25_virtual_ride_22291540655.md,45.6,67.5,145.7,,,,,,,37.4,9.0,,,triban ,110.0,124.0,,,,2242.0,538.0,0.0,0.0,0.0,108.3,112.7,4.5,,,,,,,,,,,,,,19.44,25.56,-26.3,oui,31.5,,,,,,,,,,,,,,,,,,,,,,,,,,,,,,,,,,,,,,,,,,,,,,,,,1159.26925556844,,0,,,,,,,,,,,,,,
22304882025,2026-03-26,12:17,running,Aulnay-sous-Bois Course à pied,45.4,8.34,70.0,145.0,165.0,347.0,351.0,158.0625,617.0,,41.1,FC,326.9,4.4,22.2,14.2,3.0,0.7,,,Aulnay-sous-Bois Course à pied,,2026-03-26 12:17:07,2026-03-26 11:17:07,1,running,17,0,0,1,9,uncategorized,10,0,0,0,0,8340.3896484375,2726.22607421875,2787.8701171875,2715.6399841308594,70.0,77.0,3.059000015258789,4.255000114440918,48.95046019926667,2.4868366587907076,1,0,,,2,private,0,0,0,124,1774523827000,1,347.0,506.0,351.0,,,,3615274803,42.20000076293945,73.0,0,0,0.600006103515625,GARMIN,Aulnay-sous-Bois,9,48.95026138052344,2.4871950689703226,0,,,,,,,,,,,,,,,92.91899871826172,,,,,,1,0,0,261.309,1332.697,851.121,177.009,40.855,,,2026-03-26 12:03:34,0,8a74fb9a-17b4-484f-8880-53134f470d37,0,0,0,0,0,0,0,0,0,,,,,,,,,68.0,3.299999952316284,0.0,,,754.0,AEROBIC_BASE,103.51829528808594,IMPROVING_AEROBIC_BASE_8,NO_ANAEROBIC_BENEFIT_0,,,,,,,,,,,,,,,,,seances/2026-03-26_running_22304882025.md,294.3,323.7,,46,43,66,6,36,Mostly Cloudy,0.3,4.6,36.2,4.1,Daily shoes,145.0,165.0,2,43,-10,20.913,278.734,2169.653,243.058,0.0,139.0,150.9,11.9,158.0625,171.0,7216,9.85999984741211,278.8999938964844,115.49000244140626,54.0,8.569999694824219,171.0,3.0820000171661377,293.38299560546875,486.9169921875,1618.321044921875,10.74,11.14,4.4,oui,3.8,,,,,,,,,,,,,,,,,,,,,,,,,,,,,,,,,,,,,,,,,,,,,,,,,59.486762011492694,,0,,,,,,,,,,,,,,
22329029231,2026-03-28,16:22,running,Chevrières Course à pied,59.4,11.032,88.0,142.0,163.0,358.0,364.0,161.0625,780.0,,50.1,FC,323.3,7.8,24.1,17.6,9.4,0.4,,,Chevrières Course à pied,,2026-03-28 16:22:57,2026-03-28 15:22:57,1,running,17,0,0,1,9,uncategorized,10,0,0,0,0,11032.490234375,3566.39697265625,3566.39697265625,3560.2459716796875,88.0,93.0,3.092999935150147,3.4619998931884766,49.34550616890192,2.68478712067008,1,0,,,2,private,0,0,0,124,1774711377000,1,358.0,472.0,364.0,,,,3615274803,23.600000381469727,84.80000305175781,0,0,1.5999984741210938,GARMIN,Chevrières,12,49.345443304628134,2.6840902492403984,0,,,,,,,,,,,,,,,10.24899959564209,1,3566.39697265625,INTERVAL_ACTIVE,0,0,1,0,0,467.96,1444.71,1057.925,562.997,25.0,,,2026-03-28 16:22:23,0,88ee8c0e-52b9-4fd4-be87-68022b8338af,0,0,0,0,0,0,0,0,0,88.0,88.0,88.0,11032,11032.490234375,3.0929999351501465,3.4619998931884766,93.0,89.0,3.299999952316284,0.0,,,990.0,AEROBIC_BASE,102.01040649414062,IMPROVING_AEROBIC_BASE_8,NO_ANAEROBIC_BENEFIT_0,,,,1,88.0,3566.35888671875,RWD_RUN,0,88.0,88.0,11032,11032.490234375,3.0929999351501465,3.4619998931884766,0,93.0,seances/2026-03-28_running_22329029231.md,306.3,320.4,322.3,50,45,43,15,28,Fair,0.3,1.0,54.1,3.8,Daily shoes,142.0,163.0,0,57,-10,19.001,60.999,3244.616,225.98,0.0,142.7,141.7,-1.0,161.0625,169.0,9558,9.76999969482422,275.1000061035156,115.21999511718751,55.0,8.479999542236328,169.0,3.0989999771118164,306.5169982910156,501.35101318359375,1602.1490478515625,10.97,11.21,-2.9,oui,2.2,,,,,,,,,,,,,,,3222.65087890625,,,,,,,,,,,,,,,,,,,,,,,,,,,,,,,,,,47.55832858468065,,0,,,,,,,,,,,,,,
22403714000,2026-03-29,08:37,road_biking,Chevrières Cyclisme sur route,145.4,57.147,435.0,,,,,,1932.0,12.0,,FC,152.6,,,,,,,,Chevrières Cyclisme sur route,,2026-03-29 08:37:42,2026-03-29 06:37:42,10,road_biking,2,0,0,1,9,uncategorized,10,0,0,0,0,57147.1484375,8721.1103515625,8861.2822265625,8702.076049804688,435.0,444.0,6.55299997329712,16.841999053955078,49.34554874897003,2.68437716178596,1,0,,,2,private,0,0,0,124,1774766262000,2,,,,,,,3499830968,-97.5999984741211,8.600000381469727,0,0,0.600006103515625,GARMIN,Chevrières,12,49.34546669013798,2.6840139739215374,0,,,,,,,,,,,,,,,249.83099365234375,3,8700.90625,SURFACE_TYPE_PAVED,0,0,1,0,0,,,,,,,,2026-03-29 09:05:23,0,81b37002-c168-4f4e-90e1-db0bfc85f1b9,0,0,0,0,0,0,0,0,0,435.0,245.0,145.0,32050,57108.55078125,6.564000129699707,16.841999053955078,443.0,217.0,0.10000000149011612,0.0,3.0,12.0,1613.0,UNKNOWN,1.502899169921875,NO_AEROBIC_BENEFIT_18,NO_ANAEROBIC_BENEFIT_0,2933.0139999999997,1500.0,5787.47802734375,2,0.0,6.988999843597412,SURFACE_TYPE_UNPAVED,0,0.0,0.0,31,38.560001373291016,5.517000198364258,7.269000053405762,0,1.0,seances/2026-03-29_road_biking_22403714000.md,72.2,105.6,109.6,37,33,87,6,34,Fair,,,,,triban ,,,58,70,,,,,,,,,,,,,,,,,,,,,,,,,,,,,,,,,,,,,,,,,,,,,,,,,,,,,,,,,,,,,,,,,,,,,,,,,,,,-45.23116973661604,,0,,,,,,,,,,,,,,
22335023021,2026-03-29,08:37,cycling,Chevrières Cyclisme,146.4,57.267,596.0,127.0,186.0,,,,1332.0,,84.5,FC,153.4,,,,,,,,Chevrières Cyclisme,,2026-03-29 08:37:38,2026-03-29 06:37:38,2,cycling,17,0,0,1,9,uncategorized,10,0,0,0,0,57266.6484375,8782.6201171875,8864.828125,8759.789978027344,596.0,592.0,6.519999980926514,16.841999053955078,49.345483873039484,2.6843364257365465,1,0,,,2,private,0,0,0,124,1774766258000,2,,,,,,,3615274803,27.399999618530273,132.60000610351562,0,0,2.2000045776367188,GARMIN,Chevrières,12,49.345464846119285,2.6838222797960043,0,,,,,,,,,,,,,,,258.04998779296875,,,,,,0,0,0,,,,,,,,2026-03-29 09:05:22,0,98145387-8532-43d9-a2af-a06bf6c3f54d,0,0,0,0,0,0,0,0,0,,,,,,,,,219.0,3.299999952316284,3.4000000953674316,,,1051.0,SPEED,212.11233520507812,IMPROVING_AEROBIC_BASE_8,IMPROVING_ANAEROBIC_CAPACITY_AND_SPEED_12,,,5856.7119140625,,,,,,,,,,,,,,seances/2026-03-29_cycling_22335023021.md,72.0,105.5,109.6,37,33,87,6,34,Fair,43.5,40.7,32.1,17.1,triban ,127.0,186.0,58,70,-26,2608.957,2442.971,1927.42,1027.575,242.002,113.7,139.4,25.7,,,,,,,,,,,,,,,,,,,4.0,,,,,,,,,,,,,,,,,,,,,,,,,,,,,,,,,,,,,,,,,,,,,,,,76.64661811810369,,0,,,,,,,,,,,,,,
22347117146,2026-03-30,12:10,running,Aulnay-sous-Bois Course à pied,47.6,9.39,77.0,154.0,173.0,375.0,381.0,157.8125,698.0,,53.2,FC,304.0,2.1,13.4,19.4,10.1,1.8,,,Aulnay-sous-Bois Course à pied,,2026-03-30 12:10:31,2026-03-30 10:10:31,1,running,17,0,0,1,9,uncategorized,10,0,0,0,0,9389.5302734375,2854.407958984375,2933.242919921875,2840.053985595703,77.0,80.0,3.2890000343322754,4.394999980926514,48.95033413544297,2.4871258344501257,1,0,,,2,private,0,0,0,124,1774865431000,1,375.0,525.0,381.0,,,,3615274803,43.599998474121094,74.80000305175781,0,0,0.8000030517578125,GARMIN,Aulnay-sous-Bois,10,48.95021972246468,2.487295316532254,0,,,,,,,,,,,,,,,110.65299987792969,,,,,,1,0,0,125.002,802.073,1161.189,606.903,108.002,,,2026-03-30 10:59:24,0,49a7ced6-15f4-45db-a6d8-91c979b0d495,0,0,0,0,0,0,0,0,0,,,,,,,,,71.0,3.700000047683716,0.0,,,792.0,TEMPO,145.48648071289062,IMPACTING_TEMPO_22,NO_ANAEROBIC_BENEFIT_0,,,,,,,,,,,,,,,,,seances/2026-03-30_running_22347117146.md,285.0,301.0,,54,54,58,10,39,Mostly Cloudy,0.3,1.0,20.8,25.4,Daily shoes,154.0,173.0,1,47,-12,18.995,59.182,1247.998,1524.709,0.0,148.3,160.1,11.8,157.8125,170.0,7578,10.16999969482422,272.3999938964844,123.45999755859376,55.0,8.260000228881836,170.0,3.2850000858306885,284.875,468.1029968261719,1504.970947265625,11.57,11.91,4.6,oui,3.0,,,,,,,,,,,,,,,,,,,,,,,,,,,,,,,,,,,,,,,,,,,,,,,,,60.61254813417902,,0,,,,,,,,,,,,,,
22362887135,2026-03-31,18:35,lap_swimming,Nat. piscine,25.6,1.3,,129.0,162.0,,,,276.0,,44.7,CSS,118.1,,,,,,,,Nat. piscine,,2026-03-31 18:35:15,2026-03-31 16:35:15,27,lap_swimming,26,0,0,0,9,uncategorized,10,0,0,0,0,1300.0,1535.2139892578125,2983.052001953125,1535.2139892578125,,,0.8470000028610231,1.0759999752044678,,,0,0,,,2,private,0,0,0,124,1774974915000,5,,,,,,,3615274803,,,0,0,,GARMIN,,8,,,0,,,,,,,,,,,,,,,95.46499633789062,,,,,,0,0,0,,,,,,,,2026-03-31 17:24:58,0,4f2cfdc4-1be2-41a2-ab8e-1a1d88325940,0,0,0,0,0,0,0,0,0,,,,,,,,,38.0,2.299999952316284,0.8999999761581421,,,,AEROBIC_BASE,54.33427429199219,MAINTAINING_AEROBIC_BASE_7,NO_ANAEROBIC_BENEFIT_0,,,,,,,,,,,,,,,,,seances/2026-03-31_lap_swimming_22362887135.md,,,,,,,,,,7.2,7.7,9.2,1.2,,129.0,162.0,6,32,,431.779,461.998,551.989,72.009,0.0,122.3,136.3,14.0,,,,,,,,,,,,,,,,,,,,,,,,,,,,,,,,,,28.0,87.0,26,5000.0,1,meter,100.0,717.0,0.0,27.600000381469727,95.46499633789062,473.93499755859375,,,,,,,,,,,,,,,,,,,,,,,,0,,,,,,,,,,,,,,
22370387182,2026-04-01,12:17,running,Aulnay-sous-Bois Course à pied,48.0,9.236,70.0,147.0,161.0,361.0,365.0,159.609375,675.0,,45.6,FC,311.9,4.2,22.7,15.8,4.1,0.5,,,Aulnay-sous-Bois Course à pied,,2026-04-01 12:17:16,2026-04-01 10:17:16,1,running,17,0,0,1,9,uncategorized,10,0,0,0,0,9235.740234375,2880.556884765625,2938.487060546875,2872.7109985351562,70.0,73.0,3.2060000896453857,4.320000171661377,48.95030605606735,2.48713631182909,1,0,,,2,private,0,0,0,124,1775038636000,1,361.0,493.0,365.0,,,,3615274803,48.599998474121094,78.4000015258789,0,0,0.600006103515625,GARMIN,Aulnay-sous-Bois,10,48.950234558433294,2.4872570112347603,0,,,,,,,,,,,,,,,62.50699996948242,,,,,,1,0,0,249.002,1362.043,950.581,243.969,29.002,,,2026-04-01 11:06:14,0,8f910b1f-6381-4105-8ce0-372ddf5ebdd2,0,0,0,0,0,0,0,0,0,,,,,,,,,72.0,3.4000000953674316,0.0,,,799.0,AEROBIC_BASE,119.82614135742188,IMPROVING_AEROBIC_BASE_8,NO_ANAEROBIC_BENEFIT_0,,,,,,,,,,,,,,,,,seances/2026-04-01_running_22370387182.md,286.2,310.2,,50,50,94,4,48,Mist,2.1,3.0,32.1,10.5,Daily shoes,147.0,161.0,1,47,-11,126.083,178.907,1928.958,627.628,0.0,139.8,153.9,14.0,159.609375,173.0,7698,9.969999694824219,273.29998779296875,119.5800048828125,55.0,8.369999885559082,173.0,3.20799994468689,286.031005859375,470.7980041503906,1551.281005859375,11.21,11.69,5.2,oui,4.3,,,,,,,,,,,,,,,,,,,,,,,,,,,,,,,,,,,,,,,,,,,,,,,,,63.311211463851436,,0,,,,,,,,,,,,,,
22374842778,2026-04-01,19:17,lap_swimming,Nat. piscine,24.8,1.3,,128.0,156.0,,,,258.0,,47.5,CSS,114.6,,,,,,,,Nat. piscine,,2026-04-01 19:17:15,2026-04-01 17:17:15,27,lap_swimming,26,0,0,0,9,uncategorized,10,0,0,0,0,1300.0,1489.6400146484375,2445.451904296875,1489.6400146484375,,,0.8730000257492065,1.0670000314712524,,,0,0,,,2,private,0,0,0,124,1775063835000,5,,,,,,,3615274803,,,0,0,,GARMIN,,8,,,0,,,,,,,,,,,,,,,28.81100082397461,,,,,,0,0,0,,,,,,,,2026-04-01 17:58:00,0,17d9b0c2-112b-4c0a-904f-35936100fff8,0,0,0,0,0,0,0,0,0,,,,,,,,,37.0,2.299999952316284,1.0,,,,RECOVERY,55.62286376953125,MINOR_AEROBIC_BENEFIT_0,MINOR_ANAEROBIC_BENEFIT_15,,,,,,,,,,,,,,,,,seances/2026-04-01_lap_swimming_22374842778.md,,,,,,,,,,8.8,3.0,12.0,0.4,,128.0,156.0,5,28,,530.944,180.696,717.995,26.001,0.0,113.6,140.4,26.8,,,,,,,,,,,,,,,,,,,,,,,,,,,,,,,,,,27.0,41.0,52,2500.0,1,meter,100.0,666.0,0.0,12.800000190734863,104.3740005493164,,,,,,,,,,,,,,,,,,,,,,,,,0,,,,,,,,,,,,,,
22405892862,2026-04-04,13:35,cycling,Chevrières Cyclisme,161.7,66.664,636.0,127.0,189.0,,,,1396.0,,93.3,FC,145.5,,,,,,,,Chevrières Cyclisme,,2026-04-04 13:35:16,2026-04-04 11:35:16,2,cycling,17,0,0,1,9,uncategorized,10,0,0,0,0,66664.1015625,9699.9736328125,9699.9736328125,9679.769897460938,636.0,631.0,6.873000144958496,14.378999710083008,49.34560029767454,2.685340326279402,1,0,,,2,private,0,0,0,124,1775302516000,2,,,,,,,3615274803,23.0,157.39999389648438,0,0,1.8000030517578125,GARMIN,Chevrières,14,49.34545638039708,2.6836369559168816,0,,,,,,,,,,,,,,,225.4199981689453,,,,,,0,0,0,,,,,,,,2026-04-04 14:16:55,0,4fe68996-bccf-47e3-849f-c343ffe1a865,0,0,0,0,0,0,0,0,0,,,,,,,,,242.0,3.4000000953674316,3.0,,,1419.0,SPEED,205.96546936035156,IMPROVING_AEROBIC_BASE_8,IMPROVING_ANAEROBIC_CAPACITY_AND_SPEED_12,,,5783.14111328125,,,,,,,,,,,,,,seances/2026-04-04_cycling_22405892862.md,83.6,109.7,116.2,55,55,82,13,50,Mostly Cloudy,19.5,42.5,48.0,22.4,triban ,127.0,189.0,34,78,-23,1171.023,2549.183,2877.86,1341.94,209.0,138.9,116.3,-22.7,,,,,,,,,,,,,,,,,,,3.5,,,,,,,,,,,,,,,,,,,,,,,,,,,,,,,,,,,,,,,,,,,,,,,,64.83292780492724,,0,,,,,,,,,,,,,,
22405853070,2026-04-04,13:35,road_biking,Chevrières Cyclisme sur route,161.4,66.698,467.0,,,,,70.0,2287.0,22.0,,FC,145.2,,,,,,,,Chevrières Cyclisme sur route,,2026-04-04 13:35:05,2026-04-04 11:35:05,10,road_biking,2,0,0,1,9,uncategorized,10,0,0,0,0,66697.640625,9682.78515625,9716.783203125,9677.507019042969,467.0,466.0,6.888000011444092,14.508999824523926,49.345487896353006,2.684581931680441,1,0,70.0,143.0,2,private,0,0,0,124,1775302505000,2,,,,,,,3499830968,32.20000076293945,163.1999969482422,0,0,0.600006103515625,GARMIN,Chevrières,14,49.34549108147621,2.6839733216911554,0,,,,,,,,,,,,,,,231.9770050048828,2,9679.9384765625,SURFACE_TYPE_PAVED,0,0,1,0,0,,,,,,,,2026-04-04 14:17:01,0,b59447b7-6a97-4998-a863-0d681a52ed88,0,0,0,0,0,0,0,0,0,467.0,356.0,234.0,52004,66690.8984375,6.889999866485596,14.508999824523926,466.0,241.0,0.10000000149011612,0.0,14.0,22.0,2585.0,UNKNOWN,1.502899169921875,NO_AEROBIC_BENEFIT_18,NO_ANAEROBIC_BENEFIT_0,3352.0159999999996,2437.0,5774.576171875,1,0.0,1.9989999532699585,SURFACE_TYPE_UNPAVED,0,0.0,0.0,3,3.9200000762939453,1.9600000381469727,1.9780000448226929,0,0.0,seances/2026-04-04_road_biking_22405853070.md,82.1,109.2,116.1,55,55,82,13,50,Mostly Cloudy,,,,,triban ,,,34,79,,,,,,,,,,,,,,,,,,,,,,,,,,,,,,,,,,,,,,,,,,,,,,,,,,10386.0,,,,,,,,,,,,,,,,,,,,,,,,,,71.5777961288148,,0,,,,,,,,,,,,,,
22430228168,2026-04-06,18:03,running,Chevrières Course à pied,55.1,11.06,81.0,152.0,166.0,378.0,380.0,161.234375,804.0,,58.8,FC,299.0,0.3,14.2,35.3,4.9,0.2,,,Chevrières Course à pied,,2026-04-06 18:03:48,2026-04-06 16:03:48,1,running,17,0,0,1,9,uncategorized,10,0,0,0,0,11060.3203125,3306.501953125,3335.68798828125,3300.2120056152344,81.0,79.0,3.34500002861023,3.825999975204468,49.34544498100877,2.685300763696432,1,0,,,2,private,0,0,0,124,1775491428000,1,378.0,497.0,380.0,,,,3615274803,29.799999237060547,91.19999694824219,0,0,0.40000152587890625,GARMIN,Chevrières,12,49.345464427024126,2.6841624174267054,0,,,,,,,,,,,,,,,16.636999130249023,,,,,,1,0,0,17.996,852.912,2117.909,292.33,15.0,,,2026-04-06 16:59:23,0,b44dfa35-4736-48d0-b349-5941be6117b7,0,0,0,0,0,0,0,0,0,,,,,,,,,82.0,3.700000047683716,0.0,,,918.0,AEROBIC_BASE,145.24755859375,IMPROVING_AEROBIC_ENDURANCE_9,NO_ANAEROBIC_BENEFIT_0,,,,,,,,,,,,,,,,,seances/2026-04-06_running_22430228168.md,275.8,290.5,298.0,64,64,28,8,30,Fair,0.2,0.5,32.5,21.8,Daily shoes,152.0,166.0,1,54,-9,11.066,28.021,1952.853,1309.278,0.0,148.0,155.1,7.1,161.234375,167.0,8866,10.100000000000001,267.79998779296875,124.2699951171875,55.0,8.140000343322754,167.0,3.3610000610351562,275.8340148925781,449.4779968261719,1452.7550048828125,11.66,12.28,-0.5,oui,5.3,,,,,,,,,,,,,,,2980.2451171875,,,,,,,,,,,,,,,,,,,,,,,,,,,,,,,,,,53.16424684068757,,0,,,,,,,,,,,,,,
22438104612,2026-04-07,12:14,running,Aulnay-sous-Bois Course à pied,48.8,9.233,73.0,154.0,172.0,358.0,362.0,160.734375,713.0,,54.5,FC,317.0,5.0,23.0,16.3,3.5,0.4,,,Aulnay-sous-Bois Course à pied,,2026-04-07 12:14:34,2026-04-07 10:14:34,1,running,17,0,0,1,9,uncategorized,10,0,0,0,0,9233.48046875,2927.376953125,2985.7939453125,2917.739990234375,73.0,74.0,3.1540000438690186,3.630000114440918,48.95035902969539,2.486991723999381,1,0,,,2,private,0,0,0,124,1775556874000,1,358.0,509.0,362.0,,,,3615274803,48.0,76.80000305175781,0,0,0.5999984741210938,GARMIN,Aulnay-sous-Bois,10,48.95027965307236,2.4871717672795057,0,,,,,,,,,,,,,,,72.56600189208984,3,10.229999542236328,RWD_STAND,0,0,1,0,0,302.169,1379.852,975.907,208.999,22.001,,,2026-04-07 11:04:19,0,c6ea3ddf-a39a-4ea0-82ca-5f02695758b0,0,0,0,0,0,0,0,0,0,0.0,0.0,0.0,6,6.320000171661377,0.6179999709129333,2.2860000133514404,0.0,73.0,3.5,0.0,,,813.0,TEMPO,133.26194763183594,IMPACTING_TEMPO_22,NO_ANAEROBIC_BENEFIT_0,,,,1,73.0,2927.376953125,INTERVAL_ACTIVE,0,73.0,73.0,9233,9233.48046875,3.1540000438690186,3.630000114440918,0,74.0,seances/2026-04-07_running_22438104612.md,296.1,311.0,,64,64,52,9,46,Fair,0.3,0.5,19.6,28.3,Daily shoes,154.0,172.0,1,48,-11,16.0,28.567,1173.12,1695.986,0.0,148.2,159.1,10.8,160.734375,169.0,7848,9.80999984741211,272.70001220703125,116.90999755859376,55.0,8.399999618530273,169.0,3.164999961853028,296.1059875488281,484.1919860839844,1554.803955078125,11.34,11.13,8.6,non,-1.9,,2,73.0,2917.123046875,RWD_RUN,0,72.0,37.0,9103,9227.16015625,3.1630001068115234,3.630000114440918,0,74.0,,,,,,,,,,,,,,,,,,,,,,,,,,,,,,,,,,,64.36740685617065,,0,,,,,,,,,,,,,,
22468393183,2026-04-08,12:19,running,Aulnay-sous-Bois Course à pied,44.5,7.944,75.0,144.0,160.0,333.0,338.0,158.265625,609.0,,39.4,FC,336.2,16.1,20.5,4.9,1.5,0.2,,,Aulnay-sous-Bois Course à pied,,2026-04-08 12:19:48,2026-04-08 10:19:48,1,running,17,0,0,1,9,uncategorized,10,0,0,0,0,7943.8701171875,2671.10107421875,2750.531005859375,2657.470977783203,75.0,76.0,2.9739999771118164,3.4800000190734863,48.95048559643328,2.4868481419980526,1,0,,,2,private,0,0,0,124,1775643588000,1,333.0,497.0,338.0,,,,3615274803,47.20000076293945,74.0,0,0,0.600006103515625,GARMIN,Aulnay-sous-Bois,8,48.95030622370541,2.4871247448027134,0,,,,,,,,,,,,,,,294.48699951171875,,,,,,1,0,0,964.606,1227.393,292.991,90.998,13.001,,,2026-04-08 11:05:38,0,15b016d4-305a-41df-b639-720b8c4c255a,0,0,0,0,0,0,0,0,0,,,,,,,,,67.0,3.200000047683716,0.0,,,741.0,AEROBIC_BASE,95.10635375976562,IMPROVING_AEROBIC_BASE_8,NO_ANAEROBIC_BENEFIT_0,,,,,,,,,,,,,,,,,seances/2026-04-08_running_22468393183.md,314.4,334.0,,68,68,46,4,46,Fair,0.3,4.1,35.6,4.3,Daily shoes,144.0,160.0,1,44,-10,19.988,248.957,2138.458,257.92,0.0,138.0,149.3,11.2,158.265625,167.0,7116,9.65999984741211,279.79998779296875,111.5,55.0,8.670000076293945,167.0,2.9809999465942383,314.5480041503906,511.3689880371094,1670.136962890625,10.28,10.9,1.9,oui,6.1,,,,,,,,,,,,,,,,,,,,,,,,,,,,,,,,,,,,,,,,,,,,,,,,,62.96389514765936,,0,,,,,,,,,,,,,,
22468394826,2026-04-09,17:14,cycling,Chevrières Cyclisme,125.0,57.98,540.0,138.0,174.0,,,,1262.0,,95.5,FC,129.4,,,,,,,,Chevrières Cyclisme,,2026-04-09 17:14:38,2026-04-09 15:14:38,2,cycling,17,0,0,1,9,uncategorized,10,0,0,0,0,57979.9609375,7500.23583984375,7500.23583984375,7473.009002685547,540.0,543.0,7.730000019073486,15.284000396728516,49.34600564651191,2.6852420903742313,1,0,,,2,private,0,0,0,124,1775747678000,2,,,,,,,3615274803,33.599998474121094,158.1999969482422,0,0,3.4000015258789062,GARMIN,Chevrières,12,49.34546995908022,2.6840375270694494,0,,,,,,,,,,,,,,,347.3139953613281,,,,,,0,0,0,,,,,,,,2026-04-09 17:19:38,0,da6afd21-b4b4-4bff-b59e-801556a10495,0,0,0,0,0,0,0,0,0,,,,,,,,,187.0,3.4000000953674316,2.299999952316284,,,1642.0,AEROBIC_BASE,158.3041229248047,IMPROVING_AEROBIC_BASE_8,MAINTAINING_ANAEROBIC_BASE_1,,,5102.73583984375,,,,,,,,,,,,,,seances/2026-04-09_cycling_22468394826.md,75.7,94.2,105.0,79,79,32,10,46,Fair,7.5,40.9,54.1,22.2,triban ,138.0,174.0,26,81,-13,451.087,2456.192,3245.893,1331.183,2.994,139.1,136.3,-2.7,,,,,,,,,,,,,,,,,,,0.0,,,,,,,,,,,,,,,,,,,,,,,,,,,,,,,,,,,,,,,,,,,,,,,,79.5733066696167,,0,,,,,,,,,,,,,,
22468391412,2026-04-09,17:14,road_biking,Chevrières Cyclisme sur route,124.9,58.011,440.0,,,,,78.0,2217.0,27.0,,FC,129.2,,,,,,,,Chevrières Cyclisme sur route,,2026-04-09 17:14:22,2026-04-09 15:14:22,10,road_biking,2,0,0,1,9,uncategorized,10,0,0,0,0,58011.078125,7495.19384765625,7536.18994140625,7487.496002197266,440.0,439.0,7.739999771118164,15.246000289916992,49.34567808173597,2.685272516682744,1,0,78.0,137.0,2,private,0,0,0,124,1775747662000,2,,,,,,,3499830968,33.400001525878906,161.8000030517578,0,0,0.5999984741210938,GARMIN,Chevrières,12,49.345471216365695,2.6843179017305374,0,,,,,,,,,,,,,,,363.7489929199219,0,0.0,SURFACE_TYPE_UNPAVED,0,0,1,0,0,,,,,,,,2026-04-09 17:19:58,0,901482b3-cec9-42cf-9905-e498836af38a,0,0,0,0,0,0,0,0,0,,,,,,,,,187.0,0.10000000149011612,0.0,20.0,27.0,2077.0,UNKNOWN,1.502899169921875,NO_AEROBIC_BENEFIT_18,NO_ANAEROBIC_BENEFIT_0,2514.0119999999997,2062.0,5078.02587890625,1,440.0,7482.8232421875,SURFACE_TYPE_PAVED,0,440.0,440.0,57963,57963.83984375,7.745999813079834,15.246000289916992,0,439.0,seances/2026-04-09_road_biking_22468391412.md,75.6,94.1,105.4,79,79,32,10,46,Fair,,,,,triban ,,,26,81,,,,,,,,,,,,,,,,,,,,,,,,,,,,,,,,,,,,,,,,,,,,,,,,,,8897.0,,,,,,,,,,,,,,,,,,,,,,,,,,80.24365576908858,,0,,,,,,,,,,,,,,
22475636257,2026-04-10,12:09,running,Aulnay-sous-Bois Course à pied,50.8,9.3,72.0,144.0,155.0,344.0,348.0,161.03125,693.0,,44.9,FC,327.8,10.0,28.1,10.1,1.7,0.1,,,Aulnay-sous-Bois Course à pied,,2026-04-10 12:09:36,2026-04-10 10:09:36,1,running,17,0,0,1,9,uncategorized,10,0,0,0,0,9299.6904296875,3048.22412109375,3102.51708984375,3033.468994140625,72.0,75.0,3.0510001182556157,4.059000015258789,48.950364561751485,2.487009661272168,1,0,,,2,private,0,0,0,124,1775815776000,1,344.0,484.0,348.0,,,,3615274803,45.599998474121094,77.4000015258789,0,0,0.600006103515625,GARMIN,Aulnay-sous-Bois,10,48.95020304247737,2.487313589081168,0,,,,,,,,,,,,,,,93.34500122070312,,,,,,1,0,0,597.962,1686.512,605.814,102.335,8.002,,,2026-04-10 11:01:18,0,65561836-ffbd-4e82-9803-ad8c8a788540,0,0,0,0,0,0,0,0,0,,,,,,,,,76.0,3.200000047683716,0.0,,,846.0,AEROBIC_BASE,99.18316650390625,IMPROVING_AEROBIC_BASE_8,NO_ANAEROBIC_BENEFIT_0,,,,,,,,,,,,,,,,,seances/2026-04-10_running_22475636257.md,314.2,322.9,,55,55,51,3,37,Fair,0.4,0.8,49.5,0.1,Daily shoes,144.0,155.0,1,50,-10,23.494,45.862,2969.67,8.966,0.0,141.9,146.1,4.3,161.03125,171.0,8168,9.630000305175782,274.70001220703125,113.15999755859376,56.0,8.520000457763672,171.0,3.062000036239624,314.3900146484375,511.0559997558594,1614.4539794921875,10.98,10.76,4.9,non,-2.0,,,,,,,,,,,,,,,,,,,,,,,,,,,,,,,,,,,,,,,,,,,,,,,,,62.30078744262535,,0,,,,,,,,,,,,,,
22496512544,2026-04-12,08:34,road_biking,Chevrières Cyclisme sur route,120.4,54.015,219.0,113.0,157.0,,,74.0,820.0,12.0,47.2,FC,133.8,,,,,,,,Chevrières Cyclisme sur route,,2026-04-12 08:34:15,2026-04-12 06:34:15,10,road_biking,2,0,0,1,9,uncategorized,10,0,0,0,0,54014.53125,7224.80810546875,7409.80419921875,7217.3270263671875,219.0,222.0,7.47599983215332,12.6899995803833,49.34548278339207,2.68503631465137,1,0,74.0,109.0,2,private,0,0,0,124,1775975655000,2,,,,,,,3499830968,29.600000381469727,122.4000015258789,0,0,0.6000003814697266,GARMIN,Chevrières,11,49.345472222194076,2.683970555663109,0,,,,,,,,,,,,,,,474.5369873046875,0,0.0,SURFACE_TYPE_UNPAVED,0,0,1,0,0,,,,,,,,2026-04-12 08:37:44,0,06d10322-df82-498c-9748-390e3b90a08c,0,0,0,0,0,0,0,0,0,,,,,,,,,180.0,2.0999999046325684,0.30000001192092896,6.0,12.0,714.0,AEROBIC_BASE,36.00389099121094,MAINTAINING_AEROBIC_BASE_7,NO_ANAEROBIC_BENEFIT_0,2095.0099999999998,562.0,5173.0419921875,1,219.0,7224.44921875,SURFACE_TYPE_PAVED,0,219.0,219.0,54011,54011.53125,7.47599983215332,12.6899995803833,0,222.0,seances/2026-04-12_road_biking_22496512544.md,88.7,113.0,115.5,43,39,87,7,39,Fair,47.4,46.8,10.1,0.1,triban ,113.0,157.0,73,30,,2846.603,2808.967,608.993,6.001,0.0,104.2,122.1,17.9,,,,,,,,,,,,,,,,,,,,,,,,,,,,,,,,,,,,,,,,,8480.0,,,,,,,,,,,,,,,,,,,,,,12.720000267028809,37.630001068115234,25.209999084472656,,56.61279068463136,,0,,,,,,,,,,,,,,
22514224321,2026-04-13,18:48,lap_swimming,Nat. piscine,21.5,1.15,,136.0,183.0,,,,259.0,,43.7,CSS,112.4,,,,,,,,Nat. piscine,,2026-04-13 18:48:44,2026-04-13 16:48:44,27,lap_swimming,26,0,0,0,9,uncategorized,10,0,1,0,0,1150.0,1292.260986328125,2218.488037109375,1292.260986328125,,,0.8899999856948854,3.4040000438690186,,,0,0,,,2,private,0,0,0,124,1776098924000,5,,,,,,,3615274803,,,0,0,,GARMIN,,5,,,0,,,,,,,,,,,,,,,94.46800231933594,,,,,,0,0,0,,,,,,,,2026-04-13 17:25:42,0,f07a53ce-82cb-48ee-a3b9-d16f7581a9a1,0,0,0,0,0,0,0,0,1,,,,,,,,,32.0,2.4000000953674316,1.0,,,,RECOVERY,59.08404541015625,MINOR_AEROBIC_BENEFIT_0,MINOR_ANAEROBIC_BENEFIT_15,,,,,,,,,,,,,,,,,seances/2026-04-13_lap_swimming_22514224321.md,,,,,,,,,,1.3,9.8,5.7,3.8,,136.0,183.0,1,31,,78.162,590.173,342.003,230.999,32.0,126.5,151.2,24.6,,,,,,,,,,,,,,,,,,,0.5,,,,,,,,,,,,,,,28.0,82.0,23,5000.0,1,meter,100.0,602.0,0.0,26.200000762939453,48.6870002746582,484.99700927734375,,,,,,,,,,,,,,,,,,,,,,,,0,,,,,,,,,,,,,,
22526159255,2026-04-14,19:04,running,Chevrières Course à pied,51.3,10.508,75.0,164.0,174.0,410.0,412.0,163.34375,794.0,,71.8,FC,292.7,0.0,2.6,23.9,23.5,1.3,,,Chevrières Course à pied,,2026-04-14 19:04:20,2026-04-14 17:04:20,1,running,17,0,0,1,9,uncategorized,10,0,0,0,0,10507.51953125,3076.007080078125,3076.007080078125,3073.739013671875,75.0,74.0,3.4159998893737797,4.031000137329102,49.34547398239374,2.684429632499814,1,0,,,2,private,0,0,0,124,1776186260000,1,410.0,492.0,412.0,,,,3615274803,31.0,91.4000015258789,0,0,0.40000152587890625,GARMIN,Chevrières,11,49.345454117283225,2.6841388642787933,0,,,,,,,,,,,,,,,151.48199462890625,1,3076.007080078125,INTERVAL_ACTIVE,0,0,1,0,0,1.999,155.979,1432.292,1407.936,75.999,,,2026-04-14 17:55:36,0,e9a6d5a2-581d-4f3b-ba93-9e7a932f039c,0,0,0,0,0,0,0,0,0,75.0,75.0,75.0,10507,10507.5302734375,3.4159998893737793,4.031000137329102,74.0,77.0,4.0,0.0,,,854.0,LACTATE_THRESHOLD,176.7335662841797,HIGHLY_IMPROVING_LACTATE_THRESHOLD_13,NO_ANAEROBIC_BENEFIT_0,,,,1,75.0,3075.822021484375,RWD_RUN,0,75.0,75.0,10507,10507.5302734375,3.4159998893737793,4.031000137329102,0,74.0,seances/2026-04-14_running_22526159255.md,260.1,285.4,291.7,63,63,34,6,34,Fair,0.3,0.4,2.6,47.5,Daily shoes,164.0,174.0,1,49,-8,19.603,25.001,156.998,2852.203,14.005,160.4,166.0,5.5,163.34375,172.0,8326,11.60999984741211,250.3000030517578,125.41999511718751,56.0,9.029999732971191,172.0,3.424999952316284,259.9939880371094,430.6919860839844,1430.001953125,12.48,12.02,6.8,non,-3.6,0.2,,,,,,,,,,,,,,2924.2490234375,,,,,,,,,,,,,,,,,,,,,,,,,,,,,51.099998474121094,20.899999618530273,47.45000076293945,39.130001068115234,,52.83185954335762,,0,,,,,,,,,,,,,,
22538474419,2026-04-15,19:09,lap_swimming,Nat. piscine,28.9,1.5,,139.0,163.0,,,,328.0,,53.7,CSS,115.8,,,,,,,,Nat. piscine,,2026-04-15 19:09:19,2026-04-15 17:09:19,27,lap_swimming,26,0,0,0,9,uncategorized,10,0,0,0,0,1500.0,1736.68505859375,2966.152099609375,1736.68505859375,,,0.8640000224113464,1.0750000476837158,,,0,0,,,2,private,0,0,0,124,1776272959000,5,,,,,,,3615274803,,,0,0,,GARMIN,,7,,,0,,,,,,,,,,,,,,,26.207000732421875,,,,,,0,0,0,,,,,,,,2026-04-15 17:58:45,0,b30866f9-77f5-4ff2-8e0c-bbc1ac06f156,0,0,0,0,0,0,0,0,0,,,,,,,,,43.0,2.5999999046325684,0.800000011920929,,,,AEROBIC_BASE,69.75459289550781,MAINTAINING_AEROBIC_FITNESS_1,NO_ANAEROBIC_BENEFIT_0,,,,,,,,,,,,,,,,,seances/2026-04-15_lap_swimming_22538474419.md,,,,,,,,,,1.7,5.8,20.2,1.3,,139.0,163.0,1,44,,100.334,345.002,1211.398,76.001,0.0,136.3,141.4,5.1,,,,,,,,,,,,,,,,,,,,,,,,,,,,,,,,,,27.0,42.0,60,2500.0,1,meter,100.0,790.0,0.0,13.199999809265137,105.43699645996094,460.54998779296875,,,,,,,,,,,,,,,,,,,,,,,,0,,,,,,,,,,,,,,
22555603431,2026-04-17,08:09,virtual_ride,Col du Telegraphe - Alpine Classic - Stage 3,73.0,19.028,792.0,121.0,144.0,186.0,191.93812954051518,62.0,926.0,,35.9,FC,230.3,2.2,8.6,21.9,29.7,8.7,1.9,0.1,Col du Telegraphe - Alpine Classic - Stage 3,"In stage three of this five-stage remake of the original Tacx mountain routes, you’ll ride routes made famous by the Marmotte and various editions of the Tour de France. The Telegraphe is a sustained climb through the forest, with some steep sections along the way.",2026-04-17 08:09:09,2026-04-17 06:09:09,152,virtual_ride,2,0,0,1,9,uncategorized,10,0,0,0,0,19027.94921875,4381.57421875,4383.998046875,4380.0,792.0,138.0,4.3429999351501465,17.238000869750977,45.23353189229965,6.444539995864034,1,0,62.0,101.0,2,private,0,0,0,124,1776406149000,2,186.0,361.0,191.93812954051518,199.4525,102.64968382423709,0.9183642561747137,0,796.2000122070312,1577.0,0,0,0.40002441406250006,TACX,Saint-Martin-de-la-Porte,1,45.174273597076535,6.432854700833559,0,356,353,351,328,294,270,239,230,211,203,199,195,193,0,4381.57421875,1,4383.998046875,VIRTUAL_ACTIVITY_SECTION,0,0,1,0,0,133.0,513.0,1316.0,1782.0,519.0,112.0,9.0,2026-04-17 07:22:12,0,5b237f47-f57a-4558-bd94-b386fcdd86f4,0,0,0,0,0,0,0,0,0,792.0,792.0,792.0,19027,19027.94921875,4.3429999351501465,17.238000869750977,138.0,109.0,2.799999952316284,0.0,,,,AEROBIC_BASE,68.24263000488281,MAINTAINING_AEROBIC_BASE_7,NO_ANAEROBIC_BENEFIT_0,,,,,,,,,,,,,,,,,seances/2026-04-17_virtual_ride_22555603431.md,62.7,146.5,216.5,,,,,,,10.8,57.7,3.5,,triban ,121.0,144.0,,,,645.0,3462.0,210.0,0.0,0.0,116.7,125.5,8.8,,,,,,,,,,,,,,14.69,16.74,-6.0,oui,14.0,,,,,,,,,,,,,,,,,,,,,,,,,,,,,,,,,,,,,,,,,,,,,,,,,1183.418248141769,,0,,,,,,,,,,,,,,
22561805223,2026-04-17,17:32,road_biking,Chevrières Cyclisme sur route,124.1,58.238,332.0,129.0,165.0,,,76.0,1159.0,22.0,75.5,FC,127.9,,,,,,,,Chevrières Cyclisme sur route,,2026-04-17 17:32:58,2026-04-17 15:32:58,10,road_biking,2,0,0,1,9,uncategorized,10,0,0,0,0,58237.55078125,7446.9541015625,7521.93310546875,7437.3380126953125,332.0,333.0,7.820000171661377,15.423999786376953,49.345504911616445,2.684569861739874,1,0,76.0,109.0,2,private,0,0,0,124,1776439978000,2,,,,,,,3499830968,30.600000381469727,122.80000305175781,0,0,0.5999984741210938,GARMIN,Chevrières,12,49.34549141675234,2.684304490685463,0,,,,,,,,,,,,,,,376.17498779296875,0,0.0,SURFACE_TYPE_UNPAVED,0,0,1,0,0,,,,,,,,2026-04-17 17:38:19,0,dfacfaf2-7a07-4f44-9d61-9f9d6b8d5abc,0,0,0,0,0,0,0,0,0,,,,,,,,,185.0,3.0,0.6000000238418579,18.0,22.0,1133.0,AEROBIC_BASE,85.92433166503906,IMPROVING_AEROBIC_BASE_8,NO_ANAEROBIC_BENEFIT_0,2514.0119999999997,1125.0,4933.01806640625,1,332.0,7446.69189453125,SURFACE_TYPE_PAVED,0,332.0,332.0,58237,58237.76171875,7.821000099182129,15.423999786376953,0,333.0,seances/2026-04-17_road_biking_22561805223.md,80.5,97.3,112.3,68,68,43,4,45,Fair,20.3,55.7,34.3,12.3,triban ,129.0,165.0,39,73,,1219.938,3343.995,2055.982,738.001,0.0,121.0,137.4,16.4,,,,,,,,,,,,,,,,,,,,,,,,,,,,,,,,,,,,,,,,,8697.0,,,,,,,,,,,,,,,,,,,,,,15.350000381469727,47.83000183105469,29.8799991607666,,52.64480262938732,,0,,,,,,,,,,,,,,
22574085308,2026-04-18,18:34,running,Chevrières Course à pied,56.4,11.06,85.0,147.0,158.0,375.0,380.0,161.15625,794.0,,53.5,FC,305.8,1.7,22.5,21.7,9.9,0.4,,,Chevrières Course à pied,,2026-04-18 18:34:49,2026-04-18 16:34:49,1,running,17,0,0,1,9,uncategorized,10,0,0,0,0,11059.7001953125,3382.341064453125,3384.4208984375,3375.134033203125,85.0,88.0,3.2699999809265137,3.8540000915527344,49.34548010118306,2.684829868376255,1,0,,,2,private,0,0,0,124,1776530089000,1,375.0,498.0,380.0,,,,3615274803,29.0,88.5999984741211,0,0,0.7999992370605469,GARMIN,Chevrières,12,49.34547113254666,2.6841055881232023,0,,,,,,,,,,,,,,,16.341999053955078,,,,,,1,0,0,101.979,1350.888,1301.972,592.945,22.995,,,2026-04-18 17:31:13,0,1ae615b0-3f68-4433-8b7f-9aebf560d31f,0,0,0,0,0,0,0,0,0,,,,,,,,,84.0,3.4000000953674316,0.0,,,939.0,AEROBIC_BASE,121.76515197753906,IMPROVING_AEROBIC_BASE_8,NO_ANAEROBIC_BENEFIT_0,,,,,,,,,,,,,,,,,seances/2026-04-18_running_22574085308.md,288.5,303.9,306.0,63,63,68,13,52,Partly Cloudy,0.1,0.4,53.8,1.8,Daily shoes,147.0,158.0,0,54,-8,7.001,21.999,3228.778,107.001,0.0,145.9,146.1,0.2,161.15625,167.0,9074,10.00999984741211,270.29998779296875,121.54000244140626,56.0,8.25,167.0,3.2790000438690186,288.50799560546875,469.16400146484375,1519.4630126953125,11.61,11.77,-1.2,oui,1.4,,,,,,,,,,,,,,,3058.802001953125,,,,,,,,,,,,,,,,,,,,,,,,,,,,,,,,,,51.76457726497188,,0,,,,,,,,,,,,,,
22579444586,2026-04-19,08:46,road_biking,Chevrières Cyclisme sur route,129.0,56.597,459.0,130.0,177.0,,,83.0,1122.0,15.0,80.5,FC,136.7,,,,,,,,Chevrières Cyclisme sur route,,2026-04-19 08:46:58,2026-04-19 06:46:58,10,road_biking,2,0,0,1,9,uncategorized,10,0,0,0,0,56596.80859375,7738.369140625,8346.359375,7730.114990234375,459.0,463.0,7.314000129699707,14.256999969482422,49.34642088599503,2.684922404587269,1,0,83.0,123.0,2,private,0,0,0,124,1776581218000,2,,,,,,,3499830968,33.20000076293945,162.0,0,0,0.600006103515625,GARMIN,Chevrières,12,49.34548269957304,2.6842368487268686,0,,,,,,,,,,,,,,,222.2689971923828,2,7736.06982421875,SURFACE_TYPE_PAVED,0,0,1,0,0,,,,,,,,2026-04-19 09:06:04,0,d460bd92-03da-4f08-acb7-169cb26dc84c,0,0,0,0,0,0,0,0,0,459.0,410.0,230.0,36132,56588.640625,7.315000057220459,14.256999969482422,463.0,193.0,3.0,1.5,9.0,15.0,959.0,AEROBIC_BASE,101.21897888183594,IMPROVING_AEROBIC_BASE_8,MINOR_ANAEROBIC_BENEFIT_15,2514.0119999999997,937.0,5256.97509765625,1,0.0,1.9950000047683716,SURFACE_TYPE_UNPAVED,0,0.0,0.0,8,8.180000305175781,4.1020002365112305,4.2170000076293945,0,0.0,seances/2026-04-19_road_biking_22579444586.md,79.9,97.2,112.3,45,45,100,3,45,Mist,20.3,57.7,40.7,9.3,triban ,130.0,177.0,56,58,,1218.871,3459.908,2441.976,555.011,52.993,126.1,133.0,6.9,,,,,,,,,,,,,,,,,,,0.9,,,,,,,,,,,,,,,,,,,,,,9858.0,,,,,,,,,,,,,,,,,,,,,,18.239999771118164,52.45000076293945,29.510000228881836,,82.8282501475082,,0,,,,,,,,,,,,,,
22592059204,2026-04-20,12:10,running,Aulnay-sous-Bois Course à pied,50.0,9.292,81.0,141.0,154.0,347.0,351.0,160.046875,681.0,,41.1,FC,322.8,8.1,27.1,10.2,2.8,0.2,,,Aulnay-sous-Bois Course à pied,,2026-04-20 12:10:30,2026-04-20 10:10:30,1,running,17,0,0,1,9,uncategorized,10,0,0,0,0,9291.599609375,2998.9609375,3030.35400390625,2987.269989013672,81.0,85.0,3.0980000495910645,4.132999897003174,48.9504502248019,2.486904803663492,1,0,,,2,private,0,0,0,124,1776679830000,1,347.0,573.0,351.0,,,,3615274803,43.20000076293945,74.5999984741211,0,0,0.600006103515625,GARMIN,Aulnay-sous-Bois,10,48.95022609271109,2.4872443545609713,0,,,,,,,,,,,,,,,87.48699951171875,,,,,,1,0,0,487.483,1627.699,609.931,168.106,12.871,,,2026-04-20 11:01:00,0,8977d5a6-3139-4988-959f-a0e51934d30e,0,0,0,0,0,0,0,0,0,,,,,,,,,75.0,3.200000047683716,0.0,,,832.0,AEROBIC_BASE,96.91357421875,IMPROVING_AEROBIC_BASE_8,NO_ANAEROBIC_BENEFIT_0,,,,,,,,,,,,,,,,,seances/2026-04-20_running_22592059204.md,298.8,317.2,,55,55,51,11,37,Mostly Cloudy,0.3,3.7,45.7,0.1,Daily shoes,141.0,154.0,1,49,-10,15.001,224.988,2740.313,7.978,0.0,138.5,142.8,4.3,160.046875,177.0,8036,9.76999969482422,274.70001220703125,115.75999755859375,56.0,8.460000038146973,177.0,3.117000102996826,298.7200012207031,487.96099853515625,1586.092041015625,11.1,11.04,3.5,non,-0.5,,,,,,,,,,,,,,,,,,,,,,,,,,,,,,,,,,,,,,,,,,,,,,,,,60.773324385767346,,0,,,,,,,,,,,,,,
22596265583,2026-04-20,18:32,lap_swimming,Nat. piscine,28.0,1.55,,136.0,179.0,,,,325.0,,63.4,CSS,108.3,,,,,,,,Nat. piscine,,2026-04-20 18:32:14,2026-04-20 16:32:14,27,lap_swimming,26,0,0,0,9,uncategorized,10,0,0,0,0,1550.0,1678.968017578125,2799.259033203125,1678.968017578125,,,0.9229999780654907,2.3529999256134033,,,0,0,,,2,private,0,0,0,124,1776702734000,5,,,,,,,3615274803,,,0,0,,GARMIN,,10,,,0,,,,,,,,,,,,,,,56.099998474121094,,,,,,0,0,0,,,,,,,,2026-04-20 17:18:53,0,f7870e60-2330-4328-b217-eee7ae584985,0,0,0,0,0,0,0,0,0,,,,,,,,,42.0,2.700000047683716,1.399999976158142,,,,AEROBIC_BASE,81.12393188476562,MAINTAINING_AEROBIC_FITNESS_1,MINOR_ANAEROBIC_BENEFIT_15,,,,,,,,,,,,,,,,,seances/2026-04-20_lap_swimming_22596265583.md,,,,,,,,,,3.8,7.9,12.3,2.9,,136.0,179.0,3,39,,227.09,474.52,740.005,174.993,50.001,130.6,148.2,17.7,,,,,,,,,,,,,,,,,,,0.8,,,,,,,,,,,,,,,29.0,80.0,31,5000.0,1,meter,100.0,806.0,0.0,26.0,51.25,465.74700927734375,,,,,,,,,,,,,,,,,,,,,,,,0,,,,,,,,,,,,,,
22621755503,2026-04-22,19:10,lap_swimming,Nat. piscine,28.6,1.5,,128.0,149.0,,,,317.0,,54.8,CSS,114.6,,,,,,,,Nat. piscine,,2026-04-22 19:10:48,2026-04-22 17:10:48,27,lap_swimming,26,0,0,0,9,uncategorized,10,0,0,0,0,1500.0,1718.5970458984375,2947.449951171875,1718.5970458984375,,,0.8730000257492065,1.0470000505447388,,,0,0,,,2,private,0,0,0,124,1776877848000,5,,,,,,,3615274803,,,0,0,,GARMIN,,11,,,0,,,,,,,,,,,,,,,23.88800048828125,,,,,,0,0,0,,,,,,,,2026-04-22 17:59:55,0,5e979bf2-709a-4d07-99ea-741fbbda13ff,0,0,0,0,0,0,0,0,0,,,,,,,,,43.0,2.299999952316284,0.6000000238418579,,,,RECOVERY,48.94233703613281,MINOR_AEROBIC_BENEFIT_0,NO_ANAEROBIC_BENEFIT_0,,,,,,,,,,,,,,,,,seances/2026-04-22_lap_swimming_22621755503.md,,,,,,,,,,4.1,9.4,13.0,,,128.0,149.0,4,32,,247.977,565.808,782.012,0.0,0.0,122.1,133.7,11.6,,,,,,,,,,,,,,,,,,,,,,,,,,,,,,,,,,27.0,41.0,60,2500.0,1,meter,100.0,766.0,0.0,12.800000190734863,106.14199829101562,,,,,,,,,,,,,,,,,,,,,,,,,0,,,,,,,,,,,,,,
22633891521,2026-04-23,12:23,running,Aulnay-sous-Bois Course à pied,48.0,9.268,83.0,152.0,176.0,363.0,367.0,160.8125,713.0,,51.2,FC,310.5,4.7,22.5,14.8,4.3,1.1,,,Aulnay-sous-Bois Course à pied,,2026-04-23 12:23:42,2026-04-23 10:23:42,1,running,17,0,0,1,9,uncategorized,10,0,0,0,0,9267.849609375,2877.85107421875,2924.907958984375,2867.469024658203,83.0,84.0,3.2200000286102295,5.925000190734863,48.950368417426944,2.4869778100401163,1,0,,,2,private,0,0,0,124,1776939822000,1,363.0,623.0,367.0,,,,3615274803,45.79999923706055,79.5999984741211,0,0,0.8000030517578125,GARMIN,Aulnay-sous-Bois,10,48.95018787123263,2.4873047042638063,0,,,,,,,,,,,,,,,61.255001068115234,,,,,,1,0,0,281.325,1352.904,888.918,256.457,63.999,,,2026-04-23 11:12:26,0,2998be5b-08a1-43e4-b008-46b6f3d32d59,0,0,0,0,0,0,0,0,0,,,,,,,,,72.0,3.5999999046325684,0.5,,,799.0,TEMPO,150.4468231201172,IMPACTING_TEMPO_22,NO_ANAEROBIC_BENEFIT_0,,,,,,,,,,,,,,,,,seances/2026-04-23_running_22633891521.md,262.0,305.6,,66,66,35,13,37,Fair,0.4,0.8,26.0,19.5,Daily shoes,152.0,176.0,1,47,-11,26.349,46.0,1559.462,1169.679,76.208,146.0,158.5,12.5,160.8125,174.0,7728,9.890000152587891,270.79998779296875,119.45,56.0,8.3100004196167,174.0,3.253999948501587,262.2300109863281,455.2139892578125,1527.9200439453125,11.12,11.9,1.3,oui,7.1,1.3,,,,,,,,,,,,,,,,,,,,,,,,,,,,,,,,,,,,,,,,,,,,,,,,64.07368778444886,,0,,,,,,,,,,,,,,
22658032773,2026-04-25,15:04,road_biking,Chevrières Cyclisme sur route,169.0,82.361,543.0,139.0,169.0,,,85.0,1642.0,27.0,132.3,FC,123.1,,,,,,,,Chevrières Cyclisme sur route,,2026-04-25 15:04:19,2026-04-25 13:04:19,10,road_biking,2,0,0,1,9,uncategorized,10,0,0,0,0,82361.421875,10139.2763671875,10204.2734375,10132.891967773438,543.0,543.0,8.123000144958496,18.895000457763672,49.345521004870534,2.6844707038253546,1,0,85.0,118.0,2,private,0,0,0,124,1777122259000,2,,,,,,,3499830968,31.0,136.60000610351562,0,0,0.7999954223632812,GARMIN,Chevrières,17,49.345491752028465,2.6842345856130123,0,,,,,,,,,,,,,,,237.5659942626953,4,10103.3076171875,SURFACE_TYPE_PAVED,0,0,1,0,0,,,,,,,,2026-04-25 15:54:23,0,ab364028-90fc-4e99-a95d-9f79157fc6df,0,0,0,0,0,0,0,0,0,542.0,366.0,135.0,49928,82070.921875,8.123000144958496,18.895000457763672,540.0,252.0,3.700000047683716,1.100000023841858,19.0,27.0,1880.0,AEROBIC_BASE,162.46714782714844,IMPROVING_AEROBIC_ENDURANCE_9,MINOR_ANAEROBIC_BENEFIT_15,1676.0079999999998,1875.0,4800.998046875,3,1.0,34.98400115966797,SURFACE_TYPE_UNPAVED,0,1.0,0.0,192,287.6099853515625,8.220999717712402,10.692999839782715,0,3.0,seances/2026-04-25_road_biking_22658032773.md,67.4,101.5,104.0,70,70,26,4,34,Fair,6.3,37.6,95.1,24.3,triban ,139.0,169.0,60,102,,375.992,2254.002,5703.881,1460.971,0.0,137.6,139.3,1.7,,,,,,,,,,,,,,,,,,,,,,,,,,,,,,,,,,,,,,,,,13398.0,,,,,,,,,,,,,,,,,,,,,,22.399999618530273,42.130001068115234,32.150001525878906,,58.20167669801743,,0,,,,,,,,,,,,,,
22667485867,2026-04-26,15:59,road_biking,Chevrières Cyclisme sur route,50.4,27.428,70.0,153.0,167.0,,,93.0,738.0,27.0,55.0,FC,110.2,,,,,,,,Chevrières Cyclisme sur route,,2026-04-26 15:59:32,2026-04-26 13:59:32,10,road_biking,2,0,0,1,9,uncategorized,10,0,0,0,0,27427.580078125,3021.677001953125,3021.677001953125,3019.4640502929688,70.0,69.0,9.07699966430664,12.98799991607666,49.34554271399975,2.6845190674066544,1,0,93.0,120.0,2,private,0,0,0,124,1777211972000,2,,,,,,,3499830968,29.799999237060547,43.599998474121094,0,0,0.40000152587890625,GARMIN,Chevrières,6,49.34549669735134,2.684282446280122,0,,,,,,,,,,,,,,,273.875,0,0.0,SURFACE_TYPE_UNPAVED,0,0,1,0,0,,,,,,,,2026-04-26 14:49:53,0,a92ac6e1-ff46-458c-bc02-7a8d21414f1d,0,0,0,0,0,0,0,0,0,,,,,,,,,75.0,3.5999999046325684,0.0,20.0,27.0,616.0,TEMPO,139.4428253173828,IMPACTING_TEMPO_22,NO_ANAEROBIC_BENEFIT_0,,,,1,70.0,3021.43798828125,SURFACE_TYPE_PAVED,0,70.0,70.0,27427,27427.599609375,9.07800006866455,12.98799991607666,0,69.0,seances/2026-04-26_road_biking_22667485867.md,87.5,96.6,100.3,70,70,25,6,32,Fair,0.5,0.8,13.0,35.1,triban ,153.0,167.0,1,48,,27.998,46.001,782.983,2104.977,0.0,149.6,156.1,6.5,,,,,,,,,,,,,,,,,,,,,,,,,,,,,,,,,,,,,,,,,4640.0,,,,,,,,,,,,,,,,,,,,,,24.299999237060547,47.959999084472656,35.68000030517578,,33.99814630841151,,0,,,,,,,,,,,,,,
22667952725,2026-04-26,16:53,running,Chevrières Course à pied,30.3,6.034,34.0,154.0,162.0,389.0,392.0,165.1875,451.0,,33.9,FC,301.6,,5.8,16.8,7.7,0.0,,,Chevrières Course à pied,,2026-04-26 16:53:28,2026-04-26 14:53:28,1,running,17,0,0,1,9,uncategorized,10,0,0,0,0,6034.10009765625,1819.9859619140625,1819.9859619140625,1816.614990234375,34.0,36.0,3.315000057220459,3.7790000438690186,49.345461996272206,2.6843591406941414,1,0,,,2,private,0,0,0,124,1777215208000,1,389.0,472.0,392.0,,,,3615274803,25.399999618530273,47.20000076293945,0,0,0.40000152587890625,GARMIN,Chevrières,7,49.34547733515501,2.6844945084303617,0,,,,,,,,,,,,,,,9.378999710083008,1,1819.9859619140625,INTERVAL_ACTIVE,0,0,1,0,0,0.0,346.977,1007.997,459.371,2.0,,,2026-04-26 15:23:47,0,01bae915-b68a-42de-87aa-9159800bc11a,0,0,0,0,0,0,0,0,0,34.0,34.0,34.0,6034,6034.10009765625,3.315000057220459,3.7790000438690186,36.0,45.0,3.0999999046325684,0.0,,,505.0,AEROBIC_BASE,93.40084838867188,IMPROVING_AEROBIC_BASE_8,NO_ANAEROBIC_BENEFIT_0,,,,1,34.0,1819.925048828125,RWD_RUN,0,34.0,34.0,6034,6034.10009765625,3.315999984741211,3.7790000438690186,0,36.0,seances/2026-04-26_running_22667952725.md,290.1,301.1,,70,70,25,6,32,Fair,,0.1,12.6,17.7,Daily shoes,154.0,162.0,1,28,-6,0.0,6.544,753.973,1059.371,0.0,152.1,154.8,2.7,165.1875,174.0,4982,11.080000305175782,250.5,120.3800048828125,56.0,8.970000267028809,174.0,3.305999994277954,290.15399169921875,471.3739929199219,1505.1949462890625,11.8,11.93,0.6,oui,1.2,,,,,,,,,,,,,,,,,,,,,,,,,,,,,,,,,,,,,,,,,,,,50.130001068115234,28.170000076293945,44.970001220703125,36.02000045776367,,36.80461542737353,,0,,,,,,,,,,,,,,
22680172288,2026-04-27,18:32,lap_swimming,Nat. piscine,42.1,2.0,,142.0,178.0,,,,504.0,,60.2,CSS,126.2,,,,,,,,Nat. piscine,,2026-04-27 18:32:22,2026-04-27 16:32:22,27,lap_swimming,26,0,0,0,9,uncategorized,10,0,0,0,0,2000.0,2524.862060546875,2861.741943359375,2524.862060546875,,,0.7919999957084656,0.9470000267028809,,,0,0,,,2,private,0,0,0,124,1777307542000,5,,,,,,,3615274803,,,0,0,,GARMIN,,4,,,0,,,,,,,,,,,,,,,56.638999938964844,,,,,,0,0,0,,,,,,,,2026-04-27 17:20:03,0,26287c52-78bd-4483-a05a-7b51611ffaf7,0,0,0,0,0,0,0,0,0,,,,,,,,,63.0,3.0999999046325684,0.699999988079071,,,,AEROBIC_BASE,103.50511169433594,IMPROVING_AEROBIC_BASE_8,NO_ANAEROBIC_BENEFIT_0,,,,,,,,,,,,,,,,,seances/2026-04-27_lap_swimming_22680172288.md,,,,,,,,,,1.3,9.5,25.1,5.3,,142.0,178.0,0,45,,78.993,570.361,1504.028,318.512,39.001,134.3,151.3,17.0,,,,,,,,,,,1266.8690185546875,,,,,,,,0.7,,,,,,,,,,,,,,,28.0,93.0,40,5000.0,1,meter,100.0,1180.0,0.0,29.5,105.81199645996094,490.49700927734375,,,,,,,,,,,,,,,,,,,,,,,942.4320068359375,0,,,,,,,,,,,,,,
22735845931,2026-05-02,11:15,road_biking,Chevrières Cyclisme sur route,74.9,40.082,161.0,154.0,169.0,,,93.0,1083.0,28.0,83.7,FC,112.1,,,,,,,,Chevrières Cyclisme sur route,,2026-05-02 11:15:38,2026-05-02 09:15:38,10,road_biking,2,0,0,1,9,uncategorized,10,0,1,0,0,40081.921875,4492.880859375,4528.8720703125,4486.7259521484375,161.0,156.0,8.920999526977539,13.324000358581545,49.34549837373197,2.6846188120543957,1,0,93.0,115.0,2,private,0,0,0,124,1777713338000,2,,,,,,,3499830968,29.200000762939453,94.5999984741211,0,0,0.6000003814697266,GARMIN,Chevrières,9,49.34547230601311,2.684088908135891,0,,,,,,,,,,,,,,,9.883999824523926,0,0.0,SURFACE_TYPE_UNPAVED,0,0,1,0,0,,,,,,,,2026-05-02 10:31:06,0,6460394a-1297-404e-a12e-80450dc78003,0,0,0,0,0,0,0,0,1,,,,,,,,,112.0,4.0,1.399999976158142,22.0,28.0,936.0,TEMPO,198.25938415527344,HIGHLY_IMPACTING_TEMPO_23,MINOR_ANAEROBIC_BENEFIT_15,,,4477.9189453125,1,161.0,4492.02001953125,SURFACE_TYPE_PAVED,0,161.0,161.0,40081,40081.91015625,8.92300033569336,13.324000358581543,0,156.0,seances/2026-05-02_road_biking_22735845931.md,87.5,102.1,103.6,70,70,64,7,57,Mostly Cloudy,0.8,2.8,20.1,51.1,triban ,154.0,169.0,1,74,,48.997,167.007,1203.988,3068.862,0.0,152.3,156.0,3.8,,,,,,,,,,,,,,,,,,,,,,,,,,,,,,,,,,,,,,,,,6830.0,,,,,,,,,,,,,,,,,,,,,,15.350000381469727,46.02000045776367,36.40999984741211,,41.820307245553934,,0,,,,,,,,,,,,,,
22736240315,2026-05-02,12:35,running,Chevrières Course à pied,27.6,6.038,10.0,158.0,170.0,426.0,430.0,165.671875,435.0,,33.8,FC,274.3,0.0,0.9,4.0,21.8,0.8,,,Chevrières Course à pied,,2026-05-02 12:35:21,2026-05-02 10:35:21,1,running,17,0,0,1,9,uncategorized,10,0,0,0,0,6038.35009765625,1656.1590576171875,1656.1590576171875,1649.3989868164062,10.0,10.0,3.645999908447266,4.002999782562256,49.345475072041154,2.68433659337461,1,0,,,2,private,0,0,0,124,1777718121000,1,426.0,489.0,430.0,,,,3615274803,28.600000381469727,33.20000076293945,0,0,0.40000152587890625,GARMIN,Chevrières,7,49.345460906624794,2.6841176580637693,0,,,,,,,,,,,,,,,9.562000274658203,,,,,,1,0,0,2.001,53.994,237.953,1305.944,48.822,,,2026-05-02 11:02:57,0,a398007e-22b4-4b39-897e-cfc80aae0042,0,0,0,0,0,0,0,0,0,,,,,,,,,41.0,3.4000000953674316,0.0,,,459.0,LACTATE_THRESHOLD,119.37490844726562,IMPROVING_LACTATE_THRESHOLD_12,NO_ANAEROBIC_BENEFIT_0,,,,,,,,,,,,,,,,,seances/2026-05-02_running_22736240315.md,262.8,268.1,,70,70,64,8,57,Mostly Cloudy,,0.0,6.6,20.9,Daily shoes,158.0,170.0,1,25,-7,0.0,1.936,393.302,1255.756,0.0,152.5,164.1,11.6,165.671875,170.0,4554,11.640000152587891,239.60000610351562,131.69000244140625,56.0,8.609999656677246,170.0,3.6510000228881836,262.85699462890625,425.58599853515625,1340.56005859375,12.55,13.58,-0.5,oui,8.2,,,,,,,,,,,,,,,,,,,,,,,,,,,,,,,,,,,,,,,,,,,,50.400001525878906,26.739999771118164,50.68000030517578,38.95000076293945,,30.925000072101465,,0,,,,,,,,,,,,,,
22751997928,2026-05-03,16:37,paddelball,Padel,87.0,1.261,,128.0,163.0,,,34.953125,819.0,,51.6,FC,4141.8,,,,,,,,Padel,,2026-05-03 16:37:30,2026-05-03 14:37:30,226,paddelball,219,0,0,1,9,uncategorized,10,0,0,0,0,1260.75,5221.7978515625,5221.7978515625,763.0,,,0.2409999966621399,4.114999771118164,,,0,0,,,2,private,0,0,0,124,1777819050000,64,,,,,,,3615274803,,,0,0,,GARMIN,,1,,,0,,,,,,,,,,,,,,,5221.7978515625,,,,,,0,0,0,,,,,,,,2026-05-03 16:04:31,0,b3371f86-9ddd-4ec9-ad29-c452359560b5,0,0,0,0,0,0,0,0,0,,,,,,,,,130.0,2.5,1.899999976158142,,,957.0,AEROBIC_BASE,76.69270324707031,MAINTAINING_AEROBIC_BASE_7,MINOR_ANAEROBIC_BENEFIT_15,,,,,,,,,,,,,,,,,seances/2026-05-03_paddelball_22751997928.md,3767.2,,,,,,,,,8.5,50.1,27.0,0.5,,128.0,163.0,29,56,-12,510.112,3004.998,1619.006,28.0,0.0,123.3,131.3,8.1,34.953125,244.0,7054,,,41.44519257073706,,,244.0,,,,,0.78,0.89,-8.2,oui,15.2,,,,,,,,,,,,,,,,,,,,,,,,,,,,,,,,,,,,,,,,,,,,,,,,,,,0,,,,,,,,,,,,,,
22771384906,2026-05-05,12:12,running,Aulnay-sous-Bois Course à pied,49.7,9.077,71.0,143.0,155.0,346.0,349.0,160.5625,671.0,,42.9,FC,328.3,13.3,23.1,9.3,3.4,0.0,,,Aulnay-sous-Bois Course à pied,,2026-05-05 12:12:05,2026-05-05 10:12:05,1,running,17,0,0,1,9,uncategorized,10,0,0,0,0,9076.7001953125,2979.882080078125,3141.2939453125,2975.7009887695312,71.0,74.0,3.0460000038146973,3.742000102996826,48.95026842132211,2.4871715158224106,1,0,,,2,private,0,0,0,124,1777975925000,1,346.0,477.0,349.0,,,,3615274803,42.79999923706055,73.5999984741211,0,0,0.7999954223632812,GARMIN,Aulnay-sous-Bois,10,48.9502617996186,2.4871845077723265,0,,,,,,,,,,,,,,,23.707000732421875,,,,,,1,0,0,797.874,1388.138,559.469,205.502,1.003,,,2026-05-05 11:04:26,0,a29e5e2e-3752-4d5e-9086-8bcb775e6e21,0,0,0,0,0,0,0,0,0,,,,,,,,,74.0,3.0999999046325684,0.0,,,827.0,AEROBIC_BASE,87.52638244628906,IMPROVING_AEROBIC_BASE_8,NO_ANAEROBIC_BENEFIT_0,,,,,,,,,,,,,,,,,seances/2026-05-05_running_22771384906.md,315.1,334.2,,57,57,88,8,54,Cloudy,0.4,1.9,47.0,0.4,Daily shoes,143.0,155.0,0,51,-10,23.008,111.188,2820.441,25.014,0.0,139.4,145.9,6.6,160.5625,173.0,7980,9.65,275.79998779296875,112.96999511718751,56.0,8.550000190734863,173.0,3.053999900817871,314.9230041503906,511.9360046386719,1670.5489501953125,10.96,10.77,6.2,non,-1.8,,,,,,,,,,,,,,,,,,,,,,,,,,,,,,,,,,,,,,,,,,,,,,,,,59.184228166157766,,0,,,,,,,,,,,,,,
22788273527,2026-05-06,19:14,lap_swimming,Nat. piscine,29.3,1.5,,141.0,160.0,,,,339.0,,52.5,CSS,117.1,,,,,,,,Nat. piscine,,2026-05-06 19:14:08,2026-05-06 17:14:08,27,lap_swimming,26,0,0,0,9,uncategorized,10,0,0,0,0,1500.0,1756.677978515625,2280.89501953125,1756.677978515625,,,0.8539999723434449,1.0679999589920044,,,0,0,,,2,private,0,0,0,124,1778087648000,5,,,,,,,3615274803,,,0,0,,GARMIN,,5,,,0,,,,,,,,,,,,,,,50.91400146484375,,,,,,0,0,0,,,,,,,,2026-05-06 17:52:08,0,ad4500ab-d1ea-4925-acfa-f871fdbc0106,0,0,0,0,0,0,0,0,0,,,,,,,,,44.0,3.0,0.8999999761581421,,,,AEROBIC_BASE,92.75601196289062,IMPROVING_AEROBIC_BASE_8,NO_ANAEROBIC_BENEFIT_0,,,,,,,,,,,,,,,,,seances/2026-05-06_lap_swimming_22788273527.md,,,,,,,,,,2.6,1.9,21.4,3.1,,141.0,160.0,1,31,,156.318,113.089,1284.996,186.004,0.0,133.5,148.2,14.7,,,,,,,,,,,,,,,,,,,,,,,,,,,,,,,,,,28.0,43.0,60,2500.0,1,meter,100.0,818.0,0.0,13.600000381469727,103.7490005493164,460.5580139160156,,,,,,,,,,,,,,,,,,,,,,,,0,,,,,,,,,,,,,,
22797230606,2026-05-07,12:38,running,Aulnay-sous-Bois Course à pied,47.4,9.065,75.0,151.0,163.0,357.0,359.0,158.65625,684.0,,49.4,FC,313.8,3.0,26.8,12.6,3.9,0.2,,,Aulnay-sous-Bois Course à pied,,2026-05-07 12:38:24,2026-05-07 10:38:24,1,running,17,0,0,1,9,uncategorized,10,0,0,0,0,9064.66015625,2844.29296875,3005.85205078125,2828.207000732422,75.0,66.0,3.1870000362396245,4.086999893188477,48.950606463477015,2.486630380153656,1,0,,,2,private,0,0,0,124,1778150304000,1,357.0,485.0,359.0,,,,3615274803,44.20000076293945,81.0,0,0,0.7999954223632812,GARMIN,Aulnay-sous-Bois,10,48.950350396335125,2.4870387464761734,0,,,,,,,,,,,,,,,20.202999114990234,,,,,,1,0,0,177.197,1608.081,753.03,233.837,10.003,,,2026-05-07 11:28:29,0,be89b44e-374e-4606-a14e-47c5b8c25b80,0,0,0,0,0,0,0,0,0,,,,,,,,,71.0,3.4000000953674316,0.0,,,790.0,AEROBIC_BASE,119.37197875976562,IMPROVING_AEROBIC_BASE_8,NO_ANAEROBIC_BENEFIT_0,,,,,,,,,,,,,,,,,seances/2026-05-07_running_22797230606.md,299.2,316.4,,61,61,51,5,43,Partly Cloudy,0.3,0.4,31.5,15.1,Daily shoes,151.0,163.0,1,48,-9,20.64,24.0,1891.57,907.936,0.0,148.6,152.6,3.9,158.65625,169.0,7560,9.980000305175782,274.0,119.55000000000001,56.0,8.359999656677246,169.0,3.197999954223633,299.239013671875,488.3089904785156,1581.3699951171875,11.46,11.26,4.3,non,-1.7,,,,,,,,,,,,,,,,,,,,,,,,,,,,,,,,,,,,,,,,,,,,,,,,,61.50024650517335,,0,,,,,,,,,,,,,,
22809723223,2026-05-08,16:13,running,Chevrières Course à pied,60.5,11.13,79.0,142.0,153.0,344.0,348.0,160.65625,816.0,,51.0,FC,326.2,12.0,37.8,9.4,1.1,0.0,,,Chevrières Course à pied,,2026-05-08 16:13:16,2026-05-08 14:13:16,1,running,17,0,0,1,9,uncategorized,10,0,0,0,0,11129.73046875,3631.056884765625,3631.056884765625,3620.907989501953,79.0,78.0,3.0650000572204594,3.507999897003174,49.34552025049925,2.684460561722517,1,0,,,2,private,0,0,0,124,1778249596000,1,344.0,474.0,348.0,,,,3615274803,28.0,84.19999694824219,0,0,0.40000152587890625,GARMIN,Chevrières,12,49.34545990079641,2.684217654168606,0,,,,,,,,,,,,,,,41.85499954223633,1,3631.056884765625,INTERVAL_ACTIVE,0,0,1,0,0,722.929,2267.923,565.01,64.001,1.999,,,2026-05-08 15:13:47,0,0f856a05-13c6-40d3-b939-b51ece8f3a94,0,0,0,0,0,0,0,0,0,79.0,79.0,79.0,11129,11129.7197265625,3.065000057220459,3.507999897003174,78.0,90.0,3.200000047683716,0.0,,,1008.0,AEROBIC_BASE,101.71807861328125,IMPROVING_AEROBIC_BASE_8,NO_ANAEROBIC_BENEFIT_0,,,,1,0.0,8.0,RWD_WALK,0,0.0,0.0,9,9.119999885559082,1.1399999856948853,1.4459999799728394,0,0.0,seances/2026-05-08_running_22809723223.md,298.2,321.0,326.0,66,66,46,7,45,Fair,0.5,2.9,57.1,,Daily shoes,142.0,153.0,1,57,-11,28.002,175.999,3426.862,0.0,0.0,138.3,145.6,7.2,160.65625,167.0,9702,9.76999969482422,276.79998779296875,114.5699951171875,56.0,8.539999961853027,167.0,3.0739998817443848,298.0710144042969,485.9280090332031,1605.02001953125,10.83,11.1,2.6,oui,2.5,,1,79.0,3623.028076171875,RWD_RUN,0,79.0,79.0,11120,11120.599609375,3.069000005722046,3.507999897003174,0,78.0,3258.9619140625,,,,,,,,,,,,,,,,,,,,,,,,,,,,,,,,,,47.56397686829353,,0,,,,,,,,,,,,,,
22828492169,2026-05-10,08:34,road_biking,Chevrières Cyclisme sur route,101.3,50.659,311.0,151.0,182.0,,,88.0,1349.0,18.0,105.6,FC,120.0,,,,,,,,Chevrières Cyclisme sur route,,2026-05-10 08:34:26,2026-05-10 06:34:26,10,road_biking,2,0,0,1,9,uncategorized,10,0,0,0,0,50659.26171875,6078.23193359375,6207.01708984375,6072.637023925781,311.0,308.0,8.335000038146973,15.161999702453613,49.34595971368253,2.6852232310920954,1,0,88.0,118.0,2,private,0,0,0,124,1778394866000,2,,,,,,,3499830968,31.600000381469727,98.0,0,0,0.600006103515625,GARMIN,Chevrières,11,49.34547230601311,2.6838993933051825,0,,,,,,,,,,,,,,,84.875,0,0.0,SURFACE_TYPE_UNPAVED,0,0,1,0,0,,,,,,,,2026-05-10 08:17:53,0,9a57a1fd-09f6-4826-8225-a0c4b45a88a2,0,0,0,0,0,0,0,0,0,,,,,,,,,151.0,4.099999904632568,2.4000000953674316,14.0,18.0,974.0,TEMPO,222.07211303710938,HIGHLY_IMPACTING_TEMPO_23,MAINTAINING_ANAEROBIC_BASE_1,2095.0099999999998,937.0,4537.39990234375,1,311.0,6077.83984375,SURFACE_TYPE_PAVED,0,311.0,311.0,50659,50659.28125,8.335000038146973,15.161999702453613,0,308.0,seances/2026-05-10_road_biking_22828492169.md,72.2,97.5,98.7,55,55,72,10,46,Fair,1.5,7.0,42.9,47.5,triban ,151.0,182.0,4,98,,89.891,421.51,2573.958,2849.98,123.992,146.4,155.9,9.5,,,,,,,,,,,,,,,,,,,2.1,,,,,,,,,,,,,,,,,,,,,,8705.0,,,,,,,,,,,,,,,,,,,,,,20.920000076293945,45.0,35.5099983215332,,54.88510781596204,,0,,,,,,,,,,,,,,
22853340240,2026-05-12,12:35,running,Aulnay-sous-Bois Course à pied,46.8,7.916,71.0,134.0,152.0,317.0,324.0,160.125,573.0,,32.4,FC,354.7,31.5,6.0,5.9,1.7,0.2,,,Aulnay-sous-Bois Course à pied,,2026-05-12 12:35:28,2026-05-12 10:35:28,1,running,17,0,0,1,9,uncategorized,10,0,0,0,0,7915.77001953125,2807.85595703125,2970.509033203125,2788.2579956054688,71.0,62.0,2.819000005722046,3.947000026702881,48.95038928836584,2.486956687644124,1,0,,,2,private,0,0,0,124,1778582128000,1,317.0,499.0,324.0,,,,3615274803,49.79999923706055,81.80000305175781,0,0,0.40000152587890625,GARMIN,Aulnay-sous-Bois,8,48.95020714960992,2.487261537462473,0,,,,,,,,,,,,,,,318.3169860839844,,,,,,1,0,0,1891.826,361.954,352.457,104.998,14.223,,,2026-05-12 11:24:58,0,8dc7b399-5c6b-4201-a470-3617ee72b39c,0,0,0,0,0,0,0,0,0,,,,,,,,,70.0,2.700000047683716,0.0,,,777.0,AEROBIC_BASE,61.33827209472656,MAINTAINING_AEROBIC_BASE_7,NO_ANAEROBIC_BENEFIT_0,,,,,,,,,,,,,,,,,seances/2026-05-12_running_22853340240.md,311.5,361.3,,54,54,47,4,34,Fair,0.2,26.4,20.0,,Daily shoes,134.0,152.0,1,47,-10,9.926,1583.93,1202.294,0.0,0.0,134.8,132.9,-1.9,160.125,173.0,7532,9.25,280.6000061035156,104.60000000000001,56.0,8.869999885559082,173.0,2.822999954223633,311.03399658203125,518.0269775390625,1805.4659423828125,10.35,9.68,5.1,non,-6.5,,,,,,,,,,,,,,,,,,,,,,,,,,,,,,,,,,,,,,,,,,,,,,,,,65.49245019651886,,0,,,,,,,,,,,,,,
22881230822,2026-05-14,18:09,indoor_cycling,Entraîn sur pente,60.0,20.084,509.0,,,192.0,213.4746466663416,83.0,781.0,,114.0,puissance,179.3,11.0,6.8,9.0,11.0,12.9,10.7,0.1,Entraîn sur pente,,2026-05-14 18:09:42,2026-05-14 16:09:42,25,indoor_cycling,2,0,0,1,9,uncategorized,10,0,0,0,0,20083.880859375,3601.449951171875,3684.81396484375,3601.449951171875,509.0,0.0,5.577000141143798,9.734000205993652,,,0,0,83.0,101.0,2,private,0,0,0,124,1778774982000,2,192.0,352.0,213.4746466663416,250.64833333333334,104.3698159575471,1.0214097926619217,0,0.0,509.79998779296875,0,0,0.600006103515625,TACX,,1,,,0,319,318,312,304,291,288,286,276,270,265,251,240,190,0,3601.449951171875,,,,,,0,0,0,658.0,407.0,540.0,658.0,776.0,639.0,7.0,2026-05-14 17:11:06,0,3deba4ab-4f66-4006-a267-5705e232cdf1,0,0,0,0,0,0,0,0,0,,,,,,,,,89.0,,,,,,,,,,,,,,,,,,,,,,,,,,seances/2026-05-14_indoor_cycling_22881230822.md,,,,,,,,,,,,,,triban ,,,14,38,,,,,,,,,,,,,,,,,,,,,,,,,,oui,45.9,,,,,,,,,,,,,,,,,,,,,,,,,,,,,156,227,270.9,250.8,195.2,,,,,,,,,,,,,,,,210.91408215411403,,0,,,,,,,,,,,,,,
22891753804,2026-05-15,17:25,running,Chevrières Course à pied,57.9,10.474,68.0,141.0,152.0,345.0,352.0,160.71875,770.0,,47.6,FC,331.7,24.1,16.2,12.7,4.8,,,,Chevrières Course à pied,,2026-05-15 17:25:09,2026-05-15 15:25:09,1,running,17,0,0,1,9,uncategorized,10,0,0,0,0,10474.0,3473.714111328125,3473.714111328125,3466.1069946289062,68.0,69.0,3.0150001049041752,3.4709999561309814,49.345489740371704,2.684843949973583,1,0,,,2,private,0,0,0,124,1778858709000,1,345.0,465.0,352.0,,,,3615274803,32.20000076293945,87.80000305175781,0,0,0.40000152587890625,GARMIN,Chevrières,11,49.345468785613775,2.6841187477111816,0,,,,,,,,,,,,,,,155.1580047607422,1,3473.714111328125,INTERVAL_ACTIVE,0,0,1,0,0,1445.088,969.374,762.074,288.973,0.0,,,2026-05-15 16:23:02,0,57b8aa4f-0390-428c-87d0-d8592ac091bf,0,0,0,0,0,0,0,0,0,68.0,68.0,68.0,10473,10473.990234375,3.015000104904175,3.4709999561309814,69.0,87.0,3.0999999046325684,0.0,,,964.0,AEROBIC_BASE,94.9461669921875,IMPROVING_AEROBIC_BASE_8,NO_ANAEROBIC_BENEFIT_0,,,,1,0.0,6.0279998779296875,RWD_STAND,0,0.0,0.0,0,0.0,0.0,0.0,0,0.0,seances/2026-05-15_running_22891753804.md,299.3,324.3,331.0,46,42,87,9,43,Rain,0.4,3.4,53.8,,Daily shoes,141.0,152.0,1,56,-11,24.147,206.886,3227.453,0.0,0.0,139.9,141.6,1.7,160.71875,169.0,9280,9.65999984741211,277.6000061035156,112.55999755859375,56.0,8.600000381469727,169.0,3.0299999713897705,299.3479919433594,489.0780029296875,1620.97900390625,10.93,10.68,3.5,non,-2.3,,1,68.0,3467.660888671875,RWD_RUN,0,68.0,68.0,10473,10473.990234375,3.0199999809265137,3.4709999561309814,0,69.0,3309.7109375,,,,,,,,,,,,,,,,,,,,,,,,,,,,,,,,,,52.882810213158734,,0,,,,,,,,,,,,,,
22915750184,2026-05-17,17:50,indoor_cycling,Entraîn puissance,60.1,32.125,0.0,131.0,163.0,182.0,192.97681793196577,91.0,746.0,,93.2,puissance,112.2,0.7,21.6,14.2,11.7,8.7,4.1,0.1,Entraîn puissance,,2026-05-17 17:50:56,2026-05-17 15:50:56,25,indoor_cycling,2,0,0,1,9,uncategorized,10,0,0,0,0,32125.4296875,3605.625,3673.43896484375,3605.625,0.0,0.0,8.91100025177002,10.378000259399412,,,0,0,91.0,113.0,2,private,0,0,0,124,1779033056000,2,182.0,331.0,192.97681793196577,224.7175,85.38778837664428,0.9233340570907453,0,0.0,0.0,0,0,0.0,TACX,,1,,,0,331,331,296,280,268,263,262,260,255,239,225,212,179,0,3605.625,,,,,,0,0,0,41.0,1299.0,855.0,704.0,519.0,247.0,8.0,2026-05-17 16:52:09,0,8c738ed4-c90c-4e78-add5-f4b629f695ca,0,0,0,0,0,0,0,0,0,,,,,,,,,89.0,3.0999999046325684,0.0,,,,AEROBIC_BASE,87.28561401367188,IMPROVING_AEROBIC_BASE_8,NO_ANAEROBIC_BENEFIT_0,,,,,,,,,,,,,,,,,seances/2026-05-17_indoor_cycling_22915750184.md,,,,,,,,,,10.9,24.4,20.7,4.8,triban ,131.0,163.0,12,29,,655.0,1464.0,1243.0,291.0,0.0,119.7,141.7,22.0,,,,,,,,,,,,,,,,-2.7,oui,21.5,,,,,,,,,,,,,,,,,,,,,,,,,,,,,164,199,255.0,225.1,188.5,,,,,,,,,,,,,,,,0.0,,0,,,,,,,,,,,,,,
23003584854,2026-05-19,19:21,indoor_cycling,Entraîn sur pente,45.0,14.504,367.0,129.0,164.0,178.0,200.50269872803082,84.0,549.0,,75.4,puissance,186.3,5.8,13.0,6.5,8.5,6.2,5.1,,Entraîn sur pente,,2026-05-19 19:21:22,2026-05-19 17:21:22,25,indoor_cycling,2,0,0,1,9,uncategorized,10,0,0,0,0,14504.01953125,2701.873046875,2701.873046875,2701.873046875,367.0,0.0,5.36899995803833,8.630999565124512,,,0,0,84.0,100.0,2,private,0,0,0,124,1779211282000,2,178.0,294.0,200.50269872803082,231.29166666666666,65.88329882773985,0.936928498729116,0,0.0,367.6000061035156,0,0,0.40002441406250006,TACX,,1,,,0,294,291,289,286,283,283,278,275,271,249,231,205,,0,2701.873046875,,,,,,0,0,0,350.0,778.0,388.0,508.0,374.0,304.0,0.0,2026-05-19 18:06:23,0,d896c5ec-0e81-4fdf-b495-78ca5e3e442c,0,0,0,0,0,0,0,0,0,,,,,,,,,67.0,3.0,0.0,,,,AEROBIC_BASE,74.22276306152344,IMPROVING_AEROBIC_BASE_8,NO_ANAEROBIC_BENEFIT_0,,,,,,,,,,,,,,,,,seances/2026-05-19_indoor_cycling_23003584854.md,,,,,,,,,,11.1,13.3,13.9,6.1,triban ,129.0,164.0,4,23,,667.0,801.0,834.0,364.0,0.0,116.3,142.2,26.0,,,,,,,,,,,,,,,,2.7,oui,19.0,,,,,,,,,,,,,,,,,,,,,,,,,,,,,163,194,271.0,231.4,,,,,,,,,,,,,,,,,171.21214036254707,,0,,,,,,,,,,,,,,
22951317235,2026-05-20,19:16,lap_swimming,Nat. piscine,24.4,1.25,,131.0,154.0,,,,275.0,,43.8,CSS,117.0,,,,,,,,Nat. piscine,,2026-05-20 19:16:07,2026-05-20 17:16:07,27,lap_swimming,26,0,0,0,9,uncategorized,10,0,0,0,0,1250.0,1462.8690185546875,2597.60302734375,1462.8690185546875,,,0.8539999723434449,1.1169999837875366,,,0,0,,,2,private,0,0,0,124,1779297367000,5,,,,,,,3615274803,,,0,0,,GARMIN,,6,,,0,,,,,,,,,,,,,,,232.2969970703125,,,,,,0,0,0,,,,,,,,2026-05-20 17:59:24,0,d18029c8-cb4b-4554-9f1f-ba6344bdffdf,0,0,0,0,0,0,0,0,0,,,,,,,,,36.0,2.299999952316284,0.6000000238418579,,,,RECOVERY,48.175048828125,MINOR_AEROBIC_BENEFIT_0,NO_ANAEROBIC_BENEFIT_0,,,,,,,,,,,,,,,,,seances/2026-05-20_lap_swimming_22951317235.md,,,,,,,,,,5.1,4.6,14.0,0.1,,131.0,154.0,2,27,,303.401,275.998,841.001,5.002,0.0,127.5,136.9,9.4,,,,,,,,,,,,,,,,,,,,,,,,,,,,,,,,,,26.0,42.0,50,2500.0,1,meter,100.0,629.0,0.0,12.600000381469727,107.31099700927734,,,,,,,,,,,,,,,,,,,,,,,,,0,,,,,,,,,,,,,,
22996630963,2026-05-24,15:47,running,Chevrières Course à pied,55.2,9.455,62.0,143.0,161.0,322.0,325.0,159.125,722.0,,47.6,FC,350.0,33.7,18.5,2.7,,,,,Chevrières Course à pied,,2026-05-24 15:47:53,2026-05-24 13:47:53,1,running,17,0,0,1,9,uncategorized,10,0,0,0,0,9454.7802734375,3309.02587890625,3417.679931640625,3300.9659729003906,62.0,62.0,2.857000112533569,3.125999927520752,49.34547792188823,2.6848255936056376,1,0,,,2,private,0,0,0,124,1779630473000,1,322.0,390.0,325.0,,,,3615274803,33.79999923706055,71.0,0,0,0.40000152587890625,GARMIN,Chevrières,10,49.34549292549491,2.68469181843102,0,,,,,,,,,,,,,,,152.43600463867188,,,,,,1,0,0,2022.137,1109.107,163.993,0.0,0.0,,,2026-05-24 14:44:50,0,1517e77c-4d12-49bd-972e-d05e57a7659f,0,0,0,0,0,0,0,0,0,,,,,,,,,82.0,3.0999999046325684,0.0,,,918.0,AEROBIC_BASE,82.91888427734375,IMPROVING_AEROBIC_BASE_8,NO_ANAEROBIC_BENEFIT_0,,,,,,,,,,,,,,,,,seances/2026-05-24_running_22996630963.md,336.7,351.2,,86,85,40,9,59,Fair,0.7,4.5,44.6,5.0,Daily shoes,143.0,161.0,0,56,-11,44.001,268.999,2678.219,299.16,0.0,137.2,147.4,10.2,159.125,222.0,8752,9.55,284.5,107.85000000000001,55.0,8.850000381469727,222.0,2.867000102996826,336.6969909667969,545.1719970703125,1850.5989990234375,10.18,10.27,6.1,oui,0.9,,,,,,,,,,,,,,,,,,,,,,,,,,,,,,,,,,,,,,,,,,,,,,,,,50.20513749547724,,0,,,,,,,,,,,,,,
23004861925,2026-05-25,11:04,road_biking,Chevrières Cyclisme sur route,72.4,39.034,150.0,155.0,173.0,,,89.0,1147.0,35.0,82.8,FC,111.2,,,,,,,,Chevrières Cyclisme sur route,,2026-05-25 11:04:14,2026-05-25 09:04:14,10,road_biking,2,0,0,1,9,uncategorized,10,0,0,0,0,39033.671875,4342.2060546875,4441.9091796875,4340.27294921875,150.0,148.0,8.98900032043457,13.062999725341797,49.34550289995968,2.684668181464076,1,0,89.0,111.0,2,private,0,0,0,124,1779699854000,2,,,,,,,3499830968,30.200000762939453,93.19999694824219,0,0,0.6000022888183594,GARMIN,Chevrières,8,49.346806202083826,2.683370914310217,0,,,,,,,,,,,,,,,417.89898681640625,0,0.0,SURFACE_TYPE_UNPAVED,0,0,1,0,0,,,,,,,,2026-05-25 10:18:15,0,3fdfa7e6-9278-4f7a-89a4-621fba8b275d,0,0,0,0,0,0,0,0,0,,,,,,,,,108.0,4.599999904632568,0.6000000238418579,30.0,35.0,1206.0,LACTATE_THRESHOLD,217.60311889648438,HIGHLY_IMPROVING_LACTATE_THRESHOLD_13,NO_ANAEROBIC_BENEFIT_0,,,,1,150.0,4342.0908203125,SURFACE_TYPE_PAVED,0,150.0,150.0,39033,39033.73046875,8.989999771118164,13.062999725341797,0,148.0,seances/2026-05-25_road_biking_23004861925.md,89.1,98.9,100.3,81,82,58,7,64,Fair,0.8,3.1,18.8,48.5,triban ,155.0,173.0,0,73,,46.001,184.015,1130.656,2910.583,69.002,147.0,163.4,16.4,,,,,,,,,,,,,,,,,,,1.2,,,,,,,,,,,,,,,,,,,,,,6419.0,,,,,,,,,,,,,,,,,,,,,,20.079999923706055,44.349998474121094,36.13999938964844,,42.478212795846204,,0,,,,,,,,,,,,,,
23034849375,2026-05-27,19:14,lap_swimming,Nat. piscine,29.4,1.3,,137.0,171.0,,,,345.0,,33.9,CSS,135.6,,,,,,,,Nat. piscine,,2026-05-27 19:14:06,2026-05-27 17:14:06,27,lap_swimming,26,0,0,0,9,uncategorized,10,0,0,0,0,1300.0,1763.135009765625,2733.2958984375,1511.3270263671875,,,0.8600000143051147,1.1269999742507935,,,0,0,,,2,private,0,0,0,124,1779902046000,5,,,,,,,3615274803,,,0,0,,GARMIN,,15,,,0,,,,,,,,,,,,,,,0.0,,,,,,0,0,0,,,,,,,,2026-05-27 17:59:39,0,5a766dbc-7763-4081-932f-f87e36b8ecf0,0,0,0,0,0,0,0,0,0,,,,,,,,,44.0,2.700000047683716,1.899999976158142,,,,AEROBIC_BASE,81.1943359375,MAINTAINING_AEROBIC_FITNESS_1,MINOR_ANAEROBIC_BENEFIT_15,,,,,,,,,,,,,,,,,seances/2026-05-27_lap_swimming_23034849375.md,,,,,,,,,,2.4,9.3,14.2,3.1,,137.0,171.0,3,38,,142.545,559.646,849.27,187.999,0.0,130.4,142.2,11.8,,,,,,,,,,,,,,,,,,,,,,,,,,,,,,,,,,27.0,42.0,52,2500.0,1,meter,100.0,679.0,0.0,13.100000381469727,99.29399871826172,462.4339904785156,,,,,,,,,,,,,,,,,,,,,,,,0,,,,,,,,,,,,,,
23076421031,2026-05-31,08:56,road_biking,Chevrières Cyclisme sur route,128.5,60.036,386.0,,,,,87.0,2208.0,23.0,,FC,128.5,,,,,,,,Chevrières Cyclisme sur route,,2026-05-31 08:56:24,2026-05-31 06:56:24,10,road_biking,2,0,0,1,9,uncategorized,10,0,0,0,0,60036.078125,7712.31982421875,7777.31201171875,7706.68603515625,386.0,389.0,7.783999919891357,14.621000289916992,49.34637042693794,2.684953836724162,1,0,87.0,134.0,2,private,0,0,0,124,1780210584000,2,,,,,,,3499830968,30.200000762939453,129.60000610351562,0,0,0.600006103515625,GARMIN,Chevrières,13,49.34549007564783,2.6842581387609243,0,,,,,,,,,,,,,,,9.822999954223633,0,0.0,SURFACE_TYPE_UNPAVED,0,0,1,0,0,,,,,,,,2026-05-31 09:06:01,0,92c67903-d102-4171-bc08-a71c7dc12965,0,0,0,0,0,0,0,0,0,,,,,,,,,192.0,0.10000000149011612,0.0,18.0,23.0,2140.0,UNKNOWN,1.502899169921875,NO_AEROBIC_BENEFIT_18,NO_ANAEROBIC_BENEFIT_0,,,5134.89404296875,1,386.0,7711.3359375,SURFACE_TYPE_PAVED,0,386.0,386.0,60031,60031.109375,7.784999847412109,14.621000289916992,0,389.0,seances/2026-05-31_road_biking_23076421031.md,75.7,109.0,116.0,63,63,68,10,52,Fair,,,,,triban ,,,,,,,,,,,,,,,,,,,,,,,,,,,,,,,,,,,,,,,,,,,,,,,,,,,,,,10418.0,,,,,,,,,,,,,,,,,,,,,,,,,,70.97466289255134,,0,,,,,,,,,,,,,,
23087065884,2026-06-01,06:55,virtual_ride,Stage 2 - Luberon (Provence),65.9,27.508,213.0,88.0,107.0,131.0,135.71090829923565,69.0,617.0,,11.2,FC,143.7,18.8,36.6,8.1,2.0,0.2,0.1,,Stage 2 - Luberon (Provence),"In stage two of this two-stage ride through the Luberon mountain range in southeastern France, you’ll return to the town of Apt along a converted railway cycling path that takes you over a 2,000-year-old Roman bridge.",2026-06-01 06:55:07,2026-06-01 04:55:07,152,virtual_ride,2,0,0,1,9,uncategorized,10,0,0,0,0,27507.779296875,3954.154052734375,3954.154052734375,3953.0,213.0,57.0,6.956999778747559,12.161999702453613,43.8462180364877,5.086820125579834,1,0,69.0,89.0,2,private,0,0,0,124,1780289707000,2,131.0,307.0,135.71090829923565,139.815,44.17260911627386,0.6341631228936245,0,181.39999389648438,337.6000061035156,0,0,0.8000030517578125,TACX,Taillades,1,43.88125229626894,5.384901221841574,0,307,307,307,225,205,202,177,165,160,148,140,134,132,0,3954.154052734375,1,3954.154052734375,VIRTUAL_ACTIVITY_SECTION,0,0,1,0,0,1127.0,2197.0,488.0,123.0,12.0,7.0,0.0,2026-06-01 06:01:01,0,a1cc4942-5f3c-41ec-a37a-cf7d8b77729a,0,0,0,0,0,0,0,0,0,213.0,213.0,213.0,27507,27507.779296875,6.956999778747559,12.161999702453613,57.0,98.0,2.0999999046325684,0.0,,,,RECOVERY,28.049087524414062,MINOR_AEROBIC_BENEFIT_0,NO_ANAEROBIC_BENEFIT_0,,,,,,,,,,,,,,,,,seances/2026-06-01_virtual_ride_23087065884.md,116.8,135.0,137.2,,,,,,,5.9,,,,triban ,88.0,107.0,,,,354.0,0.0,0.0,0.0,0.0,85.7,90.9,5.2,,,,,,,,,,,,,,25.32,24.69,8.1,non,-2.5,,,,,,,,,,,,,,,,,,,,,,,,,,,,,,,,,,,,,,,,,,,,,,,,,250.63834062729694,,0,,,,,,,,,,,,,,
23114349636,2026-06-03,12:23,running,Aulnay-sous-Bois Course à pied,45.4,9.066,72.0,160.0,190.0,382.0,406.0,159.015625,689.0,,58.1,FC,300.3,8.4,17.2,6.4,2.7,9.8,,,Aulnay-sous-Bois Course à pied,,2026-06-03 12:23:33,2026-06-03 10:23:33,1,running,17,0,0,1,9,uncategorized,10,0,0,0,0,9065.7001953125,2722.426025390625,2866.758056640625,2714.416030883789,72.0,69.0,3.329999923706055,4.935999870300293,48.95053974352777,2.486773459240794,1,0,,,2,private,0,0,0,124,1780482213000,1,382.0,585.0,406.0,,,,3615274803,47.0,78.19999694824219,0,0,1.2000045776367188,GARMIN,Aulnay-sous-Bois,10,48.950325921177864,2.487071016803384,0,,,,,,,,,,,,,,,21.187999725341797,,,,,,1,0,0,502.792,1032.448,382.62,160.994,587.953,,,2026-06-03 11:11:19,0,a62330a6-96bf-4bed-9147-3ac4b3df9ed8,0,0,0,0,0,0,0,0,0,,,,,,,,,68.0,4.400000095367432,3.0,,,756.0,VO2MAX,249.2119903564453,HIGHLY_IMPROVING_VO2_MAX_16,IMPROVING_ANAEROBIC_BASE_2,,,,,,,,,,,,,,,,,seances/2026-06-03_running_23114349636.md,229.0,274.5,,63,63,68,11,52,Mostly Cloudy,1.2,3.0,8.4,19.4,Daily shoes,160.0,190.0,1,46,-15,70.184,181.999,501.332,1164.411,788.933,151.9,168.1,16.2,159.015625,169.0,7230,10.069999694824219,270.6000061035156,123.84000244140626,55.0,8.270000457763672,169.0,3.3320000171661377,229.46499633789062,380.94500732421875,1372.6319580078125,12.64,11.1,20.6,non,-12.2,13.1,,,,,,,,,,,,,,,,,,,,,,,,,,,,,,,,,,,,,,,,,,,,,,,,64.19404853747926,,0,,,,,,,,,,,,,,
23119085242,2026-06-03,19:15,lap_swimming,Nat. piscine,30.2,1.5,,129.0,161.0,,,,337.0,,49.4,CSS,120.7,,,,,,,,Nat. piscine,,2026-06-03 19:15:33,2026-06-03 17:15:33,27,lap_swimming,26,0,0,0,9,uncategorized,10,0,0,0,0,1500.0,1810.375,2454.1708984375,1810.375,,,0.8289999961853028,0.9800000190734864,,,0,0,,,2,private,0,0,0,124,1780506933000,5,,,,,,,3615274803,,,0,0,,GARMIN,,6,,,0,,,,,,,,,,,,,,,110.03299713134766,,,,,,0,0,0,,,,,,,,2026-06-03 17:56:27,0,b8d51fea-fe51-442c-8431-add9ce1450de,0,0,0,0,0,0,0,0,0,,,,,,,,,45.0,2.5,1.399999976158142,,,,AEROBIC_BASE,63.8355712890625,MAINTAINING_AEROBIC_FITNESS_1,MINOR_ANAEROBIC_BENEFIT_15,,,,,,,,,,,,,,,,,seances/2026-06-03_lap_swimming_23119085242.md,,,,,,,,,,4.4,12.6,11.7,1.1,,129.0,161.0,6,28,,266.973,758.0,701.997,68.001,0.0,128.7,129.6,0.9,,,,,,,,,,,,,,,,,,,,,,,,,,,,,,,,,,26.0,43.0,60,2500.0,1,meter,100.0,770.0,0.0,12.800000190734863,107.9990005493164,475.2460021972656,,,,,,,,,,,,,,,,,,,,,,,,0,,,,,,,,,,,,,,
23177718563,2026-06-08,18:27,lap_swimming,Nat. piscine,30.8,1.5,,131.0,171.0,,,,341.0,,47.4,CSS,123.3,,,,,,,,Nat. piscine,,2026-06-08 18:27:02,2026-06-08 16:27:02,27,lap_swimming,26,0,0,0,9,uncategorized,10,0,1,0,0,1500.0,1849.4310302734375,2801.030029296875,1849.4310302734375,,,0.8109999895095826,0.984000027179718,,,0,0,,,2,private,0,0,0,124,1780936022000,5,,,,,,,3615274803,,,0,0,,GARMIN,,3,,,0,,,,,,,,,,,,,,,250.6219940185547,,,,,,0,0,0,,,,,,,,2026-06-08 17:13:43,0,aaf3461c-c413-4def-a62a-ef9452de8cb3,0,0,0,0,0,0,0,0,1,,,,,,,,,46.0,2.4000000953674316,0.6000000238418579,,,,RECOVERY,48.51448059082031,MINOR_AEROBIC_BENEFIT_0,NO_ANAEROBIC_BENEFIT_0,,,,,,,,,,,,,,,,,seances/2026-06-08_lap_swimming_23177718563.md,,,,,,,,,,1.7,18.1,8.2,2.8,,131.0,171.0,3,39,,102.494,1084.982,490.01,170.001,0.0,125.2,140.7,15.4,,,,,,,,,,,1227.958984375,,,,,,,,,,,,,,,,,,,,,,,27.0,89.0,30,5000.0,1,meter,100.0,826.0,0.0,27.5,105.3740005493164,474.55999755859375,,,,,,,,,,,,,,,,,,,,,,,908.8079833984375,0,,,,,,,,,,,,,,
23187854180,2026-06-09,12:20,running,Aulnay-sous-Bois Course à pied,40.5,9.02,67.0,156.0,178.0,418.0,422.0,160.953125,618.0,,47.3,FC,269.1,0.1,1.2,7.0,26.2,5.3,,,Aulnay-sous-Bois Course à pied,,2026-06-09 12:20:22,2026-06-09 10:20:22,1,running,17,0,0,1,9,uncategorized,10,0,0,0,0,9020.48046875,2427.409912109375,2581.239013671875,2411.719985961914,67.0,70.0,3.7160000801086426,4.656000137329102,48.95018544048071,2.4872967414557934,1,0,,,2,private,0,0,0,124,1781000422000,1,418.0,574.0,422.0,,,,3615274803,43.20000076293945,76.19999694824219,0,0,0.5999984741210938,GARMIN,Aulnay-sous-Bois,10,48.95035492256284,2.4870566837489605,0,,,,,,,,,,,,,,,5.120999813079834,,,,,,1,0,0,8.002,70.999,419.937,1569.001,317.521,,,2026-06-09 11:03:23,0,aab08184-38d5-450a-9f12-ca56b1e65c98,0,0,0,0,0,0,0,0,0,,,,,,,,,61.0,4.199999809265137,0.30000001192092896,,,673.0,LACTATE_THRESHOLD,171.0916290283203,HIGHLY_IMPROVING_LACTATE_THRESHOLD_13,NO_ANAEROBIC_BENEFIT_0,,,,,,,,,,,,,,,,,seances/2026-06-09_running_23187854180.md,248.7,271.2,,61,61,59,9,46,Cloudy,0.1,4.0,11.9,19.7,Daily shoes,156.0,178.0,0,41,-11,7.001,238.935,716.683,1179.322,266.767,142.9,169.6,26.7,160.953125,231.0,6566,10.40999984741211,255.5,135.84000244140626,55.0,7.690000057220459,231.0,3.677999973297119,248.63099670410156,404.5260009765625,1355.7640380859375,13.14,13.1,16.0,non,-0.3,4.4,,,,,,,,,,,,,,,,,,,,,,,,,,,,,,,,,,,,,,,,,,,,,,,,60.69522242255423,,0,,,,,,,,,,,,,,
23221658126,2026-06-12,12:32,running,Aulnay-sous-Bois Course à pied,42.2,7.909,73.0,147.0,176.0,355.0,357.0,157.78125,595.0,,40.1,FC,320.2,2.1,23.9,13.1,2.1,0.3,,,Aulnay-sous-Bois Course à pied,,2026-06-12 12:32:12,2026-06-12 10:32:12,1,running,17,0,0,1,9,uncategorized,10,0,0,0,0,7908.75,2532.047119140625,2741.256103515625,2513.8510131835938,73.0,57.0,3.122999906539917,4.021999835968018,48.95055893808603,2.4867423623800278,1,0,,,2,private,0,0,0,124,1781260332000,1,355.0,521.0,357.0,,,,3615274803,35.20000076293945,73.0,0,0,18.200000762939453,GARMIN,Aulnay-sous-Bois,8,48.95031024701893,2.4871133454144,0,,,,,,,,,,,,,,,283.5889892578125,,,,,,1,0,0,123.714,1435.785,784.929,126.996,15.871,,,2026-06-12 11:17:53,0,faf29412-412c-4e1e-8337-e9aa69808ef2,0,0,0,0,0,0,0,0,0,,,,,,,,,63.0,3.5,0.20000000298023224,,,703.0,AEROBIC_BASE,112.0579833984375,IMPROVING_AEROBIC_ENDURANCE_9,NO_ANAEROBIC_BENEFIT_0,,,,,,,,,,,,,,,,,seances/2026-06-12_running_23221658126.md,300.8,328.5,,66,66,73,10,57,Cloudy,0.7,1.9,24.9,14.0,Daily shoes,147.0,176.0,0,44,-11,42.601,111.13,1495.125,839.568,24.001,139.5,154.7,15.2,157.78125,170.0,6700,9.95999984741211,277.1000061035156,117.73000488281251,55.0,8.470000267028809,170.0,3.1150000095367436,300.8630065917969,496.5010070800781,1642.4429931640625,10.92,11.2,7.6,oui,2.5,0.4,,,,,,,,,,,,,,,,,,,,,,,,,,,,,,,,,,,,,,,,,,,,,,,,62.02449622393502,,0,,,,,,,,,,,,,,
23404702881,2026-06-14,09:07,road_biking,Chevrières Cyclisme sur route,166.9,68.709,521.0,,,,,77.0,2431.0,27.0,,FC,145.8,,,,,,,,Chevrières Cyclisme sur route,,2026-06-14 09:07:16,2026-06-14 07:07:16,10,road_biking,2,0,0,1,9,uncategorized,10,0,0,0,0,68709.1328125,10015.853515625,10624.8525390625,10003.466979980469,521.0,500.0,6.860000133514404,14.295000076293945,49.34511624276638,2.691226350143552,1,0,77.0,118.0,2,private,0,0,0,124,1781420836000,2,,,,,,,3499830968,32.0,185.39999389648438,0,0,1.0,GARMIN,Chevrières,14,49.345486890524626,2.684013471007347,0,,,,,,,,,,,,,,,530.1099853515625,5,9958.302734375,SURFACE_TYPE_PAVED,0,0,1,0,0,,,,,,,,2026-06-14 10:04:20,0,d78a851a-77a3-4973-8528-c98db3741bbb,0,0,0,0,0,0,0,0,0,511.0,283.0,102.0,35441,68325.9375,6.861000061035156,14.295000076293945,495.0,250.0,0.10000000149011612,0.0,16.0,27.0,2762.0,UNKNOWN,1.502899169921875,NO_AEROBIC_BENEFIT_18,NO_ANAEROBIC_BENEFIT_0,3352.0159999999996,2625.0,5675.31689453125,4,10.0,56.98500061035156,SURFACE_TYPE_UNPAVED,0,10.0,2.0,367,377.9100036621094,6.631999969482422,9.079000473022461,0,5.0,seances/2026-06-14_road_biking_23404702881.md,99.2,118.6,125.6,61,61,63,8,48,Fair,,,,,triban ,,,,,,,,,,,,,,,,,,,,,,,,,,,,,,,,,,,,,,,,,,,,,,,,,,,,,,11226.0,,,,,,,,,,,,,,,,,,,,,,,,,,70.9760758390917,,0,35441.16015625,367.2200012207031,,,,,,,,,,,,
23332114953,2026-06-21,15:10,multi_sport,Deauville Multisport,170.1,52.574,654.0,,189.0,,,,2604.0,,,FC,194.1,,,,,,,,Deauville Multisport,,2026-06-21 15:10:37,2026-06-21 13:10:37,89,multi_sport,17,0,0,1,9,uncategorized,10,0,0,0,1,52573.838958740234,10207.066284179688,10207.066284179688,,654.0,655.0,5.150729650911192,,49.360565347597,0.0634207483381033,1,0,,,2,private,0,0,0,124,,18,,,,,,,3615274803,-5.800000190734863,119.19999694824219,0,0,,GARMIN,Deauville,5,49.361620461568236,0.06748010404407978,0,,,,,,,,,,,,,,,,,,,,,0,0,0,,,,,,,,2026-06-21 16:00:44,0,10a0a523-f8c4-4ceb-99b1-7c858c67c2f3,0,0,0,0,0,1,0,0,0,,,,,,,,,,5.0,4.0,,,2835.0,VO2MAX,564.125,OVERREACHING_17,HIGHLY_IMPROVING_ANAEROBIC_CAPACITY_AND_SPEED_13,,,,,,,,,,,,,,,,,seances/2026-06-21_multi_sport_23332114953.md,71.2,88.8,101.9,,,,,,,,,,,,,189.0,,,,,,,,,158.5,169.1,10.6,,,,,,,,,,,,,,12.56,17.52,-30.7,oui,39.4,,,,,,,,,,,,,,,,,,,,,,,,,,,,,,,,,,,,,,,,,,,,,,,,,,,0,,,,,,,,,,,,,,
23556345592,2026-06-21,15:50,road_biking,Deauville Cyclisme sur route,82.0,39.877,547.0,,,,,83.0,1724.0,33.0,,FC,123.3,,,,,,,,Deauville Cyclisme sur route,,2026-06-21 15:50:25,2026-06-21 13:50:25,10,road_biking,2,0,0,1,9,uncategorized,10,0,0,0,0,39877.078125,4918.59716796875,4920.47998046875,4916.5870361328125,547.0,547.0,8.107000350952148,17.31800079345703,49.35554509051144,0.05992859601974487,1,0,83.0,118.0,2,private,0,0,0,124,1782049825000,2,,,,,,,3499830968,5.599999904632568,119.5999984741211,0,0,1.0,GARMIN,Deauville,8,49.358425196260214,0.06580137647688389,0,,,,,,,,,,,,,,,484.0270080566406,1,6.1479997634887695,SURFACE_TYPE_UNPAVED,0,0,1,0,0,,,,,,,,2026-06-21 15:12:25,0,ee709284-0cca-40f9-8cde-3e23094627e2,0,0,0,0,0,0,0,0,0,0.0,0.0,0.0,14,14.699999809265137,2.3919999599456787,2.546999931335449,0.0,123.0,0.10000000149011612,0.0,26.0,33.0,1366.0,UNKNOWN,1.502899169921875,NO_AEROBIC_BENEFIT_18,NO_ANAEROBIC_BENEFIT_0,,,,1,547.0,4912.1171875,SURFACE_TYPE_PAVED,0,547.0,547.0,39855,39855.640625,8.11400032043457,17.31800079345703,0,547.0,seances/2026-06-21_road_biking_23556345592.md,71.3,89.2,102.2,84,90,66,5,72,Fair,,,,,triban ,,,2,77,,,,,,,,,,,,,,,,,,,,,,,,,,,,,,,,,,,,,,,,,,,,,,,,,,6513.0,,,,,,,,,,,,,,,,,,,,,,,,,,52.31949583430871,,0,14.699999809265137,39855.640625,,,,,,,,,,,,
23397450449,2026-06-27,15:47,running,Chevrières Course à pied,47.4,8.664,44.0,162.0,172.0,339.0,344.0,160.125,689.0,,63.4,FC,328.0,20.1,16.2,9.5,1.3,,,,Chevrières Course à pied,,2026-06-27 15:47:12,2026-06-27 13:47:12,1,running,17,0,0,1,9,uncategorized,10,0,0,0,0,8663.6796875,2841.325927734375,3113.162109375,2830.1019897460938,44.0,44.0,3.0490000247955322,3.630000114440918,49.345513796433806,2.684581931680441,1,0,,,2,private,0,0,0,124,1782568032000,1,339.0,443.0,344.0,,,,3615274803,32.0,68.80000305175781,0,0,0.40000152587890625,GARMIN,Chevrières,9,49.34545822441578,2.684146659448743,0,,,,,,,,,,,,,,,229.1719970703125,,,,,,1,0,0,1205.216,969.724,569.97,77.002,0.0,,,2026-06-27 14:39:05,0,ffc5b06a-0d26-4297-96e1-35fc1566ee62,0,0,0,0,0,0,0,0,0,,,,,,,,,71.0,3.799999952316284,0.0,,,789.0,LACTATE_THRESHOLD,134.97784423828125,IMPROVING_LACTATE_THRESHOLD_12,NO_ANAEROBIC_BENEFIT_0,,,,,,,,,,,,,,,,,seances/2026-06-27_running_23397450449.md,287.1,317.0,,97,97,35,3,64,Fair,0.4,0.7,5.8,40.5,Daily shoes,162.0,172.0,1,50,-11,23.928,41.002,345.328,2430.932,0.0,158.9,165.2,6.4,160.125,172.0,7580,9.75,277.5,114.04000244140626,54.0,8.5600004196167,172.0,3.0420000553131104,287.23699951171875,469.7650146484375,1584.9119873046875,11.18,10.53,9.5,non,-5.9,,,,,,,,,,,,,,,,,,,,,,,,,,,,,,,,,,,,,,,,,,,,,,,,,48.47997183902126,,0,,,,,,,,,,,,,,
23556349801,2026-06-28,08:38,road_biking,Chevrières Cyclisme sur route,136.8,64.471,399.0,133.0,164.0,,,85.0,1329.0,30.0,92.2,FC,127.3,,,,,,,,Chevrières Cyclisme sur route,,2026-06-28 08:38:00,2026-06-28 06:38:00,10,road_biking,2,0,0,1,9,uncategorized,10,0,0,0,0,64471.171875,8207.4150390625,8235.4091796875,8202.209045410156,399.0,404.0,7.855000019073486,13.222000122070314,49.3490422423929,2.6885505951941013,1,0,85.0,117.0,2,private,0,0,0,124,1782628680000,2,,,,,,,3499830968,29.399999618530273,162.0,0,0,0.600006103515625,GARMIN,Chevrières,13,49.34548856690526,2.6840557996183634,0,,,,,,,,,,,,,,,529.5770263671875,2,8204.54296875,SURFACE_TYPE_PAVED,0,0,1,0,0,,,,,,,,2026-06-28 08:55:15,0,ee13bc4b-8f52-4d51-b0a0-28dcedcac8df,0,0,0,0,0,0,0,0,0,399.0,222.0,200.0,33634,64459.62890625,7.85699987411499,13.222000122070312,404.0,204.0,3.5999999046325684,0.30000001192092896,25.0,30.0,1677.0,AEROBIC_BASE,114.07081604003906,IMPROVING_AEROBIC_ENDURANCE_9,NO_ANAEROBIC_BENEFIT_0,,,5055.59814453125,1,0.0,1.9989999532699585,SURFACE_TYPE_UNPAVED,0,0.0,0.0,6,6.630000114440918,3.319000005722046,3.368000030517578,0,0.0,seances/2026-06-28_road_biking_23556349801.md,80.8,99.4,105.0,73,73,78,6,66,Fair,14.2,44.9,66.0,10.3,triban ,133.0,164.0,46,83,,852.2,2691.948,3961.972,620.99,0.0,134.5,132.0,-2.5,,,,,,,,,,,,,,,,,,,,,,,,,,,,,,,,,,,,,,,,,10968.0,,,,,,,,,,,,,,,,,,,,,,20.200000762939453,44.72999954223633,31.940000534057617,,70.76756429434026,,0,33634.609375,6.630000114440918,,,,,,,,,,,,
23420749098,2026-06-29,18:40,lap_swimming,Nat. piscine,22.3,1.1,,126.0,156.0,,,,222.0,,35.6,CSS,121.7,,,,,,,,Nat. piscine,,2026-06-29 18:40:08,2026-06-29 16:40:08,27,lap_swimming,26,0,0,0,9,uncategorized,10,0,0,0,0,1100.0,1339.0240478515625,3339.97802734375,1322.3990478515625,,,0.8320000171661377,1.312000036239624,,,0,0,,,2,private,0,0,0,124,1782751208000,5,,,,,,,3615274803,,,0,0,,GARMIN,,5,,,0,,,,,,,,,,,,,,,16.625,,,,,,0,0,0,,,,,,,,2026-06-29 17:35:47,0,2a5d09aa-64c2-426a-a88d-ba5ebf2b579f,0,0,0,0,0,0,0,0,0,,,,,,,,,33.0,2.299999952316284,0.30000001192092896,,,,RECOVERY,42.33207702636719,MINOR_AEROBIC_BENEFIT_0,NO_ANAEROBIC_BENEFIT_0,,,,,,,,,,,,,,,,,seances/2026-06-29_lap_swimming_23420749098.md,,,,,,,,,,9.3,3.4,8.7,0.5,,126.0,156.0,7,22,,558.958,204.874,522.0,28.0,0.0,109.8,139.5,29.7,,,,,,,,,,,,,,,,,,,,,,,,,,,,,,,,,,25.0,85.0,22,5000.0,1,meter,100.0,557.0,0.0,25.299999237060547,110.7490005493164,481.24700927734375,,,,,,,,,,,,,,,,,,,,,,,,0,,,,,,,,,,,,,,
23440659679,2026-07-01,12:19,running,Aulnay-sous-Bois Course à pied,50.3,9.041,89.0,133.0,148.0,336.0,339.0,159.15625,618.0,,33.9,FC,333.6,15.7,24.5,7.4,1.8,,,,Aulnay-sous-Bois Course à pied,,2026-07-01 12:19:54,2026-07-01 10:19:54,1,running,17,0,0,1,9,uncategorized,10,0,0,0,0,9040.75,3016.337890625,3211.993896484375,2995.2740173339844,89.0,67.0,2.996999979019165,3.871999979019165,48.95032022148371,2.487005302682519,1,0,,,2,private,0,0,0,124,1782901194000,1,336.0,462.0,339.0,,,,3615274803,31.399999618530273,72.80000305175781,0,0,23.000001907348633,GARMIN,Aulnay-sous-Bois,10,48.9502102509141,2.487277379259467,0,,,,,,,,,,,,,,,12.140000343322754,,,,,,1,0,0,943.65,1467.979,443.93,108.987,0.0,,,2026-07-01 11:13:25,0,bd245387-aa61-4303-83dc-0caf8ad983f3,0,0,0,0,0,0,0,0,0,,,,,,,,,75.0,3.0999999046325684,0.0,,,837.0,AEROBIC_BASE,72.38265991210938,IMPROVING_AEROBIC_BASE_8,NO_ANAEROBIC_BENEFIT_0,,,,,,,,,,,,,,,,,seances/2026-07-01_running_23440659679.md,320.7,339.4,,72,72,53,7,54,Mostly Cloudy,0.7,27.2,21.3,,Daily shoes,133.0,148.0,2,49,-12,40.173,1633.487,1278.787,0.0,0.0,129.6,136.0,6.5,159.15625,244.0,8002,9.65999984741211,279.3999938964844,111.95999755859376,55.0,8.640000343322754,244.0,2.9719998836517334,320.5880126953125,518.4840087890625,1697.2159423828125,10.77,10.4,8.1,non,-3.5,,,,,,,,,,,,,,,,,,,,,,,,,,,,,,,,,,,,,,,,,,,,,,,,,61.13567645922896,,0,,,,,,,,,,,,,,
23456876618,2026-07-02,19:35,indoor_cycling,Entraîn sur pente,40.2,12.944,278.0,113.0,139.0,156.0,170.11857277178095,83.0,438.0,,48.5,puissance,186.4,9.1,11.2,7.7,11.4,0.8,,,Entraîn sur pente,,2026-07-02 19:35:59,2026-07-02 17:35:59,25,indoor_cycling,2,0,0,1,9,uncategorized,10,0,0,0,0,12944.0595703125,2412.743896484375,2412.743896484375,2412.743896484375,278.0,0.0,5.364999771118164,8.704000473022461,,,0,0,83.0,118.0,2,private,0,0,0,124,1783013759000,2,156.0,255.0,170.11857277178095,189.38666666666666,42.35304495240598,0.7949466017372941,0,0.0,278.3999938964844,0,0,0.40002441406250006,TACX,,1,,,0,248,246,233,231,229,226,220,216,203,202,189,175,,0,2412.743896484375,,,,,,0,0,0,544.0,673.0,464.0,683.0,49.0,0.0,0.0,2026-07-02 18:16:11,0,8ecadb74-3f36-4bc8-8b2e-88897d19b288,0,0,0,0,0,0,0,0,0,,,,,,,,,60.0,2.200000047683716,0.0,,,,RECOVERY,31.255279541015625,MINOR_AEROBIC_BENEFIT_0,NO_ANAEROBIC_BENEFIT_0,,,,,,,,,,,,,,,,,seances/2026-07-02_indoor_cycling_23456876618.md,,,,,,,,,,18.1,18.8,0.4,,triban ,113.0,139.0,1,11,,1088.0,1127.0,26.0,0.0,0.0,103.8,122.3,18.5,,,,,,,,,,,,,,,,-19.3,oui,40.7,,,,,,,,,,,,,,,,,,,,,,,,,,,,,131,184,204.2,189.6,,,,,,,,,,,,,,,,,113.75084879079205,,0,,,,,,,,,,,,,,
23474787280,2026-07-04,11:13,running,Chevrières Course à pied,90.2,16.6,111.0,147.0,162.0,380.0,382.0,160.671875,1207.0,,85.6,FC,326.0,1.3,27.6,48.4,12.8,0.1,,,Chevrières Course à pied,,2026-07-04 11:13:41,2026-07-04 09:13:41,1,running,17,0,0,1,9,uncategorized,10,0,0,0,0,16599.69921875,5412.01416015625,5412.01416015625,5408.694000244141,111.0,110.0,3.066999912261963,4.14300012588501,49.345494601875544,2.6845284551382065,1,0,,,2,private,0,0,0,124,1783156421000,1,380.0,602.0,382.0,,,,3615274803,28.399999618530273,101.19999694824219,0,0,0.40000152587890625,GARMIN,Chevrières,17,49.34546710923314,2.684126291424036,0,,,,,,,,,,,,,,,192.468994140625,1,5412.01416015625,INTERVAL_ACTIVE,0,0,1,0,0,78.001,1658.853,2901.009,767.98,3.002,,,2026-07-04 10:43:53,0,39449eaa-1993-4264-916c-19a7fa527011,0,0,0,0,0,0,0,0,0,111.0,111.0,111.0,16599,16599.73046875,3.066999912261963,4.14300012588501,110.0,135.0,3.9000000953674316,0.0,,,1503.0,AEROBIC_BASE,148.94847106933594,IMPROVING_AEROBIC_ENDURANCE_9,NO_ANAEROBIC_BENEFIT_0,,,,2,111.0,5411.93994140625,RWD_RUN,0,111.0,111.0,16599,16599.73046875,3.066999912261963,4.14300012588501,0,110.0,seances/2026-07-04_running_23474787280.md,291.0,322.1,323.8,73,73,41,7,48,Fair,0.9,5.0,64.1,19.9,Daily shoes,147.0,162.0,0,89,-22,52.998,302.997,3846.747,1196.103,0.0,142.3,151.8,9.5,160.671875,168.0,14408,12.15,246.60000610351562,114.40999755859376,54.0,10.369999885559082,168.0,3.0759999752044678,290.6669921875,491.1789855957031,1610.1419677734375,10.97,11.03,5.7,oui,0.6,,,,,,,,,,,,,,,3238.573974609375,,,,,,,,,,,,,,,,,,,,,,,,,,,,,51.31999969482422,21.81999969482422,45.72999954223633,34.779998779296875,,47.42132295931346,,0,16599.73046875,16599.73046875,,,,,,,,,,,,
23501784293,2026-07-06,18:50,virtual_ride,Col de la Croix de Fer (Alpes françaises),73.5,18.304,830.0,128.0,149.0,184.0,191.33772937048775,79.0,924.0,,43.5,FC,240.8,4.5,12.4,22.5,27.2,8.2,0.9,,Col de la Croix de Fer (Alpes françaises),Cette célèbre ascension des Alpes françaises est souvent au programme du Tour de France. Vous grimperez jusqu'à la station de Saint-Sorlin-d'Arves avant de redescendre vers le col du Glandon et de revenir au point de départ.,2026-07-06 18:50:30,2026-07-06 16:50:30,152,virtual_ride,2,0,0,1,9,uncategorized,10,0,0,0,0,18304.0,4408.35693359375,4539.298828125,4408.35693359375,830.0,231.0,4.1519999504089355,17.291000366210938,45.206539146602154,6.308380085974932,1,0,79.0,118.0,2,private,0,0,0,124,1783356630000,2,184.0,292.0,191.33772937048775,205.75333333333333,97.89216537131254,0.8941015391144287,0,1257.5999755859375,2067.199951171875,0,0,1.0,TACX,Saint-Jean-d'Arves,1,45.23893075995147,6.17742751725018,0,292,292,263,257,254,252,247,241,228,216,206,200,191,0,4408.35693359375,1,4539.298828125,VIRTUAL_ACTIVITY_SECTION,0,0,1,0,0,268.0,744.0,1349.0,1631.0,492.0,55.0,0.0,2026-07-06 18:06:09,0,75402a9f-f163-40f1-b502-a81429a4073a,0,0,0,0,0,0,0,0,0,830.0,830.0,830.0,18304,18304.0,4.1519999504089355,17.291000366210938,231.0,109.0,3.0,0.0,,,,AEROBIC_BASE,69.27735900878906,IMPROVING_AEROBIC_BASE_8,NO_ANAEROBIC_BENEFIT_0,,,,,,,,,,,,,,,,,seances/2026-07-06_virtual_ride_23501784293.md,61.5,188.7,233.5,,,,,,,5.9,47.1,22.5,,triban ,128.0,149.0,26,32,,355.0,2828.0,1349.0,0.0,0.0,122.6,134.3,11.6,,,,,,,,,,,,,,16.16,13.98,21.0,non,-13.5,,,,,,,,,,,,,,,,,,,,,,,,,,,,,,,,,,,,,,,,,,,,,,,,,1640.8716016905137,,0,18304.0,,,,,,,,,,,,,
23521738301,2026-07-08,12:22,running,Aulnay-sous-Bois Course à pied,45.5,7.664,55.0,140.0,153.0,318.0,320.0,157.875,576.0,,36.5,FC,356.0,30.7,11.1,2.0,1.0,,,,Aulnay-sous-Bois Course à pied,,2026-07-08 12:22:16,2026-07-08 10:22:16,1,running,17,0,0,1,9,uncategorized,10,0,0,0,0,7664.10986328125,2728.6689453125,2890.302978515625,2724.699005126953,55.0,53.0,2.809000015258789,3.200000047683716,48.95028853788972,2.48711627908051,1,0,,,2,private,0,0,0,124,1783506136000,1,318.0,457.0,320.0,,,,3615274803,51.79999923706055,73.0,0,0,0.40000152587890625,GARMIN,Aulnay-sous-Bois,8,48.95125958137214,2.486249003559351,0,,,,,,,,,,,,,,,227.12600708007812,,,,,,1,0,0,1839.612,668.585,120.058,57.008,0.0,,,2026-07-08 11:10:26,0,81d3ad79-2f95-4d85-97d5-0eaff4e9402a,0,0,0,0,0,0,0,0,0,,,,,,,,,68.0,3.0999999046325684,0.0,,,757.0,AEROBIC_BASE,72.44082641601562,IMPROVING_AEROBIC_BASE_8,NO_ANAEROBIC_BENEFIT_0,,,,,,,,,,,,,,,,,seances/2026-07-08_running_23521738301.md,334.0,363.0,,84,84,35,3,54,Fair,0.2,9.1,36.2,,Daily shoes,140.0,153.0,0,46,-11,13.079,543.442,2172.014,0.0,0.0,136.4,144.1,7.8,157.875,167.0,7176,9.509999847412109,287.29998779296875,106.34000244140626,54.0,8.949999809265137,167.0,2.815000057220459,334.0769958496094,549.68798828125,1813.5279541015625,10.0,10.04,5.0,oui,0.4,,,,,,,,,,,,,,,,,,,,,,,,,,,,,,,,,,,,,,,,,,,,,,,,,64.4349578041085,,0,,,,,,,,,,,,,,
23556413771,2026-07-11,08:12,road_biking,Chevrières Cyclisme sur route,180.8,87.01,498.0,148.0,179.0,,,85.0,2176.0,34.0,175.8,FC,124.7,,,,,,,,Chevrières Cyclisme sur route,,2026-07-11 08:12:28,2026-07-11 06:12:28,10,road_biking,2,0,0,1,9,uncategorized,10,0,0,0,0,87010.40625,10848.306640625,11573.7685546875,10837.2451171875,498.0,498.0,8.020999908447266,16.291000366210938,49.3469181843102,2.684869095683098,1,0,85.0,120.0,2,private,0,0,0,124,1783750348000,2,,,,,,,3499830968,30.0,141.1999969482422,0,0,0.8000030517578125,GARMIN,Chevrières,18,49.34550658799708,2.6847089175134897,0,,,,,,,,,,,,,,,283.6029968261719,2,10815.1142578125,SURFACE_TYPE_PAVED,0,0,1,0,0,,,,,,,,2026-07-11 09:25:21,0,9e4ff850-9c3d-4ed4-a29b-a0965e67fa7f,0,0,0,0,0,0,0,0,0,496.0,373.0,248.0,50242,86831.3828125,8.029000282287598,16.291000366210938,498.0,270.0,4.900000095367432,2.5999999046325684,22.0,34.0,2634.0,TEMPO,258.630615234375,HIGHLY_IMPACTING_TEMPO_23,MAINTAINING_ANAEROBIC_BASE_1,3771.0179999999996,2625.0,4821.4248046875,1,0.0,1.996000051498413,SURFACE_TYPE_UNPAVED,0,0.0,0.0,12,12.899999618530273,6.460000038146973,6.447999954223633,0,0.0,seances/2026-07-11_road_biking_23556413771.md,77.4,92.8,107.0,72,72,57,12,55,Fair,0.9,22.3,85.0,65.9,triban ,148.0,179.0,38,148,,56.026,1335.093,5097.85,3953.883,398.968,147.0,149.3,2.3,,,,,,,,,,,,,,,,,,,6.6,,,,,,,,,,,,,,,,,,,,,,14590.0,,,,,,,,,,,,,,,,,,,,,,20.8799991607666,53.34000015258789,35.150001525878906,,69.95376111483503,,0,50242.26953125,12.899999618530273,,,,,,,,,,,,
23579216191,2026-07-13,08:25,road_biking,Chevrières Cyclisme sur route,164.4,76.2,388.0,124.0,144.0,,,83.0,1344.0,33.0,87.6,FC,129.4,,,,,,,,Chevrières Cyclisme sur route,,2026-07-13 08:25:11,2026-07-13 06:25:11,10,road_biking,2,0,0,1,9,uncategorized,10,0,0,0,0,76200.3828125,9863.7080078125,10377.677734375,9849.367980957031,388.0,391.0,7.724999904632568,12.045999526977539,49.34547180309892,2.6845991984009743,1,0,83.0,118.0,2,private,0,0,0,124,1783923911000,2,,,,,,,3499830968,31.600000381469727,164.8000030517578,0,0,0.4000091552734375,GARMIN,Chevrières,16,49.34548404067755,2.684093937277794,0,,,,,,,,,,,,,,,155.8070068359375,0,0.0,SURFACE_TYPE_UNPAVED,0,0,1,0,0,,,,,,,,2026-07-13 09:18:08,0,43a71236-1b14-4aa9-8ea1-a7a4283beb3d,0,0,0,0,0,0,0,0,0,,,,,,,,,246.0,2.700000047683716,0.0,23.0,33.0,2016.0,AEROBIC_BASE,54.67039489746094,MAINTAINING_AEROBIC_BASE_7,NO_ANAEROBIC_BENEFIT_0,2933.0139999999997,1875.0,5000.080078125,1,388.0,9863.203125,SURFACE_TYPE_PAVED,0,388.0,388.0,76196,76196.8515625,7.724999904632568,12.045999526977539,0,391.0,seances/2026-07-13_road_biking_23579216191.md,90.3,102.0,110.4,73,73,57,12,57,Fair,24.7,116.0,21.8,,triban ,124.0,144.0,54,18,,1481.863,6961.144,1306.941,0.0,0.0,120.9,125.7,4.9,,,,,,,,,,,,,,,,,,,,,,,,,,,,,,,,,,,,,,,,,12841.0,,,,,,,,,,,,,,,,,,,,,,18.239999771118164,39.939998626708984,29.520000457763672,,64.45605352224189,,0,,76196.8515625,,,,,,,,,,,,
23592767205,2026-07-14,10:55,running,Chevrières Course à pied,108.6,16.213,119.0,132.0,143.0,311.0,315.0,156.734375,1165.0,,71.4,FC,402.0,73.2,24.3,5.7,0.2,,,,Chevrières Course à pied,,2026-07-14 10:55:26,2026-07-14 08:55:26,1,running,17,0,0,1,9,uncategorized,10,0,0,0,0,16213.5,6517.47998046875,6560.328125,6514.029022216797,119.0,119.0,2.48799991607666,3.200000047683716,49.345462918281555,2.684394009411335,1,0,,,2,private,0,0,0,124,1784019326000,1,311.0,442.0,315.0,,,,3615274803,32.79999923706055,107.5999984741211,0,0,1.0,GARMIN,Chevrières,17,49.34529762715101,2.6828807406127453,0,,,,,,,,,,,,,,,90.55699920654297,,,,,,1,0,0,4394.384,1460.973,343.969,9.003,0.0,,,2026-07-14 10:44:46,0,9b314752-2ba8-4968-8840-4c5b055c6b51,0,0,0,0,0,0,0,0,0,,,,,,,,,162.0,3.200000047683716,0.0,,,1810.0,AEROBIC_BASE,85.10894775390625,IMPROVING_AEROBIC_BASE_8,NO_ANAEROBIC_BENEFIT_0,,,,,,,,,,,,,,,,,seances/2026-07-14_running_23592767205.md,359.7,379.8,401.2,79,79,58,7,63,Mostly Cloudy,0.9,94.2,13.4,,Daily shoes,132.0,143.0,3,105,-21,56.0,5653.808,802.137,0.0,0.0,130.4,132.6,2.2,156.734375,165.0,16926,10.84000015258789,269.1000061035156,95.04000244140626,54.0,11.180000305175781,165.0,2.500999927520752,359.218994140625,590.5989990234375,1899.0489501953125,9.07,8.74,5.2,non,-3.6,,,,,,,,,,,,,,,4010.76806640625,,,,,,,,,,,,,,,,,,,,,,,,,,,,,50.880001068115234,20.829999923706055,41.86000061035156,27.790000915527344,,52.84477516491574,,0,,,,,,,,,,,,,,
23676041354,2026-07-21,12:25,running,Aulnay-sous-Bois Course à pied,44.6,7.809,64.0,144.0,157.0,329.0,334.0,156.8125,582.0,,39.5,FC,343.0,20.1,18.4,3.1,1.8,0.3,,,Aulnay-sous-Bois Course à pied,,2026-07-21 12:25:28,2026-07-21 10:25:28,1,running,17,0,0,1,9,uncategorized,10,0,0,0,0,7808.85986328125,2678.181884765625,2859.197998046875,2662.2769775390625,64.0,67.0,2.9159998893737793,3.871999979019165,48.95069849677384,2.4864674359560013,1,0,,,2,private,0,0,0,124,1784629528000,1,329.0,491.0,334.0,,,,3615274803,47.20000076293945,73.80000305175781,0,0,0.40000152587890625,GARMIN,Aulnay-sous-Bois,8,48.95031510852277,2.487063053995371,0,,,,,,,,,,,,,,,264.1929931640625,,,,,,1,0,0,1205.8,1101.278,188.011,109.0,20.999,,,2026-07-21 11:13:07,0,07aec7d0-5103-448b-99f9-fa1b0e05a617,0,0,0,0,0,0,0,0,0,,,,,,,,,67.0,3.200000047683716,0.0,,,743.0,AEROBIC_BASE,84.243408203125,IMPROVING_AEROBIC_BASE_8,NO_ANAEROBIC_BENEFIT_0,,,,,,,,,,,,,,,,,seances/2026-07-21_running_23676041354.md,324.6,349.2,,72,72,46,8,50,Mostly Clear,1.0,5.4,36.9,1.4,Daily shoes,144.0,157.0,1,46,-11,60.535,321.01,2213.918,82.582,0.0,139.6,147.6,8.0,156.8125,167.0,7070,9.640000152587891,283.29998779296875,109.95999755859376,54.0,8.779999732971191,167.0,2.9189999103546143,324.635986328125,533.7529907226562,1745.81298828125,10.19,10.52,2.3,oui,3.3,,,,,,,,,,,,,,,,,,,,,,,,,,,,,,,,,,,,,,,,,,,,,,,,,63.29156092301156,,0,,,,,,,,,,,,,,
23830044161,2026-08-02,10:32,running,Chevrières Course à pied,64.5,10.491,80.0,139.0,153.0,305.0,308.0,158.40625,773.0,,50.5,FC,368.9,52.8,10.5,0.9,,,,,Chevrières Course à pied,,2026-08-02 10:32:35,2026-08-02 08:32:35,1,running,17,0,0,1,9,uncategorized,10,0,0,0,0,10491.2099609375,3870.59912109375,3870.59912109375,3863.5260009765625,80.0,79.0,2.7100000381469727,3.2100000381469727,49.345520585775375,2.6845846977084875,1,0,,,2,private,0,0,0,124,1785659555000,1,305.0,392.0,308.0,,,,3615274803,31.0,89.19999694824219,0,0,0.40000152587890625,GARMIN,Chevrières,11,49.34544808231294,2.6839537918567657,0,,,,,,,,,,,,,,,181.80299377441406,3,5.000999927520752,RWD_STAND,0,0,1,0,0,3169.379,627.986,56.996,0.0,0.0,,,2026-08-02 09:37:05,0,d33143be-2a4a-4ec5-9068-5d9f4a3dcaf3,0,0,0,0,0,0,0,0,0,0.0,0.0,0.0,0,0.0,0.0,0.0,0.0,96.0,3.200000047683716,0.0,,,1075.0,AEROBIC_BASE,77.32379150390625,IMPROVING_AEROBIC_BASE_8,NO_ANAEROBIC_BENEFIT_0,,,,1,80.0,3870.59912109375,INTERVAL_ACTIVE,0,80.0,80.0,10491,10491.23046875,2.7100000381469727,3.2100000381469727,0,79.0,seances/2026-08-02_running_23830044161.md,347.3,367.1,368.5,75,75,39,5,48,Fair,0.9,9.4,54.2,,Daily shoes,139.0,153.0,0,62,-14,51.998,563.966,3253.397,0.0,0.0,135.9,142.3,6.4,158.40625,165.0,10194,9.34000015258789,289.5,102.68000488281251,53.0,9.100000381469727,165.0,2.7219998836517334,347.31500244140625,573.1640014648438,1835.70703125,9.64,9.77,3.3,oui,1.3,,1,80.0,3865.39599609375,RWD_RUN,0,80.0,80.0,10491,10491.23046875,2.7139999866485596,3.2100000381469727,0,79.0,3683.7041015625,,,,,,,,,,,,,,,,,,,,,,,,,,,,,,,,,,53.5226356733061,,0,0.0,10491.23046875,0.0,158.40625,1.026800048828125,9.100000381469727,9.34000015258789,289.5,10491.23046875,158.609375,1.026800048828125,9.100000381469727,9.34000015258789,289.5
23838889960,2026-08-03,18:24,lap_swimming,Nat. piscine,43.4,2.0,,137.0,164.0,,,,443.0,,56.7,CSS,130.1,,,,,,,,Nat. piscine,,2026-08-03 18:24:39,2026-08-03 16:24:39,27,lap_swimming,26,0,0,0,9,uncategorized,10,0,0,0,0,2000.0,2601.340087890625,3892.60888671875,2601.340087890625,,,0.7689999938011169,0.9929999709129333,,,0,0,,,2,private,0,0,0,124,1785774279000,5,,,,,,,3615274803,,,0,0,,GARMIN,,8,,,0,,,,,,,,,,,,,,,113.56700134277344,,,,,,0,0,0,,,,,,,,2026-08-03 17:29:31,0,5652c1a8-28b8-4cb7-9257-bf5ada597515,0,0,0,0,0,0,0,0,0,,,,,,,,,65.0,3.0,1.7000000476837158,,,,AEROBIC_BASE,82.71504211425781,IMPROVING_AEROBIC_BASE_8,MINOR_ANAEROBIC_BENEFIT_15,,,,,,,,,,,,,,,,,seances/2026-08-03_lap_swimming_23838889960.md,,,,,,,,,,3.4,9.3,28.3,1.8,,137.0,164.0,2,59,,202.394,560.924,1696.999,105.723,0.0,129.9,142.6,12.7,,,,,,,,,,,,,,,,,,,,,,,,,,,,,,,,,,25.0,93.0,40,5000.0,1,meter,100.0,1101.0,0.0,27.5,104.4990005493164,544.1220092773438,,,,,,,,,,,,,,,,,,,,,,,1035.6199951171875,0,,,,,,,,,,,,,,
23847228135,2026-08-04,12:09,running,Aulnay-sous-Bois Course à pied,46.9,7.72,61.0,140.0,161.0,310.0,313.0,157.140625,577.0,,37.7,FC,364.9,22.3,19.8,2.8,1.1,0.3,,,Aulnay-sous-Bois Course à pied,,2026-08-04 12:09:07,2026-08-04 10:09:07,1,running,17,0,0,1,9,uncategorized,10,0,0,0,0,7719.58984375,2816.68310546875,3044.218994140625,2807.510986328125,61.0,66.0,2.7409999370574947,3.5360000133514404,48.950286861509085,2.4871571827679873,1,0,,,2,private,0,0,0,124,1785838147000,1,310.0,485.0,313.0,,,,3615274803,48.599998474121094,71.4000015258789,0,0,0.40000152587890625,GARMIN,Aulnay-sous-Bois,8,48.95116746425629,2.486072313040495,0,,,,,,,,,,,,,,,243.95899963378906,,,,,,1,0,0,1338.584,1189.034,165.537,68.992,18.002,,,2026-08-04 10:59:51,0,6c897d27-db82-4117-ac8d-284136707e62,0,0,0,0,0,0,0,0,0,,,,,,,,,70.0,3.200000047683716,0.0,,,781.0,AEROBIC_BASE,78.59693908691406,IMPROVING_AEROBIC_BASE_8,NO_ANAEROBIC_BENEFIT_0,,,,,,,,,,,,,,,,,seances/2026-08-04_running_23847228135.md,340.6,379.2,,79,79,61,9,64,Fair,1.5,10.7,32.1,2.4,Daily shoes,140.0,161.0,1,48,-12,88.011,640.991,1927.723,142.614,0.0,131.9,148.8,16.9,157.140625,167.0,7388,9.390000152587891,289.5,103.73000488281251,52.0,9.069999694824219,167.0,2.73799991607666,340.7650146484375,561.2069702148438,1895.89501953125,9.46,10.06,5.7,oui,6.4,,,,,,,,,,,,,,,,,,,,,,,,,,,,,,,,,,,,,,,,,,,,,,,,,61.872585151683204,,0,,,,,,,,,,,,,,
23857313504,2026-08-05,06:28,indoor_cycling,Entraîn puissance,40.1,19.588,,116.0,138.0,142.0,151.26174402121217,0.0,403.0,,38.2,puissance,122.9,11.5,14.3,12.3,1.7,0.3,,,Entraîn puissance,,2026-08-05 06:28:32,2026-08-05 04:28:32,25,indoor_cycling,2,0,0,1,9,uncategorized,10,0,0,0,0,19587.7890625,2406.8330078125,2406.8330078125,2406.8330078125,,,8.137999534606934,9.0600004196167,,,0,0,0.0,0.0,2,private,0,0,0,124,1785904112000,2,142.0,253.0,151.26174402121217,167.22666666666666,33.40212663912609,0.7068305795383746,0,,,0,0,,TACX,,1,,,0,253,253,229,198,187,184,182,180,178,177,167,155,,0,2406.8330078125,,,,,,0,0,0,691.0,858.0,738.0,100.0,20.0,0.0,0.0,2026-08-05 05:08:38,0,7882e9aa-8cb9-4e22-8831-ce44596e228e,0,0,0,0,0,0,0,0,0,,,,,,,,,59.0,2.0,0.0,,,,RECOVERY,25.632949829101562,MINOR_AEROBIC_BENEFIT_0,NO_ANAEROBIC_BENEFIT_0,,,,,,,,,,,,,,,,,seances/2026-08-05_indoor_cycling_23857313504.md,,,,,,,,,,15.6,23.2,0.8,,triban ,116.0,138.0,8,4,,938.0,1395.0,48.0,0.0,0.0,109.4,123.8,14.4,,,,,,,,,,,,,,,,-6.0,oui,20.0,,,,,,,,,,,,,,,,,,,,,,,,,,,,,130,156,178.2,167.3,,,,,,,,,,,,,,,,,,,0,,,,,,,,,,,,,,
23865632174,2026-08-05,19:13,lap_swimming,Nat. piscine,34.8,1.6,,121.0,151.0,,,,337.0,,45.0,CSS,130.6,,,,,,,,Nat. piscine,,2026-08-05 19:13:03,2026-08-05 17:13:03,27,lap_swimming,26,0,0,0,9,uncategorized,10,0,0,0,0,1600.0,2089.469970703125,3136.56298828125,2037.3310546875,,,0.7850000262260437,1.0499999523162842,,,0,0,,,2,private,0,0,0,124,1785949983000,5,,,,,,,3615274803,,,0,0,,GARMIN,,11,,,0,,,,,,,,,,,,,,,1.7369999885559082,,,,,,0,0,0,,,,,,,,2026-08-05 18:05:19,0,dc624954-0b07-4f33-b853-357a2b0e5372,0,0,0,0,0,0,0,0,0,,,,,,,,,52.0,2.0999999046325684,0.4000000059604645,,,,AEROBIC_BASE,29.802810668945312,MAINTAINING_AEROBIC_BASE_7,NO_ANAEROBIC_BENEFIT_0,,,,,,,,,,,,,,,,,seances/2026-08-05_lap_swimming_23865632174.md,,,,,,,,,,8.5,21.9,3.6,,,121.0,151.0,20,19,,510.55,1312.023,217.003,0.0,0.0,117.6,123.7,6.0,,,,,,,,,,,,,,,,,,,,,,,,,,,,,,,,,,24.0,44.0,64,2500.0,1,meter,100.0,801.0,0.0,12.5,108.9990005493164,500.6199951171875,,,,,,,,,,,,,,,,,,,,,,,,0,,,,,,,,,,,,,,
23879066011,2026-08-06,20:10,running,Chevrières - 5x1000m,54.9,10.527,85.0,154.0,180.0,389.0,408.0,162.140625,748.0,,61.4,FC,313.1,3.8,16.2,8.8,11.0,14.8,,,Chevrières - 5x1000m,,2026-08-06 20:10:30,2026-08-06 18:10:30,1,running,17,0,0,1,9,uncategorized,10,0,0,0,0,10526.8603515625,3296.049072265625,3296.049072265625,3288.885009765625,85.0,91.0,3.1940000057220463,4.599999904632568,49.34544548392296,2.6843432150781155,1,0,,,2,private,0,0,0,124,1786039830000,1,389.0,561.0,408.0,,,,3615274803,23.399999618530273,85.0,0,0,1.5999984741210938,GARMIN,Chevrières,17,49.34546501375735,2.684244643896818,0,,,,,,,,,,,,,,,8.746000289916992,,,,,,1,0,0,230.861,969.526,530.962,658.213,890.553,,,2026-08-06 19:05:26,0,fb831b84-54dc-4952-80e1-9618a0ead5ae,0,0,0,0,0,0,0,0,0,,,,,,,,,82.0,4.400000095367432,0.6000000238418579,,,914.0,VO2MAX,175.76156616210938,HIGHLY_IMPROVING_VO2_MAX_16,NO_ANAEROBIC_BENEFIT_0,,,,,,,,,,,,,,,,,seances/2026-08-06_running_23879066011.md,245.9,282.2,307.4,75,75,34,9,45,Fair,1.0,6.2,21.8,21.3,Daily shoes,154.0,180.0,2,52,-8,62.02,374.912,1310.972,1279.599,261.28,150.3,156.9,6.7,162.140625,169.0,8842,11.540000152587892,243.8000030517578,117.70999755859376,53.0,9.720000267028809,169.0,3.193000078201294,245.88999938964844,418.3949890136719,1411.3409423828125,11.44,11.48,3.9,oui,0.4,4.4,,,,,,,,,,,,,,3089.89501953125,,,,,,,,,,,,,,,,,,,,,,,,,,,,,50.15999984741211,26.790000915527344,41.65999984741211,35.2599983215332,1655622315,47.995327680435,,1,,,,,,,,,,,,,,
