date,totalKilocalories,activeKilocalories,bmrKilocalories,wellnessKilocalories,totalSteps,totalDistanceMeters,wellnessDistanceMeters,wellnessActiveKilocalories,netRemainingKilocalories,rule_typeId,rule_typeKey,dailyStepGoal,wellnessStartTimeGmt,wellnessStartTimeLocal,wellnessEndTimeGmt,wellnessEndTimeLocal,durationInMilliseconds,highlyActiveSeconds,activeSeconds,sedentarySeconds,sleepingSeconds,includesWellnessData,includesActivityData,includesCalorieConsumedData,privacyProtected,moderateIntensityMinutes,vigorousIntensityMinutes,floorsAscendedInMeters,floorsDescendedInMeters,floorsAscended,floorsDescended,intensityMinutesGoal,userFloorsAscendedGoal,minHeartRate,maxHeartRate,restingHeartRate,lastSevenDaysAvgRestingHeartRate,averageStressLevel,maxStressLevel,stressDuration,restStressDuration,activityStressDuration,uncategorizedStressDuration,totalStressDuration,lowStressDuration,mediumStressDuration,highStressDuration,stressPercentage,restStressPercentage,activityStressPercentage,uncategorizedStressPercentage,lowStressPercentage,mediumStressPercentage,highStressPercentage,stressQualifier,measurableAwakeDuration,measurableAsleepDuration,minAvgHeartRate,maxAvgHeartRate,bodyBatteryChargedValue,bodyBatteryDrainedValue,bodyBatteryHighestValue,bodyBatteryLowestValue,bodyBatteryMostRecentValue,bodyBatteryDuringSleep,bodyBatteryAtWakeTime,bodyBatteryVersion,averageMonitoringEnvironmentAltitude,bodyBatteryDynamicFeedbackEvent_eventTimestamp,bodyBatteryDynamicFeedbackEvent_bodyBatteryLev,bodyBatteryDynamicFeedbackEvent_feedbackShortT,bodyBatteryDynamicFeedbackEvent_feedbackLongTy,endOfDayBodyBatteryDynamicFeedbackEvent_eventT,endOfDayBodyBatteryDynamicFeedbackEvent_bodyBa,endOfDayBodyBatteryDynamicFeedbackEvent_feedba,bodyBatteryActivityEventList_eventType,bodyBatteryActivityEventList_eventStartTimeGmt,bodyBatteryActivityEventList_timezoneOffset,bodyBatteryActivityEventList_durationInMillise,bodyBatteryActivityEventList_bodyBatteryImpact,bodyBatteryActivityEventList_feedbackType,bodyBatteryActivityEventList_shortFeedback,bodyBatteryActivityEventList_deviceId,bodyBatteryActivityEventList_eventUpdateTimeGm,bodyBatteryActivityEventList1_eventType,bodyBatteryActivityEventList1_eventStartTimeGm,bodyBatteryActivityEventList1_timezoneOffset,bodyBatteryActivityEventList1_durationInMillis,bodyBatteryActivityEventList1_bodyBatteryImpac,bodyBatteryActivityEventList1_feedbackType,bodyBatteryActivityEventList1_shortFeedback,bodyBatteryActivityEventList1_deviceId,bodyBatteryActivityEventList1_eventUpdateTimeG,avgWakingRespirationValue,highestRespirationValue,lowestRespirationValue,latestRespirationValue,latestRespirationTimeGMT,respirationAlgorithmVersion,som_sleepTimeSeconds,som_napTimeSeconds,som_sleepWindowConfirmed,som_sleepStartTimestampGMT,som_sleepEndTimestampGMT,som_sleepStartTimestampLocal,som_sleepEndTimestampLocal,som_unmeasurableSleepSeconds,som_deepSleepSeconds,som_lightSleepSeconds,som_remSleepSeconds,som_awakeSleepSeconds,som_deviceRemCapable,som_retro,som_sleepFromDevice,som_averageRespirationValue,som_lowestRespirationValue,som_highestRespirationValue,som_awakeCount,som_avgSleepStress,som_ageGroup,som_avgHeartRate,som_sleepScoreFeedback,som_sleepScoreInsight,som_sleepScorePersonalizedInsight,som_sleepScores_totalDuration_qualifierKey,som_sleepScores_totalDuration_optimalStart,som_sleepScores_totalDuration_optimalEnd,som_sleepScores_stress_qualifierKey,som_sleepScores_stress_optimalStart,som_sleepScores_stress_optimalEnd,som_sleepScores_awakeCount_qualifierKey,som_sleepScores_awakeCount_optimalStart,som_sleepScores_awakeCount_optimalEnd,som_sleepScores_overall_value,som_sleepScores_overall_qualifierKey,som_sleepScores_remPercentage_value,som_sleepScores_remPercentage_qualifierKey,som_sleepScores_remPercentage_optimalStart,som_sleepScores_remPercentage_optimalEnd,som_sleepScores_remPercentage_idealStartInSeco,som_sleepScores_remPercentage_idealEndInSecond,som_sleepScores_restlessness_qualifierKey,som_sleepScores_restlessness_optimalStart,som_sleepScores_restlessness_optimalEnd,som_sleepScores_lightPercentage_value,som_sleepScores_lightPercentage_qualifierKey,som_sleepScores_lightPercentage_optimalStart,som_sleepScores_lightPercentage_optimalEnd,som_sleepScores_lightPercentage_idealStartInSe,som_sleepScores_lightPercentage_idealEndInSeco,som_sleepScores_deepPercentage_value,som_sleepScores_deepPercentage_qualifierKey,som_sleepScores_deepPercentage_optimalStart,som_sleepScores_deepPercentage_optimalEnd,som_sleepScores_deepPercentage_idealStartInSec,som_sleepScores_deepPercentage_idealEndInSecon,som_sleepVersion,som_sleepNeed_deviceId,som_sleepNeed_timestampGmt,som_sleepNeed_baseline,som_sleepNeed_actual,som_sleepNeed_feedback,som_sleepNeed_trainingFeedback,som_sleepNeed_sleepHistoryAdjustment,som_sleepNeed_hrvAdjustment,som_sleepNeed_napAdjustment,som_sleepNeed_displayedForTheDay,som_sleepNeed_recommendedBedtimeStartMins,som_sleepNeed_recommendedBedtimeEndMins,som_sleepNeed_preferredActivityTracker,som_nextSleepNeed_deviceId,som_nextSleepNeed_timestampGmt,som_nextSleepNeed_baseline,som_nextSleepNeed_actual,som_nextSleepNeed_feedback,som_nextSleepNeed_trainingFeedback,som_nextSleepNeed_sleepHistoryAdjustment,som_nextSleepNeed_hrvAdjustment,som_nextSleepNeed_napAdjustment,som_nextSleepNeed_displayedForTheDay,som_nextSleepNeed_recommendedBedtimeStartMins,som_nextSleepNeed_recommendedBedtimeEndMins,som_nextSleepNeed_preferredActivityTracker,som_bodyBatteryChange,som_restingHeartRate,sommeil_h,som_profond_min,som_leger_min,som_rem_min,som_eveille_min,sommeil_score,vfc_weeklyAvg,vfc_lastNightAvg,vfc_lastNight5MinHigh,vfc_status,vfc_feedbackPhrase,vfc_createTimeStamp,vfc_ms,ent_trainingStatus,ent_deviceId,ent_sport,ent_subSport,ent_fitnessTrendSport,ent_fitnessTrend,ent_trainingStatusFeedbackPhrase,ent_trainingPaused,ent_acuteTrainingLoadDTO_acwrPercent,ent_acuteTrainingLoadDTO_acwrStatus,ent_acuteTrainingLoadDTO_acwrStatusFeedback,ent_acuteTrainingLoadDTO_dailyTrainingLoadAcut,ent_acuteTrainingLoadDTO_maxTrainingLoadChroni,ent_acuteTrainingLoadDTO_minTrainingLoadChroni,ent_acuteTrainingLoadDTO_dailyTrainingLoadChro,ent_acuteTrainingLoadDTO_dailyAcuteChronicWork,ent_primaryTrainingDevice,statut,vo2_userId,vo2_generic_vo2MaxPreciseValue,vo2_generic_vo2MaxValue,vo2_generic_maxMetCategory,vo2_heatAltitudeAcclimation_altitudeAcclimatio,vo2_heatAltitudeAcclimation_previousAltitudeAc,vo2_heatAltitudeAcclimation_heatAcclimationPer,vo2_heatAltitudeAcclimation_previousHeatAcclim,vo2_heatAltitudeAcclimation_heatTrend,vo2_heatAltitudeAcclimation_currentAltitude,vo2_heatAltitudeAcclimation_previousAltitude,vo2_heatAltitudeAcclimation_acclimationPercent,vo2_heatAltitudeAcclimation_previousAcclimatio,prep_timestampLocal,prep_deviceId,prep_level,prep_feedbackLong,prep_feedbackShort,prep_score,prep_sleepScore,prep_sleepScoreFactorPercent,prep_sleepScoreFactorFeedback,prep_recoveryTime,prep_recoveryTimeFactorPercent,prep_recoveryTimeFactorFeedback,prep_acwrFactorPercent,prep_acwrFactorFeedback,prep_acuteLoad,prep_stressHistoryFactorPercent,prep_stressHistoryFactorFeedback,prep_hrvFactorPercent,prep_hrvFactorFeedback,prep_hrvWeeklyAverage,prep_sleepHistoryFactorPercent,prep_sleepHistoryFactorFeedback,prep_validSleep,prep_inputContext,prep_primaryActivityTracker,prep_recoveryTimeChangePhrase,readiness,age_chronologicalAge,age_fitnessAge,age_achievableFitnessAge,age_previousFitnessAge,age_components_vigorousDaysAvg_value,age_components_vigorousDaysAvg_targetValue,age_components_vigorousDaysAvg_potentialAge,age_components_vigorousDaysAvg_priority,age_components_vigorousDaysAvg_stale,age_components_vigorousDaysAvg_numOfWeeksForIm,age_components_rhr_value,age_components_rhr_stale,age_components_vigorousMinutesAvg_value,age_components_vigorousMinutesAvg_stale,age_components_vigorousMinutesAvg_numOfWeeksFo,age_components_bmi_value,age_components_bmi_targetValue,age_components_bmi_improvementValue,age_components_bmi_potentialAge,age_components_bmi_priority,age_components_bmi_stale,age_lastUpdated,recup_temps_min,recup_readiness,recup_niveau,recup_retour,recup_facteur_sommeil,recup_facteur_historique_sommeil,recup_facteur_vfc,recup_vfc_moy_7j,recup_facteur_stress,recup_charge_aigue,recup_facteur_acwr,ent_statut,vfc_statut,vfc_moy_7j,tss,ctl,atl,tsb,vfc_baseline_lowUpper,vfc_baseline_balancedLow,vfc_baseline_balancedUpper,vfc_baseline_markerValue,vfc_base_bas,vfc_base_haut,vfc_base_repere,restingCaloriesFromActivity,bodyBatteryActivityEventList1_activityName,bodyBatteryActivityEventList1_activityType,bodyBatteryActivityEventList1_activityId,bodyBatteryActivityEventList2_eventType,bodyBatteryActivityEventList2_eventStartTimeGm,bodyBatteryActivityEventList2_timezoneOffset,bodyBatteryActivityEventList2_durationInMillis,bodyBatteryActivityEventList2_bodyBatteryImpac,bodyBatteryActivityEventList2_feedbackType,bodyBatteryActivityEventList2_shortFeedback,bodyBatteryActivityEventList2_deviceId,bodyBatteryActivityEventList2_eventUpdateTimeG,max_userId,max_generic_vo2MaxPreciseValue,max_generic_vo2MaxValue,max_generic_maxMetCategory,max_heatAltitudeAcclimation_altitudeAcclimatio,max_heatAltitudeAcclimation_previousAltitudeAc,max_heatAltitudeAcclimation_heatAcclimationPer,max_heatAltitudeAcclimation_previousHeatAcclim,max_heatAltitudeAcclimation_currentAltitude,max_heatAltitudeAcclimation_previousAltitude,max_heatAltitudeAcclimation_acclimationPercent,max_heatAltitudeAcclimation_previousAcclimatio,vo2max,som_dailyNapDTOS_deviceId,som_dailyNapDTOS_napTimeSec,som_dailyNapDTOS_napStartTimestampGMT,som_dailyNapDTOS_napEndTimestampGMT,som_dailyNapDTOS_napFeedback,som_dailyNapDTOS_napSource,som_dailyNapDTOS_napStartTimeOffset,som_dailyNapDTOS_napEndTimeOffset,poids_kg,corps_samplePk,corps_date,corps_timestampGMT,pesee_samplePk,pesee_date,pesee_weight,pesee_sourceType,pesee_timestampGMT,pesee_weightDelta,burnedKilocalories,bodyBatteryActivityEventList2_activityName,bodyBatteryActivityEventList2_activityType,bodyBatteryActivityEventList2_activityId,bodyBatteryActivityEventList_activityName,bodyBatteryActivityEventList_activityType,bodyBatteryActivityEventList_activityId,vo2_heatAltitudeAcclimation_altitudeTrend,age_components_vigorousMinutesAvg_targetValue,age_components_vigorousMinutesAvg_potentialAge,age_components_vigorousMinutesAvg_priority,max_heatAltitudeAcclimation_heatTrend,max_heatAltitudeAcclimation_altitudeTrend,vo2_cycling_vo2MaxPreciseValue,vo2_cycling_vo2MaxValue,vo2_cycling_maxMetCategory,max_cycling_vo2MaxPreciseValue,max_cycling_vo2MaxValue,max_cycling_maxMetCategory,displayName,som_sleepAlignment_userId,som_sleepAlignment_deviceId,som_sleepAlignment_isPreferredActivityTracker,som_sleepAlignment_status,som_sleepAlignment_lastSleepMidpointMins,som_sleepAlignment_sleepNeedBaselineMins,som_sleepAlignment_optimalSleepWindowStartMins,som_sleepAlignment_optimalSleepWindowEndMins,som_sleepAlignment_optimalSleepWindowMidpointM,som_restlessMomentsCount,som_avgOvernightHrv,lastSyncTimestampGMT
2025-08-25,2234.0,65.0,2169.0,2234.0,3103,2540,2540,65.0,65.0,2,private,9340,2025-08-24T22:00:00.0,2025-08-25T00:00:00.0,2025-08-25T22:00:00.0,2025-08-26T00:00:00.0,86400000,840,529,57971,27060,1,0,0,0,0,0,20.717,31.295,6.79692,10.26739,150,10,43,113,48,47,35,94,40980,32580,3900,8700,86160,19080,16020,5880,47.56,37.81,4.53,10.1,22.14,18.59,6.82,STRESSFUL,50460,27000,46,111,69,83,100,17,19,67,100,3.0,58.0,2025-08-25T19:00:26,MODERATE,SLEEP_PREPARATION_STRESSFUL_AND_INACTIVE,SLEEP_PREPARATION_STRESSFUL_AND_INACTIVE,2025-08-24T23:59:11,HIGH,SLEEP_TIME_PASSED_BALANCED_AND_INACTIVE,SLEEP,2025-08-24T22:10:28,7200000,27060000,66,NONE,NONE,3615274803,2025-08-25T05:41:29,STRESS,2025-08-25T11:56:19,7200000,3060000,-8,STRESS,STRESSFUL_PERIOD,3615274803,2025-08-25T12:51:15,13.0,23.0,6.0,16.0,2025-08-25T21:59:00.0,200,26640,0,1,1756073428000,1756100488000,1756080628000,1756107688000,0,5160,15360,6120,420,1,0,1,15.0,8.0,21.0,0,18.0,ADULT,51.0,POSITIVE_LONG_AND_DEEP,POSITIVE_LATE_BED_TIME,RHYTHM_POS_GOOD_SLEEP_EXCELLENT_TIMING,GOOD,28800.0,28800.0,FAIR,0.0,15.0,EXCELLENT,0.0,1.0,85,GOOD,23,EXCELLENT,21.0,31.0,5594.4,8258.4,EXCELLENT,0.0,5.0,58,EXCELLENT,30.0,64.0,7992.0,17049.6,19,EXCELLENT,16.0,33.0,4262.4,8791.2,2,3615274803,2025-08-24T07:06:28,480,480,NO_CHANGE_NO_ADJUSTMENTS,NO_CHANGE,NO_CHANGE,NO_DATA,NO_CHANGE,0,1410,1430,1,3615274803,2025-08-25T05:41:30,480,480,NO_CHANGE_NO_ADJUSTMENTS,NO_CHANGE,NO_CHANGE,NO_DATA,NO_CHANGE,0,1410,1430,1,66,48,7.4,86,256,102,7,85,97,90,131,NONE,ONBOARDING_1,2025-08-25T05:42:15.936,90,6,3615274803,RUNNING,GENERIC,RUNNING,3,PEAKING_1,0,16,LOW,FEEDBACK_1,102,369.0,196.8,246,0.4,1,PEAKING_1,129031336,55.2,55.0,0,0,0,30,37,DEACCLIMATIZING,59,0,0,0,2025-08-25T07:41:30.0,3615274803,PRIME,PRIME_RT_HIGHEST_SS_AVAILABLE_ACWR_POS,READY_FOR_ACTION,95,85,80,GOOD,1,99,GOOD,100,VERY_GOOD,102,84,GOOD,0,NONE,97,82,GOOD,1,AFTER_WAKEUP_RESET,1,NO_CHANGE_SLEEP,95,25,19.344496433342158,18.0,19.344496433342158,1.3,3,19.908568869417202,2,0,6,50,0,88.8,0,6,24.4,20.7,3.7,18.0,1,0,2025-08-25T00:00:00.0,1,95,PRIME,READY_FOR_ACTION,85,82,0,97,84,102,100,6,NONE,97,0.0,9.9,12.5,-2.6,,,,,,,,,,,,,,,,,,,,,,,,,,,,,,,,,,,,,,,,,,,,,,,,,,,,,,,,,,,,,,,,,,,,,,,,,,,,,,,,,,,
2025-08-26,2244.0,75.0,2169.0,2244.0,3305,2701,2701,75.0,75.0,2,private,8100,2025-08-25T22:00:00.0,2025-08-26T00:00:00.0,2025-08-26T22:00:00.0,2025-08-27T00:00:00.0,86400000,1096,373,55920,29011,1,0,0,0,0,0,16.229,18.8,5.32448,6.16798,150,10,43,110,49,48,30,94,27780,34980,3420,20160,86340,10200,14880,2700,32.18,40.51,3.96,23.35,11.81,17.23,3.13,BALANCED,40440,25740,45,109,87,80,97,19,26,75,97,3.0,57.0,2025-08-26T21:45:08,HIGH,SLEEP_PREPARATION_STRESSFUL_AND_INACTIVE,SLEEP_PREPARATION_STRESSFUL_AND_INACTIVE,2025-08-26T01:03:19,HIGH,SLEEP_TIME_PASSED_STRESSFUL_AND_INACTIVE,SLEEP,2025-08-25T22:31:29,7200000,25680000,75,NONE,NONE,3615274803,2025-08-26T05:40:16,,,,,,,,,,14.0,30.0,7.0,17.0,2025-08-26T21:59:00.0,200,25607,0,1,1756161089000,1756186816000,1756168289000,1756194016000,0,3300,17640,4680,120,1,0,1,15.0,7.0,18.0,0,9.0,ADULT,51.0,POSITIVE_RECOVERING,POSITIVE_LATE_BED_TIME,RHYTHM_POS_GOOD_SLEEP_EXCELLENT_TIMING,FAIR,28800.0,28800.0,EXCELLENT,0.0,15.0,EXCELLENT,0.0,1.0,82,GOOD,18,FAIR,21.0,31.0,5377.47,7938.17,GOOD,0.0,5.0,69,FAIR,30.0,64.0,7682.1,16388.48,13,FAIR,16.0,33.0,4097.12,8450.31,2,3615274803,2025-08-25T05:41:30,480,480,NO_CHANGE_NO_ADJUSTMENTS,NO_CHANGE,NO_CHANGE,NO_DATA,NO_CHANGE,0,1410,1430,1,3615274803,2025-08-26T05:40:16,480,480,NO_CHANGE_NO_ADJUSTMENTS,NO_CHANGE,NO_CHANGE,NO_CHANGE,NO_CHANGE,0,1410,1430,1,75,49,7.11,55,294,78,2,82,99,102,127,BALANCED,HRV_BALANCED_7,2025-08-26T05:40:43.83,102,5,3615274803,RUNNING,GENERIC,RUNNING,2,RECOVERY_2,0,12,LOW,FEEDBACK_1,85,355.5,189.60000000000002,237,0.3,1,RECOVERY_2,129031336,55.2,55.0,0,0,0,23,30,DEACCLIMATIZING,49,0,0,0,2025-08-26T07:40:16.0,3615274803,HIGH,HIGH_RT_HIGHEST_SS_AVAILABLE_ACWR_POS,EXCELLENT_RECOVERY,85,82,74,GOOD,1,99,GOOD,100,VERY_GOOD,85,72,GOOD,72,GOOD,99,82,GOOD,1,AFTER_WAKEUP_RESET,1,NO_CHANGE_SLEEP,85,25,19.344496433342158,18.0,19.344496433342158,1.3,3,19.908568869417202,2,0,6,50,0,88.8,0,6,24.4,20.7,3.7,18.0,1,0,2025-08-26T00:00:00.0,1,85,HIGH,EXCELLENT_RECOVERY,82,82,72,99,72,85,100,5,BALANCED,99,0.0,9.7,10.7,-1.1,75,79,100,0.72618103,79,100,0.72618103,,,,,,,,,,,,,,,,,,,,,,,,,,,,,,,,,,,,,,,,,,,,,,,,,,,,,,,,,,,,,,,,,,,,,,,,,,,,
2025-08-27,2301.0,132.0,2169.0,2301.0,4379,3576,3576,132.0,132.0,2,private,7150,2025-08-26T22:00:00.0,2025-08-27T00:00:00.0,2025-08-27T22:00:00.0,2025-08-28T00:00:00.0,86400000,949,1205,57710,26536,1,0,0,0,0,0,25.734,20.933,8.44291,6.86778,150,10,40,106,47,48,43,96,41340,32460,5160,7440,86400,10260,14520,16560,47.85,37.57,5.97,8.61,11.88,16.81,19.17,STRESSFUL,52500,26460,44,103,72,87,98,11,11,79,98,3.0,50.0,2025-08-27T20:18:14,LOW,SLEEP_PREPARATION_STRESSFUL_AND_INACTIVE,SLEEP_PREPARATION_STRESSFUL_AND_INACTIVE_AND_BB_LOW,2025-08-26T22:30:24,HIGH,SLEEP_TIME_PASSED_STRESSFUL_AND_INACTIVE,,,,,,,,,,,,,,,,,,,13.0,23.0,6.0,12.0,2025-08-27T22:00:00.0,200,29580,0,1,1756242316000,1756272136000,1756249516000,1756279336000,0,5340,17760,6480,240,1,0,1,15.0,7.0,19.0,0,13.0,ADULT,51.0,POSITIVE_OPTIMAL_STRUCTURE,NONE,GENERAL_POS_EXCELLENT_OR_GOOD_SLEEP,EXCELLENT,28800.0,28800.0,EXCELLENT,0.0,15.0,EXCELLENT,0.0,1.0,94,EXCELLENT,22,GOOD,21.0,31.0,6211.8,9169.8,EXCELLENT,0.0,5.0,60,GOOD,30.0,64.0,8874.0,18931.2,18,EXCELLENT,16.0,33.0,4732.8,9761.4,2,3615274803,2025-08-26T05:40:16,480,480,NO_CHANGE_NO_ADJUSTMENTS,NO_CHANGE,NO_CHANGE,NO_CHANGE,NO_CHANGE,0,1410,1430,1,3615274803,2025-08-27T05:22:16,480,460,DECREASED,NO_CHANGE,DECREASING_HIGH_QUALITY,NO_CHANGE,NO_CHANGE,1,1410,1430,1,79,47,8.22,89,296,108,4,94,96,86,120,BALANCED,HRV_BALANCED_8,2025-08-27T05:22:52.872,86,5,3615274803,RUNNING,GENERIC,RUNNING,2,RECOVERY_2,0,8,LOW,FEEDBACK_1,68,340.5,181.60000000000002,227,0.2,1,RECOVERY_2,129031336,55.2,55.0,0,0,0,17,23,DEACCLIMATIZING,43,0,0,0,2025-08-27T07:22:16.0,3615274803,PRIME,PRIME_SS_HIGHEST_SS_AVAILABLE_ACWR_POS,PRIMED_AND_READY,100,94,94,VERY_GOOD,0,100,VERY_GOOD,100,VERY_GOOD,68,65,MODERATE,89,GOOD,96,76,GOOD,1,AFTER_WAKEUP_RESET,1,REACHED_ZERO,100,25,19.344496433342158,18.0,19.344496433342158,1.3,3,19.908568869417202,2,0,6,50,0,88.8,0,6,24.4,20.7,3.7,18.0,1,0,2025-08-26T00:00:00.0,0,100,PRIME,PRIMED_AND_READY,94,76,89,96,65,68,100,5,BALANCED,96,0.0,9.4,9.2,0.2,75,80,104,0.58332825,80,104,0.58332825,,,,,,,,,,,,,,,,,,,,,,,,,,,,,,,,,,,,,,,,,,,,,,,,,,,,,,,,,,,,,,,,,,,,,,,,,,,,
2025-08-28,2310.0,141.0,2169.0,2310.0,6650,5430,5430,141.0,141.0,2,private,6600,2025-08-27T22:00:00.0,2025-08-28T00:00:00.0,2025-08-28T22:00:00.0,2025-08-29T00:00:00.0,86400000,1246,1728,53437,29989,1,0,0,0,0,0,64.212,53.597,21.06693,17.58432,150,10,44,111,48,48,36,95,38220,33300,8160,6720,86400,15600,18000,4620,44.24,38.54,9.44,7.78,18.06,20.83,5.35,BALANCED,54180,25500,46,107,77,64,79,10,24,69,79,3.0,,2025-08-28T20:44:20,MODERATE,SLEEP_PREPARATION_STRESSFUL_AND_INACTIVE,SLEEP_PREPARATION_STRESSFUL_AND_INACTIVE,2025-08-28T01:13:21,HIGH,SLEEP_TIME_PASSED_STRESSFUL_AND_INACTIVE,SLEEP,2025-08-27T22:21:16,7200000,26340000,69,NONE,NONE,3615274803,2025-08-28T05:50:11,,,,,,,,,,14.0,23.0,5.0,17.0,2025-08-28T22:00:00.0,200,25740,0,1,1756333276000,1756359616000,1756340476000,1756366816000,0,4560,17700,3480,600,1,0,1,14.0,5.0,21.0,0,14.0,ADULT,52.0,POSITIVE_CONTINUOUS,NONE,RHYTHM_POS_GOOD_SLEEP_EXCELLENT_TIMING,FAIR,28800.0,28800.0,GOOD,0.0,15.0,EXCELLENT,0.0,1.0,81,GOOD,14,FAIR,21.0,31.0,5405.4,7979.4,EXCELLENT,0.0,5.0,69,FAIR,30.0,64.0,7722.0,16473.6,18,GOOD,16.0,33.0,4118.4,8494.2,2,3615274803,2025-08-27T05:22:16,480,460,DECREASED,NO_CHANGE,DECREASING_HIGH_QUALITY,NO_CHANGE,NO_CHANGE,1,1410,1430,1,3615274803,2025-08-28T05:50:11,480,480,NO_CHANGE_NO_ADJUSTMENTS,NO_CHANGE,NO_CHANGE,NO_CHANGE,NO_CHANGE,0,1410,1430,1,69,48,7.15,76,295,58,10,81,90,83,126,BALANCED,HRV_BALANCED_5,2025-08-28T05:50:29.196,83,1,3615274803,RUNNING,GENERIC,RUNNING,2,DETRAINING,0,8,LOW,FEEDBACK_1,51,328.5,175.20000000000002,219,0.2,1,DETRAINING,129031336,55.2,55.0,0,0,0,13,17,DEACCLIMATIZING,46,0,0,0,2025-08-28T07:50:11.0,3615274803,HIGH,HIGH_RT_HIGHEST_SS_AVAILABLE_ACWR_POS,EXCELLENT_RECOVERY,93,81,72,GOOD,1,99,GOOD,100,VERY_GOOD,51,50,MODERATE,100,VERY_GOOD,90,90,VERY_GOOD,1,AFTER_WAKEUP_RESET,1,NO_CHANGE_SLEEP,93,25,19.344496433342158,18.0,19.344496433342158,1.3,3,19.908568869417202,2,0,6,50,0,88.8,0,6,24.4,20.7,3.7,18.0,1,0,2025-08-26T00:00:00.0,1,93,HIGH,EXCELLENT_RECOVERY,81,90,100,90,50,51,100,1,BALANCED,90,0.0,9.2,7.9,1.3,75,81,113,0.390625,81,113,0.390625,,,,,,,,,,,,,,,,,,,,,,,,,,,,,,,,,,,,,,,,,,,,,,,,,,,,,,,,,,,,,,,,,,,,,,,,,,,,
2025-08-29,2360.0,191.0,2169.0,2360.0,9112,7439,7439,191.0,191.0,2,private,6610,2025-08-28T22:00:00.0,2025-08-29T00:00:00.0,2025-08-29T22:00:00.0,2025-08-30T00:00:00.0,86400000,2453,1663,67070,15214,1,0,0,0,0,0,43.004,49.188,14.10892,16.1378,150,10,44,101,47,48,31,91,32100,35700,12240,6360,86400,19260,9120,3720,37.15,41.32,14.17,7.36,22.29,10.56,4.31,BALANCED,70920,9120,44,98,59,65,64,6,19,48,64,3.0,76.0,2025-08-29T17:27:59,LOW,DAY_STRESSFUL_AND_INACTIVE,DAY_STRESSFUL_AND_INACTIVE_AND_BB_LOW,2025-08-29T21:40:48,MODERATE,SLEEP_TIME_PASSED_STRESSFUL_AND_INACTIVE,SLEEP,2025-08-28T20:59:11,7200000,13140000,48,NONE,NONE,3615274803,2025-08-29T00:38:58,RECOVERY,2025-08-29T07:04:13,7200000,1440000,3,RECOVERY_BODY_BATTERY_INCREASE,BODY_BATTERY_RECHARGE,3615274803,2025-08-29T09:09:09,14.0,22.0,6.0,17.0,2025-08-29T22:00:00.0,200,13140,0,1,1756414751000,1756427891000,1756421951000,1756435091000,0,4620,7260,1260,0,1,0,1,15.0,9.0,20.0,0,22.0,ADULT,50.0,NEGATIVE_SHORT_AND_NONRECOVERING,NEGATIVE_STRESSFUL_DAY,STRESS_NEG_GOOD_OR_WORSE_SLEEP_STRESSFUL_DAY,POOR,28800.0,28800.0,FAIR,0.0,15.0,EXCELLENT,0.0,1.0,48,POOR,10,POOR,21.0,31.0,2759.4,4073.4,EXCELLENT,0.0,5.0,55,EXCELLENT,30.0,64.0,3942.0,8409.6,35,EXCELLENT,16.0,33.0,2102.4,4336.2,2,3615274803,2025-08-28T05:50:11,480,480,NO_CHANGE_NO_ADJUSTMENTS,NO_CHANGE,NO_CHANGE,NO_CHANGE,NO_CHANGE,0,1410,1430,1,3615274803,2025-08-29T09:43:37,480,540,HIGHLY_INCREASED,NO_CHANGE,INCREASING,NO_CHANGE,NO_CHANGE,1,1350,1430,1,48,47,3.65,77,121,21,,48,91,97,126,BALANCED,HRV_BALANCED_6,2025-08-29T00:39:19.439,97,1,3615274803,RUNNING,GENERIC,RUNNING,2,DETRAINING,0,4,LOW,FEEDBACK_1,34,328.5,175.20000000000002,219,0.1,1,DETRAINING,129031336,55.2,55.0,0,0,0,10,13,DEACCLIMATIZING,6,0,0,0,2025-08-29T11:43:37.0,3615274803,MODERATE,MOD_RT_MOD_OR_LOW_SS_POOR_ACWR_POS,BOOSTED_BY_LIGHTER_TRAINING,56,48,34,POOR,1,99,GOOD,100,VERY_GOOD,34,51,MODERATE,100,VERY_GOOD,91,80,GOOD,1,AFTER_WAKEUP_RESET,1,,56,25,19.344496433342158,18.0,19.344496433342158,1.3,3,19.908568869417202,2,0,6,50,0,88.8,0,6,24.4,20.7,3.7,18.0,1,0,2025-08-26T00:00:00.0,1,56,MODERATE,BOOSTED_BY_LIGHTER_TRAINING,48,80,100,91,51,34,100,1,BALANCED,91,0.0,9.0,6.8,2.2,75,81,112,0.4112854,81,112,0.4112854,,,,,,,,,,,,,,,,,,,,,,,,,,,,,,,,,,,,,,,,,,,,,,,,,,,,,,,,,,,,,,,,,,,,,,,,,,,,
2025-08-30,6072.0,3903.0,2169.0,6072.0,26869,108203,28313,3903.0,3903.0,2,private,7110,2025-08-29T22:00:00.0,2025-08-30T00:00:00.0,2025-08-30T22:00:00.0,2025-08-31T00:00:00.0,86400000,7676,6786,50061,21877,1,1,0,0,49,273,146.45000000000002,140.314,48.0479,46.03478,150,10,42,181,47,48,36,99,15960,21900,22680,25440,85980,960,3900,11100,18.56,25.47,26.38,29.59,1.12,4.54,12.91,BALANCED,38700,21840,43,175,78,92,96,5,5,90,96,3.0,,2025-08-30T19:00:10,VERY_LOW,SLEEP_PREPARATION_NOT_STRESS_DATA_AND_INTENSIVE_EXERCISE,SLEEP_PREPARATION_NOT_STRESS_DATA_AND_HARD_EXERCISE_AND_BB_LOW,2025-08-30T21:04:44,VERY_LOW,SLEEP_TIME_PASSED_NOT_STRESS_DATA_AND_INTENSIVE_EXERCISE,SLEEP,2025-08-29T20:24:37,7200000,27600000,90,NONE,NONE,3615274803,2025-08-30T04:08:47,ACTIVITY,2025-08-30T08:23:00,7200000,19200000,-51,EXERCISE_TRAINING_EFFECT_5,OVERREACHING_TEMPO,3615274803,2025-08-30T13:43:57,14.0,22.0,8.0,18.0,2025-08-30T21:59:00.0,200,27060,0,1,1756499077000,1756526677000,1756506277000,1756533877000,0,4260,19560,3240,540,1,0,1,15.0,8.0,19.0,0,7.0,ADULT,50.0,POSITIVE_LONG_AND_RECOVERING,NONE,GENERAL_POS_EXCELLENT_OR_GOOD_SLEEP,GOOD,28800.0,28800.0,EXCELLENT,0.0,15.0,EXCELLENT,0.0,1.0,85,GOOD,12,FAIR,21.0,31.0,5682.6,8388.6,EXCELLENT,0.0,5.0,72,FAIR,30.0,64.0,8118.0,17318.4,16,FAIR,16.0,33.0,4329.6,8929.8,2,3615274803,2025-08-29T09:43:37,480,540,HIGHLY_INCREASED,NO_CHANGE,INCREASING,NO_CHANGE,NO_CHANGE,1,1350,1430,1,3615274803,2025-08-30T13:43:57,480,540,HIGHLY_INCREASED,TODAYS_LOAD_AND_CHRONIC,INCREASING,NO_CHANGE,NO_CHANGE,1,1340,1420,1,90,47,7.52,71,326,54,9,85,93,109,154,BALANCED,HRV_BALANCED_7,2025-08-30T04:09:23.791,109,3,3615274803,RUNNING,GENERIC,RUNNING,2,OVERREACHING_5,0,100,VERY_HIGH,FEEDBACK_5,743,495.0,264.0,330,2.2,1,OVERREACHING_5,129031336,55.2,55.0,0,0,0,7,10,DEACCLIMATIZING,31,0,0,0,2025-08-30T15:43:57.0,3615274803,POOR,POOR_RT_HIGH_SS_GOOD_OR_MOD,LET_YOUR_BODY_RECOVER,2,85,80,GOOD,5760,10,POOR,32,POOR,743,52,MODERATE,100,VERY_GOOD,93,39,POOR,1,AFTER_POST_EXERCISE_RESET,1,REACHED_ZERO,2,25,19.344496433342158,18.0,19.344496433342158,1.3,3,19.908568869417202,2,0,6,50,0,134.3,0,6,24.4,20.7,3.7,18.0,1,0,2025-08-30T00:00:00.0,5760,2,POOR,LET_YOUR_BODY_RECOVER,85,39,100,93,52,743,32,3,BALANCED,93,0.0,8.8,5.8,3.0,76,82,112,0.4333191,82,112,0.4333191,482.0,Natation en eau libre,open_water_swimming,20228470733,,,,,,,,,,,,,,,,,,,,,,,,,,,,,,,,,,,,,,,,,,,,,,,,,,,,,,,,,,,,,,,,,,,,,,,,
2025-08-31,2363.0,194.0,2169.0,2363.0,6615,5387,5387,194.0,194.0,2,private,9110,2025-08-30T22:00:00.0,2025-08-31T00:00:00.0,2025-08-31T22:00:00.0,2025-09-01T00:00:00.0,86400000,621,2824,58931,24024,1,0,0,0,0,0,5.126,9.862,1.68176,3.23556,150,10,49,109,59,49,51,93,55380,5460,7500,18060,86400,23760,25200,6420,64.1,6.32,8.68,20.9,27.5,29.17,7.43,VERY_STRESSFUL,48960,19380,54,108,12,12,17,5,5,12,17,3.0,,2025-08-31T19:00:11,VERY_LOW,SLEEP_PREPARATION_STRESSFUL_AND_INACTIVE,SLEEP_PREPARATION_STRESSFUL_AND_INACTIVE_AND_BB_LOW,2025-08-31T03:17:14,LOW,SLEEP_TIME_PASSED_NOT_STRESS_DATA_AND_INACTIVE,SLEEP,2025-08-30T23:23:57,7200000,23400000,12,NONE,NONE,3615274803,2025-08-31T06:48:36,,,,,,,,,,15.0,24.0,6.0,17.0,2025-08-31T22:00:00.0,200,17880,0,1,1756596237000,1756619637000,1756603437000,1756626837000,0,1200,14460,2220,5520,1,0,1,16.0,8.0,23.0,7,57.0,ADULT,68.0,NEGATIVE_SHORT_AND_POOR_QUALITY,NEGATIVE_VERY_STRENUOUS_EXERCISE,HARD_EXERCISE_NEG_FAIR_OR_POOR_SLEEP_STRENUOUS,POOR,28800.0,28800.0,POOR,0.0,15.0,POOR,0.0,1.0,33,POOR,12,FAIR,21.0,31.0,3754.8,5542.8,POOR,0.0,5.0,81,POOR,30.0,64.0,5364.0,11443.2,7,FAIR,16.0,33.0,2860.8,5900.4,2,3615274803,2025-08-30T13:43:57,480,540,HIGHLY_INCREASED,TODAYS_LOAD_AND_CHRONIC,INCREASING,NO_CHANGE,NO_CHANGE,1,1340,1420,1,3615274803,2025-08-31T06:48:36,480,540,HIGHLY_INCREASED,HIGH_ACWR_AND_CHRONIC,INCREASING,INCREASING,NO_CHANGE,1,1340,1420,1,12,59,4.97,20,241,37,92,33,82,35,66,UNBALANCED,HRV_UNBALANCED_7,2025-08-31T06:48:41.468,35,3,3615274803,RUNNING,GENERIC,RUNNING,2,OVERREACHING_5,0,100,VERY_HIGH,FEEDBACK_5,654,490.5,261.6,327,2.0,1,OVERREACHING_5,129031336,55.2,55.0,0,0,0,5,7,DEACCLIMATIZING,51,0,0,0,2025-08-31T08:48:36.0,3615274803,POOR,POOR_HRV_UNBALANCED,TIME_TO_SLOW_DOWN,1,33,26,POOR,5514,10,POOR,39,POOR,654,36,POOR,68,MODERATE,82,58,MODERATE,1,AFTER_WAKEUP_RESET,1,VERY_POOR_SLEEP,1,25,19.181379382563748,18.0,19.344496433342158,1.5,3,19.908568869417202,2,0,6,49,0,134.3,0,6,24.4,20.7,3.7,18.0,1,0,2025-08-31T00:00:00.0,5514,1,POOR,TIME_TO_SLOW_DOWN,33,58,68,82,36,654,39,3,UNBALANCED,82,0.0,8.6,5.0,3.6,76,83,111,0.24372864,83,111,0.24372864,,,,,,,,,,,,,,,,,,,,,,,,,,,,,,,,,,,,,,,,,,,,,,,,,,,,,,,,,,,,,,,,,,,,,,,,,,,,
2025-09-01,2226.0,57.0,2169.0,2226.0,2736,2228,2228,57.0,57.0,2,private,8860,2025-08-31T22:00:00.0,2025-09-01T00:00:00.0,2025-09-01T22:00:00.0,2025-09-02T00:00:00.0,86400000,217,1007,63120,22056,1,0,0,0,0,0,10.612,7.516,3.48163,2.46588,150,10,43,93,49,49,23,90,24780,42000,2760,16860,86400,21000,3480,300,28.68,48.61,3.19,19.51,24.31,4.03,0.35,BALANCED,47940,21600,45,93,69,45,74,5,29,69,74,3.0,,2025-09-01T19:48:25,MODERATE,SLEEP_PREPARATION_RECOVERING_AND_INACTIVE,SLEEP_PREPARATION_RECOVERING_AND_INACTIVE,2025-09-01T21:48:01,HIGH,SLEEP_TIME_PASSED_RECOVERING_AND_INACTIVE,SLEEP,2025-08-31T21:49:36,7200000,22680000,67,NONE,NONE,3615274803,2025-09-01T04:08:56,RECOVERY,2025-09-01T06:50:11,7200000,2700000,0,RECOVERY_BODY_BATTERY_NOT_INCREASE,RESTFUL_PERIOD,3615274803,2025-09-01T07:37:24,14.0,22.0,5.0,14.0,2025-09-01T18:20:00.0,200,22620,0,1,1756676976000,1756699656000,1756684176000,1756706856000,0,4800,14700,3120,60,1,0,1,15.0,5.0,19.0,0,9.0,ADULT,53.0,POSITIVE_RECOVERING,NONE,RHYTHM_POS_FAIR_OR_POOR_SLEEP_EXCELLENT_TIMING,FAIR,28800.0,28800.0,EXCELLENT,0.0,15.0,EXCELLENT,0.0,1.0,77,FAIR,14,FAIR,21.0,31.0,4750.2,7012.2,GOOD,0.0,5.0,65,FAIR,30.0,64.0,6786.0,14476.8,21,EXCELLENT,16.0,33.0,3619.2,7464.6,2,3615274803,2025-08-31T06:48:36,480,540,HIGHLY_INCREASED,HIGH_ACWR_AND_CHRONIC,INCREASING,INCREASING,NO_CHANGE,1,1340,1420,1,3615274803,2025-09-01T04:08:57,480,540,HIGHLY_INCREASED,HIGH_ACWR,INCREASING,NO_CHANGE,NO_CHANGE,1,1340,1420,1,67,49,6.28,80,245,52,1,77,84,107,132,BALANCED,HRV_BALANCED_1,2025-09-01T04:09:01.950,107,3,3615274803,RUNNING,GENERIC,RUNNING,2,OVERREACHING_5,0,86,HIGH,FEEDBACK_4,581,480.0,256.0,320,1.8,1,OVERREACHING_5,129031336,55.2,55.0,0,0,0,3,5,DEACCLIMATIZING,79,0,0,0,2025-09-01T06:08:57.0,3615274803,POOR,POOR_RT_HIGH_SS_GOOD_OR_MOD,LET_YOUR_BODY_RECOVER,1,77,65,MODERATE,4234,11,POOR,51,MODERATE,581,39,POOR,77,GOOD,84,35,POOR,1,AFTER_WAKEUP_RESET,1,NO_CHANGE_SLEEP,1,25,19.181379382563748,18.0,19.181379382563748,1.5,3,19.908568869417202,2,0,6,49,0,134.3,0,6,24.4,20.7,3.7,18.0,1,0,2025-09-01T00:00:00.0,4234,1,POOR,LET_YOUR_BODY_RECOVER,77,35,77,84,39,581,51,3,BALANCED,84,0.0,8.4,4.3,4.1,76,82,110,0.28570557,82,110,0.28570557,,,,,,,,,,,,,,,,,,,,,,,,,,,,,,,,,,,,,,,,,,,,,,,,,,,,,,,,,,,,,,,,,,,,,,,,,,,,
2025-09-02,2212.0,43.0,2169.0,2212.0,2643,2152,2152,43.0,43.0,2,private,7640,2025-09-01T22:00:00.0,2025-09-02T00:00:00.0,2025-09-02T22:00:00.0,2025-09-03T00:00:00.0,86400000,589,504,84397,910,1,0,0,0,0,0,23.597,24.412,7.7418,8.00919,150,10,47,115,53,50,33,88,21600,16020,3420,45360,86400,15300,5040,1260,25.0,18.54,3.96,52.5,17.71,5.83,1.46,CALM_AWAKE,41040,0,49,106,3,58,85,27,30,,,3.0,,2025-09-02T19:00:26,HIGH,SLEEP_PREPARATION_RECOVERING_AND_INACTIVE,SLEEP_PREPARATION_RECOVERING_AND_INACTIVE,,,,,,,,,,,,,,,,,,,,,,13.0,24.0,7.0,17.0,2025-09-02T22:00:00.0,200,,,,,,,,,,,,,0,0,,,,,,,,,,,,,,,,,,,,,,,,,,,,,,,,,,,,,,,,,,,,,3615274803,2025-09-01T04:08:57,480,540,HIGHLY_INCREASED,HIGH_ACWR,INCREASING,NO_CHANGE,NO_CHANGE,1,1340,1420,1,3615274803,2025-09-02T05:00:51,480,480,NO_CHANGE_NO_ADJUSTMENTS,NO_CHANGE,NO_DATA,NO_DATA,NO_CHANGE,0,1400,1420,1,,,,,,,,,,,,,,,,7,3615274803,RUNNING,GENERIC,RUNNING,2,PRODUCTIVE_8,0,73,HIGH,FEEDBACK_4,508,469.5,250.4,313,1.6,1,PRODUCTIVE_8,129031336,55.2,55.0,0,0,0,2,3,DEACCLIMATIZING,47,0,0,0,2025-09-02T07:00:50.0,3615274803,POOR,POOR_HRV_UNBALANCED,TIME_TO_SLOW_DOWN,1,,0,NONE,2743,32,POOR,62,MODERATE,508,39,POOR,61,MODERATE,81,43,MODERATE,0,AFTER_WAKEUP_RESET,1,,1,25,19.181379382563748,18.0,19.181379382563748,1.5,3,19.908568869417202,2,0,6,49,0,134.3,0,6,24.4,20.7,3.7,18.0,1,0,2025-09-02T00:00:00.0,2743,1,POOR,TIME_TO_SLOW_DOWN,,43,61,81,39,508,62,7,,,0.0,8.2,3.6,4.5,,,,,,,,,,,,,,,,,,,,,,,,,,,,,,,,,,,,,,,,,,,,,,,,,,,,,,,,,,,,,,,,,,,,,,,,,,,,,,,,,,,
2025-09-03,2321.0,152.0,2169.0,2321.0,6660,5431,5431,152.0,152.0,2,private,6640,2025-09-02T22:00:00.0,2025-09-03T00:00:00.0,2025-09-03T22:00:00.0,2025-09-04T00:00:00.0,86400000,1586,1532,59721,23561,1,0,0,0,0,0,19.721,20.553,6.47014,6.74311,150,10,42,97,47,50,33,95,40920,34020,5880,5580,86400,21240,14760,4920,47.36,39.38,6.81,6.46,24.58,17.08,5.69,BALANCED,57360,23460,43,96,70,82,100,18,18,73,100,3.0,,2025-09-03T20:18:36,MODERATE,SLEEP_PREPARATION_STRESSFUL_AND_INACTIVE,SLEEP_PREPARATION_STRESSFUL_AND_INACTIVE,2025-09-03T21:33:03,MODERATE,SLEEP_TIME_PASSED_STRESSFUL_AND_INACTIVE,SLEEP,2025-09-02T21:44:50,7200000,24420000,73,NONE,NONE,3615274803,2025-09-03T04:32:41,STRESS,2025-09-03T11:22:16,7200000,3480000,-10,STRESS,STRESSFUL_PERIOD,3615274803,2025-09-03T12:24:31,14.0,23.0,6.0,17.0,2025-09-03T22:00:00.0,200,24471,0,1,1756849490000,1756873961000,1756856690000,1756881161000,0,6000,15120,3360,0,1,0,1,15.0,8.0,18.0,0,13.0,ADULT,50.0,POSITIVE_DEEP,NONE,RHYTHM_POS_GOOD_SLEEP_EXCELLENT_TIMING,FAIR,28800.0,28800.0,GOOD,0.0,15.0,EXCELLENT,0.0,1.0,80,GOOD,14,FAIR,21.0,31.0,5138.91,7586.01,EXCELLENT,0.0,5.0,62,GOOD,30.0,64.0,7341.3,15661.44,25,EXCELLENT,16.0,33.0,3915.36,8075.43,2,3615274803,2025-09-02T05:00:51,480,480,NO_CHANGE_NO_ADJUSTMENTS,NO_CHANGE,NO_DATA,NO_DATA,NO_CHANGE,0,1400,1420,1,3615274803,2025-09-03T04:32:42,480,480,NO_CHANGE_NO_ADJUSTMENTS,NO_CHANGE,NO_CHANGE,NO_CHANGE,NO_CHANGE,0,1390,1410,1,73,47,6.8,100,252,56,,80,85,113,151,BALANCED,HRV_BALANCED_1,2025-09-03T04:32:58.798,113,7,3615274803,RUNNING,GENERIC,RUNNING,2,PRODUCTIVE_6,0,61,OPTIMAL,FEEDBACK_3,436,459.0,244.8,306,1.4,1,PRODUCTIVE_6,129031336,55.2,55.0,0,0,0,1,2,DEACCLIMATIZING,36,0,0,0,2025-09-03T10:37:36.0,3615274803,MODERATE,MOD_RT_LOW_SS_GOOD_ACWR_NEG,RECOVERED_AND_READY,50,80,70,GOOD,1089,71,GOOD,73,GOOD,436,73,GOOD,79,GOOD,85,65,MODERATE,1,UPDATE_REALTIME_VARIABLES,1,,50,25,19.181379382563748,18.0,19.181379382563748,1.5,3,19.908568869417202,2,0,6,49,0,134.3,0,6,24.4,20.7,3.7,18.0,1,0,2025-09-03T00:00:00.0,1089,50,MODERATE,RECOVERED_AND_READY,80,65,79,85,73,436,73,7,BALANCED,85,0.0,8.0,3.1,4.9,77,83,110,0.28703308,83,110,0.28703308,,,,,,,,,,,,,,,,,,,,,,,,,,,,,,,,,,,,,,,,,,,,,,,,,,,,,,,,,,,,,,,,,,,,,,,,,,,,
2025-09-04,2264.0,95.0,2169.0,2264.0,4176,3401,3401,95.0,95.0,2,private,6650,2025-09-03T22:00:00.0,2025-09-04T00:00:00.0,2025-09-04T22:00:00.0,2025-09-05T00:00:00.0,86400000,1776,934,55291,28399,1,0,0,0,0,0,26.384,25.822,8.65617,8.47178,150,10,37,106,45,50,34,94,38040,31560,4620,7800,82020,17220,12360,8460,46.38,38.48,5.63,9.51,20.99,15.07,10.31,BALANCED,47820,26400,39,103,86,83,100,17,21,83,100,3.0,,2025-09-04T19:00:14,MODERATE,SLEEP_PREPARATION_STRESSFUL_AND_INACTIVE,SLEEP_PREPARATION_STRESSFUL_AND_INACTIVE,2025-09-03T22:52:06,HIGH,SLEEP_TIME_PASSED_BALANCED_AND_INACTIVE,SLEEP,2025-09-03T22:08:36,7200000,26400000,83,NONE,NONE,3615274803,2025-09-04T05:43:41,STRESS,2025-09-04T08:10:11,7200000,1560000,-5,STRESS,STRESSFUL_PERIOD,3615274803,2025-09-04T08:41:00,14.0,24.0,6.0,16.0,2025-09-04T22:00:00.0,200,26340,0,1,1756937316000,1756963716000,1756944516000,1756970916000,0,5880,14760,5700,60,1,0,1,15.0,9.0,20.0,0,6.0,ADULT,48.0,POSITIVE_LONG_AND_RECOVERING,NONE,RHYTHM_POS_GOOD_SLEEP_EXCELLENT_TIMING,GOOD,28800.0,28800.0,EXCELLENT,0.0,15.0,EXCELLENT,0.0,1.0,89,GOOD,22,GOOD,21.0,31.0,5531.4,8165.4,EXCELLENT,0.0,5.0,56,EXCELLENT,30.0,64.0,7902.0,16857.6,22,EXCELLENT,16.0,33.0,4214.4,8692.2,2,3615274803,2025-09-03T04:32:42,480,480,NO_CHANGE_NO_ADJUSTMENTS,NO_CHANGE,NO_CHANGE,NO_CHANGE,NO_CHANGE,0,1390,1410,1,3615274803,2025-09-04T05:43:42,480,480,NO_CHANGE_NO_ADJUSTMENTS,NO_CHANGE,NO_CHANGE,NO_CHANGE,NO_CHANGE,0,1390,1410,1,83,45,7.32,98,246,95,1,89,90,116,169,BALANCED,HRV_BALANCED_2,2025-09-04T05:44:14.403,116,7,3615274803,RUNNING,GENERIC,RUNNING,2,PRODUCTIVE_2,0,52,OPTIMAL,FEEDBACK_2,363,450.0,240.0,300,1.2,1,PRODUCTIVE_2,129031336,55.2,55.0,0,0,0,0,1,,37,0,0,0,2025-09-04T07:43:41.0,3615274803,HIGH,HIGH_RT_HIGHEST_SS_AVAILABLE,WELL_RECOVERED,76,89,88,GOOD,1,99,GOOD,82,GOOD,363,80,GOOD,100,VERY_GOOD,90,70,GOOD,1,AFTER_WAKEUP_RESET,1,NO_CHANGE_SLEEP,76,25,19.181379382563748,18.0,19.181379382563748,1.5,3,19.908568869417202,2,0,6,49,0,134.3,0,6,24.4,20.7,3.7,18.0,1,0,2025-09-03T00:00:00.0,1,76,HIGH,WELL_RECOVERED,89,70,100,90,80,363,82,7,BALANCED,90,0.0,7.8,2.7,5.1,77,83,110,0.3796234,83,110,0.3796234,,,,,STRESS,2025-09-04T12:06:51,7200000,4740000,-11,STRESS,STRESSFUL_PERIOD,3615274803,2025-09-04T13:30:09,,,,,,,,,,,,,,,,,,,,,,,,,,,,,,,,,,,,,,,,,,,,,,,,,,,,,,,,,,,,,,,
2025-09-05,2667.0,498.0,2169.0,2667.0,6312,6422,5172,498.0,498.0,2,private,6410,2025-09-04T22:00:00.0,2025-09-05T00:00:00.0,2025-09-05T22:00:00.0,2025-09-06T00:00:00.0,86400000,1479,1832,55688,27401,1,1,0,0,11,22,48.953,40.276,16.0607,13.21391,150,10,42,137,44,49,41,95,40500,24720,9660,6900,81780,12180,19080,9240,49.52,30.23,11.81,8.44,14.89,23.33,11.3,STRESSFUL,51480,23400,43,135,79,89,100,11,11,82,100,3.0,,2025-09-05T21:12:13,LOW,SLEEP_PREPARATION_STRESSFUL_AND_EXERCISE,SLEEP_PREPARATION_STRESSFUL_AND_EXERCISE_AND_BB_LOW,2025-09-04T23:28:30,HIGH,SLEEP_TIME_PASSED_STRESSFUL_AND_INACTIVE,SLEEP,2025-09-04T21:26:41,7200000,29400000,82,NONE,NONE,3615274803,2025-09-05T05:38:41,ACTIVITY,2025-09-05T10:18:41,7200000,2160000,-5,EXERCISE_TRAINING_EFFECT_2,EASY_AEROBIC,3615274803,2025-09-05T10:55:01,13.0,21.0,7.0,15.0,2025-09-05T22:00:00.0,200,29400,0,1,1757021201000,1757050601000,1757028401000,1757057801000,0,6960,13860,8580,0,1,0,1,14.0,7.0,18.0,0,9.0,ADULT,49.0,POSITIVE_HIGHLY_RECOVERING,NONE,GENERAL_POS_EXCELLENT_OR_GOOD_SLEEP,EXCELLENT,28800.0,28800.0,EXCELLENT,0.0,15.0,EXCELLENT,0.0,1.0,98,EXCELLENT,29,EXCELLENT,21.0,31.0,6174.0,9114.0,EXCELLENT,0.0,5.0,47,EXCELLENT,30.0,64.0,8820.0,18816.0,24,EXCELLENT,16.0,33.0,4704.0,9702.0,2,3615274803,2025-09-04T05:43:42,480,480,NO_CHANGE_NO_ADJUSTMENTS,NO_CHANGE,NO_CHANGE,NO_CHANGE,NO_CHANGE,0,1390,1410,1,3615274803,2025-09-05T10:55:01,480,480,NO_CHANGE_NO_ADJUSTMENTS,NO_CHANGE,NO_CHANGE,NO_CHANGE,NO_CHANGE,0,1390,1410,1,82,44,8.17,116,231,143,,98,92,112,161,BALANCED,HRV_BALANCED_2,2025-09-05T05:38:51.715,112,4,3615274803,,,NONE,0,MAINTAINING_1,0,42,OPTIMAL,FEEDBACK_2,319,447.0,238.4,298,1.0,1,MAINTAINING_1,129031336,55.2,55.0,0,0,0,0,0,,24,0,0,0,2025-09-05T12:55:01.0,3615274803,HIGH,HIGH_RT_AVAILABLE_SS_HIGHEST,RESTED_AND_READY,79,98,98,VERY_GOOD,805,78,GOOD,88,GOOD,319,66,MODERATE,100,VERY_GOOD,92,82,GOOD,1,AFTER_POST_EXERCISE_RESET,1,REACHED_ZERO,79,25,19.181379382563748,18.0,19.181379382563748,1.5,3,19.908568869417202,2,0,6,49,0,138.0,0,6,24.4,20.7,3.7,18.0,1,0,2025-09-05T00:00:00.0,805,79,HIGH,RESTED_AND_READY,98,82,100,92,66,319,88,4,BALANCED,92,36.4,8.5,7.5,1.0,77,83,110,0.4166565,83,110,0.4166565,40.0,Nat. piscine,lap_swimming,20287202079,,,,,,,,,,,,,,,,,,,,,,,,,,,,,,,,,,,,,,,,,,,,,,,,,,,,,,,,,,,,,,,,,,,,,,,,
2025-09-06,2963.0,794.0,2169.0,2963.0,12189,14129,14129,794.0,794.0,2,private,6390,2025-09-05T22:00:00.0,2025-09-06T00:00:00.0,2025-09-06T22:00:00.0,2025-09-07T00:00:00.0,86400000,3810,933,60897,20760,1,1,0,0,3,52,102.979,103.298,33.78576,33.89042,150,10,45,179,48,49,39,93,45180,24600,8760,7800,86340,25500,14100,5580,52.33,28.49,10.15,9.03,29.53,16.33,6.46,STRESSFUL,58200,20340,46,177,48,53,53,6,6,47,53,3.0,,2025-09-06T19:00:09,LOW,SLEEP_PREPARATION_STRESSFUL_AND_INTENSIVE_EXERCISE,SLEEP_PREPARATION_STRESSFUL_AND_INTENSIVE_EXERCISE_AND_BB_LOW,2025-09-06T02:52:25,HIGH,SLEEP_TIME_PASSED_STRESSFUL_AND_INACTIVE,SLEEP,2025-09-06T00:20:01,7200000,20760000,48,NONE,NONE,3615274803,2025-09-06T06:21:30,ACTIVITY,2025-09-06T08:42:27,7200000,3120000,-12,EXERCISE_TRAINING_EFFECT_4_GOOD_TIMING,HIGHLY_IMPROVING_LACTATE_THRESHOLD,3615274803,2025-09-06T09:34:56,15.0,24.0,7.0,18.0,2025-09-06T22:00:00.0,200,20460,0,1,1757118001000,1757138761000,1757125201000,1757145961000,0,4800,12660,3000,300,1,0,1,15.0,10.0,19.0,0,19.0,ADULT,55.0,POSITIVE_DEEP,NONE,GENERAL_POS_FAIR_OR_POOR_SLEEP,FAIR,28800.0,28800.0,FAIR,0.0,15.0,EXCELLENT,0.0,1.0,70,FAIR,15,FAIR,21.0,31.0,4296.6,6342.6,EXCELLENT,0.0,5.0,62,GOOD,30.0,64.0,6138.0,13094.4,23,EXCELLENT,16.0,33.0,3273.6,6751.8,2,3615274803,2025-09-05T10:55:01,480,480,NO_CHANGE_NO_ADJUSTMENTS,NO_CHANGE,NO_CHANGE,NO_CHANGE,NO_CHANGE,0,1390,1410,1,3615274803,2025-09-06T09:34:56,480,530,HIGHLY_INCREASED,TODAYS_LOAD_AND_CHRONIC,INCREASING,NO_CHANGE,NO_CHANGE,1,1340,1410,1,48,48,5.68,80,211,50,5,70,88,80,136,BALANCED,HRV_BALANCED_3,2025-09-06T07:18:53.492,80,7,3615274803,RUNNING,GENERIC,RUNNING,2,PRODUCTIVE_6,0,66,HIGH,FEEDBACK_4,509,508.5,271.2,339,1.5,1,PRODUCTIVE_6,129031336,54.8,55.0,0,0,0,0,0,,35,0,0,0,2025-09-06T11:34:56.0,3615274803,POOR,POOR_RT_HIGH_SS_GOOD_OR_MOD,LET_YOUR_BODY_RECOVER,3,70,55,MODERATE,5123,10,POOR,69,MODERATE,509,49,MODERATE,89,GOOD,88,95,VERY_GOOD,1,AFTER_POST_EXERCISE_RESET,1,REACHED_ZERO,3,25,19.181379382563748,18.0,19.181379382563748,1.6,3,19.908568869417202,2,0,6,49,0,146.6,0,6,24.4,20.7,3.7,18.0,1,0,2025-09-06T00:00:00.0,5123,3,POOR,LET_YOUR_BODY_RECOVER,70,95,89,88,49,509,69,7,BALANCED,88,74.5,10.0,17.1,-7.0,78,84,111,0.32406616,84,111,0.32406616,78.0,Chevrières Course à pied,running,20296497270,,,,,,,,,,129031336,54.8,55.0,0,0,0,0,0,35,0,0,0,54.8,,,,,,,,,,,,,,,,,,,,,,,,,,,,,,,,,,,,,,,,,,,,,,,,,,
2025-09-07,4950.0,2794.0,2156.0,4950.0,2543,85974,2071,2794.0,2794.0,2,private,6970,2025-09-06T22:00:00.0,2025-09-07T00:00:00.0,2025-09-07T22:00:00.0,2025-09-08T00:00:00.0,86400000,393,723,59021,26263,1,1,0,0,82,79,29.129,43.105,9.55676,14.14206,150,10,45,177,50,48,40,98,39180,26640,3960,16560,86340,15360,19080,4740,45.38,30.85,4.59,19.18,17.79,22.1,5.49,STRESSFUL,47880,21900,47,170,63,63,67,5,6,62,67,3.0,,2025-09-07T21:49:22,LOW,SLEEP_PREPARATION_STRESSFUL_AND_INTENSIVE_EXERCISE,SLEEP_PREPARATION_STRESSFUL_AND_INTENSIVE_EXERCISE_AND_BB_LOW,2025-09-07T01:41:11,HIGH,SLEEP_TIME_PASSED_BALANCED_AND_INACTIVE,SLEEP,2025-09-06T23:22:56,7200000,22020000,62,NONE,NONE,3615274803,2025-09-07T05:34:57,ACTIVITY,2025-09-07T06:34:29,7200000,11880000,-23,EXERCISE_TRAINING_EFFECT_3,MAINTAINING_SPEED,3615274803,2025-09-07T09:54:53,16.0,25.0,6.0,16.0,2025-09-07T22:00:00.0,200,21000,2256,1,1757200976000,1757222996000,1757208176000,1757230196000,0,3300,15180,2520,1020,1,0,1,15.0,6.0,18.0,1,14.0,ADULT,54.0,POSITIVE_RECOVERING,POSITIVE_LATE_BED_TIME,HARD_EXERCISE_POS_FAIR_SLEEP_HARD_TO_STRENUOUS_DURING_DAY_OUTDOOR,FAIR,28800.0,28800.0,GOOD,0.0,15.0,GOOD,0.0,1.0,70,FAIR,12,FAIR,21.0,31.0,4410.0,6510.0,GOOD,0.0,5.0,72,FAIR,30.0,64.0,6300.0,13440.0,16,FAIR,16.0,33.0,3360.0,6930.0,2,3615274803,2025-09-06T09:34:56,480,530,HIGHLY_INCREASED,TODAYS_LOAD_AND_CHRONIC,INCREASING,NO_CHANGE,NO_CHANGE,1,1340,1410,1,3615274803,2025-09-07T13:39:38,480,510,INCREASED,HIGH_ACWR_AND_CHRONIC,INCREASING,NO_CHANGE,DECREASING,1,1360,1410,1,62,50,5.83,55,253,42,17,70,101,82,124,BALANCED,HRV_BALANCED_2,2025-09-07T05:35:15.235,82,7,3615274803,RUNNING,GENERIC,RUNNING,2,PRODUCTIVE_6,0,66,HIGH,FEEDBACK_4,571,546.0,291.2,364,1.5,1,PRODUCTIVE_6,129031336,54.8,55.0,0,0,0,0,0,,38,0,0,0,2025-09-07T11:54:54.0,3615274803,POOR,POOR_RT_HIGH_SS_GOOD_OR_MOD,LET_YOUR_BODY_RECOVER,3,70,55,MODERATE,3665,19,POOR,65,MODERATE,571,58,MODERATE,95,GOOD,101,69,MODERATE,1,AFTER_POST_EXERCISE_RESET,1,NO_CHANGE_SLEEP,3,25,18.0,18.0,19.181379382563748,2.0,3,19.62414995709126,2,0,6,49,0,159.8,0,6,24.1,20.7,3.4,18.0,1,0,2025-09-07T00:00:00.0,3665,3,POOR,LET_YOUR_BODY_RECOVER,70,69,95,101,58,571,65,7,BALANCED,101,124.1,12.8,32.4,-19.6,68,77,123,0.51086426,77,123,0.51086426,597.0,Chevrières Cyclisme sur route,road_biking,20307501605,NAP,2025-09-07T13:02:02,7200000,2220000,-1,NONE,NONE,3615274803,2025-09-07T13:39:38,,,,,,,,,,,,,,3615274803,2256,2025-09-07T13:02:02,2025-09-07T13:39:38,LONG_DURATION_LOW_NEED,1,120,120,77.0,1757264737545,1757271929004,1757264729004,1757264737545,1757271929004,77000.0,MANUAL,1757264729004,-1000.0,,,,,,,,,,,,,,,,,,,,,,,,,,,,,,,,
2025-09-08,2236.0,80.0,2156.0,2236.0,3712,3059,3059,80.0,80.0,2,private,6530,2025-09-07T22:00:00.0,2025-09-08T00:00:00.0,2025-09-08T22:00:00.0,2025-09-09T00:00:00.0,86400000,1145,499,55674,29082,1,0,0,0,0,0,13.097,16.576,4.29692,5.43832,150,10,47,113,52,48,33,93,38400,32580,4860,10500,86340,25200,9840,3360,44.48,37.73,5.63,12.16,29.19,11.4,3.89,BALANCED,49140,26700,51,110,60,46,62,6,20,56,61,3.0,46.0,2025-09-08T19:40:42,MODERATE,SLEEP_PREPARATION_BALANCED_AND_INACTIVE,SLEEP_PREPARATION_BALANCED_AND_INACTIVE,2025-09-08T01:18:49,HIGH,SLEEP_TIME_PASSED_STRESSFUL_AND_INACTIVE,SLEEP,2025-09-07T21:26:53,7200000,29280000,56,NONE,NONE,3615274803,2025-09-08T05:40:11,STRESS,2025-09-08T12:06:36,7200000,2040000,-5,STRESS,STRESSFUL_PERIOD,3615274803,2025-09-08T12:44:54,15.0,24.0,7.0,17.0,2025-09-08T22:00:00.0,200,28860,0,1,1757280413000,1757309693000,1757287613000,1757316893000,0,4200,21600,3060,420,1,0,1,15.0,9.0,20.0,0,23.0,ADULT,57.0,NEGATIVE_LONG_BUT_NOT_ENOUGH_REM,NEGATIVE_STRESSFUL_DAY,NAPPING_NEG_FAIR_SLEEP_GOOD_DURATION_UNBALANCED,EXCELLENT,28800.0,28800.0,FAIR,0.0,15.0,EXCELLENT,0.0,1.0,78,FAIR,11,POOR,21.0,31.0,6060.6,8946.6,EXCELLENT,0.0,5.0,75,FAIR,30.0,64.0,8658.0,18470.4,15,FAIR,16.0,33.0,4617.6,9523.8,2,3615274803,2025-09-07T13:39:38,480,510,INCREASED,HIGH_ACWR_AND_CHRONIC,INCREASING,NO_CHANGE,DECREASING,1,1360,1410,1,3615274803,2025-09-08T05:40:11,480,480,NO_CHANGE_NO_ADJUSTMENTS,NO_CHANGE,NO_CHANGE,NO_CHANGE,NO_CHANGE,0,1390,1410,1,56,52,8.02,70,360,51,7,78,94,70,108,BALANCED,HRV_BALANCED_2,2025-09-08T05:40:39.178,70,7,3615274803,RUNNING,GENERIC,RUNNING,2,PRODUCTIVE_6,0,52,OPTIMAL,FEEDBACK_2,452,541.5,288.8,361,1.2,1,PRODUCTIVE_6,129031336,54.8,55.0,0,0,0,0,0,,35,0,0,0,2025-09-08T07:40:11.0,3615274803,LOW,LOW_RT_HIGH_SS_GOOD_OR_MOD,HIGH_RECOVERY_NEEDS,28,78,67,MODERATE,2421,37,POOR,80,GOOD,452,55,MODERATE,100,VERY_GOOD,94,55,MODERATE,1,AFTER_WAKEUP_RESET,1,NO_CHANGE_SLEEP,28,25,18.0,18.0,19.181379382563748,2.0,3,19.62414995709126,2,0,6,49,0,159.8,0,6,24.1,20.7,3.4,18.0,1,0,2025-09-07T00:00:00.0,2421,28,LOW,HIGH_RECOVERY_NEEDS,78,55,100,94,55,452,80,7,BALANCED,94,0.0,12.5,27.7,-15.3,69,78,124,0.42390442,78,124,0.42390442,,,,,,,,,,,,,,,,,,,,,,,,,,,,,,,,,,,,,,,,,,,,,,,,,,,,,,,,,,,,,,,,,,,,,,,,,,,,
2025-09-09,2250.0,94.0,2156.0,2250.0,5556,4525,4525,94.0,94.0,2,private,5970,2025-09-08T22:00:00.0,2025-09-09T00:00:00.0,2025-09-09T22:00:00.0,2025-09-10T00:00:00.0,86400000,1677,642,56904,27177,1,0,0,0,0,0,24.384,25.908,8.0,8.5,150,10,42,98,49,48,29,89,35760,36840,5700,8100,86400,22860,11880,1020,41.39,42.64,6.6,9.38,26.46,13.75,1.18,BALANCED,51420,26880,43,96,77,71,97,20,26,80,97,3.0,53.0,2025-09-09T19:52:05,HIGH,SLEEP_PREPARATION_BALANCED_AND_INACTIVE,SLEEP_PREPARATION_BALANCED_AND_INACTIVE,2025-09-08T22:37:08,HIGH,SLEEP_TIME_PASSED_BALANCED_AND_INACTIVE,SLEEP,2025-09-08T21:30:11,7200000,28920000,80,NONE,NONE,3615274803,2025-09-09T05:32:57,,,,,,,,,,13.0,23.0,7.0,21.0,2025-09-09T22:00:00.0,200,28846,0,1,1757367011000,1757395977000,1757374211000,1757403177000,0,4740,19680,4440,120,1,0,1,15.0,9.0,19.0,0,11.0,ADULT,52.0,POSITIVE_HIGHLY_RECOVERING,NONE,STRESS_POS_EXCELLENT_OR_GOOD_SLEEP_RESTFUL_EVENING,EXCELLENT,28800.0,28800.0,EXCELLENT,0.0,15.0,EXCELLENT,0.0,1.0,90,EXCELLENT,15,FAIR,21.0,31.0,6057.66,8942.26,EXCELLENT,0.0,5.0,68,FAIR,30.0,64.0,8653.8,18461.44,16,GOOD,16.0,33.0,4615.36,9519.18,2,3615274803,2025-09-08T05:40:11,480,480,NO_CHANGE_NO_ADJUSTMENTS,NO_CHANGE,NO_CHANGE,NO_CHANGE,NO_CHANGE,0,1390,1410,1,3615274803,2025-09-09T05:32:57,480,480,NO_CHANGE_NO_ADJUSTMENTS,NO_CHANGE,NO_CHANGE,NO_CHANGE,NO_CHANGE,0,1390,1410,1,80,49,8.01,79,328,74,2,90,95,99,141,BALANCED,HRV_BALANCED_2,2025-09-10T19:56:19.596,99,4,3615274803,RUNNING,GENERIC,RUNNING,2,MAINTAINING_3,0,38,OPTIMAL,FEEDBACK_2,334,537.0,286.40000000000003,358,0.9,1,MAINTAINING_3,129031336,54.8,55.0,0,0,0,0,0,,52,0,0,0,2025-09-09T12:55:58.0,3615274803,HIGH,HIGH_RT_AVAILABLE_SS_HIGHEST,RESTED_AND_READY,75,90,90,VERY_GOOD,667,82,GOOD,94,GOOD,334,68,MODERATE,100,VERY_GOOD,95,63,MODERATE,1,UPDATE_REALTIME_VARIABLES,1,,75,25,18.0,18.0,19.181379382563748,2.0,3,19.62414995709126,2,0,6,49,0,159.8,0,6,24.1,20.7,3.4,18.0,1,0,2025-09-07T00:00:00.0,667,75,HIGH,RESTED_AND_READY,90,63,100,95,68,334,94,4,BALANCED,95,0.0,12.2,23.8,-11.6,69,78,124,0.43476868,78,124,0.43476868,,,,,,,,,,,,,,,,,,,,,,,,,,,,,,,,,,,,,,,,,,,,,,,,,,,,,,,,,,,,,,,,,,,,,,,,,,,,
2025-09-10,3234.0,1078.0,2156.0,2844.0,13174,32831,13542,690.0,1078.0,2,private,5890,2025-09-09T22:00:00.0,2025-09-10T00:00:00.0,2025-09-10T22:00:00.0,2025-09-11T00:00:00.0,86400000,4357,1158,53389,27496,1,1,0,0,1,52,122.034,107.87,40.0374,35.39042,150,10,42,151,47,48,31,92,31740,34740,8220,11640,86340,16980,8940,5820,36.76,40.24,9.52,13.48,19.67,10.35,6.74,BALANCED,50160,24540,44,148,76,81,97,16,21,70,97,3.0,49.0,2025-09-10T20:10:13,MODERATE,SLEEP_PREPARATION_STRESSFUL_AND_INTENSIVE_EXERCISE,SLEEP_PREPARATION_STRESSFUL_AND_INTENSIVE_EXERCISE,2025-09-09T22:30:18,HIGH,SLEEP_TIME_PASSED_BALANCED_AND_INACTIVE,SLEEP,2025-09-09T22:08:57,7200000,24780000,71,NONE,NONE,3615274803,2025-09-10T05:04:50,ACTIVITY,2025-09-10T10:15:08,7200000,3060000,-14,EXERCISE_TRAINING_EFFECT_3,IMPROVING_AEROBIC_BASE,3615274803,2025-09-10T11:07:44,13.0,26.0,6.0,15.0,2025-09-10T22:00:00.0,200,24720,0,1,1757455737000,1757480517000,1757462937000,1757487717000,0,5160,14280,5280,60,1,0,1,14.0,8.0,17.0,0,10.0,ADULT,49.0,POSITIVE_RECOVERING,NONE,STRESS_POS_EXCELLENT_OR_GOOD_SLEEP_RESTFUL_EVENING,FAIR,28800.0,28800.0,EXCELLENT,0.0,15.0,EXCELLENT,0.0,1.0,84,GOOD,21,GOOD,21.0,31.0,5191.2,7663.2,EXCELLENT,0.0,5.0,58,EXCELLENT,30.0,64.0,7416.0,15820.8,21,EXCELLENT,16.0,33.0,3955.2,8157.6,2,3615274803,2025-09-09T05:32:57,480,480,NO_CHANGE_NO_ADJUSTMENTS,NO_CHANGE,NO_CHANGE,NO_CHANGE,NO_CHANGE,0,1390,1410,1,3615274803,2025-09-10T11:07:45,480,480,NO_CHANGE_NO_ADJUSTMENTS,NO_CHANGE,NO_CHANGE,NO_CHANGE,NO_CHANGE,0,1390,1410,1,71,47,6.87,86,238,88,1,84,92,95,134,BALANCED,HRV_BALANCED_6,2025-09-10T19:56:19.945,95,4,3615274803,RUNNING,GENERIC,RUNNING,2,MAINTAINING_6,0,47,OPTIMAL,FEEDBACK_2,402,543.0,289.6,362,1.1,1,MAINTAINING_6,129031336,55.5,56.0,0,0,0,0,0,,41,0,0,0,2025-09-10T13:07:45.0,3615274803,MODERATE,MOD_RT_MOD_SS_GOOD_WORKOUT_COMPLETED,RECOVERY_IN_PROGRESS,63,84,78,GOOD,1439,61,MODERATE,86,GOOD,402,74,GOOD,100,VERY_GOOD,92,82,GOOD,1,AFTER_POST_EXERCISE_RESET,1,REACHED_ZERO,63,25,18.0,18.0,18.0,2.0,3,19.62414995709126,2,0,6,49,0,168.5,0,6,24.1,20.7,3.4,18.0,1,0,2025-09-10T00:00:00.0,1439,63,MODERATE,RECOVERY_IN_PROGRESS,84,82,100,92,74,402,86,4,BALANCED,92,37.3,12.8,25.7,-13.0,70,78,125,0.39892578,78,125,0.39892578,132.0,Aulnay-sous-Bois Course à pied,running,20346020255,,,,,,,,,,129031336,55.5,56.0,0,0,0,0,0,41,0,0,0,55.5,,,,,,,,,,,,,,,,,,,390.0,,,,,,,,,,,,,,,,,,,,,,,,,,,,,,,
2025-09-11,2558.0,402.0,2156.0,2558.0,5240,4861,4492,402.0,402.0,2,private,6620,2025-09-10T22:00:00.0,2025-09-11T00:00:00.0,2025-09-11T22:00:00.0,2025-09-12T00:00:00.0,86400000,1486,1828,54482,28604,1,1,0,0,13,18,27.432,19.141,9.0,6.27986,150,10,46,160,50,49,33,90,38880,32160,7920,6720,85680,24900,12060,1920,45.38,37.54,9.24,7.84,29.06,14.08,2.24,BALANCED,50580,28380,46,152,60,61,81,20,20,65,81,3.0,42.0,2025-09-11T20:59:07,MODERATE,SLEEP_PREPARATION_BALANCED_AND_EXERCISE,SLEEP_PREPARATION_BALANCED_AND_EXERCISE,2025-09-11T00:05:42,HIGH,SLEEP_TIME_PASSED_STRESSFUL_AND_INTENSIVE_EXERCISE,SLEEP,2025-09-10T21:14:44,7200000,31320000,64,NONE,NONE,3615274803,2025-09-11T06:03:19,ACTIVITY,2025-09-11T15:41:41,7200000,3240000,-5,EXERCISE_TRAINING_EFFECT_2,MAINTAINING_AEROBIC,3615274803,2025-09-11T16:36:35,14.0,23.0,6.0,16.0,2025-09-11T22:00:00.0,200,30960,0,1,1757538884000,1757570204000,1757546084000,1757577404000,0,5100,19620,6240,360,1,0,1,15.0,8.0,18.0,0,21.0,ADULT,54.0,POSITIVE_LONG_AND_CONTINUOUS,POSITIVE_EXERCISE,MOD_EXERCISE_POS_EXCELLENT_OR_GOOD_SLEEP_VIGOROUS_DURING_DAY_OUTDOOR,EXCELLENT,28800.0,28800.0,FAIR,0.0,15.0,EXCELLENT,0.0,1.0,84,GOOD,20,FAIR,21.0,31.0,6501.6,9597.6,EXCELLENT,0.0,5.0,63,GOOD,30.0,64.0,9288.0,19814.4,16,GOOD,16.0,33.0,4953.6,10216.8,2,3615274803,2025-09-10T11:07:45,480,480,NO_CHANGE_NO_ADJUSTMENTS,NO_CHANGE,NO_CHANGE,NO_CHANGE,NO_CHANGE,0,1390,1410,1,3615274803,2025-09-11T16:36:35,480,480,NO_CHANGE_NO_ADJUSTMENTS,NO_CHANGE,NO_CHANGE,NO_CHANGE,NO_CHANGE,0,1390,1410,1,64,50,8.6,85,327,104,6,84,87,81,132,BALANCED,HRV_BALANCED_7,2025-09-11T06:03:53.442,81,4,3615274803,RUNNING,GENERIC,RUNNING,2,MAINTAINING_3,0,47,OPTIMAL,FEEDBACK_2,423,541.5,288.8,361,1.1,1,MAINTAINING_3,129031336,55.5,56.0,0,0,0,0,0,,38,0,0,0,2025-09-11T18:36:35.0,3615274803,MODERATE,MOD_RT_LOW_SS_GOOD,RECOVERED_AND_READY,64,84,78,GOOD,1057,72,GOOD,84,GOOD,423,73,GOOD,95,GOOD,87,82,GOOD,1,AFTER_POST_EXERCISE_RESET,1,REACHED_ZERO,64,25,18.0,18.0,18.0,2.1,3,19.62414995709126,2,0,6,49,0,171.5,0,6,24.1,20.7,3.4,18.0,1,0,2025-09-11T00:00:00.0,1057,64,MODERATE,RECOVERED_AND_READY,84,82,95,87,73,423,84,4,BALANCED,87,17.4,12.9,24.5,-11.7,70,79,127,0.33332825,79,127,0.33332825,53.0,,,,,,,,,,,,,,,,,,,,,,,,,,,,,,,,,,,,,,,,,,,,,,,,,,,,,,,,,,,,,,,,,,,,,,,,,,,
2025-09-12,2255.0,99.0,2156.0,2255.0,4283,3488,3488,99.0,99.0,2,private,6490,2025-09-11T22:00:00.0,2025-09-12T00:00:00.0,2025-09-12T22:00:00.0,2025-09-13T00:00:00.0,86400000,1110,793,60803,23694,1,0,0,0,0,0,27.966,28.145,9.1752,9.23392,150,10,42,111,47,49,32,96,35100,36960,4860,9360,86280,17880,12600,4620,40.68,42.84,5.63,10.85,20.72,14.6,5.35,BALANCED,53280,23640,44,107,74,73,92,19,21,71,92,3.0,40.0,2025-09-12T19:00:11,MODERATE,SLEEP_PREPARATION_STRESSFUL_AND_INACTIVE,SLEEP_PREPARATION_STRESSFUL_AND_INACTIVE,2025-09-11T23:39:52,HIGH,SLEEP_TIME_PASSED_BALANCED_AND_EXERCISE,SLEEP,2025-09-11T23:00:35,7200000,23640000,71,NONE,NONE,3615274803,2025-09-12T05:35:29,,,,,,,,,,15.0,23.0,7.0,20.0,2025-09-12T22:00:00.0,200,23634,0,1,1757631635000,1757655329000,1757638835000,1757662529000,0,3420,15480,4740,60,1,0,1,14.0,8.0,18.0,0,14.0,ADULT,51.0,POSITIVE_CONTINUOUS,NONE,GENERAL_POS_FAIR_OR_POOR_SLEEP,FAIR,28800.0,28800.0,GOOD,0.0,15.0,EXCELLENT,0.0,1.0,79,FAIR,20,FAIR,21.0,31.0,4963.14,7326.54,EXCELLENT,0.0,5.0,65,FAIR,30.0,64.0,7090.2,15125.76,14,FAIR,16.0,33.0,3781.44,7799.22,2,3615274803,2025-09-11T16:36:35,480,480,NO_CHANGE_NO_ADJUSTMENTS,NO_CHANGE,NO_CHANGE,NO_CHANGE,NO_CHANGE,0,1390,1410,1,3615274803,2025-09-12T10:46:02,480,480,NO_CHANGE_NO_ADJUSTMENTS,NO_CHANGE,NO_CHANGE,NO_CHANGE,NO_CHANGE,0,1380,1400,1,71,47,6.57,57,258,79,1,79,86,98,141,BALANCED,HRV_BALANCED_2,2025-09-12T05:36:03.657,98,4,3615274803,RUNNING,GENERIC,RUNNING,2,MAINTAINING_3,0,42,OPTIMAL,FEEDBACK_2,358,520.5,277.6,347,1.0,1,MAINTAINING_3,129031336,55.5,56.0,0,0,0,0,0,,27,0,0,0,2025-09-12T07:35:29.0,3615274803,MODERATE,MOD_RT_LOW_SS_MOD,GOOD_SLEEP_HISTORY,66,79,68,MODERATE,279,92,GOOD,90,GOOD,358,73,GOOD,88,GOOD,86,78,GOOD,1,AFTER_WAKEUP_RESET,1,NO_CHANGE_SLEEP,66,25,18.0,18.0,18.0,2.3,3,19.62414995709126,2,0,6,49,0,171.5,0,6,24.1,20.7,3.4,18.0,1,0,2025-09-12T00:00:00.0,279,66,MODERATE,GOOD_SLEEP_HISTORY,79,78,88,86,73,358,90,4,BALANCED,86,0.0,12.6,21.0,-8.5,71,80,128,0.3125,80,128,0.3125,,,,,,,,,,,,,,,,,,,,,,,,,,,,,,,,,,,,,,,,,,,,,,,,,,,,,,,,,,,,,,,,,,,,,,,,,,,,
2025-09-13,2211.0,55.0,2156.0,2211.0,4166,3411,3411,55.0,55.0,2,private,6050,2025-09-12T22:00:00.0,2025-09-13T00:00:00.0,2025-09-13T22:00:00.0,2025-09-14T00:00:00.0,86400000,715,938,53667,31080,1,0,0,0,0,0,24.531,34.32,8.04823,11.25984,150,10,45,97,49,49,27,90,19440,36720,6300,23940,86400,8820,8580,2040,22.5,42.5,7.29,27.71,10.21,9.93,2.36,BALANCED,32280,30180,47,97,77,59,98,21,39,74,98,3.0,38.0,2025-09-13T21:23:46,HIGH,SLEEP_PREPARATION_NOT_STRESS_DATA_AND_INACTIVE,SLEEP_PREPARATION_NOT_STRESS_DATA_AND_INACTIVE,2025-09-12T23:05:33,HIGH,SLEEP_TIME_PASSED_STRESSFUL_AND_INACTIVE,SLEEP,2025-09-12T23:00:29,7200000,31080000,74,NONE,NONE,3615274803,2025-09-13T07:38:32,,,,,,,,,,14.0,22.0,7.0,12.0,2025-09-13T17:05:00.0,200,30840,0,1,1757718029000,1757749109000,1757725229000,1757756309000,0,4680,20160,6000,240,1,0,1,14.0,7.0,18.0,0,14.0,ADULT,51.0,POSITIVE_LONG_AND_CONTINUOUS,NONE,STRESS_POS_EXCELLENT_OR_GOOD_SLEEP_RESTFUL_EVENING,EXCELLENT,28800.0,28800.0,GOOD,0.0,15.0,EXCELLENT,0.0,1.0,89,GOOD,19,FAIR,21.0,31.0,6476.4,9560.4,EXCELLENT,0.0,5.0,65,FAIR,30.0,64.0,9252.0,19737.6,15,FAIR,16.0,33.0,4934.4,10177.2,2,3615274803,2025-09-12T10:46:02,480,480,NO_CHANGE_NO_ADJUSTMENTS,NO_CHANGE,NO_CHANGE,NO_CHANGE,NO_CHANGE,0,1380,1400,1,3615274803,2025-09-13T07:38:33,480,480,NO_CHANGE_NO_ADJUSTMENTS,NO_CHANGE,NO_CHANGE,NO_CHANGE,NO_CHANGE,0,1390,1410,1,74,49,8.57,78,336,100,4,89,87,92,125,BALANCED,HRV_BALANCED_5,2025-09-13T07:38:59.603,92,4,3615274803,RUNNING,GENERIC,RUNNING,2,MAINTAINING_3,0,33,OPTIMAL,FEEDBACK_2,293,504.0,268.8,336,0.8,1,MAINTAINING_3,129031336,55.5,56.0,0,0,0,0,0,,38,0,0,0,2025-09-13T09:38:32.0,3615274803,HIGH,HIGH_RT_HIGHEST_SS_AVAILABLE,WELL_RECOVERED,77,89,88,GOOD,1,99,GOOD,96,GOOD,293,71,GOOD,94,GOOD,87,71,GOOD,1,AFTER_WAKEUP_RESET,1,NO_CHANGE_SLEEP,77,25,18.0,18.0,18.0,2.3,3,19.62414995709126,2,0,6,49,0,171.5,0,6,24.1,20.7,3.4,18.0,1,0,2025-09-13T00:00:00.0,1,77,HIGH,WELL_RECOVERED,89,71,94,87,71,293,96,4,BALANCED,87,0.0,12.3,18.0,-5.8,71,80,127,0.3244629,80,127,0.3244629,,,,,,,,,,,,,,,,,,,,,,,,,,,,,,,,,,,,,,,,,,,,,,,,,,,,,,,,,,,,,,,,,,,,,,,,,,,,
2025-09-14,2172.0,16.0,2156.0,2172.0,1905,1567,1567,16.0,16.0,2,private,5680,2025-09-13T22:00:00.0,2025-09-14T00:00:00.0,2025-09-14T22:00:00.0,2025-09-15T00:00:00.0,86400000,230,431,83709,2030,1,0,0,0,0,0,34.673,23.473,11.37566,7.70112,150,10,51,103,53,50,39,92,27840,14340,2460,41760,86400,16800,7080,3960,32.22,16.6,2.85,48.33,19.44,8.19,4.58,CALM_AWAKE,44640,0,52,99,4,50,78,28,32,,,3.0,41.0,2025-09-14T19:00:10,HIGH,SLEEP_PREPARATION_BALANCED_AND_INACTIVE,SLEEP_PREPARATION_BALANCED_AND_INACTIVE,2025-09-13T22:55:21,HIGH,SLEEP_TIME_PASSED_NOT_STRESS_DATA_AND_INACTIVE,STRESS,2025-09-14T14:09:25,7200000,3960000,-9,STRESS,STRESSFUL_PERIOD,3615274803,2025-09-14T15:19:37,,,,,,,,,,15.0,23.0,7.0,16.0,2025-09-14T22:00:00.0,200,,,,,,,,,,,,,0,0,,,,,,,,,,,,,,,,,,,,,,,,,,,,,,,,,,,,,,,,,,,,,3615274803,2025-09-13T07:38:33,480,480,NO_CHANGE_NO_ADJUSTMENTS,NO_CHANGE,NO_CHANGE,NO_CHANGE,NO_CHANGE,0,1390,1410,1,3615274803,2025-09-14T05:47:11,480,480,NO_CHANGE_NO_ADJUSTMENTS,NO_CHANGE,NO_CHANGE,NO_DATA,NO_CHANGE,0,1390,1410,1,,,,,,,,,88,,,BALANCED,HRV_BALANCED_6,2025-09-14T05:47:33.190,,4,3615274803,RUNNING,GENERIC,RUNNING,2,MAINTAINING_3,0,25,LOW,FEEDBACK_1,228,492.0,262.40000000000003,328,0.6,1,MAINTAINING_3,129031336,55.5,56.0,0,0,0,0,0,,41,0,0,0,2025-09-14T07:47:11.0,3615274803,MODERATE,MOD_RT_LOW_SS_UNKNOWN,GOOD_SLEEP_HISTORY,74,,0,NONE,1,99,GOOD,100,VERY_GOOD,228,71,GOOD,97,GOOD,88,81,GOOD,0,AFTER_WAKEUP_RESET,1,,74,25,18.0,18.0,18.0,2.3,3,19.62414995709126,2,0,6,49,0,171.5,0,6,24.1,20.7,3.4,18.0,1,0,2025-09-14T00:00:00.0,1,74,MODERATE,GOOD_SLEEP_HISTORY,,81,97,88,71,228,100,4,BALANCED,88,0.0,12.0,15.4,-3.5,71,79,126,0.34573364,79,126,0.34573364,,,,,,,,,,,,,,,,,,,,,,,,,,,,,,,,,,,,,,,,,,,,,,,,,,,,,,,,,,,,,,,,,,,,,,,,,,,,
2025-09-15,2686.0,530.0,2156.0,2686.0,4053,4387,3301,530.0,530.0,2,private,4930,2025-09-14T22:00:00.0,2025-09-15T00:00:00.0,2025-09-15T22:00:00.0,2025-09-16T00:00:00.0,86400000,788,1758,54308,29546,1,1,0,0,3,37,24.735,20.165,8.11516,6.61581,150,10,39,182,47,49,36,95,37260,32040,6720,10080,86100,17820,12300,7140,43.28,37.21,7.8,11.71,20.7,14.29,8.29,BALANCED,48180,27840,42,181,65,79,95,16,18,67,95,3.0,41.0,2025-09-15T20:16:50,MODERATE,SLEEP_PREPARATION_STRESSFUL_AND_INTENSIVE_EXERCISE,SLEEP_PREPARATION_STRESSFUL_AND_INTENSIVE_EXERCISE,2025-09-14T22:47:58,HIGH,SLEEP_TIME_PASSED_BALANCED_AND_INACTIVE,SLEEP,2025-09-14T21:26:10,7200000,30000000,67,NONE,NONE,3615274803,2025-09-15T06:22:10,ACTIVITY,2025-09-15T16:45:45,7200000,2280000,-6,EXERCISE_TRAINING_EFFECT_3,IMPROVING_AEROBIC_BASE,3615274803,2025-09-15T17:24:44,14.0,22.0,7.0,17.0,2025-09-15T22:00:00.0,200,30000,0,1,1757885170000,1757915170000,1757892370000,1757922370000,0,7380,17760,4860,0,1,0,1,15.0,7.0,20.0,0,14.0,ADULT,52.0,POSITIVE_LONG_AND_DEEP,NONE,RHYTHM_POS_GOOD_SLEEP_GOOD_TIMING,EXCELLENT,28800.0,28800.0,GOOD,0.0,15.0,EXCELLENT,0.0,1.0,89,GOOD,16,FAIR,21.0,31.0,6300.0,9300.0,EXCELLENT,0.0,5.0,59,GOOD,30.0,64.0,9000.0,19200.0,25,EXCELLENT,16.0,33.0,4800.0,9900.0,2,3615274803,2025-09-14T05:47:11,480,480,NO_CHANGE_NO_ADJUSTMENTS,NO_CHANGE,NO_CHANGE,NO_DATA,NO_CHANGE,0,1390,1410,1,3615274803,2025-09-15T17:24:44,480,480,NO_CHANGE_NO_ADJUSTMENTS,NO_CHANGE,NO_CHANGE,NO_CHANGE,NO_CHANGE,0,1400,1420,1,67,47,8.33,123,296,81,,89,91,84,133,BALANCED,HRV_BALANCED_7,2025-09-15T06:22:34.490,84,4,3615274803,RUNNING,GENERIC,RUNNING,2,MAINTAINING_3,0,33,OPTIMAL,FEEDBACK_2,290,516.0,275.2,344,0.8,1,MAINTAINING_3,129031336,55.5,56.0,0,0,0,0,0,,21,0,0,0,2025-09-15T23:16:10.0,3615274803,HIGH,HIGH_RT_AVAILABLE_SS_HIGHEST,RESTED_AND_READY,75,89,88,GOOD,1074,71,GOOD,98,GOOD,290,73,GOOD,100,VERY_GOOD,91,88,GOOD,1,UPDATE_REALTIME_VARIABLES,1,,75,25,18.0,18.0,18.0,2.3,3,19.62414995709126,2,0,6,48,0,177.6,0,6,24.1,20.7,3.4,18.0,1,0,2025-09-15T00:00:00.0,1074,75,HIGH,RESTED_AND_READY,89,88,100,91,73,290,98,4,BALANCED,91,33.1,12.5,18.0,-5.5,70,79,125,0.38043213,79,125,0.38043213,42.0,Nat. piscine,lap_swimming,20395303830,,,,,,,,,,,,,,,,,,,,,,,,,,,,,,,,,,,,,,,,,,,,,,,,,,,,,,,,,,,,,,,,,,,,,,,,
2025-09-16,2708.0,552.0,2156.0,2300.0,4725,23059,3848,144.0,552.0,2,private,4760,2025-09-15T22:00:00.0,2025-09-16T00:00:00.0,2025-09-16T22:00:00.0,2025-09-17T00:00:00.0,86400000,1552,567,58137,26144,1,1,0,0,4,3,27.52,22.834,9.02887,7.49147,150,10,47,136,50,49,40,99,48240,29040,4800,4320,86400,21840,21720,4680,55.83,33.61,5.56,5.0,25.28,25.14,5.42,STRESSFUL,56040,26040,48,136,56,61,74,13,13,57,73,3.0,37.0,2025-09-16T20:59:35,LOW,SLEEP_PREPARATION_STRESSFUL_AND_INACTIVE,SLEEP_PREPARATION_STRESSFUL_AND_INACTIVE_AND_BB_LOW,2025-09-15T23:14:41,HIGH,SLEEP_TIME_PASSED_STRESSFUL_AND_INTENSIVE_EXERCISE,SLEEP,2025-09-15T21:33:44,7200000,27720000,57,NONE,NONE,3615274803,2025-09-16T05:25:19,STRESS,2025-09-16T10:42:34,7200000,2580000,-5,STRESS,STRESSFUL_PERIOD,3615274803,2025-09-16T11:28:52,13.0,21.0,7.0,16.0,2025-09-16T22:00:00.0,200,27540,0,1,1757972024000,1757999744000,1757979224000,1758006944000,0,5340,18840,3360,180,1,0,1,15.0,8.0,19.0,0,18.0,ADULT,53.0,POSITIVE_LONG_AND_DEEP,NONE,MOD_EXERCISE_POS_EXCELLENT_OR_GOOD_SLEEP_VIGOROUS_DURING_DAY,EXCELLENT,28800.0,28800.0,FAIR,0.0,15.0,EXCELLENT,0.0,1.0,83,GOOD,12,FAIR,21.0,31.0,5783.4,8537.4,EXCELLENT,0.0,5.0,68,FAIR,30.0,64.0,8262.0,17625.6,19,EXCELLENT,16.0,33.0,4406.4,9088.2,2,3615274803,2025-09-15T17:24:44,480,480,NO_CHANGE_NO_ADJUSTMENTS,NO_CHANGE,NO_CHANGE,NO_CHANGE,NO_CHANGE,0,1400,1420,1,3615274803,2025-09-16T05:25:20,480,480,NO_CHANGE_NO_ADJUSTMENTS,NO_CHANGE,NO_CHANGE,NO_CHANGE,NO_CHANGE,0,1390,1410,1,57,50,7.65,89,314,56,3,83,87,73,104,BALANCED,HRV_BALANCED_3,2025-09-16T05:25:40.370,73,4,3615274803,RUNNING,GENERIC,RUNNING,2,MAINTAINING_3,0,25,LOW,FEEDBACK_1,215,507.0,270.40000000000003,338,0.6,1,MAINTAINING_3,129031336,55.5,56.0,0,0,0,0,0,,26,0,0,0,2025-09-16T10:16:10.0,3615274803,HIGH,HIGH_RT_HIGHEST_SS_AVAILABLE,WELL_RECOVERED,75,83,76,GOOD,415,89,GOOD,100,VERY_GOOD,215,67,MODERATE,93,GOOD,87,88,GOOD,1,UPDATE_REALTIME_VARIABLES,1,,75,25,18.0,18.0,18.0,2.5,3,19.62414995709126,2,0,6,48,0,178.1,0,6,24.1,20.7,3.4,18.0,1,0,2025-09-16T00:00:00.0,415,75,HIGH,WELL_RECOVERED,83,88,93,87,67,215,100,4,BALANCED,87,0.0,12.2,15.4,-3.2,71,79,125,0.33694458,79,125,0.33694458,54.0,,,,,,,,,,,,,,,,,,,,,,,,,,,,,,,,,,,,,,,,,,,,408.0,,,,,,,,,,,,,,,,,,,,,,,,,,,,,,,
2025-09-17,2206.0,50.0,2156.0,2206.0,4640,3806,3806,50.0,50.0,2,private,4760,2025-09-16T22:00:00.0,2025-09-17T00:00:00.0,2025-09-17T22:00:00.0,2025-09-18T00:00:00.0,86400000,978,733,59009,25680,1,0,0,0,0,0,29.108,30.172,9.54987,9.89895,150,10,44,102,47,49,34,89,40140,32760,6240,7260,86400,21120,16080,2940,46.46,37.92,7.22,8.4,24.44,18.61,3.4,STRESSFUL,53700,25440,46,96,71,68,83,12,16,71,83,3.0,38.0,2025-09-17T19:00:13,MODERATE,SLEEP_PREPARATION_STRESSFUL_AND_INACTIVE,SLEEP_PREPARATION_STRESSFUL_AND_INACTIVE,2025-09-17T00:16:40,HIGH,SLEEP_TIME_PASSED_STRESSFUL_AND_INACTIVE,SLEEP,2025-09-16T22:49:19,7200000,25680000,71,NONE,NONE,3615274803,2025-09-17T06:00:24,,,,,,,,,,13.0,21.0,7.0,10.0,2025-09-17T22:00:00.0,200,25260,0,1,1758062959000,1758088639000,1758070159000,1758095839000,0,5040,15060,5160,420,1,0,1,15.0,9.0,17.0,1,21.0,ADULT,51.0,POSITIVE_DEEP,NONE,GENERAL_POS_FAIR_OR_POOR_SLEEP,FAIR,28800.0,28800.0,FAIR,0.0,15.0,EXCELLENT,0.0,1.0,78,FAIR,20,FAIR,21.0,31.0,5304.6,7830.6,GOOD,0.0,5.0,60,GOOD,30.0,64.0,7578.0,16166.4,20,EXCELLENT,16.0,33.0,4041.6,8335.8,2,3615274803,2025-09-16T05:25:20,480,480,NO_CHANGE_NO_ADJUSTMENTS,NO_CHANGE,NO_CHANGE,NO_CHANGE,NO_CHANGE,0,1390,1410,1,3615274803,2025-09-17T06:00:24,480,480,NO_CHANGE_NO_ADJUSTMENTS,NO_CHANGE,NO_CHANGE,NO_CHANGE,NO_CHANGE,0,1390,1410,1,71,47,7.02,84,251,86,7,78,85,83,126,BALANCED,HRV_BALANCED_5,2025-09-17T21:36:43.547,83,5,3615274803,RUNNING,GENERIC,RUNNING,2,RECOVERY_2,0,20,LOW,FEEDBACK_1,167,490.5,261.6,327,0.5,1,RECOVERY_2,129031336,55.5,56.0,0,0,0,0,0,,37,0,0,0,2025-09-17T08:00:24.0,3615274803,MODERATE,MOD_RT_LOW_SS_MOD,GOOD_SLEEP_HISTORY,72,78,67,MODERATE,1,99,GOOD,100,VERY_GOOD,167,60,MODERATE,87,GOOD,85,80,GOOD,1,AFTER_WAKEUP_RESET,1,NO_CHANGE_SLEEP,72,25,18.0,18.0,18.0,2.5,3,19.62414995709126,2,0,6,48,0,178.1,0,6,24.1,20.7,3.4,18.0,1,0,2025-09-16T00:00:00.0,1,72,MODERATE,GOOD_SLEEP_HISTORY,78,80,87,85,60,167,100,5,BALANCED,85,0.0,11.9,13.2,-1.3,71,80,124,0.30680847,80,124,0.30680847,,,,,,,,,,,,,,,,,,,,,,,,,,,,,,,,,,,,,,,,,,,,,,,,,,,,,,,,,,,,,,,,,,,,,,,,,,,,
2025-09-18,2736.0,580.0,2156.0,2284.0,4479,16435,3703,416.0,580.0,2,private,4740,2025-09-17T22:00:00.0,2025-09-18T00:00:00.0,2025-09-18T22:00:00.0,2025-09-19T00:00:00.0,86400000,1364,993,59933,24110,1,1,0,0,17,21,28.561,22.921,9.37041,7.52001,150,10,44,154,49,49,41,91,47400,23580,5040,8940,84960,20040,22140,5220,55.79,27.75,5.93,10.52,23.59,26.06,6.14,STRESSFUL,56700,19320,45,142,63,70,77,7,9,61,77,3.0,43.0,2025-09-18T20:48:54,LOW,SLEEP_PREPARATION_STRESSFUL_AND_EXERCISE,SLEEP_PREPARATION_STRESSFUL_AND_EXERCISE_AND_BB_LOW,2025-09-18T21:13:40,LOW,SLEEP_TIME_PASSED_STRESSFUL_AND_EXERCISE,SLEEP,2025-09-17T22:32:24,7200000,20460000,60,NONE,NONE,3615274803,2025-09-18T04:30:42,ACTIVITY,2025-09-18T04:31:15,7200000,2400000,-8,EXERCISE_TRAINING_EFFECT_2,EASY_AEROBIC,3615274803,2025-09-18T05:11:50,13.0,22.0,7.0,16.0,2025-09-18T22:00:00.0,200,20340,0,1,1758148344000,1758168804000,1758155544000,1758176004000,0,4800,14100,1440,120,1,0,1,15.0,9.0,20.0,0,12.0,ADULT,52.0,NEGATIVE_NOT_ENOUGH_REM,NONE,STRESS_NEG_FAIR_OR_POOR_SLEEP_STRESSFUL_DAY_INACTIVE,FAIR,28800.0,28800.0,EXCELLENT,0.0,15.0,EXCELLENT,0.0,1.0,66,FAIR,7,POOR,21.0,31.0,4271.4,6305.4,GOOD,0.0,5.0,69,FAIR,30.0,64.0,6102.0,13017.6,24,EXCELLENT,16.0,33.0,3254.4,6712.2,2,3615274803,2025-09-17T06:00:24,480,480,NO_CHANGE_NO_ADJUSTMENTS,NO_CHANGE,NO_CHANGE,NO_CHANGE,NO_CHANGE,0,1390,1410,1,3615274803,2025-09-18T05:42:11,480,520,INCREASED,NO_CHANGE,INCREASING,NO_CHANGE,NO_CHANGE,1,1360,1420,1,60,49,5.65,80,235,24,2,66,86,89,134,BALANCED,HRV_BALANCED_6,2025-09-18T04:31:15.958,89,5,3615274803,,,NONE,0,RECOVERY_1,0,20,LOW,FEEDBACK_1,185,484.5,258.40000000000003,323,0.5,1,RECOVERY_1,129031336,55.5,56.0,0,0,0,0,0,,26,0,0,0,2025-09-18T07:42:11.0,3615274803,MODERATE,MOD_RT_LOW_SS_MOD,GOOD_SLEEP_HISTORY,61,66,49,MODERATE,695,81,GOOD,100,VERY_GOOD,185,62,MODERATE,91,GOOD,86,69,MODERATE,1,AFTER_WAKEUP_RESET,1,,61,25,18.0,18.0,18.0,2.5,3,19.62414995709126,2,0,6,48,0,169.5,0,6,24.1,20.7,3.4,18.0,1,0,2025-09-18T00:00:00.0,695,61,MODERATE,GOOD_SLEEP_HISTORY,66,69,91,86,62,185,100,5,BALANCED,86,17.6,12.0,13.8,-1.8,71,79,123,0.32954407,79,123,0.32954407,121.0,Vélo d'intérieur,indoor_cycling,20421065073,,,,,,,,,,,,,,,,,,,,,,,,,,,,,,,,,,,,,,,,,452.0,,,,,,,,,,,,,,,,,,,,,,,,,,,,,,,
2025-09-19,2241.0,85.0,2156.0,2241.0,4937,4053,4053,85.0,85.0,2,private,4690,2025-09-18T22:00:00.0,2025-09-19T00:00:00.0,2025-09-19T22:00:00.0,2025-09-20T00:00:00.0,86400000,1120,932,57878,26470,1,0,0,0,0,0,22.476,15.259,7.37402,5.00623,150,10,44,97,52,50,33,90,41640,33180,4980,6600,86400,29220,11100,1320,48.19,38.4,5.76,7.64,33.82,12.85,1.53,STRESSFUL,53940,25860,48,94,52,45,61,9,16,54,61,3.0,54.0,2025-09-19T19:00:13,MODERATE,SLEEP_PREPARATION_BALANCED_AND_INACTIVE,SLEEP_PREPARATION_BALANCED_AND_INACTIVE,2025-09-18T23:54:35,HIGH,SLEEP_TIME_PASSED_STRESSFUL_AND_EXERCISE,SLEEP,2025-09-18T20:59:10,7200000,30120000,53,NONE,NONE,3615274803,2025-09-19T05:25:18,,,,,,,,,,14.0,21.0,6.0,13.0,2025-09-19T22:00:00.0,200,29460,0,1,1758229150000,1758259270000,1758236350000,1758266470000,0,5340,20400,3720,660,1,0,1,15.0,7.0,19.0,0,27.0,ADULT,56.0,NEGATIVE_LONG_BUT_NOT_RESTORATIVE,NEGATIVE_STRESSFUL_DAY,STRESS_NEG_GOOD_OR_WORSE_SLEEP_STRESSFUL_DAY,EXCELLENT,28800.0,28800.0,POOR,0.0,15.0,EXCELLENT,0.0,1.0,76,FAIR,13,FAIR,21.0,31.0,6186.6,9132.6,EXCELLENT,0.0,5.0,69,FAIR,30.0,64.0,8838.0,18854.4,18,EXCELLENT,16.0,33.0,4713.6,9721.8,2,3615274803,2025-09-18T05:42:11,480,520,INCREASED,NO_CHANGE,INCREASING,NO_CHANGE,NO_CHANGE,1,1360,1420,1,3615274803,2025-09-19T05:25:18,480,480,NO_CHANGE_NO_ADJUSTMENTS,NO_CHANGE,NO_CHANGE,NO_CHANGE,NO_CHANGE,0,1390,1410,1,53,52,8.18,89,340,62,11,76,80,64,100,BALANCED,HRV_BALANCED_3,2025-09-19T05:25:31.508,64,5,3615274803,,,NONE,0,RECOVERY_1,0,16,LOW,FEEDBACK_1,148,466.5,248.8,311,0.4,1,RECOVERY_1,129031336,55.5,56.0,0,0,0,0,0,,49,0,0,0,2025-09-19T07:25:18.0,3615274803,MODERATE,MOD_RT_LOW_SS_MOD,GOOD_SLEEP_HISTORY,67,76,64,MODERATE,1,99,GOOD,100,VERY_GOOD,148,58,MODERATE,71,GOOD,80,55,MODERATE,1,AFTER_WAKEUP_RESET,1,NO_CHANGE_SLEEP,67,25,18.0,18.0,18.0,2.3,3,19.62414995709126,2,0,6,48,0,161.0,0,6,24.1,20.7,3.4,18.0,1,0,2025-09-19T00:00:00.0,1,67,MODERATE,GOOD_SLEEP_HISTORY,76,55,71,80,58,148,100,5,BALANCED,80,0.0,11.7,11.9,-0.1,71,80,123,0.25,80,123,0.25,,,,,,,,,,,,,,,,,,,,,,,,,,,,,,,,,,,,,,,,,,,,,,,,,,,,,,,,,,,,,,,,,,,,,,,,,,,,
2025-09-20,2946.0,790.0,2156.0,2946.0,10845,13012,13012,790.0,790.0,2,private,4720,2025-09-19T22:00:00.0,2025-09-20T00:00:00.0,2025-09-20T22:00:00.0,2025-09-21T00:00:00.0,86400000,3397,1679,54452,26872,1,1,0,0,3,45,51.898,31.58,17.0269,10.36089,150,10,44,178,46,49,36,94,22140,32100,6960,25140,86340,4320,5940,11880,25.64,37.18,8.06,29.12,5.0,6.88,13.76,BALANCED,35520,25680,44,178,74,49,90,8,8,73,90,3.0,47.0,2025-09-20T19:00:10,LOW,SLEEP_PREPARATION_NOT_STRESS_DATA_AND_INTENSIVE_EXERCISE,SLEEP_PREPARATION_NOT_STRESS_DATA_AND_HARD_EXERCISE_AND_BB_LOW,2025-09-20T00:22:18,HIGH,SLEEP_TIME_PASSED_BALANCED_AND_INACTIVE,SLEEP,2025-09-19T22:53:18,7200000,25800000,73,NONE,NONE,3615274803,2025-09-20T06:04:39,ACTIVITY,2025-09-20T13:39:37,7200000,2640000,-10,EXERCISE_TRAINING_EFFECT_4,HIGHLY_IMPROVING_VO2MAX,3615274803,2025-09-20T14:25:08,15.0,23.0,7.0,18.0,2025-09-20T22:00:00.0,200,25560,0,1,1758322398000,1758348198000,1758329598000,1758355398000,0,5280,15060,5220,240,1,0,1,14.0,7.0,20.0,0,13.0,ADULT,53.0,POSITIVE_DEEP,NONE,GENERAL_POS_EXCELLENT_OR_GOOD_SLEEP,FAIR,28800.0,28800.0,GOOD,0.0,15.0,EXCELLENT,0.0,1.0,85,GOOD,20,FAIR,21.0,31.0,5367.6,7923.6,EXCELLENT,0.0,5.0,59,GOOD,30.0,64.0,7668.0,16358.4,21,EXCELLENT,16.0,33.0,4089.6,8434.8,2,3615274803,2025-09-19T05:25:18,480,480,NO_CHANGE_NO_ADJUSTMENTS,NO_CHANGE,NO_CHANGE,NO_CHANGE,NO_CHANGE,0,1390,1410,1,3615274803,2025-09-20T14:25:08,480,500,INCREASED,TODAYS_LOAD_AND_CHRONIC,NO_CHANGE,INCREASING,NO_CHANGE,1,1370,1410,1,73,46,7.1,88,251,87,4,85,79,84,130,UNBALANCED,HRV_UNBALANCED_11,2025-09-20T06:05:17.392,84,7,3615274803,RUNNING,GENERIC,RUNNING,3,PRODUCTIVE_5,0,42,OPTIMAL,FEEDBACK_2,379,522.0,278.40000000000003,348,1.0,1,PRODUCTIVE_5,129031336,55.7,56.0,0,0,0,0,0,,39,0,0,0,2025-09-20T16:25:08.0,3615274803,POOR,POOR_HRV_UNBALANCED,TIME_TO_SLOW_DOWN,1,85,80,GOOD,3700,18,POOR,87,GOOD,379,70,GOOD,66,MODERATE,79,58,MODERATE,1,AFTER_POST_EXERCISE_RESET,1,REACHED_ZERO,1,25,18.0,18.0,18.0,2.1,3,19.62414995709126,2,0,6,48,0,153.5,0,6,24.1,20.7,3.4,18.0,1,0,2025-09-20T00:00:00.0,3700,1,POOR,TIME_TO_SLOW_DOWN,85,58,66,79,70,379,87,7,UNBALANCED,79,65.4,13.0,19.5,-6.5,72,80,123,0.23605347,80,123,0.23605347,67.0,Chevrières Course à pied,running,20446150032,,,,,,,,,,129031336,55.7,56.0,0,0,0,0,0,39,0,0,0,55.7,,,,,,,,,,,,,,,,,,,,,,,,,,,,,,,,,,,,,,,,,,,,,,,,,,
2025-09-21,2183.0,27.0,2156.0,2183.0,2441,2016,2016,27.0,27.0,2,private,5950,2025-09-20T22:00:00.0,2025-09-21T00:00:00.0,2025-09-21T22:00:00.0,2025-09-22T00:00:00.0,86400000,394,495,56763,28748,1,0,0,0,0,0,36.576,26.566,12.0,8.71588,150,10,50,102,54,49,38,95,47040,28440,4200,6720,86400,27060,16200,3780,54.44,32.92,4.86,7.78,31.32,18.75,4.38,STRESSFUL,52260,27420,50,99,45,42,52,8,11,43,51,3.0,40.0,2025-09-21T19:00:12,LOW,SLEEP_PREPARATION_STRESSFUL_AND_INACTIVE,SLEEP_PREPARATION_STRESSFUL_AND_INACTIVE_AND_BB_LOW,2025-09-21T01:22:02,HIGH,SLEEP_TIME_PASSED_STRESSFUL_AND_INACTIVE,SLEEP,2025-09-20T21:42:08,7200000,29820000,43,NONE,NONE,3615274803,2025-09-21T06:00:13,STRESS,2025-09-21T11:35:38,7200000,4080000,-7,STRESS,STRESSFUL_PERIOD,3615274803,2025-09-21T12:46:01,14.0,23.0,8.0,13.0,2025-09-21T22:00:00.0,200,28920,0,1,1758404528000,1758434348000,1758411728000,1758441548000,0,2400,22980,3540,900,1,0,1,16.0,10.0,20.0,1,28.0,ADULT,57.0,NEGATIVE_LONG_BUT_NOT_RESTORATIVE,NEGATIVE_STRENUOUS_EXERCISE,HARD_EXERCISE_NEG_FAIR_OR_POOR_SLEEP_HARD_DURING_DAY,EXCELLENT,28800.0,28800.0,POOR,0.0,15.0,GOOD,0.0,1.0,72,FAIR,12,FAIR,21.0,31.0,6073.2,8965.2,GOOD,0.0,5.0,79,FAIR,30.0,64.0,8676.0,18508.8,8,FAIR,16.0,33.0,4627.2,9543.6,2,3615274803,2025-09-20T14:25:08,480,500,INCREASED,TODAYS_LOAD_AND_CHRONIC,NO_CHANGE,INCREASING,NO_CHANGE,1,1370,1410,1,3615274803,2025-09-21T06:00:14,480,480,NO_CHANGE_NO_ADJUSTMENTS,NO_CHANGE,NO_CHANGE,NO_CHANGE,NO_CHANGE,0,1390,1410,1,43,54,8.03,40,383,59,15,72,77,63,87,UNBALANCED,HRV_UNBALANCED_12,2025-09-21T06:14:28.66,63,7,3615274803,RUNNING,GENERIC,RUNNING,3,PRODUCTIVE_5,0,38,OPTIMAL,FEEDBACK_2,326,505.5,269.6,337,0.9,1,PRODUCTIVE_5,129031336,55.7,56.0,0,0,0,0,0,,41,0,0,0,2025-09-21T13:55:13.0,3615274803,LOW,LOW_HRV_UNBALANCED,LISTEN_TO_YOUR_BODY,26,72,58,MODERATE,2413,37,POOR,92,GOOD,326,58,MODERATE,57,MODERATE,77,74,GOOD,1,UPDATE_REALTIME_VARIABLES,1,,26,25,18.0,18.0,18.0,2.1,3,19.62414995709126,2,0,6,48,0,153.5,0,6,24.1,20.7,3.4,18.0,1,0,2025-09-20T00:00:00.0,2413,26,LOW,LISTEN_TO_YOUR_BODY,72,74,57,77,58,326,92,7,UNBALANCED,77,0.0,12.7,16.7,-4.0,72,80,123,0.19932556,80,123,0.19932556,,,,,,,,,,,,,,,,,,,,,,,,,,,,,,,,,,,,,,,,,,,,,,,,,,,,,,,,,,,,,,,,,,,,,,,,,,,,
2025-09-22,2226.0,70.0,2156.0,2226.0,4400,3583,3583,70.0,70.0,2,private,5600,2025-09-21T22:00:00.0,2025-09-22T00:00:00.0,2025-09-22T22:00:00.0,2025-09-23T00:00:00.0,86400000,1004,896,60320,24180,1,0,0,0,0,0,15.769,19.566,5.17356,6.41929,150,10,43,103,49,50,34,91,37920,32700,5280,10440,86340,19800,14880,3240,43.92,37.87,6.12,12.09,22.93,17.23,3.75,BALANCED,51780,24120,45,101,69,67,80,11,13,67,79,3.0,51.0,2025-09-22T20:57:31,LOW,SLEEP_PREPARATION_STRESSFUL_AND_INACTIVE,SLEEP_PREPARATION_STRESSFUL_AND_INACTIVE_AND_BB_LOW,2025-09-22T00:41:51,HIGH,SLEEP_TIME_PASSED_STRESSFUL_AND_INACTIVE,SLEEP,2025-09-21T22:33:13,7200000,24180000,67,NONE,NONE,3615274803,2025-09-22T05:25:13,,,,,,,,,,13.0,23.0,5.0,16.0,2025-09-22T22:00:00.0,200,24180,0,1,1758493993000,1758518173000,1758501193000,1758525373000,0,3420,18300,2460,0,1,0,1,15.0,9.0,19.0,0,21.0,ADULT,53.0,NEGATIVE_NOT_ENOUGH_REM,NEGATIVE_LATE_BED_TIME,MOD_EXERCISE_NEG_FAIR_OR_POOR_SLEEP_INACTIVITY,FAIR,28800.0,28800.0,FAIR,0.0,15.0,EXCELLENT,0.0,1.0,72,FAIR,10,POOR,21.0,31.0,5077.8,7495.8,EXCELLENT,0.0,5.0,76,FAIR,30.0,64.0,7254.0,15475.2,14,FAIR,16.0,33.0,3868.8,7979.4,2,3615274803,2025-09-21T06:00:14,480,480,NO_CHANGE_NO_ADJUSTMENTS,NO_CHANGE,NO_CHANGE,NO_CHANGE,NO_CHANGE,0,1390,1410,1,3615274803,2025-09-22T05:25:13,480,520,INCREASED,NO_CHANGE,INCREASING_LOW_QUALITY,INCREASING,NO_CHANGE,1,1340,1400,1,67,49,6.72,57,305,41,,72,76,81,150,UNBALANCED,HRV_UNBALANCED_11,2025-09-22T05:25:49.947,81,7,3615274803,RUNNING,GENERIC,RUNNING,3,PRODUCTIVE_5,0,33,OPTIMAL,FEEDBACK_2,282,487.5,260.0,325,0.8,1,PRODUCTIVE_5,129031336,55.7,56.0,0,0,0,0,0,,39,0,0,0,2025-09-22T18:55:13.0,3615274803,MODERATE,MOD_HRV_UNBALANCED,LISTEN_TO_YOUR_BODY,50,72,58,MODERATE,674,82,GOOD,97,GOOD,282,59,MODERATE,56,MODERATE,76,64,MODERATE,1,UPDATE_REALTIME_VARIABLES,1,,50,25,18.0,18.0,18.0,2.1,3,19.62414995709126,2,0,6,48,0,141.6,0,6,24.1,20.7,3.4,18.0,1,0,2025-09-22T00:00:00.0,674,50,MODERATE,LISTEN_TO_YOUR_BODY,72,64,56,76,59,282,97,7,UNBALANCED,76,0.0,12.4,14.3,-1.9,72,80,122,0.19412231,80,122,0.19412231,,,,,,,,,,,,,,,,,,,,,,,,,,,,,,,,,,,,,,,,,,,,,,,,,,,,,,,,,,,,,,,,,,,,,,,,,,,,
2025-09-23,2262.0,106.0,2156.0,2262.0,4907,4027,4027,106.0,106.0,2,private,5360,2025-09-22T22:00:00.0,2025-09-23T00:00:00.0,2025-09-23T22:00:00.0,2025-09-24T00:00:00.0,86400000,1273,922,59305,24900,1,0,0,0,0,0,27.432,36.901,9.0,12.10663,150,10,46,109,51,50,33,93,34440,32940,5460,13500,86340,22200,8820,3420,39.89,38.15,6.32,15.64,25.71,10.22,3.96,BALANCED,48300,24540,48,107,60,58,72,12,15,60,72,3.0,52.0,2025-09-23T20:53:32,MODERATE,SLEEP_PREPARATION_BALANCED_AND_INACTIVE,SLEEP_PREPARATION_BALANCED_AND_INACTIVE,2025-09-23T00:19:03,HIGH,SLEEP_TIME_PASSED_STRESSFUL_AND_INACTIVE,SLEEP,2025-09-22T22:15:13,7200000,24900000,60,NONE,NONE,3615274803,2025-09-23T05:56:13,STRESS,2025-09-23T11:29:33,7200000,2820000,-7,STRESS,STRESSFUL_PERIOD,3615274803,2025-09-23T12:20:18,14.0,24.0,7.0,17.0,2025-09-23T21:59:00.0,200,24600,0,1,1758579313000,1758604213000,1758586513000,1758611413000,0,5280,16080,3240,300,1,0,1,15.0,7.0,19.0,0,23.0,ADULT,55.0,POSITIVE_DEEP,POSITIVE_LATE_BED_TIME,RHYTHM_POS_FAIR_OR_POOR_SLEEP_EXCELLENT_TIMING,FAIR,28800.0,28800.0,FAIR,0.0,15.0,EXCELLENT,0.0,1.0,75,FAIR,13,FAIR,21.0,31.0,5166.0,7626.0,EXCELLENT,0.0,5.0,65,FAIR,30.0,64.0,7380.0,15744.0,21,EXCELLENT,16.0,33.0,3936.0,8118.0,2,3615274803,2025-09-22T05:25:13,480,520,INCREASED,NO_CHANGE,INCREASING_LOW_QUALITY,INCREASING,NO_CHANGE,1,1340,1400,1,3615274803,2025-09-23T05:56:13,480,520,INCREASED,NO_CHANGE,INCREASING,INCREASING,NO_CHANGE,1,1340,1400,1,60,51,6.83,88,268,54,5,75,77,77,106,UNBALANCED,HRV_UNBALANCED_12,2025-09-23T05:56:31.954,77,7,3615274803,RUNNING,GENERIC,RUNNING,3,PRODUCTIVE_5,0,29,LOW,FEEDBACK_1,238,468.0,249.60000000000002,312,0.7,1,PRODUCTIVE_5,129031336,55.7,56.0,0,0,0,0,0,,41,0,0,0,2025-09-23T07:56:13.0,3615274803,MODERATE,MOD_HRV_UNBALANCED,LISTEN_TO_YOUR_BODY,57,75,62,MODERATE,1,99,GOOD,100,VERY_GOOD,238,63,MODERATE,59,MODERATE,77,58,MODERATE,1,AFTER_WAKEUP_RESET,1,NO_CHANGE_SLEEP,57,25,18.0,18.0,18.0,2.1,3,19.62414995709126,2,0,6,48,0,141.6,0,6,24.1,20.7,3.4,18.0,1,0,2025-09-22T00:00:00.0,1,57,MODERATE,LISTEN_TO_YOUR_BODY,75,58,59,77,63,238,100,7,UNBALANCED,77,0.0,12.1,12.3,-0.2,72,80,121,0.20716858,80,121,0.20716858,,,,,,,,,,,,,,,,,,,,,,,,,,,,,,,,,,,,,,,,,,,,,,,,,,,,,,,,,,,,,,,,,,,,,,,,,,,,
2025-09-24,2690.0,534.0,2156.0,2690.0,5559,5223,4546,534.0,534.0,2,private,5270,2025-09-23T22:00:00.0,2025-09-24T00:00:00.0,2025-09-24T22:00:00.0,2025-09-25T00:00:00.0,86400000,1502,1866,57652,25380,1,1,0,0,8,30,18.916,17.363,6.20604,5.69652,150,10,41,174,49,50,33,96,38400,30600,8760,8640,86400,21780,13620,3000,44.44,35.42,10.14,10.0,25.21,15.76,3.47,STRESSFUL,52440,25320,42,166,74,75,88,14,14,73,87,3.0,53.0,2025-09-24T21:40:46,LOW,SLEEP_PREPARATION_STRESSFUL_AND_INTENSIVE_EXERCISE,SLEEP_PREPARATION_STRESSFUL_AND_INTENSIVE_EXERCISE_AND_BB_LOW,2025-09-24T00:18:28,HIGH,SLEEP_TIME_PASSED_BALANCED_AND_INACTIVE,SLEEP,2025-09-23T22:29:13,7200000,25380000,73,NONE,NONE,3615274803,2025-09-24T06:31:13,ACTIVITY,2025-09-24T16:42:06,7200000,2520000,-4,EXERCISE_TRAINING_EFFECT_2,MAINTAINING_AEROBIC,3615274803,2025-09-24T17:24:39,14.0,23.0,7.0,13.0,2025-09-24T22:00:00.0,200,25380,0,1,1758666553000,1758691933000,1758673753000,1758699133000,0,4380,17340,3660,0,1,0,1,15.0,8.0,18.0,0,18.0,ADULT,52.0,POSITIVE_CONTINUOUS,NONE,RHYTHM_POS_FAIR_OR_POOR_SLEEP_EXCELLENT_TIMING,FAIR,28800.0,28800.0,FAIR,0.0,15.0,EXCELLENT,0.0,1.0,79,FAIR,14,FAIR,21.0,31.0,5329.8,7867.8,EXCELLENT,0.0,5.0,68,FAIR,30.0,64.0,7614.0,16243.2,17,GOOD,16.0,33.0,4060.8,8375.4,2,3615274803,2025-09-23T05:56:13,480,520,INCREASED,NO_CHANGE,INCREASING,INCREASING,NO_CHANGE,1,1340,1400,1,3615274803,2025-09-24T17:24:39,480,510,INCREASED,NO_CHANGE,INCREASING,INCREASING,NO_CHANGE,1,1350,1400,1,73,49,7.05,73,289,61,,79,77,89,116,UNBALANCED,HRV_UNBALANCED_11,2025-09-24T06:32:11.595,89,7,3615274803,RUNNING,GENERIC,RUNNING,3,PRODUCTIVE_5,0,33,OPTIMAL,FEEDBACK_2,283,474.0,252.8,316,0.8,1,PRODUCTIVE_5,129031336,55.7,56.0,0,0,0,0,0,,50,0,0,0,2025-09-24T19:24:39.0,3615274803,MODERATE,MOD_HRV_UNBALANCED,LISTEN_TO_YOUR_BODY,51,79,68,MODERATE,932,75,GOOD,95,GOOD,283,71,GOOD,62,MODERATE,77,61,MODERATE,1,AFTER_POST_EXERCISE_RESET,1,REACHED_ZERO,51,25,18.0,18.0,18.0,2.0,3,19.62414995709126,2,0,6,49,0,137.6,0,6,24.1,20.7,3.4,18.0,1,0,2025-09-24T00:00:00.0,932,51,MODERATE,LISTEN_TO_YOUR_BODY,79,61,62,77,71,283,95,7,UNBALANCED,77,31.9,12.6,15.1,-2.5,72,79,121,0.21980286,79,121,0.21980286,28.0,Nat. piscine,lap_swimming,20489410303,,,,,,,,,,,,,,,,,,,,,,,,,,,,,,,,,,,,,,,,,,,,,,,,,,,,,,,,,,,,,,,,,,,,,,,,
2025-09-25,2265.0,109.0,2156.0,2265.0,5937,4835,4835,109.0,109.0,2,private,5300,2025-09-24T22:00:00.0,2025-09-25T00:00:00.0,2025-09-25T22:00:00.0,2025-09-26T00:00:00.0,86400000,1419,1096,59525,24360,1,0,0,0,0,0,21.336,33.588,7.0,11.01969,150,10,46,109,51,50,36,90,41520,27960,6000,10860,86340,24180,13740,3600,48.09,32.38,6.95,12.58,28.01,15.91,4.17,STRESSFUL,51660,23820,46,108,58,56,70,14,16,56,70,3.0,55.0,2025-09-25T21:38:28,MODERATE,SLEEP_PREPARATION_STRESSFUL_AND_INACTIVE,SLEEP_PREPARATION_STRESSFUL_AND_INACTIVE,2025-09-25T00:24:43,HIGH,SLEEP_TIME_PASSED_STRESSFUL_AND_INTENSIVE_EXERCISE,SLEEP,2025-09-24T22:39:39,7200000,24360000,56,NONE,NONE,3615274803,2025-09-25T06:26:13,,,,,,,,,,14.0,23.0,7.0,17.0,2025-09-25T21:59:00.0,200,24180,0,1,1758753579000,1758777939000,1758760779000,1758785139000,0,4740,16080,3360,180,1,0,1,15.0,8.0,19.0,0,17.0,ADULT,54.0,POSITIVE_DEEP,POSITIVE_LATE_BED_TIME,RHYTHM_POS_FAIR_OR_POOR_SLEEP_EXCELLENT_TIMING,FAIR,28800.0,28800.0,FAIR,0.0,15.0,EXCELLENT,0.0,1.0,78,FAIR,14,FAIR,21.0,31.0,5077.8,7495.8,EXCELLENT,0.0,5.0,67,FAIR,30.0,64.0,7254.0,15475.2,20,EXCELLENT,16.0,33.0,3868.8,7979.4,2,3615274803,2025-09-24T17:24:39,480,510,INCREASED,NO_CHANGE,INCREASING,INCREASING,NO_CHANGE,1,1350,1400,1,3615274803,2025-09-25T06:26:13,480,520,INCREASED,NO_CHANGE,INCREASING,INCREASING,NO_CHANGE,1,1340,1400,1,56,51,6.72,79,268,56,3,78,76,76,111,UNBALANCED,HRV_UNBALANCED_12,2025-09-25T06:26:27.113,76,4,3615274803,RUNNING,GENERIC,RUNNING,2,MAINTAINING_3,0,29,LOW,FEEDBACK_1,229,456.0,243.20000000000002,304,0.7,1,MAINTAINING_3,129031336,55.7,56.0,0,0,0,0,0,,48,0,0,0,2025-09-25T08:26:13.0,3615274803,MODERATE,MOD_HRV_UNBALANCED,LISTEN_TO_YOUR_BODY,60,78,67,MODERATE,151,96,GOOD,100,VERY_GOOD,229,70,GOOD,55,MODERATE,76,66,MODERATE,1,AFTER_WAKEUP_RESET,1,NO_CHANGE_SLEEP,60,25,18.0,18.0,18.0,2.0,3,19.62414995709126,2,0,6,49,0,126.1,0,6,24.1,20.7,3.4,18.0,1,0,2025-09-25T00:00:00.0,151,60,MODERATE,LISTEN_TO_YOUR_BODY,78,66,55,76,70,229,100,4,UNBALANCED,76,0.0,12.3,12.9,-0.7,72,80,120,0.19059753,80,120,0.19059753,,,,,,,,,,,,,,,,,,,,,,,,,,,,,,,,,,,,,,,,,,,,,,,,,,,,,,,,,,,,,,,,,,,,,,,,,,,,
2025-09-26,2242.0,86.0,2156.0,2242.0,5934,4852,4852,86.0,86.0,2,private,5430,2025-09-25T22:00:00.0,2025-09-26T00:00:00.0,2025-09-26T22:00:00.0,2025-09-27T00:00:00.0,86400000,1332,1025,59203,24840,1,0,0,0,0,0,48.768,44.703,16.0,14.66634,150,10,45,94,48,50,27,92,35580,37980,6420,6420,86400,27120,7560,900,41.18,43.96,7.43,7.43,31.39,8.75,1.04,BALANCED,55140,24840,47,93,78,67,94,16,27,64,94,3.0,43.0,2025-09-26T19:00:14,HIGH,SLEEP_PREPARATION_BALANCED_AND_INACTIVE,SLEEP_PREPARATION_BALANCED_AND_INACTIVE,2025-09-25T23:14:32,HIGH,SLEEP_TIME_PASSED_STRESSFUL_AND_INACTIVE,SLEEP,2025-09-25T23:58:13,7200000,24840000,64,NONE,NONE,3615274803,2025-09-26T08:01:13,,,,,,,,,,13.0,21.0,6.0,10.0,2025-09-26T22:00:00.0,200,24420,0,1,1758844693000,1758869533000,1758851893000,1758876733000,0,720,17160,6540,420,1,0,1,14.0,6.0,19.0,1,19.0,ADULT,53.0,NEGATIVE_LIGHT,NONE,STRESS_NEG_GOOD_OR_WORSE_SLEEP_STRESSFUL_DAY,FAIR,28800.0,28800.0,FAIR,0.0,15.0,EXCELLENT,0.0,1.0,66,FAIR,27,EXCELLENT,21.0,31.0,5128.2,7570.2,GOOD,0.0,5.0,70,FAIR,30.0,64.0,7326.0,15628.8,3,POOR,16.0,33.0,3907.2,8058.6,2,3615274803,2025-09-25T06:26:13,480,520,INCREASED,NO_CHANGE,INCREASING,INCREASING,NO_CHANGE,1,1340,1400,1,3615274803,2025-09-26T08:01:13,480,520,INCREASED,NO_CHANGE,INCREASING,NO_CHANGE,NO_CHANGE,1,1340,1400,1,64,48,6.78,12,286,109,7,66,80,90,144,BALANCED,HRV_BALANCED_4,2025-09-26T08:02:18.382,90,5,3615274803,RUNNING,GENERIC,RUNNING,2,RECOVERY_2,0,25,LOW,FEEDBACK_1,189,438.0,233.60000000000002,292,0.6,1,RECOVERY_2,129031336,55.7,56.0,0,0,0,0,0,,47,0,0,0,2025-09-26T10:01:13.0,3615274803,MODERATE,MOD_RT_LOW_SS_MOD,GOOD_SLEEP_HISTORY,54,66,49,MODERATE,1,99,GOOD,100,VERY_GOOD,189,67,MODERATE,73,GOOD,80,67,MODERATE,1,AFTER_WAKEUP_RESET,1,NO_CHANGE_SLEEP,54,25,18.0,18.0,18.0,2.0,3,19.62414995709126,2,0,6,49,0,126.1,0,6,24.1,20.7,3.4,18.0,1,0,2025-09-26T00:00:00.0,1,54,MODERATE,GOOD_SLEEP_HISTORY,66,67,73,80,67,189,100,5,BALANCED,80,0.0,12.0,11.1,0.9,71,79,120,0.26219177,79,120,0.26219177,,,,,,,,,,,,,,,,,,,,,,,,,,,,,,,,,,,,,,,,,,,,,,,,,,,,,,,,,,,,,,,,,,,,,,,,,,,,
2025-09-27,2234.0,78.0,2156.0,2234.0,4261,3529,3529,78.0,78.0,2,private,5530,2025-09-26T22:00:00.0,2025-09-27T00:00:00.0,2025-09-27T22:00:00.0,2025-09-28T00:00:00.0,86400000,981,838,65261,19320,1,0,0,0,0,0,34.319,41.353,11.25951,13.56726,150,10,42,114,48,50,41,90,46380,27720,5160,7080,86340,15540,23760,7080,53.72,32.11,5.98,8.2,18.0,27.52,8.2,STRESSFUL,59940,19320,44,108,62,81,83,8,8,59,83,3.0,46.0,2025-09-27T19:00:13,LOW,SLEEP_PREPARATION_STRESSFUL_AND_INACTIVE,SLEEP_PREPARATION_STRESSFUL_AND_INACTIVE_AND_BB_LOW,2025-09-27T01:06:54,HIGH,SLEEP_TIME_PASSED_BALANCED_AND_INACTIVE,SLEEP,2025-09-27T01:03:13,7200000,19320000,59,NONE,NONE,3615274803,2025-09-27T06:32:08,STRESS,2025-09-27T11:04:23,7200000,4200000,-10,STRESS,STRESSFUL_PERIOD,3615274803,2025-09-27T12:17:51,14.0,23.0,7.0,18.0,2025-09-27T22:00:00.0,200,19260,0,1,1758934993000,1758954313000,1758942193000,1758961513000,0,5160,10080,4020,60,1,0,1,15.0,9.0,19.0,0,13.0,ADULT,51.0,POSITIVE_SHORT_BUT_DEEP,POSITIVE_LATE_BED_TIME,GENERAL_POS_FAIR_OR_POOR_SLEEP,POOR,28800.0,28800.0,EXCELLENT,0.0,15.0,EXCELLENT,0.0,1.0,70,FAIR,21,GOOD,21.0,31.0,4044.6,5970.6,EXCELLENT,0.0,5.0,52,EXCELLENT,30.0,64.0,5778.0,12326.4,27,EXCELLENT,16.0,33.0,3081.6,6355.8,2,3615274803,2025-09-26T08:01:13,480,520,INCREASED,NO_CHANGE,INCREASING,NO_CHANGE,NO_CHANGE,1,1340,1400,1,3615274803,2025-09-27T06:32:08,480,540,HIGHLY_INCREASED,NO_CHANGE,INCREASING,NO_CHANGE,NO_CHANGE,1,1330,1410,1,59,48,5.35,86,168,67,1,70,81,95,135,BALANCED,HRV_BALANCED_7,2025-09-27T06:32:35.185,95,5,3615274803,RUNNING,GENERIC,RUNNING,2,RECOVERY_2,0,20,LOW,FEEDBACK_1,148,420.0,224.0,280,0.5,1,RECOVERY_2,129031336,55.7,56.0,0,0,0,0,0,,31,0,0,0,2025-09-27T08:32:08.0,3615274803,MODERATE,MOD_RT_LOW_SS_MOD,GOOD_SLEEP_HISTORY,59,70,55,MODERATE,1,99,GOOD,100,VERY_GOOD,148,72,GOOD,77,GOOD,81,55,MODERATE,1,AFTER_WAKEUP_RESET,1,NO_CHANGE_SLEEP,59,25,18.0,18.0,18.0,2.0,3,19.62414995709126,2,0,6,49,0,126.1,0,6,24.1,20.7,3.4,18.0,1,0,2025-09-27T00:00:00.0,1,59,MODERATE,GOOD_SLEEP_HISTORY,70,55,77,81,72,148,100,5,BALANCED,81,0.0,11.7,9.5,2.2,71,79,119,0.2749939,79,119,0.2749939,,,,,,,,,,,,,,,,,,,,,,,,,,,,,,,,,,,,,,,,,,,,,,,,,,,,,,,,,,,,,,,,,,,,,,,,,,,,
2025-09-28,2192.0,36.0,2156.0,2192.0,2874,2344,2344,36.0,36.0,2,private,5410,2025-09-27T22:00:00.0,2025-09-28T00:00:00.0,2025-09-28T22:00:00.0,2025-09-29T00:00:00.0,86400000,670,364,54886,30480,1,0,0,0,0,0,13.881,10.195,4.55413,3.34482,150,10,47,101,48,49,36,92,45300,32100,3960,5040,86400,24900,17520,2880,52.43,37.15,4.58,5.83,28.82,20.28,3.33,STRESSFUL,51000,30360,47,99,64,54,72,8,18,63,71,3.0,45.0,2025-09-28T21:30:52,MODERATE,SLEEP_PREPARATION_STRESSFUL_AND_INACTIVE,SLEEP_PREPARATION_STRESSFUL_AND_INACTIVE,2025-09-28T00:53:29,HIGH,SLEEP_TIME_PASSED_STRESSFUL_AND_INACTIVE,SLEEP,2025-09-27T22:31:08,7200000,30480000,62,NONE,NONE,3615274803,2025-09-28T07:20:58,,,,,,,,,,15.0,23.0,7.0,16.0,2025-09-28T22:00:00.0,200,30180,0,1,1759012268000,1759042748000,1759019468000,1759049948000,0,6900,17640,5640,300,1,0,1,15.0,9.0,19.0,0,25.0,ADULT,54.0,POSITIVE_LONG_AND_DEEP,NONE,RHYTHM_POS_GOOD_SLEEP_EXCELLENT_TIMING,EXCELLENT,28800.0,28800.0,FAIR,0.0,15.0,EXCELLENT,0.0,1.0,81,GOOD,19,FAIR,21.0,31.0,6337.8,9355.8,EXCELLENT,0.0,5.0,58,EXCELLENT,30.0,64.0,9054.0,19315.2,23,EXCELLENT,16.0,33.0,4828.8,9959.4,2,3615274803,2025-09-27T06:32:08,480,540,HIGHLY_INCREASED,NO_CHANGE,INCREASING,NO_CHANGE,NO_CHANGE,1,1330,1410,1,3615274803,2025-09-28T07:20:58,480,480,NO_CHANGE_NO_ADJUSTMENTS,NO_CHANGE,NO_CHANGE,NO_CHANGE,NO_CHANGE,0,1390,1410,1,62,48,8.38,115,294,94,5,81,82,70,104,BALANCED,HRV_BALANCED_3,2025-09-28T07:21:12.223,70,5,3615274803,RUNNING,GENERIC,RUNNING,2,RECOVERY_2,0,16,LOW,FEEDBACK_1,107,400.5,213.60000000000002,267,0.4,1,RECOVERY_2,129031336,55.7,56.0,0,0,0,0,0,,42,0,0,0,2025-09-28T09:20:58.0,3615274803,HIGH,HIGH_RT_HIGHEST_SS_AVAILABLE,WELL_RECOVERED,75,81,72,GOOD,1,99,GOOD,100,VERY_GOOD,107,62,MODERATE,84,GOOD,82,52,MODERATE,1,AFTER_WAKEUP_RESET,1,NO_CHANGE_SLEEP,75,25,18.892017843568983,18.0,18.0,1.8,3,19.62414995709126,2,0,6,49,0,119.1,0,6,24.1,20.7,3.4,18.0,1,0,2025-09-28T00:00:00.0,1,75,HIGH,WELL_RECOVERED,81,52,84,82,62,107,100,5,BALANCED,82,0.0,11.4,8.1,3.3,70,78,119,0.2987671,78,119,0.2987671,,,,,,,,,,,,,,,,,,,,,,,,,,,,,,,,,,,,,,,,,,,,,,,,,,,,,,,,,,,,,,,,,,,,,,,,,,,,
2025-09-29,2258.0,102.0,2156.0,2258.0,4359,3561,3561,102.0,102.0,2,private,4910,2025-09-28T22:00:00.0,2025-09-29T00:00:00.0,2025-09-29T22:00:00.0,2025-09-30T00:00:00.0,86400000,875,1071,57034,27420,1,0,0,0,0,0,25.301,33.25,8.30085,10.90879,150,10,44,111,49,49,44,93,47880,27960,5100,5460,86400,16140,17640,14100,55.42,32.36,5.9,6.32,18.68,20.42,16.32,STRESSFUL,53580,27360,48,109,63,70,76,6,11,57,76,3.0,45.0,2025-09-29T19:46:45,LOW,SLEEP_PREPARATION_STRESSFUL_AND_INACTIVE,SLEEP_PREPARATION_STRESSFUL_AND_INACTIVE_AND_BB_LOW,2025-09-29T01:51:46,HIGH,SLEEP_TIME_PASSED_STRESSFUL_AND_INACTIVE,SLEEP,2025-09-28T22:59:58,7200000,23220000,57,NONE,NONE,3615274803,2025-09-29T05:27:00,STRESS,2025-09-29T10:35:40,7200000,6000000,-13,STRESS,STRESSFUL_PERIOD,3615274803,2025-09-29T12:21:08,14.0,22.0,8.0,20.0,2025-09-29T22:00:00.0,200,23100,0,1,1759100398000,1759123618000,1759107598000,1759130818000,0,5280,14280,3540,120,1,0,1,15.0,9.0,18.0,0,16.0,ADULT,55.0,POSITIVE_DEEP,NONE,RHYTHM_POS_FAIR_OR_POOR_SLEEP_GOOD_TIMING,FAIR,28800.0,28800.0,GOOD,0.0,15.0,EXCELLENT,0.0,1.0,76,FAIR,15,FAIR,21.0,31.0,4851.0,7161.0,EXCELLENT,0.0,5.0,62,GOOD,30.0,64.0,6930.0,14784.0,23,EXCELLENT,16.0,33.0,3696.0,7623.0,2,3615274803,2025-09-28T07:20:58,480,480,NO_CHANGE_NO_ADJUSTMENTS,NO_CHANGE,NO_CHANGE,NO_CHANGE,NO_CHANGE,0,1390,1410,1,3615274803,2025-09-29T05:27:00,480,500,INCREASED,NO_CHANGE,INCREASING,NO_CHANGE,NO_CHANGE,1,1370,1410,1,57,49,6.42,88,238,59,2,76,82,82,116,BALANCED,HRV_BALANCED_5,2025-09-29T05:27:35.386,82,5,3615274803,RUNNING,GENERIC,RUNNING,2,RECOVERY_2,0,8,LOW,FEEDBACK_1,71,381.0,203.20000000000002,254,0.2,1,RECOVERY_2,129031336,55.7,56.0,0,0,0,0,0,,38,0,0,0,2025-09-29T07:27:00.0,3615274803,HIGH,HIGH_RT_HIGHEST_SS_AVAILABLE_ACWR_POS,EXCELLENT_RECOVERY,82,76,64,MODERATE,1,99,GOOD,100,VERY_GOOD,71,60,MODERATE,84,GOOD,82,66,MODERATE,1,AFTER_WAKEUP_RESET,1,NO_CHANGE_SLEEP,82,25,18.892017843568983,18.0,18.0,1.8,3,19.62414995709126,2,0,6,49,0,119.1,0,6,24.1,20.7,3.4,18.0,1,0,2025-09-28T00:00:00.0,1,82,HIGH,EXCELLENT_RECOVERY,76,66,84,82,60,71,100,5,BALANCED,82,0.0,11.1,7.0,4.2,70,78,119,0.2987671,78,119,0.2987671,,,,,,,,,,,,,,,,,,,,,,,,,,,,,,,,,,,,,,,,,,,,,,,,,,,,,,,,,,,,,,,,,,,,,,,,,,,,
2025-09-30,2305.0,149.0,2156.0,2305.0,5424,4417,4417,149.0,149.0,2,private,4800,2025-09-29T22:00:00.0,2025-09-30T00:00:00.0,2025-09-30T22:00:00.0,2025-10-01T00:00:00.0,86400000,1227,1242,56811,27120,1,0,0,0,0,0,33.528,28.756,11.0,9.43438,150,10,45,125,51,49,40,93,33180,25740,7020,20400,86340,9780,17280,6120,38.43,29.81,8.13,23.63,11.33,20.01,7.09,STRESSFUL,39960,25980,46,120,63,64,74,10,10,68,74,3.0,48.0,2025-09-30T21:54:43,MODERATE,SLEEP_PREPARATION_STRESSFUL_AND_INACTIVE,SLEEP_PREPARATION_STRESSFUL_AND_INACTIVE,2025-09-29T23:15:24,HIGH,SLEEP_TIME_PASSED_STRESSFUL_AND_INACTIVE,SLEEP,2025-09-29T20:50:00,7200000,31320000,68,NONE,NONE,3615274803,2025-09-30T05:32:31,,,,,,,,,,13.0,23.0,7.0,10.0,2025-09-30T21:05:00.0,200,28080,0,1,1759179000000,1759210320000,1759186200000,1759217520000,0,4980,19620,3480,3240,1,0,1,16.0,9.0,20.0,2,16.0,ADULT,55.0,POSITIVE_LONG_AND_DEEP,NONE,GENERAL_POS_FAIR_OR_POOR_SLEEP,EXCELLENT,28800.0,28800.0,FAIR,0.0,15.0,FAIR,0.0,1.0,76,FAIR,12,FAIR,21.0,31.0,5896.8,8704.8,FAIR,0.0,5.0,70,FAIR,30.0,64.0,8424.0,17971.2,18,GOOD,16.0,33.0,4492.8,9266.4,2,3615274803,2025-09-29T05:27:00,480,500,INCREASED,NO_CHANGE,INCREASING,NO_CHANGE,NO_CHANGE,1,1370,1410,1,3615274803,2025-09-30T05:32:31,480,480,NO_CHANGE_NO_ADJUSTMENTS,NO_CHANGE,NO_CHANGE,NO_CHANGE,NO_CHANGE,0,1390,1410,1,68,51,7.8,83,327,58,54,76,83,82,126,BALANCED,HRV_BALANCED_6,2025-09-30T05:33:05.237,82,5,3615274803,RUNNING,GENERIC,RUNNING,2,RECOVERY_2,0,4,LOW,FEEDBACK_1,36,361.5,192.8,241,0.1,1,RECOVERY_2,129031336,55.7,56.0,0,0,0,0,0,,41,0,0,0,2025-09-30T07:32:31.0,3615274803,HIGH,HIGH_RT_HIGHEST_SS_AVAILABLE_ACWR_POS,EXCELLENT_RECOVERY,81,76,64,MODERATE,1,99,GOOD,100,VERY_GOOD,36,48,MODERATE,88,GOOD,83,66,MODERATE,1,AFTER_WAKEUP_RESET,1,NO_CHANGE_SLEEP,81,25,18.892017843568983,18.0,18.0,1.8,3,19.62414995709126,2,0,6,49,0,119.1,0,6,24.1,20.7,3.4,18.0,1,0,2025-09-28T00:00:00.0,1,81,HIGH,EXCELLENT_RECOVERY,76,66,88,83,48,36,100,5,BALANCED,83,0.0,10.9,6.0,4.9,70,78,118,0.3125,78,118,0.3125,,,,,,,,,,,,,,,,,,,,,,,,,,,,,,,,,,,,,,,,,,,,,,,,,,,,,,,,,,,,,,,,,,,,,,,,,,,,
2025-10-01,2359.0,203.0,2156.0,2359.0,8367,6861,6861,203.0,203.0,2,private,4870,2025-09-30T22:00:00.0,2025-10-01T00:00:00.0,2025-10-01T22:00:00.0,2025-10-02T00:00:00.0,86400000,1026,2680,82694,0,1,0,0,0,0,0,35.755,27.271,11.73064,8.94718,150,10,56,103,53,50,53,91,40740,2820,7140,35700,86400,15600,21900,3240,47.15,3.26,8.26,41.32,18.06,25.35,3.75,STRESSFUL_AWAKE,50700,0,57,100,0,70,85,15,15,,,3.0,48.0,2025-10-01T19:00:11,MODERATE,SLEEP_PREPARATION_STRESSFUL_AND_INACTIVE,SLEEP_PREPARATION_STRESSFUL_AND_INACTIVE,2025-10-01T00:31:48,HIGH,SLEEP_TIME_PASSED_NOT_STRESS_DATA_AND_INACTIVE,,,,,,,,,,,,,,,,,,,13.0,23.0,7.0,19.0,2025-10-01T22:00:00.0,200,,,,,,,,,,,,,0,0,,,,,,,,,,,,,,,,,,,,,,,,,,,,,,,,,,,,,,,,,,,,,3615274803,2025-09-30T05:32:31,480,480,NO_CHANGE_NO_ADJUSTMENTS,NO_CHANGE,NO_CHANGE,NO_CHANGE,NO_CHANGE,0,1390,1410,1,3615274803,2025-10-01T05:36:13,480,480,NO_CHANGE_NO_ADJUSTMENTS,NO_CHANGE,NO_DATA,NO_DATA,NO_CHANGE,0,1400,1420,1,,,,,,,,,82,,,BALANCED,HRV_BALANCED_7,2025-10-01T05:36:38.413,,1,3615274803,RUNNING,GENERIC,RUNNING,2,DETRAINING,0,4,LOW,FEEDBACK_1,27,334.5,178.4,223,0.1,1,DETRAINING,129031336,55.7,56.0,0,0,0,0,0,,42,0,0,0,2025-10-01T07:36:13.0,3615274803,HIGH,HIGH_RT_AVAILABLE_SS_UNKNOWN,WELL_RECOVERED,79,,0,NONE,1,99,GOOD,100,VERY_GOOD,27,48,MODERATE,84,GOOD,82,64,MODERATE,0,AFTER_WAKEUP_RESET,1,,79,25,18.892017843568983,18.0,18.892017843568983,1.8,3,19.62414995709126,2,0,6,49,0,118.8,0,6,24.1,20.7,3.4,18.0,1,0,2025-10-01T00:00:00.0,1,79,HIGH,WELL_RECOVERED,,64,84,82,48,27,100,1,BALANCED,82,0.0,10.6,5.1,5.5,70,78,118,0.2999878,78,118,0.2999878,,,,,,,,,,,,,,,,,,,,,,,,,,,,,,,,,,,,,,,,,,,,,,,,,,,,,,,,,,,,,,,,,,,,,,,,,,,,
2025-10-02,2258.0,102.0,2156.0,2258.0,5052,4114,4114,102.0,102.0,2,private,5570,2025-10-01T22:00:00.0,2025-10-02T00:00:00.0,2025-10-02T22:00:00.0,2025-10-03T00:00:00.0,86400000,718,1473,56609,27600,1,0,0,0,0,0,35.723,34.874,11.72014,11.4416,150,10,47,110,51,50,36,94,35700,33840,5640,11220,86400,12960,16380,6360,41.32,39.17,6.53,12.99,15.0,18.96,7.36,BALANCED,47580,27600,49,108,71,70,85,14,16,71,85,3.0,166.0,2025-10-02T19:00:13,MODERATE,SLEEP_PREPARATION_STRESSFUL_AND_INACTIVE,SLEEP_PREPARATION_STRESSFUL_AND_INACTIVE,2025-10-01T23:53:12,HIGH,SLEEP_TIME_PASSED_STRESSFUL_AND_INACTIVE,SLEEP,2025-10-01T22:30:13,7200000,27600000,71,NONE,NONE,3615274803,2025-10-02T07:41:13,STRESS,2025-10-02T16:57:13,7200000,4620000,-8,STRESS,STRESSFUL_PERIOD,3615274803,2025-10-02T18:17:56,14.0,23.0,7.0,11.0,2025-10-02T22:00:00.0,200,26400,0,1,1759357813000,1759385413000,1759365013000,1759392613000,0,5880,17040,3480,1200,1,0,1,15.0,10.0,19.0,1,21.0,ADULT,55.0,POSITIVE_LONG_AND_DEEP,NONE,GENERAL_POS_FAIR_OR_POOR_SLEEP,GOOD,28800.0,28800.0,FAIR,0.0,15.0,GOOD,0.0,1.0,77,FAIR,13,FAIR,21.0,31.0,5544.0,8184.0,GOOD,0.0,5.0,65,FAIR,30.0,64.0,7920.0,16896.0,22,EXCELLENT,16.0,33.0,4224.0,8712.0,2,3615274803,2025-10-01T05:36:13,480,480,NO_CHANGE_NO_ADJUSTMENTS,NO_CHANGE,NO_DATA,NO_DATA,NO_CHANGE,0,1400,1420,1,3615274803,2025-10-02T07:41:13,480,480,NO_CHANGE_NO_ADJUSTMENTS,NO_CHANGE,NO_CHANGE,NO_CHANGE,NO_CHANGE,0,1400,1420,1,71,51,7.33,98,284,58,20,77,83,79,107,BALANCED,HRV_BALANCED_8,2025-10-02T07:41:28.805,79,1,3615274803,RUNNING,GENERIC,RUNNING,2,DETRAINING,0,0,LOW,FEEDBACK_1,18,328.5,175.20000000000002,219,0.0,1,DETRAINING,129031336,55.7,56.0,0,0,0,0,0,,1361,0,0,0,2025-10-02T09:41:13.0,3615274803,HIGH,HIGH_RT_HIGHEST_SS_AVAILABLE_ACWR_POS,EXCELLENT_RECOVERY,82,77,65,MODERATE,1,99,GOOD,100,VERY_GOOD,18,50,MODERATE,88,GOOD,83,64,MODERATE,1,AFTER_WAKEUP_RESET,1,NO_CHANGE_SLEEP,82,25,18.892017843568983,18.0,18.892017843568983,1.8,3,19.62414995709126,2,0,6,49,0,118.8,0,6,24.1,20.7,3.4,18.0,1,0,2025-10-01T00:00:00.0,1,82,HIGH,EXCELLENT_RECOVERY,77,64,88,83,50,18,100,1,BALANCED,83,0.0,10.4,4.4,6.0,70,78,117,0.31410217,78,117,0.31410217,,,,,,,,,,,,,,,,,,,,,,,,,,,,,,,,,,,,,,,,,,,,,,,,,,,,,,,,,,,,,,,,,,,,,,,,,,,,
2025-10-03,2060.0,84.0,1976.0,2060.0,1629,1327,1327,84.0,84.0,2,private,7500,2025-10-02T22:00:00.0,2025-10-03T00:00:00.0,2025-10-03T20:00:00.0,2025-10-04T00:00:00.0,79200000,93,710,43530,34867,1,0,0,0,0,0,2.042,2.481,0.66995,0.81398,150,10,50,115,52,50,32,99,21360,29520,2460,25800,79140,9720,8700,2940,26.99,37.3,3.11,32.6,12.28,10.99,3.71,UNKNOWN,28440,24900,51,111,68,33,72,16,35,56,72,3.0,750.0,2025-10-03T18:47:33,HIGH,SLEEP_PREPARATION_NOT_STRESS_DATA_AND_INACTIVE,SLEEP_PREPARATION_NOT_STRESS_DATA_AND_INACTIVE,2025-10-02T23:44:33,HIGH,SLEEP_TIME_PASSED_STRESSFUL_AND_INACTIVE,SLEEP,2025-10-02T22:02:13,14400000,25920000,56,NONE,NONE,3615274803,2025-10-03T05:53:53,STRESS,2025-10-03T06:49:48,14400000,4500000,-10,STRESS,STRESSFUL_PERIOD,3615274803,2025-10-03T08:08:52,16.0,21.0,8.0,18.0,2025-10-03T20:00:00.0,200,24900,0,1,1759442533000,1759468453000,1759449733000,1759475653000,0,3600,16920,4380,1020,1,0,1,14.0,8.0,21.0,1,23.0,ADULT,57.0,POSITIVE_CONTINUOUS,NONE,RHYTHM_POS_FAIR_OR_POOR_SLEEP_GOOD_TIMING,FAIR,28800.0,28800.0,FAIR,0.0,15.0,GOOD,0.0,1.0,73,FAIR,18,FAIR,21.0,31.0,5229.0,7719.0,FAIR,0.0,5.0,68,FAIR,30.0,64.0,7470.0,15936.0,14,FAIR,16.0,33.0,3984.0,8217.0,2,3615274803,2025-10-02T07:41:13,480,480,NO_CHANGE_NO_ADJUSTMENTS,NO_CHANGE,NO_CHANGE,NO_CHANGE,NO_CHANGE,0,1400,1420,1,3615274803,2025-10-03T05:53:53,480,480,NO_CHANGE_NO_ADJUSTMENTS,NO_CHANGE,NO_CHANGE,NO_CHANGE,NO_CHANGE,0,1400,1420,1,56,52,6.92,60,282,73,17,73,82,86,125,BALANCED,HRV_BALANCED_5,2025-10-03T06:16:50.281,86,1,3615274803,RUNNING,GENERIC,RUNNING,2,DETRAINING,0,0,LOW,FEEDBACK_1,9,328.5,175.20000000000002,219,0.0,1,DETRAINING,129031336,55.7,56.0,0,0,0,0,0,,0,0,0,0,2025-10-03T07:53:53.0,3615274803,HIGH,HIGH_RT_HIGHEST_SS_AVAILABLE_ACWR_POS,EXCELLENT_RECOVERY,78,73,59,MODERATE,1,99,GOOD,100,VERY_GOOD,9,52,MODERATE,84,GOOD,82,65,MODERATE,1,AFTER_WAKEUP_RESET,1,NO_CHANGE_SLEEP,78,25,18.892017843568983,18.0,18.892017843568983,1.8,3,19.62414995709126,2,0,6,49,0,118.8,0,6,24.1,20.7,3.4,18.0,1,0,2025-10-01T00:00:00.0,1,78,HIGH,EXCELLENT_RECOVERY,73,65,84,82,52,9,100,1,BALANCED,82,0.0,10.1,3.8,6.4,70,78,117,0.30126953,78,117,0.30126953,,,,,,,,,,,,,,,,,,,,,,,,,,,,,,,,,,,,,,,,,,,,,,,,,,,,,,,,,,,,,,,,,,,,,,,,,,,,
2025-10-04,3941.0,1785.0,2156.0,3941.0,24497,17394,17394,1785.0,1785.0,2,private,6330,2025-10-03T20:00:00.0,2025-10-04T00:00:00.0,2025-10-04T20:00:00.0,2025-10-05T00:00:00.0,86400000,2131,20668,36308,27293,1,1,0,0,265,13,879.708,901.603,288.61811,295.80151,150,10,46,136,53,51,39,99,20400,27060,23160,15780,86400,2700,9720,7980,23.61,31.32,26.81,18.26,3.12,11.25,9.24,BALANCED,43380,27240,48,133,50,73,86,13,13,62,85,3.0,520.0,2025-10-04T19:38:00,LOW,SLEEP_PREPARATION_NOT_STRESS_DATA_AND_EXERCISE,SLEEP_PREPARATION_NOT_STRESS_DATA_AND_EXERCISE_AND_BB_LOW,2025-10-03T22:27:30,HIGH,SLEEP_TIME_PASSED_STRESSFUL_AND_INACTIVE,SLEEP,2025-10-03T17:30:53,14400000,36240000,63,NONE,NONE,3615274803,2025-10-04T03:41:27,STRESS,2025-10-04T06:27:32,14400000,2700000,-5,STRESS,STRESSFUL_PERIOD,3615274803,2025-10-04T07:18:00,15.0,24.0,8.0,19.0,2025-10-04T20:00:00.0,200,34800,0,1,1759512653000,1759548893000,1759527053000,1759563293000,0,5160,19200,10440,1440,1,0,1,16.0,10.0,20.0,1,17.0,ADULT,58.0,POSITIVE_LONG_AND_REFRESHING,NONE,GENERAL_POS_EXCELLENT_OR_GOOD_SLEEP,EXCELLENT,28800.0,28800.0,FAIR,0.0,15.0,GOOD,0.0,1.0,85,GOOD,30,GOOD,21.0,31.0,7308.0,10788.0,FAIR,0.0,5.0,55,EXCELLENT,30.0,64.0,10440.0,22272.0,15,FAIR,16.0,33.0,5568.0,11484.0,2,3615274803,2025-10-03T05:53:53,480,480,NO_CHANGE_NO_ADJUSTMENTS,NO_CHANGE,NO_CHANGE,NO_CHANGE,NO_CHANGE,0,1400,1420,1,3615274803,2025-10-04T14:58:59,480,450,DECREASED,NO_CHANGE,DECREASING,INCREASING,NO_CHANGE,1,1400,1420,1,63,53,9.67,86,320,174,24,85,78,70,104,UNBALANCED,HRV_UNBALANCED_12,2025-10-04T03:41:41.870,70,5,3615274803,RUNNING,GENERIC,RUNNING,2,RECOVERY_2,0,8,LOW,FEEDBACK_1,47,328.5,175.20000000000002,219,0.2,1,RECOVERY_2,129031336,55.7,56.0,0,0,0,0,0,,299,0,0,0,2025-10-04T18:58:58.0,3615274803,MODERATE,MOD_HRV_UNBALANCED,LISTEN_TO_YOUR_BODY,70,85,80,GOOD,1020,73,GOOD,100,VERY_GOOD,47,45,MODERATE,69,MODERATE,78,61,MODERATE,1,AFTER_POST_EXERCISE_RESET,1,REACHED_ZERO,70,25,18.892017843568983,18.0,18.892017843568983,1.6,3,19.62414995709126,2,0,6,49,0,107.5,0,6,24.1,20.7,3.4,18.0,1,0,2025-10-04T00:00:00.0,1020,70,MODERATE,LISTEN_TO_YOUR_BODY,85,61,69,78,45,47,100,5,UNBALANCED,78,135.6,13.1,22.6,-9.5,71,79,117,0.24752808,79,117,0.24752808,602.0,,,,ACTIVITY,2025-10-04T07:47:47,14400000,25800000,-24,EXERCISE_TRAINING_EFFECT_2,MAINTAINING_AEROBIC_BASE,3615274803,2025-10-04T14:58:58,,,,,,,,,,,,,,,,,,,,,,,,,,,,,,,,,Le Tampon Randonnée,hiking,20591298943,,,,,,,,,,,,,,,,,,,,,,,,,,,,
2025-10-05,2156.0,0.0,2156.0,2156.0,8,7,7,0.0,0.0,2,private,8150,2025-10-04T20:00:00.0,2025-10-05T00:00:00.0,2025-10-05T20:00:00.0,2025-10-06T00:00:00.0,86400000,1,0,59372,27027,1,0,0,0,0,0,0.0,0.0,0.0,0.0,150,10,53,81,56,52,24,73,11040,19080,120,56160,86400,10620,420,,12.78,22.08,0.14,65.0,12.29,0.49,0.0,UNKNOWN,3240,27000,54,81,35,0,48,11,11,34,47,3.0,327.0,2025-10-05T17:00:10,LOW,NO_DATA,NO_DATA,2025-10-05T01:02:18,HIGH,SLEEP_TIME_PASSED_STRESSFUL_AND_INACTIVE,SLEEP,2025-10-04T20:30:58,14400000,27000000,34,NONE,NONE,3615274803,2025-10-05T04:01:25,,,,,,,,,,16.0,21.0,10.0,19.0,2025-10-05T18:04:00.0,200,22527,0,1,1759609858000,1759636885000,1759624258000,1759651285000,0,4140,17520,900,4500,1,0,1,16.0,10.0,21.0,4,23.0,ADULT,61.0,NEGATIVE_POOR_STRUCTURE,NEGATIVE_LATE_BED_TIME,STRESS_NEG_POOR_SLEEP_STRESSFUL_EVENING,FAIR,28800.0,28800.0,FAIR,0.0,15.0,POOR,0.0,1.0,49,POOR,4,POOR,21.0,31.0,4730.67,6983.37,POOR,0.0,5.0,78,FAIR,30.0,64.0,6758.1,14417.28,18,EXCELLENT,16.0,33.0,3604.32,7433.91,2,3615274803,2025-10-04T14:58:59,480,450,DECREASED,NO_CHANGE,DECREASING,INCREASING,NO_CHANGE,1,1400,1420,1,3615274803,2025-10-05T04:01:25,480,530,HIGHLY_INCREASED,NO_CHANGE,INCREASING,INCREASING,NO_CHANGE,1,1350,1420,1,34,56,6.26,69,292,15,75,49,76,60,94,UNBALANCED,HRV_UNBALANCED_12,2025-10-05T04:01:54.250,60,5,3615274803,,,NONE,0,RECOVERY_1,0,4,LOW,FEEDBACK_1,43,328.5,175.20000000000002,219,0.1,1,RECOVERY_1,129031336,55.7,56.0,0,0,0,0,0,,332,0,0,0,2025-10-05T08:01:25.0,3615274803,LOW,LOW_HRV_UNBALANCED,LISTEN_TO_YOUR_BODY,40,49,34,POOR,431,88,GOOD,100,VERY_GOOD,43,28,POOR,62,MODERATE,76,72,GOOD,1,AFTER_WAKEUP_RESET,1,POOR_SLEEP_RT_LOW,40,25,18.892017843568983,18.0,18.892017843568983,1.6,3,19.62414995709126,2,0,6,49,0,107.5,0,6,24.1,20.7,3.4,18.0,1,0,2025-10-05T00:00:00.0,431,40,LOW,LISTEN_TO_YOUR_BODY,49,72,62,76,28,43,100,5,UNBALANCED,76,0.0,12.8,19.4,-6.6,70,78,116,0.22064209,78,116,0.22064209,,,,,,,,,,,,,,,,,,,,,,,,,,,,,,,,,,,,,,,,,,,,,,,,,,,,,,,,,,,,,,,,,,,,,,,,,,,,
2025-10-06,3941.0,1785.0,2156.0,3941.0,43336,31041,31041,1785.0,1785.0,2,private,8150,2025-10-05T20:00:00.0,2025-10-06T00:00:00.0,2025-10-06T20:00:00.0,2025-10-07T00:00:00.0,86400000,2311,27970,49564,6555,1,1,0,0,222,12,713.232,723.533,234.0,237.37959,150,10,49,148,52,53,31,98,10860,10560,29760,35160,86340,6060,4200,600,12.58,12.23,34.47,40.72,7.02,4.86,0.69,BALANCED_AWAKE,51180,0,50,144,26,59,72,13,39,,,3.0,500.0,2025-10-06T18:50:01,HIGH,SLEEP_PREPARATION_NOT_STRESS_DATA_AND_EXERCISE,SLEEP_PREPARATION_NOT_STRESS_DATA_AND_EXERCISE,,,,ACTIVITY,2025-10-06T02:54:07,14400000,35520000,-36,EXERCISE_TRAINING_EFFECT_BELOW_2,EASY_AEROBIC_BASE,3615274803,2025-10-06T12:46:45,,,,,,,,,,15.0,23.0,8.0,17.0,2025-10-06T20:00:00.0,200,,,,,,,,,,,,,0,0,,,,,,,,,,,,,,,,,,,,,,,,,,,,,,,,,,,,,,,,,,,,,3615274803,2025-10-05T04:01:25,480,530,HIGHLY_INCREASED,NO_CHANGE,INCREASING,INCREASING,NO_CHANGE,1,1350,1420,1,3615274803,2025-10-06T12:46:45,480,480,NO_CHANGE_NO_ADJUSTMENTS,NO_CHANGE,NO_DATA,NO_DATA,NO_CHANGE,0,1400,1420,1,,,,,,,,,75,,,UNBALANCED,HRV_UNBALANCED_12,2025-10-06T00:57:12.119,,5,3615274803,,,NONE,0,RECOVERY_1,0,8,LOW,FEEDBACK_1,62,328.5,175.20000000000002,219,0.2,1,RECOVERY_1,129031336,55.7,56.0,0,0,0,0,0,,297,0,0,0,2025-10-06T21:55:12.0,3615274803,MODERATE,MOD_HRV_UNBALANCED,LISTEN_TO_YOUR_BODY,50,,0,NONE,221,94,GOOD,100,VERY_GOOD,62,28,POOR,58,MODERATE,75,41,MODERATE,0,UPDATE_REALTIME_VARIABLES,1,,50,25,18.892017843568983,18.0,18.892017843568983,1.6,3,19.62414995709126,2,0,6,49,0,109.5,0,6,24.1,20.7,3.4,18.0,1,0,2025-10-06T00:00:00.0,221,50,MODERATE,LISTEN_TO_YOUR_BODY,,41,58,75,28,62,100,5,UNBALANCED,75,124.5,15.5,34.4,-18.9,71,78,116,0.20059204,78,116,0.20059204,818.0,,,,,,,,,,,,,,,,,,,,,,,,,,,,,,,,,,,,,,,,,,,,,,,,Saint-Paul Randonnée,hiking,20607064938,,,,,,,,,,,,,,,,,,,,,,,,,
2025-10-07,2177.0,21.0,2156.0,2177.0,1034,842,842,21.0,21.0,2,private,10150,2025-10-06T20:00:00.0,2025-10-07T00:00:00.0,2025-10-07T20:00:00.0,2025-10-08T00:00:00.0,86400000,69,390,59136,26805,1,0,0,0,0,0,0.0,0.0,0.0,0.0,150,10,47,92,50,52,17,84,7140,30780,1080,47340,86340,3780,3000,360,8.27,35.65,1.25,54.83,4.38,3.47,0.42,UNKNOWN,16380,22620,48,92,78,10,99,26,44,81,99,3.0,304.0,2025-10-07T19:21:57,HIGH,NO_DATA,NO_DATA,2025-10-06T20:30:16,HIGH,SLEEP_TIME_PASSED_NOT_STRESS_DATA_AND_EXERCISE,SLEEP,2025-10-06T18:10:45,14400000,29460000,81,NONE,NONE,3615274803,2025-10-07T02:22:00,RECOVERY,2025-10-07T17:45:00,14400000,2640000,2,RECOVERY_EVENING,RESTFUL_PERIOD,3615274803,2025-10-07T18:52:11,15.0,25.0,9.0,13.0,2025-10-07T19:59:00.0,200,29460,0,1,1759774245000,1759803705000,1759788645000,1759818105000,0,3240,19980,6240,0,1,0,1,15.0,9.0,18.0,0,11.0,ADULT,53.0,POSITIVE_HIGHLY_RECOVERING,NONE,MOD_EXERCISE_POS_EXCELLENT_OR_GOOD_SLEEP_MODERATE_DURING_DAY,EXCELLENT,28800.0,28800.0,EXCELLENT,0.0,15.0,EXCELLENT,0.0,1.0,91,EXCELLENT,21,GOOD,21.0,31.0,6186.6,9132.6,EXCELLENT,0.0,5.0,68,FAIR,30.0,64.0,8838.0,18854.4,11,FAIR,16.0,33.0,4713.6,9721.8,2,3615274803,2025-10-06T12:46:45,480,480,NO_CHANGE_NO_ADJUSTMENTS,NO_CHANGE,NO_DATA,NO_DATA,NO_CHANGE,0,1400,1420,1,3615274803,2025-10-07T02:22:01,480,480,NO_CHANGE_NO_ADJUSTMENTS,NO_CHANGE,NO_CHANGE,NO_CHANGE,NO_CHANGE,0,1400,1420,1,81,50,8.18,54,333,104,,91,77,96,133,UNBALANCED,HRV_UNBALANCED_11,2025-10-07T02:22:30.741,96,5,3615274803,,,NONE,0,RECOVERY_1,0,8,LOW,FEEDBACK_1,55,328.5,175.20000000000002,219,0.2,1,RECOVERY_1,129031336,55.7,56.0,0,0,0,0,0,,328,0,0,0,2025-10-07T06:22:01.0,3615274803,HIGH,HIGH_HRV_UNBALANCED,LISTEN_TO_YOUR_BODY,81,91,91,VERY_GOOD,0,100,VERY_GOOD,100,VERY_GOOD,55,0,NONE,67,MODERATE,77,34,POOR,1,AFTER_WAKEUP_RESET,1,REACHED_ZERO,81,25,18.892017843568983,18.0,18.892017843568983,1.6,3,19.62414995709126,2,0,6,49,0,109.5,0,6,24.1,20.7,3.4,18.0,1,0,2025-10-07T00:00:00.0,0,81,HIGH,LISTEN_TO_YOUR_BODY,91,34,67,77,0,55,100,5,UNBALANCED,77,0.0,15.1,29.5,-14.4,71,78,116,0.2384491,78,116,0.2384491,,,,,,,,,,,,,,,,,,,,,,,,,,,,,,,,,,,,,,,,,,,,,,,,,,,,,,,,,,,,,,,,,,,,,,,,,,,,
2025-10-08,2163.0,7.0,2156.0,2163.0,759,618,618,7.0,7.0,2,private,9240,2025-10-07T20:00:00.0,2025-10-08T00:00:00.0,2025-10-08T20:00:00.0,2025-10-09T00:00:00.0,86400000,15,275,57248,28862,1,0,0,0,0,0,0.0,0.0,0.0,0.0,150,10,41,96,46,51,15,84,8040,30180,1620,46560,86400,6120,1800,120,9.31,34.93,1.88,53.89,7.08,2.08,0.14,UNKNOWN,11040,28800,41,95,56,25,100,44,81,72,100,3.0,331.0,2025-10-08T17:00:21,HIGH,NO_DATA,NO_DATA,,,,SLEEP,2025-10-07T18:55:00,14400000,29220000,72,NONE,NONE,3615274803,2025-10-08T03:18:58,,,,,,,,,,17.0,25.0,8.0,18.0,2025-10-08T20:00:00.0,200,29100,0,1,1759863300000,1759892520000,1759877700000,1759906920000,0,4020,18780,6300,120,1,0,1,14.0,8.0,19.0,0,6.0,ADULT,50.0,POSITIVE_HIGHLY_RECOVERING,POSITIVE_RESTFUL_EVENING,STRESS_POS_EXCELLENT_OR_GOOD_SLEEP_RESTFUL_EVENING,EXCELLENT,28800.0,28800.0,EXCELLENT,0.0,15.0,EXCELLENT,0.0,1.0,91,EXCELLENT,22,GOOD,21.0,31.0,6111.0,9021.0,GOOD,0.0,5.0,65,FAIR,30.0,64.0,8730.0,18624.0,14,FAIR,16.0,33.0,4656.0,9603.0,2,3615274803,2025-10-07T02:22:01,480,480,NO_CHANGE_NO_ADJUSTMENTS,NO_CHANGE,NO_CHANGE,NO_CHANGE,NO_CHANGE,0,1400,1420,1,3615274803,2025-10-08T03:18:59,480,480,NO_CHANGE_NO_ADJUSTMENTS,NO_CHANGE,NO_CHANGE,NO_CHANGE,NO_CHANGE,0,1400,1420,1,72,46,8.08,67,313,105,2,91,82,109,150,BALANCED,HRV_BALANCED_4,2025-10-08T03:19:31.761,109,5,3615274803,,,NONE,0,RECOVERY_1,0,8,LOW,FEEDBACK_1,47,328.5,175.20000000000002,219,0.2,1,RECOVERY_1,129031336,55.7,56.0,0,0,0,0,0,,332,0,0,0,2025-10-08T07:18:59.0,3615274803,PRIME,PRIME_RT_HIGHEST_SS_AVAILABLE_ACWR_POS,READY_FOR_ACTION,96,91,91,VERY_GOOD,0,100,VERY_GOOD,100,VERY_GOOD,47,0,NONE,84,GOOD,82,91,VERY_GOOD,1,AFTER_WAKEUP_RESET,1,REACHED_ZERO,96,25,18.892017843568983,18.0,18.892017843568983,1.6,3,19.62414995709126,2,0,6,49,0,109.5,0,6,24.1,20.7,3.4,18.0,1,0,2025-10-08T00:00:00.0,0,96,PRIME,READY_FOR_ACTION,91,91,84,82,0,47,100,5,BALANCED,82,0.0,14.7,25.3,-10.5,71,78,116,0.30262756,78,116,0.30262756,,,,,,,,,,,,,,,,,,,,,,,,,,,,,,,,,,,,,,,,,,,,,,,,,,,,,,,,,,,,,,,,,,,,,,,,,,,,
2025-10-09,2283.0,127.0,2156.0,2283.0,5882,4815,4815,127.0,127.0,2,private,9240,2025-10-08T20:00:00.0,2025-10-09T00:00:00.0,2025-10-09T20:00:00.0,2025-10-10T00:00:00.0,86400000,109,2666,55020,28605,1,0,0,0,0,0,13.551,12.372,4.44587,4.05906,150,10,46,96,52,52,32,84,23520,28800,5520,28560,86400,10380,11580,1560,27.22,33.33,6.39,33.06,12.01,13.4,1.81,BALANCED,36840,21000,48,96,34,56,100,25,40,19,100,3.0,330.0,2025-10-09T17:00:27,HIGH,SLEEP_PREPARATION_NOT_STRESS_DATA_AND_INACTIVE,SLEEP_PREPARATION_NOT_STRESS_DATA_AND_INACTIVE,2025-10-09T18:55:16,HIGH,SLEEP_TIME_PASSED_NOT_STRESS_DATA_AND_INACTIVE,SLEEP,2025-10-08T19:00:58,14400000,24840000,19,NONE,NONE,3615274803,2025-10-09T02:08:13,,,,,,,,,,15.0,23.0,7.0,13.0,2025-10-09T20:00:00.0,200,23640,0,1,1759950058000,1759974898000,1759964458000,1759989298000,0,2880,17520,3240,1200,1,0,1,16.0,10.0,19.0,2,16.0,ADULT,55.0,POSITIVE_RECOVERING,NONE,GENERAL_POS_FAIR_OR_POOR_SLEEP,FAIR,28800.0,28800.0,FAIR,0.0,15.0,FAIR,0.0,1.0,73,FAIR,14,FAIR,21.0,31.0,4964.4,7328.4,FAIR,0.0,5.0,74,FAIR,30.0,64.0,7092.0,15129.6,12,FAIR,16.0,33.0,3782.4,7801.2,2,3615274803,2025-10-08T03:18:59,480,480,NO_CHANGE_NO_ADJUSTMENTS,NO_CHANGE,NO_CHANGE,NO_CHANGE,NO_CHANGE,0,1400,1420,1,3615274803,2025-10-09T02:08:13,480,500,INCREASED,NO_CHANGE,INCREASING_LOW_QUALITY,NO_CHANGE,NO_CHANGE,1,1370,1410,1,19,52,6.57,48,292,54,20,73,84,91,116,BALANCED,HRV_BALANCED_7,2025-10-09T02:08:40.740,91,5,3615274803,,,NONE,0,RECOVERY_1,0,4,LOW,FEEDBACK_1,40,328.5,175.20000000000002,219,0.1,1,RECOVERY_1,129031336,55.7,56.0,0,0,0,0,0,,329,0,0,0,2025-10-09T06:08:13.0,3615274803,PRIME,PRIME_RT_HIGHEST_SS_AVAILABLE_ACWR_POS,READY_FOR_ACTION,96,73,59,MODERATE,1,99,GOOD,100,VERY_GOOD,40,0,NONE,92,GOOD,84,91,VERY_GOOD,1,AFTER_WAKEUP_RESET,1,NO_CHANGE_SLEEP,96,25,19.06007752101621,18.0,18.892017843568983,1.6,3,19.62414995709126,2,0,6,50,0,109.5,0,6,24.1,20.7,3.4,18.0,1,0,2025-10-09T00:00:00.0,1,96,PRIME,READY_FOR_ACTION,73,91,92,84,0,40,100,5,BALANCED,84,0.0,14.4,21.7,-7.3,71,78,115,0.33106995,78,115,0.33106995,,,,,,,,,,,,,,,,,,,,,,,,,,,,,,,,,,,,,,,,,,,,,,,,,,,,,,,,,,,,,,,,,,,,,,,,,,,,
2025-10-10,3341.0,1185.0,2156.0,3341.0,22656,16018,16018,1185.0,1185.0,2,private,8570,2025-10-09T20:00:00.0,2025-10-10T00:00:00.0,2025-10-10T20:00:00.0,2025-10-11T00:00:00.0,86400000,431,16519,45591,23859,1,1,0,0,108,15,739.219,717.143,242.52592,235.28314,150,10,47,139,51,51,35,96,21180,25620,19380,20160,86340,5040,13080,3060,24.53,29.67,22.45,23.35,5.84,15.15,3.54,BALANCED,49680,16500,49,130,60,72,82,10,28,57,82,3.0,530.0,2025-10-10T17:00:14,LOW,SLEEP_PREPARATION_NOT_STRESS_DATA_AND_EXERCISE,SLEEP_PREPARATION_NOT_STRESS_DATA_AND_EXERCISE_AND_BB_LOW,2025-10-10T19:41:18,HIGH,SLEEP_TIME_PASSED_NOT_STRESS_DATA_AND_EXERCISE,SLEEP,2025-10-09T17:58:13,14400000,23880000,57,NONE,NONE,3615274803,2025-10-10T00:46:17,ACTIVITY,2025-10-10T06:39:12,14400000,14520000,-13,EXERCISE_TRAINING_EFFECT_BELOW_2,EASY_AEROBIC_BASE,3615274803,2025-10-10T10:41:34,14.0,24.0,7.0,14.0,2025-10-10T20:00:00.0,200,21360,0,1,1760032693000,1760056573000,1760047093000,1760070973000,0,4680,13620,3060,2520,1,0,1,16.0,9.0,19.0,3,18.0,ADULT,53.0,POSITIVE_DEEP,NONE,GENERAL_POS_FAIR_OR_POOR_SLEEP,FAIR,28800.0,28800.0,FAIR,0.0,15.0,POOR,0.0,1.0,67,FAIR,14,FAIR,21.0,31.0,4485.6,6621.6,FAIR,0.0,5.0,64,GOOD,30.0,64.0,6408.0,13670.4,22,EXCELLENT,16.0,33.0,3417.6,7048.8,2,3615274803,2025-10-09T02:08:13,480,500,INCREASED,NO_CHANGE,INCREASING_LOW_QUALITY,NO_CHANGE,NO_CHANGE,1,1370,1410,1,3615274803,2025-10-10T10:41:35,480,530,HIGHLY_INCREASED,NO_CHANGE,INCREASING,NO_CHANGE,NO_CHANGE,1,1340,1410,1,57,51,5.93,78,227,51,42,67,85,94,128,BALANCED,HRV_BALANCED_8,2025-10-10T00:46:30.138,94,5,3615274803,,,NONE,0,RECOVERY_1,0,8,LOW,FEEDBACK_1,61,328.5,175.20000000000002,219,0.2,1,RECOVERY_1,129031336,55.7,56.0,0,0,0,0,0,,303,0,0,0,2025-10-10T14:41:35.0,3615274803,HIGH,HIGH_RT_HIGHEST_SS_AVAILABLE_ACWR_POS,EXCELLENT_RECOVERY,77,67,50,MODERATE,542,85,GOOD,100,VERY_GOOD,61,0,NONE,96,GOOD,85,68,MODERATE,1,AFTER_POST_EXERCISE_RESET,1,REACHED_ZERO,77,25,19.06007752101621,18.0,19.06007752101621,1.6,3,19.62414995709126,2,0,6,50,0,112.0,0,6,24.1,20.7,3.4,18.0,1,0,2025-10-10T00:00:00.0,542,77,HIGH,EXCELLENT_RECOVERY,67,68,96,85,0,61,100,5,BALANCED,85,58.2,15.4,26.9,-11.5,71,78,115,0.34458923,78,115,0.34458923,323.0,Salazie Randonnée,hiking,20648728272,STRESS,2025-10-10T12:49:34,14400000,4260000,-5,STRESS,STRESSFUL_PERIOD,3615274803,2025-10-10T14:05:25,,,,,,,,,,,,,,,,,,,,,,,,,,,,,,,,,,,,,,,,,,,,,,,,,,,,,,,,,,,,,,,
2025-10-11,2156.0,0.0,2156.0,2156.0,151,123,123,0.0,0.0,2,private,9980,2025-10-10T20:00:00.0,2025-10-11T00:00:00.0,2025-10-11T20:00:00.0,2025-10-12T00:00:00.0,86400000,26,23,61417,24934,1,0,0,0,0,0,0.0,0.0,0.0,0.0,150,10,45,79,49,51,12,73,1920,25620,300,58500,86340,1560,360,,2.22,29.67,0.35,67.76,1.81,0.42,0.0,UNKNOWN,3600,24240,45,74,70,6,98,28,92,88,98,3.0,328.0,2025-10-11T19:55:49,HIGH,NO_DATA,NO_DATA,2025-10-10T22:39:41,HIGH,SLEEP_TIME_PASSED_STRESSFUL_AND_EXERCISE,SLEEP,2025-10-10T17:58:34,14400000,32220000,88,NONE,NONE,3615274803,2025-10-11T02:58:15,,,,,,,,,,13.0,21.0,7.0,21.0,2025-10-11T04:11:00.0,200,31500,0,1,1760119114000,1760151334000,1760133514000,1760165734000,0,3480,22500,5520,720,1,0,1,14.0,7.0,20.0,1,13.0,ADULT,52.0,POSITIVE_LONG_AND_RECOVERING,NONE,MOD_EXERCISE_POS_EXCELLENT_OR_GOOD_SLEEP_MODERATE_DURING_DAY_OUTDOOR,EXCELLENT,28800.0,28800.0,GOOD,0.0,15.0,GOOD,0.0,1.0,85,GOOD,18,FAIR,21.0,31.0,6615.0,9765.0,GOOD,0.0,5.0,71,FAIR,30.0,64.0,9450.0,20160.0,11,FAIR,16.0,33.0,5040.0,10395.0,2,3615274803,2025-10-10T10:41:35,480,530,HIGHLY_INCREASED,NO_CHANGE,INCREASING,NO_CHANGE,NO_CHANGE,1,1340,1410,1,3615274803,2025-10-11T02:58:15,480,480,NO_CHANGE_NO_ADJUSTMENTS,NO_CHANGE,NO_CHANGE,NO_CHANGE,NO_CHANGE,0,1380,1400,1,88,49,8.75,58,375,92,12,85,90,99,134,BALANCED,HRV_BALANCED_5,2025-10-11T02:58:33.442,99,5,3615274803,,,NONE,0,RECOVERY_1,0,8,LOW,FEEDBACK_1,51,328.5,175.20000000000002,219,0.2,1,RECOVERY_1,129031336,55.7,56.0,0,0,0,0,0,,332,0,0,0,2025-10-11T06:58:15.0,3615274803,HIGH,HIGH_RT_HIGHEST_SS_AVAILABLE,WELL_RECOVERED,83,85,80,GOOD,1,99,GOOD,100,VERY_GOOD,51,50,MODERATE,100,VERY_GOOD,90,53,MODERATE,1,AFTER_WAKEUP_RESET,1,NO_CHANGE_SLEEP,83,25,19.06007752101621,18.0,19.06007752101621,1.6,3,19.62414995709126,2,0,6,50,0,112.0,0,6,24.1,20.7,3.4,18.0,1,0,2025-10-10T00:00:00.0,1,83,HIGH,WELL_RECOVERED,85,53,100,90,50,51,100,5,BALANCED,90,0.0,15.1,23.0,-8.0,70,78,115,0.41215515,78,115,0.41215515,,,,,,,,,,,,,,,,,,,,,,,,,,,,,,,,,,,,,,,,,,,,,,,,,,,,,,,,,,,,,,,,,,,,,,,,,,,,
2025-10-12,3409.0,1253.0,2156.0,3409.0,22960,18635,18635,1253.0,1253.0,2,private,9980,2025-10-11T20:00:00.0,2025-10-12T00:00:00.0,2025-10-12T20:00:00.0,2025-10-13T00:00:00.0,86400000,586,17343,61283,7188,1,1,0,0,104,3,678.559,575.46,222.62434,188.79921,150,10,48,126,53,50,44,99,12720,8160,19680,45780,86340,3240,5940,3540,14.73,9.45,22.79,53.02,3.75,6.88,4.1,BALANCED_AWAKE,40560,0,50,125,5,30,35,5,10,,,3.0,1043.0,2025-10-12T17:00:08,VERY_LOW,NO_DATA,NO_DATA,,,,ACTIVITY,2025-10-11T22:20:33,14400000,11340000,-10,EXERCISE_TRAINING_EFFECT_BELOW_2,EASY_AEROBIC,3615274803,2025-10-12T02:00:19,,,,,,,,,,15.0,24.0,8.0,15.0,2025-10-12T20:00:00.0,200,,,,,,,,,,,,,0,0,,,,,,,,,,,,,,,,,,,,,,,,,,,,,,,,,,,,,,,,,,,,,3615274803,2025-10-11T02:58:15,480,480,NO_CHANGE_NO_ADJUSTMENTS,NO_CHANGE,NO_CHANGE,NO_CHANGE,NO_CHANGE,0,1380,1400,1,3615274803,2025-10-12T02:00:20,480,480,NO_CHANGE_NO_ADJUSTMENTS,NO_CHANGE,NO_CHANGE,NO_DATA,NO_CHANGE,0,1380,1400,1,,,,,,,,,,,,,,,,5,3615274803,,,NONE,0,RECOVERY_1,0,8,LOW,FEEDBACK_1,57,328.5,175.20000000000002,219,0.2,1,RECOVERY_1,129031336,55.7,56.0,0,850,0,0,0,,314,0,3,0,2025-10-12T12:55:12.0,3615274803,HIGH,HIGH_RT_AVAILABLE_SS_UNKNOWN,WELL_RECOVERED,75,,0,NONE,90,97,GOOD,100,VERY_GOOD,57,50,MODERATE,94,GOOD,98,68,MODERATE,0,UPDATE_REALTIME_VARIABLES,1,,75,25,19.06007752101621,18.0,19.06007752101621,1.5,3,19.62414995709126,3,0,6,50,0,67.0,0,6,24.1,20.7,3.4,18.0,1,0,2025-10-12T00:00:00.0,90,75,HIGH,WELL_RECOVERED,,68,94,98,50,57,100,5,,,47.8,15.8,26.6,-10.7,,,,,,,,283.0,,,,,,,,,,,,,,,,,,,,,,,,,,,,,,,,,,,,,,,,,,,,,,,,Sainte-Rose Randonnée,hiking,20661473904,ACCLIMATIZING,75,19.62414995709126,2,,,,,,,,,,,,,,,,,,,,,
2025-10-13,2204.0,48.0,2156.0,2204.0,1816,1479,1479,48.0,48.0,2,private,11280,2025-10-12T20:00:00.0,2025-10-13T00:00:00.0,2025-10-13T20:00:00.0,2025-10-14T00:00:00.0,86400000,88,747,62629,22936,1,0,0,0,0,0,0.0,0.0,0.0,0.0,150,10,44,110,47,50,25,99,12660,25440,1740,46560,86400,5820,5760,1080,14.65,29.44,2.01,53.89,6.74,6.67,1.25,UNKNOWN,21000,18840,45,107,83,15,81,10,29,76,81,3.0,315.0,2025-10-13T18:14:28,MODERATE,NO_DATA,NO_DATA,2025-10-13T01:14:21,HIGH,SLEEP_TIME_PASSED_NOT_STRESS_DATA_AND_INACTIVE,SLEEP,2025-10-12T18:00:12,14400000,26040000,76,NONE,NONE,3615274803,2025-10-13T01:21:56,,,,,,,,,,15.0,22.0,7.0,16.0,2025-10-13T20:00:00.0,200,25500,0,1,1760292012000,1760318052000,1760306412000,1760332452000,0,4980,15180,5340,540,1,0,1,15.0,7.0,19.0,0,13.0,ADULT,51.0,POSITIVE_DEEP,NONE,MOD_EXERCISE_POS_EXCELLENT_OR_GOOD_SLEEP_MODERATE_DURING_DAY,FAIR,28800.0,28800.0,GOOD,0.0,15.0,EXCELLENT,0.0,1.0,84,GOOD,21,GOOD,21.0,31.0,5355.0,7905.0,EXCELLENT,0.0,5.0,60,GOOD,30.0,64.0,7650.0,16320.0,20,EXCELLENT,16.0,33.0,4080.0,8415.0,2,3615274803,2025-10-12T02:00:20,480,480,NO_CHANGE_NO_ADJUSTMENTS,NO_CHANGE,NO_CHANGE,NO_DATA,NO_CHANGE,0,1380,1400,1,3615274803,2025-10-13T01:21:57,480,480,NO_CHANGE_NO_ADJUSTMENTS,NO_CHANGE,NO_CHANGE,NO_CHANGE,NO_CHANGE,0,1380,1400,1,76,47,7.08,83,253,89,9,84,98,99,148,BALANCED,HRV_BALANCED_7,2025-10-13T01:22:35.420,99,5,3615274803,,,NONE,0,RECOVERY_1,0,8,LOW,FEEDBACK_1,45,328.5,175.20000000000002,219,0.2,1,RECOVERY_1,129031336,55.7,56.0,0,850,850,0,0,,325,314,0,3,2025-10-13T05:21:56.0,3615274803,PRIME,PRIME_RT_HIGHEST_SS_AVAILABLE_ACWR_POS,READY_FOR_ACTION,100,84,78,GOOD,1,99,GOOD,100,VERY_GOOD,45,0,NONE,94,GOOD,98,80,GOOD,1,AFTER_WAKEUP_RESET,1,NO_CHANGE_SLEEP,100,25,19.06007752101621,18.0,19.06007752101621,1.5,3,19.62414995709126,3,0,6,50,0,67.0,0,6,24.1,20.7,3.4,18.0,1,0,2025-10-13T00:00:00.0,1,100,PRIME,READY_FOR_ACTION,84,80,94,98,0,45,100,5,BALANCED,98,0.0,15.5,22.8,-7.3,70,77,115,0.52630615,77,115,0.52630615,,,,,,,,,,,,,,,,,,,,,,,,,,,,,,,,,,,,,,,,,,,,,,,,,,,,ACCLIMATIZED,75,19.62414995709126,2,,,,,,,,,,,,,,,,,,,,,
2025-10-14,2218.0,62.0,2156.0,2218.0,3450,2810,2810,62.0,62.0,2,private,10340,2025-10-13T20:00:00.0,2025-10-14T00:00:00.0,2025-10-14T20:00:00.0,2025-10-15T00:00:00.0,86400000,171,1359,53338,31532,1,0,0,0,0,0,0.0,7.345,0.0,2.40978,150,10,43,95,49,50,38,96,43800,32820,4080,5700,86400,16440,21420,5940,50.69,37.99,4.72,6.6,19.03,24.79,6.88,STRESSFUL,53400,27300,46,93,70,77,95,18,22,76,95,3.0,352.0,2025-10-14T19:11:59,MODERATE,SLEEP_PREPARATION_STRESSFUL_AND_INACTIVE,SLEEP_PREPARATION_STRESSFUL_AND_INACTIVE,,,,SLEEP,2025-10-13T18:51:56,14400000,32220000,75,NONE,NONE,3615274803,2025-10-14T03:49:24,STRESS,2025-10-14T08:31:19,14400000,6660000,-14,STRESS,STRESSFUL_PERIOD,3615274803,2025-10-14T10:26:47,14.0,24.0,6.0,13.0,2025-10-14T20:00:00.0,200,31920,0,1,1760381516000,1760413736000,1760395916000,1760428136000,0,3600,19620,8700,300,1,0,1,14.0,7.0,20.0,0,14.0,ADULT,54.0,POSITIVE_OPTIMAL_STRUCTURE,NONE,GENERAL_POS_EXCELLENT_OR_GOOD_SLEEP,EXCELLENT,28800.0,28800.0,GOOD,0.0,15.0,EXCELLENT,0.0,1.0,90,EXCELLENT,27,EXCELLENT,21.0,31.0,6703.2,9895.2,EXCELLENT,0.0,5.0,61,GOOD,30.0,64.0,9576.0,20428.8,11,FAIR,16.0,33.0,5107.2,10533.6,2,3615274803,2025-10-13T01:21:57,480,480,NO_CHANGE_NO_ADJUSTMENTS,NO_CHANGE,NO_CHANGE,NO_CHANGE,NO_CHANGE,0,1380,1400,1,3615274803,2025-10-14T03:49:24,480,480,NO_CHANGE_NO_ADJUSTMENTS,NO_CHANGE,NO_CHANGE,NO_CHANGE,NO_CHANGE,0,1380,1400,1,75,49,8.87,60,327,145,5,90,97,93,129,BALANCED,HRV_BALANCED_8,2025-10-14T03:49:54.115,93,5,3615274803,,,NONE,0,RECOVERY_1,0,4,LOW,FEEDBACK_1,34,328.5,175.20000000000002,219,0.1,1,RECOVERY_1,129031336,55.7,56.0,0,850,850,0,0,,328,325,0,0,2025-10-14T07:49:24.0,3615274803,PRIME,PRIME_RT_HIGHEST_SS_AVAILABLE_ACWR_POS,READY_FOR_ACTION,100,90,90,VERY_GOOD,1,99,GOOD,100,VERY_GOOD,34,0,NONE,95,GOOD,97,78,GOOD,1,AFTER_WAKEUP_RESET,1,NO_CHANGE_SLEEP,100,25,19.06007752101621,18.0,19.06007752101621,1.5,3,19.62414995709126,3,0,6,50,0,67.0,0,6,24.1,20.7,3.4,18.0,1,0,2025-10-13T00:00:00.0,1,100,PRIME,READY_FOR_ACTION,90,78,95,97,0,34,100,5,BALANCED,97,0.0,15.1,19.5,-4.4,70,77,115,0.5131531,77,115,0.5131531,,,,,,,,,,,,,,,,,,,,,,,,,,,,,,,,,,,,,,,,,,,,,,,,,,,,ACCLIMATIZED,75,19.62414995709126,2,,,,,,,,,,,,,,,,,,,,,
2025-10-15,3402.0,1246.0,2156.0,3402.0,17069,13466,13466,1246.0,1246.0,2,private,8970,2025-10-14T20:00:00.0,2025-10-15T00:00:00.0,2025-10-15T20:00:00.0,2025-10-16T00:00:00.0,86400000,3066,8253,51608,23473,1,1,0,0,77,56,716.28,692.368,235.0,227.15486,150,10,48,168,52,50,38,94,20100,24060,13440,28740,86340,7260,5340,7500,23.28,27.87,15.57,33.29,8.41,6.18,8.69,BALANCED,37860,19740,49,165,48,49,66,7,11,46,64,3.0,495.0,2025-10-15T17:00:08,LOW,SLEEP_PREPARATION_NOT_STRESS_DATA_AND_INTENSIVE_EXERCISE,SLEEP_PREPARATION_NOT_STRESS_DATA_AND_HARD_EXERCISE_AND_BB_LOW,2025-10-15T18:30:33,LOW,SLEEP_TIME_PASSED_NOT_STRESS_DATA_AND_INTENSIVE_EXERCISE,SLEEP,2025-10-14T19:03:24,14400000,23220000,46,NONE,NONE,3615274803,2025-10-15T02:15:22,ACTIVITY,2025-10-15T04:22:41,14400000,13380000,-19,EXERCISE_TRAINING_EFFECT_3,IMPROVING_AEROBIC_BASE,3615274803,2025-10-15T08:06:11,15.0,22.0,8.0,17.0,2025-10-15T20:00:00.0,200,22920,0,1,1760468604000,1760491824000,1760483004000,1760506224000,0,4380,15720,2820,300,1,0,1,15.0,8.0,19.0,0,22.0,ADULT,56.0,POSITIVE_DEEP,NONE,RHYTHM_POS_FAIR_OR_POOR_SLEEP_EXCELLENT_TIMING,FAIR,28800.0,28800.0,FAIR,0.0,15.0,EXCELLENT,0.0,1.0,72,FAIR,12,FAIR,21.0,31.0,4813.2,7105.2,GOOD,0.0,5.0,69,FAIR,30.0,64.0,6876.0,14668.8,19,EXCELLENT,16.0,33.0,3667.2,7563.6,2,3615274803,2025-10-14T03:49:24,480,480,NO_CHANGE_NO_ADJUSTMENTS,NO_CHANGE,NO_CHANGE,NO_CHANGE,NO_CHANGE,0,1380,1400,1,3615274803,2025-10-15T08:06:11,480,480,NO_CHANGE_NO_ADJUSTMENTS,NO_CHANGE,NO_CHANGE,NO_CHANGE,NO_CHANGE,0,1370,1390,1,46,52,6.37,73,262,47,5,72,91,73,101,BALANCED,HRV_BALANCED_3,2025-10-15T02:15:56.822,73,5,3615274803,,,NONE,0,RECOVERY_1,0,29,LOW,FEEDBACK_1,162,328.5,175.20000000000002,219,0.7,1,RECOVERY_1,129031336,55.7,56.0,0,850,850,0,0,,310,328,14,0,2025-10-15T12:06:11.0,3615274803,MODERATE,MOD_RT_MOD_SS_MOD,LISTEN_TO_YOUR_BODY,56,72,58,MODERATE,1450,61,MODERATE,100,VERY_GOOD,162,52,MODERATE,100,VERY_GOOD,91,86,GOOD,1,AFTER_POST_EXERCISE_RESET,1,REACHED_ZERO,56,25,19.06007752101621,18.0,19.06007752101621,1.6,3,19.62414995709126,2,0,6,50,0,76.3,0,6,24.1,20.7,3.4,18.0,1,0,2025-10-15T00:00:00.0,1450,56,MODERATE,LISTEN_TO_YOUR_BODY,72,86,100,91,52,162,100,5,BALANCED,91,79.0,16.6,28.0,-11.4,70,77,116,0.42947388,77,116,0.42947388,222.0,Cilaos Randonnée,hiking,20694166800,,,,,,,,,,,,,,,,,,,,,,,,,,,,,,,,,,,,,,,,,,,,,,,,ACCLIMATIZED,,,,,,,,,,,,,,,,,,,,,,,,
2025-10-16,2247.0,91.0,2156.0,2247.0,3829,3118,3118,91.0,91.0,2,private,9780,2025-10-15T20:00:00.0,2025-10-16T00:00:00.0,2025-10-16T20:00:00.0,2025-10-17T00:00:00.0,86400000,193,1595,57366,27246,1,0,0,0,0,0,14.108,11.396,4.62861,3.73885,150,10,50,106,53,51,33,96,16440,31740,3120,35100,86400,2760,6480,7200,19.03,36.74,3.61,40.62,3.19,7.5,8.33,UNKNOWN,27660,23640,51,104,72,44,71,11,24,60,69,3.0,285.0,2025-10-16T19:36:24,MODERATE,NO_DATA,NO_DATA,2025-10-16T19:50:43,MODERATE,SLEEP_TIME_PASSED_NOT_STRESS_DATA_AND_INACTIVE,SLEEP,2025-10-15T18:59:11,14400000,27420000,61,NONE,NONE,3615274803,2025-10-16T02:44:05,STRESS,2025-10-16T07:03:30,14400000,2100000,-5,STRESS,STRESSFUL_PERIOD,3615274803,2025-10-16T07:42:40,15.0,24.0,7.0,13.0,2025-10-16T20:00:00.0,200,26700,0,1,1760554751000,1760582171000,1760569151000,1760596571000,0,3720,20700,2280,720,1,0,1,15.0,8.0,19.0,1,20.0,ADULT,56.0,NEGATIVE_LONG_BUT_NOT_ENOUGH_REM,NONE,GENERAL_NEG_FAIR_OR_POOR_SLEEP,GOOD,28800.0,28800.0,FAIR,0.0,15.0,GOOD,0.0,1.0,73,FAIR,9,POOR,21.0,31.0,5607.0,8277.0,GOOD,0.0,5.0,78,FAIR,30.0,64.0,8010.0,17088.0,14,FAIR,16.0,33.0,4272.0,8811.0,2,3615274803,2025-10-15T08:06:11,480,480,NO_CHANGE_NO_ADJUSTMENTS,NO_CHANGE,NO_CHANGE,NO_CHANGE,NO_CHANGE,0,1370,1390,1,3615274803,2025-10-16T02:44:05,480,500,INCREASED,NO_CHANGE,INCREASING_LOW_QUALITY,NO_CHANGE,NO_CHANGE,1,1350,1390,1,61,53,7.42,62,345,38,12,73,88,73,111,BALANCED,HRV_BALANCED_3,2025-10-16T02:45:04.40,73,5,3615274803,,,NONE,0,RECOVERY_1,0,25,LOW,FEEDBACK_1,142,328.5,175.20000000000002,219,0.6,1,RECOVERY_1,129031336,55.7,56.0,0,850,850,0,0,,337,310,0,14,2025-10-16T06:44:05.0,3615274803,MODERATE,MOD_RT_LOW_SS_MOD,GOOD_SLEEP_HISTORY,62,73,59,MODERATE,333,91,GOOD,100,VERY_GOOD,142,46,MODERATE,100,VERY_GOOD,88,67,MODERATE,1,AFTER_WAKEUP_RESET,1,NO_CHANGE_SLEEP,62,25,19.06007752101621,18.0,19.06007752101621,1.6,3,19.62414995709126,2,0,6,50,0,76.3,0,6,24.1,20.7,3.4,18.0,1,0,2025-10-16T00:00:00.0,333,62,MODERATE,GOOD_SLEEP_HISTORY,73,67,100,88,46,142,100,5,BALANCED,88,0.0,16.2,24.0,-7.8,70,77,115,0.3947296,77,115,0.3947296,,,,,STRESS,2025-10-16T10:25:45,14400000,3480000,-6,STRESS,STRESSFUL_PERIOD,3615274803,2025-10-16T11:30:00,,,,,,,,,,,,,,,,,,,,,,,,,,,,,,,,,,,,,,,ACCLIMATIZED,,,,,,,,,,,,,,,,,,,,,,,,
2025-10-17,2741.0,585.0,2156.0,2741.0,17632,13633,13633,585.0,585.0,2,private,9190,2025-10-16T20:00:00.0,2025-10-17T00:00:00.0,2025-10-17T20:00:00.0,2025-10-18T00:00:00.0,86400000,252,11527,53736,20885,1,1,0,0,63,2,350.52,351.696,115.0,115.38583,150,10,41,126,46,50,31,99,22920,30720,14580,18120,86340,7320,11520,4080,26.55,35.58,16.89,20.99,8.48,13.34,4.73,BALANCED,47400,20820,42,121,89,81,95,14,32,81,95,3.0,592.0,2025-10-17T17:00:09,MODERATE,SLEEP_PREPARATION_NOT_STRESS_DATA_AND_EXERCISE,SLEEP_PREPARATION_NOT_STRESS_DATA_AND_EXERCISE,2025-10-17T19:18:51,HIGH,SLEEP_TIME_PASSED_NOT_STRESS_DATA_AND_EXERCISE,SLEEP,2025-10-16T19:02:05,14400000,24360000,81,NONE,NONE,3615274803,2025-10-17T02:16:11,ACTIVITY,2025-10-17T05:07:20,14400000,11880000,-19,EXERCISE_TRAINING_EFFECT_BELOW_2,EASY_RECOVERY,3615274803,2025-10-17T08:26:00,15.0,24.0,7.0,14.0,2025-10-17T20:00:00.0,200,24360,0,1,1760641325000,1760665685000,1760655725000,1760680085000,0,4500,16380,3480,0,1,0,1,15.0,8.0,21.0,0,14.0,ADULT,51.0,POSITIVE_CONTINUOUS,NONE,STRESS_POS_EXCELLENT_OR_GOOD_SLEEP_RESTFUL_EVENING,FAIR,28800.0,28800.0,GOOD,0.0,15.0,EXCELLENT,0.0,1.0,80,GOOD,14,FAIR,21.0,31.0,5115.6,7551.6,EXCELLENT,0.0,5.0,67,FAIR,30.0,64.0,7308.0,15590.4,18,EXCELLENT,16.0,33.0,3897.6,8038.8,2,3615274803,2025-10-16T02:44:05,480,500,INCREASED,NO_CHANGE,INCREASING_LOW_QUALITY,NO_CHANGE,NO_CHANGE,1,1350,1390,1,3615274803,2025-10-17T08:26:00,480,500,INCREASED,NO_CHANGE,INCREASING,NO_CHANGE,NO_CHANGE,1,1340,1380,1,81,46,6.77,75,273,58,,80,89,101,149,BALANCED,HRV_BALANCED_7,2025-10-17T02:16:16.683,101,5,3615274803,,,NONE,0,RECOVERY_1,0,25,LOW,FEEDBACK_1,134,328.5,175.20000000000002,219,0.6,1,RECOVERY_1,129031336,55.7,56.0,0,0,850,0,0,,324,0,0,0,2025-10-17T12:26:00.0,3615274803,HIGH,HIGH_RT_HIGHEST_SS_AVAILABLE,WELL_RECOVERED,77,80,70,GOOD,1,99,GOOD,100,VERY_GOOD,134,47,MODERATE,100,VERY_GOOD,89,58,MODERATE,1,AFTER_POST_EXERCISE_RESET,1,REACHED_ZERO,77,25,19.06007752101621,18.0,19.06007752101621,1.5,3,19.62414995709126,3,0,6,50,0,73.0,0,6,24.1,20.7,3.4,18.0,1,0,2025-10-17T00:00:00.0,1,77,HIGH,WELL_RECOVERED,80,58,100,89,47,134,100,5,BALANCED,89,32.9,16.6,25.3,-8.7,70,78,115,0.39863586,78,115,0.39863586,250.0,Salazie Randonnée,hiking,20714080615,STRESS,2025-10-17T09:59:00,14400000,3240000,-6,STRESS,STRESSFUL_PERIOD,3615274803,2025-10-17T10:58:52,,,,,,,,,,,,,,,,,,,,,,,,,,,,,,,,,,,,,,,,75,19.62414995709126,2,,,,,,,,,,,,,,,,,,,,,
2025-10-18,2217.0,61.0,2156.0,2217.0,3781,3085,3085,61.0,61.0,2,private,10040,2025-10-17T20:00:00.0,2025-10-18T00:00:00.0,2025-10-18T20:00:00.0,2025-10-19T00:00:00.0,86400000,273,1384,82343,2400,1,0,0,0,0,0,3.048,7.029,1.0,2.3061,150,10,43,101,46,49,26,94,19440,36480,11040,19440,86400,9300,5220,4920,22.5,42.22,12.78,22.5,10.76,6.04,5.69,CALM_AWAKE,64560,2400,44,100,76,63,99,28,35,6,34,3.0,274.0,2025-10-18T17:21:08,HIGH,SLEEP_PREPARATION_NOT_STRESS_DATA_AND_INACTIVE,SLEEP_PREPARATION_NOT_STRESS_DATA_AND_INACTIVE,2025-10-17T20:27:50,HIGH,SLEEP_TIME_PASSED_STRESSFUL_AND_EXERCISE,SLEEP,2025-10-17T17:54:00,14400000,34920000,85,NONE,NONE,3615274803,2025-10-18T03:40:06,STRESS,2025-10-18T10:14:06,14400000,4320000,-7,STRESS,STRESSFUL_PERIOD,3615274803,2025-10-18T11:28:35,15.0,21.0,9.0,13.0,2025-10-18T19:57:00.0,200,2400,0,1,1760809866000,1760812266000,1760824266000,1760826666000,0,1980,420,0,0,1,0,1,16.0,13.0,18.0,0,13.0,ADULT,53.0,POSITIVE_SHORT_BUT_CONTINUOUS,NONE,NOT_AVAILABLE,POOR,28800.0,28800.0,GOOD,0.0,15.0,EXCELLENT,0.0,1.0,30,POOR,0,INVALID,21.0,31.0,504.0,744.0,EXCELLENT,0.0,5.0,18,INVALID,30.0,64.0,720.0,1536.0,83,INVALID,16.0,33.0,384.0,792.0,2,3615274803,2025-10-17T08:26:00,480,500,INCREASED,NO_CHANGE,INCREASING,NO_CHANGE,NO_CHANGE,1,1340,1380,1,3615274803,2025-10-18T03:40:06,480,460,DECREASED,NO_CHANGE,DECREASING_HIGH_QUALITY,NO_CHANGE,NO_CHANGE,1,1360,1380,1,85,46,0.67,33,7,,,30,90,107,163,BALANCED,HRV_BALANCED_8,2025-10-18T03:40:40.182,107,5,3615274803,,,NONE,0,RECOVERY_1,0,20,LOW,FEEDBACK_1,115,328.5,175.20000000000002,219,0.5,1,RECOVERY_1,129031336,55.7,56.0,0,0,0,0,0,,349,0,0,0,2025-10-18T07:40:06.0,3615274803,HIGH,HIGH_RT_HIGHEST_SS_AVAILABLE,WELL_RECOVERED,85,86,82,GOOD,1,99,GOOD,100,VERY_GOOD,115,45,MODERATE,100,VERY_GOOD,90,66,MODERATE,1,AFTER_WAKEUP_RESET,1,NO_CHANGE_SLEEP,85,25,19.06007752101621,18.0,19.06007752101621,1.3,3,19.62414995709126,3,0,6,50,0,64.3,0,6,24.1,20.7,3.4,18.0,1,0,2025-10-18T00:00:00.0,1,85,HIGH,WELL_RECOVERED,86,66,100,90,45,115,100,5,BALANCED,90,0.0,16.2,21.7,-5.5,70,78,115,0.41215515,78,115,0.41215515,,,,,,,,,,,,,,,,,,,,,,,,,,,,,,,,,,,,,,,,,,,,,,,,,,,,,75,19.62414995709126,2,,,,,,,,,,,,,,,,,,,,,
2025-10-19,4510.0,2354.0,2156.0,4510.0,29687,18489,18489,2354.0,2354.0,2,private,9420,2025-10-18T20:00:00.0,2025-10-19T00:00:00.0,2025-10-19T20:00:00.0,2025-10-20T00:00:00.0,86400000,4472,18131,63797,0,1,1,0,0,134,120,1801.462,1708.714,591.03084,560.60171,150,10,60,164,53,49,68,97,7980,60,23400,54120,85560,1740,2700,3540,9.33,0.07,27.35,63.25,2.03,3.16,4.14,VERY_STRESSFUL_AWAKE,31440,0,60,161,0,30,35,5,5,,,3.0,1030.0,2025-10-19T15:35:05,VERY_LOW,NO_DATA,NO_DATA,2025-10-19T11:31:18,VERY_LOW,SLEEP_TIME_PASSED_NOT_STRESS_DATA_AND_INTENSIVE_EXERCISE,ACTIVITY,2025-10-18T21:17:29,14400000,12240000,-23,EXERCISE_TRAINING_EFFECT_4_GOOD_TIMING,HIGHLY_IMPROVING_AEROBIC_ENDURANCE,3615274803,2025-10-19T01:12:19,ACTIVITY,2025-10-19T01:55:58,14400000,10380000,0,EXERCISE_TRAINING_EFFECT_2,MAINTAINING_AEROBIC_BASE,3615274803,2025-10-19T04:50:11,14.0,21.0,9.0,18.0,2025-10-19T06:26:00.0,200,,,,,,,,,,,,,0,0,,,,,,,,,,,,,,,,,,,,,,,,,,,,,,,,,,,,,,,,,,,,,3615274803,2025-10-18T03:40:06,480,460,DECREASED,NO_CHANGE,DECREASING_HIGH_QUALITY,NO_CHANGE,NO_CHANGE,1,1360,1380,1,3615274803,2025-10-19T04:50:12,480,480,NO_CHANGE_NO_ADJUSTMENTS,NO_CHANGE,NO_CHANGE,NO_DATA,NO_CHANGE,0,1360,1380,1,,,,,,,,,90,,139,BALANCED,HRV_BALANCED_5,2025-10-19T08:02:59.662,,7,3615274803,,,NONE,0,PRODUCTIVE_6,0,66,HIGH,FEEDBACK_4,335,328.5,175.20000000000002,219,1.5,1,PRODUCTIVE_6,129031336,55.7,56.0,0,900,0,25,0,ACCLIMATIZING,316,0,17,0,2025-10-19T11:55:13.0,3615274803,LOW,LOW_RT_HIGH_SS_UNKNOWN,HIGH_RECOVERY_NEEDS,25,,0,NONE,2839,31,POOR,68,MODERATE,335,59,MODERATE,100,VERY_GOOD,90,78,GOOD,0,UPDATE_REALTIME_VARIABLES,1,,25,25,19.06007752101621,18.0,19.06007752101621,1.3,3,19.62414995709126,3,0,6,50,0,71.1,0,6,24.1,20.7,3.4,18.0,1,0,2025-10-19T00:00:00.0,2839,25,LOW,HIGH_RECOVERY_NEEDS,,78,100,90,59,335,68,7,BALANCED,90,198.2,20.6,46.9,-26.3,70,78,116,0.4078827,78,116,0.4078827,567.0,Cilaos Randonnée,hiking,20732816886,,,,,,,,,,,,,,,,,,,,,,,,,,,,,,,,,,,,,,,,,,,,,Cilaos Randonnée,hiking,20732817712,ACCLIMATIZING,75,19.62414995709126,2,,,,,,,,,,,,,,,,,,,,,
2025-10-20,2157.0,1.0,2156.0,2157.0,178,145,145,1.0,1.0,2,private,11420,2025-10-19T20:00:00.0,2025-10-20T00:00:00.0,2025-10-20T20:00:00.0,2025-10-21T00:00:00.0,86400000,7,62,84183,2148,1,0,0,0,0,0,0.0,0.0,0.0,0.0,150,10,44,84,54,50,23,74,2880,8280,180,75000,86340,2040,840,,3.34,9.59,0.21,86.87,2.36,0.97,0.0,UNKNOWN,9240,2100,45,80,6,2,39,20,24,,,3.0,330.0,2025-10-20T17:00:16,MODERATE,NO_DATA,NO_DATA,,,,RECOVERY,2025-10-20T12:04:47,14400000,660000,2,RECOVERY_SHORT,BODY_BATTERY_RECHARGE,3615274803,2025-10-20T17:44:20,,,,,,,,,,17.0,23.0,8.0,17.0,2025-10-20T19:59:00.0,200,,,,,,,,,,,,,0,0,,,,,,,,,,,,,,,,,,,,,,,,,,,,,,,,,,,,,,,,,,,,,3615274803,2025-10-19T04:50:12,480,480,NO_CHANGE_NO_ADJUSTMENTS,NO_CHANGE,NO_CHANGE,NO_DATA,NO_CHANGE,0,1360,1380,1,3615274803,2025-10-20T03:51:12,480,480,NO_CHANGE_NO_ADJUSTMENTS,NO_CHANGE,NO_DATA,NO_DATA,NO_CHANGE,0,1360,1380,1,,,,,,,,,88,,,BALANCED,HRV_BALANCED_2,2025-10-20T03:51:41.384,,7,3615274803,,,NONE,0,PRODUCTIVE_6,0,57,OPTIMAL,FEEDBACK_3,293,328.5,175.20000000000002,219,1.3,1,PRODUCTIVE_6,129031336,,,,850,900,25,25,ACCLIMATIZED,332,316,0,17,2025-10-20T07:51:12.0,3615274803,MODERATE,MOD_RT_MOD_SS_UNKNOWN,RECOVERY_IN_PROGRESS,54,,0,NONE,1643,56,MODERATE,77,GOOD,293,0,NONE,100,VERY_GOOD,88,82,GOOD,0,AFTER_WAKEUP_RESET,1,,54,25,19.06007752101621,18.0,19.06007752101621,1.3,3,19.62414995709126,3,0,6,50,0,71.1,0,6,24.1,20.7,3.4,18.0,1,0,2025-10-20T00:00:00.0,1643,54,MODERATE,RECOVERY_IN_PROGRESS,,82,100,88,0,293,77,7,BALANCED,88,0.0,20.1,40.2,-20.1,71,78,116,0.38157654,78,116,0.38157654,,,,,,,,,,,,,,,,,,,,,,,,,,,,,,,,,,,,,,,,,,,,,,,,,,,,DEACCLIMATIZING,75,19.62414995709126,2,,,,,,,,,,,,,,,,,,,,,
2025-10-21,3626.0,1470.0,2156.0,3626.0,31145,20088,20088,1470.0,1470.0,2,private,11420,2025-10-20T20:00:00.0,2025-10-21T00:00:00.0,2025-10-21T20:00:00.0,2025-10-22T00:00:00.0,86400000,1153,19986,46289,18972,1,1,0,0,177,42,878.011,888.911,288.06135,291.63747,150,10,43,150,47,50,20,90,5820,19020,22020,39420,86280,2760,2460,600,6.75,22.04,25.52,45.69,3.2,2.85,0.7,UNKNOWN,27960,18900,44,148,61,55,84,24,30,64,84,3.0,979.0,2025-10-21T17:00:11,LOW,SLEEP_PREPARATION_NOT_STRESS_DATA_AND_EXERCISE,SLEEP_PREPARATION_NOT_STRESS_DATA_AND_EXERCISE_AND_BB_LOW,2025-10-21T19:52:26,MODERATE,SLEEP_TIME_PASSED_NOT_STRESS_DATA_AND_EXERCISE,SLEEP,2025-10-20T19:24:12,14400000,21120000,64,NONE,NONE,3615274803,2025-10-21T01:16:50,ACTIVITY,2025-10-21T03:18:35,14400000,21780000,-34,EXERCISE_TRAINING_EFFECT_2,MAINTAINING_AEROBIC_BASE,3615274803,2025-10-21T09:22:13,13.0,19.0,8.0,15.0,2025-10-21T10:39:00.0,200,20940,0,1,1760988252000,1761009372000,1761002652000,1761023772000,0,3600,15300,2040,180,1,0,1,15.0,10.0,20.0,0,11.0,ADULT,51.0,NEGATIVE_NOT_ENOUGH_REM,NONE,GENERAL_NEG_FAIR_OR_POOR_SLEEP,FAIR,28800.0,28800.0,EXCELLENT,0.0,15.0,EXCELLENT,0.0,1.0,70,FAIR,10,POOR,21.0,31.0,4397.4,6491.4,GOOD,0.0,5.0,73,FAIR,30.0,64.0,6282.0,13401.6,17,GOOD,16.0,33.0,3350.4,6910.2,2,3615274803,2025-10-20T03:51:12,480,480,NO_CHANGE_NO_ADJUSTMENTS,NO_CHANGE,NO_DATA,NO_DATA,NO_CHANGE,0,1360,1380,1,3615274803,2025-10-21T09:22:13,480,480,NO_CHANGE_NO_ADJUSTMENTS,NO_CHANGE,NO_CHANGE,NO_CHANGE,NO_CHANGE,0,1350,1370,1,64,47,5.82,60,255,34,3,70,91,105,146,BALANCED,HRV_BALANCED_2,2025-10-21T01:17:10.894,105,7,3615274803,,,NONE,0,PRODUCTIVE_1,0,61,OPTIMAL,FEEDBACK_3,323,328.5,175.20000000000002,219,1.4,1,PRODUCTIVE_1,129031336,,,,900,850,25,25,ACCLIMATIZED,322,332,7,0,2025-10-21T13:22:13.0,3615274803,MODERATE,MOD_RT_MOD_SS_MOD,LISTEN_TO_YOUR_BODY,50,70,55,MODERATE,1485,60,MODERATE,71,GOOD,323,0,NONE,100,VERY_GOOD,91,0,NONE,1,AFTER_POST_EXERCISE_RESET,1,REACHED_ZERO,50,25,19.06007752101621,18.0,19.06007752101621,1.3,3,19.62414995709126,2,0,6,50,0,78.1,0,6,24.1,20.7,3.4,18.0,1,0,2025-10-21T00:00:00.0,1485,50,MODERATE,LISTEN_TO_YOUR_BODY,70,0,100,91,0,323,71,7,BALANCED,91,115.3,22.3,50.9,-28.6,71,78,116,0.42105103,78,116,0.42105103,544.0,Saint-Paul Randonnée,hiking,20752940033,,,,,,,,,,,,,,,,,,,,,,,,,,,,,,,,,,,,,,,,,,,,,,,,ACCLIMATIZING,,,,,,,,,,,,,,,,,,,,,,,,
2025-10-22,2156.0,0.0,2156.0,2156.0,,0,0,0.0,0.0,2,private,13400,2025-10-21T20:00:00.0,2025-10-22T00:00:00.0,2025-10-22T20:00:00.0,2025-10-23T00:00:00.0,86400000,0,0,86400,0,1,0,0,0,0,0,0.0,0.0,0.0,0.0,150,10,54,79,54,50,31,72,3240,2220,,75000,80460,2820,420,,4.03,2.76,0.0,93.21,3.5,0.52,0.0,UNKNOWN,5460,0,57,79,0,3,22,19,19,,,3.0,331.0,2025-10-22T17:00:12,MODERATE,NO_DATA,NO_DATA,,,,,,,,,,,,,,,,,,,,,,16.0,23.0,8.0,10.0,2025-10-22T19:59:00.0,200,,,,,,,,,,,,,0,0,,,,,,,,,,,,,,,,,,,,,,,,,,,,,,,,,,,,,,,,,,,,,3615274803,2025-10-21T09:22:13,480,480,NO_CHANGE_NO_ADJUSTMENTS,NO_CHANGE,NO_CHANGE,NO_CHANGE,NO_CHANGE,0,1350,1370,1,3615274803,2025-10-22T03:56:12,480,480,NO_CHANGE_NO_ADJUSTMENTS,NO_CHANGE,NO_DATA,NO_DATA,NO_CHANGE,0,1350,1370,1,,,,,,,,,96,,,BALANCED,HRV_BALANCED_2,2025-10-22T03:56:31.610,,7,3615274803,,,NONE,0,PRODUCTIVE_1,0,52,OPTIMAL,FEEDBACK_2,276,328.5,175.20000000000002,219,1.2,1,PRODUCTIVE_1,129031336,,,,850,900,25,25,ACCLIMATIZED,332,322,0,7,2025-10-22T07:56:12.0,3615274803,MODERATE,UNKNOWN,UNKNOWN,54,,0,NONE,372,90,GOOD,80,GOOD,276,0,NONE,98,GOOD,96,55,MODERATE,0,AFTER_WAKEUP_RESET,1,,54,25,19.06007752101621,18.0,19.06007752101621,1.3,3,19.62414995709126,2,0,6,50,0,78.1,0,6,24.1,20.7,3.4,18.0,1,0,2025-10-21T00:00:00.0,372,54,MODERATE,UNKNOWN,,55,98,96,0,276,80,7,BALANCED,96,0.0,21.8,43.6,-21.8,71,78,115,0.49324036,78,115,0.49324036,,,,,,,,,,,,,,,,,,,,,,,,,,,,,,,,,,,,,,,,,,,,,,,,,,,,DEACCLIMATIZING,,,,,,,,,,,,,,,,,,,,,,,,
2025-10-23,2284.0,128.0,2156.0,2284.0,3891,3169,3169,128.0,128.0,2,private,13400,2025-10-22T20:00:00.0,2025-10-23T00:00:00.0,2025-10-23T20:00:00.0,2025-10-24T00:00:00.0,86400000,98,1962,56440,27900,1,0,0,0,0,0,4.13,0.0,1.35499,0.0,150,10,41,108,45,49,41,96,32160,25680,23760,4740,86340,7200,14760,10200,37.25,29.74,27.52,5.49,8.34,17.1,11.81,STRESSFUL,54960,26640,42,103,76,55,91,7,10,73,91,3.0,380.0,2025-10-23T17:45:10,LOW,SLEEP_PREPARATION_STRESSFUL_AND_INACTIVE,SLEEP_PREPARATION_STRESSFUL_AND_INACTIVE_AND_BB_LOW,,,,SLEEP,2025-10-22T20:24:12,14400000,23820000,73,NONE,NONE,3615274803,2025-10-23T03:03:00,STRESS,2025-10-23T10:50:45,14400000,2760000,-6,STRESS,STRESSFUL_PERIOD,3615274803,2025-10-23T11:39:18,14.0,24.0,6.0,9.0,2025-10-23T19:59:00.0,200,23640,0,1,1761164652000,1761188472000,1761179052000,1761202872000,0,4080,15840,3720,180,1,0,1,15.0,6.0,19.0,0,10.0,ADULT,50.0,POSITIVE_RECOVERING,NONE,GENERAL_POS_FAIR_OR_POOR_SLEEP,FAIR,28800.0,28800.0,EXCELLENT,0.0,15.0,EXCELLENT,0.0,1.0,79,FAIR,16,FAIR,21.0,31.0,4964.4,7328.4,GOOD,0.0,5.0,67,FAIR,30.0,64.0,7092.0,15129.6,17,GOOD,16.0,33.0,3782.4,7801.2,2,3615274803,2025-10-22T03:56:12,480,480,NO_CHANGE_NO_ADJUSTMENTS,NO_CHANGE,NO_DATA,NO_DATA,NO_CHANGE,0,1350,1370,1,3615274803,2025-10-23T03:03:00,480,480,NO_CHANGE_NO_ADJUSTMENTS,NO_CHANGE,NO_CHANGE,NO_CHANGE,NO_CHANGE,0,1350,1370,1,73,45,6.57,68,264,62,3,79,105,109,142,BALANCED,HRV_BALANCED_2,2025-10-23T03:03:26.898,109,4,3615274803,,,NONE,0,MAINTAINING_1,0,42,OPTIMAL,FEEDBACK_2,231,328.5,175.20000000000002,219,1.0,1,MAINTAINING_1,129031336,,,,850,850,25,25,ACCLIMATIZED,1487,332,0,0,2025-10-23T07:03:00.0,3615274803,MODERATE,MOD_RT_LOW_SS_MOD,GOOD_SLEEP_HISTORY,71,79,68,MODERATE,1,99,GOOD,89,GOOD,231,0,NONE,82,GOOD,105,55,MODERATE,1,AFTER_WAKEUP_RESET,1,NO_CHANGE_SLEEP,71,25,19.06007752101621,18.0,19.06007752101621,1.1,3,19.62414995709126,3,0,6,50,0,66.5,0,6,24.1,20.7,3.4,18.0,1,0,2025-10-23T00:00:00.0,1,71,MODERATE,GOOD_SLEEP_HISTORY,79,55,82,105,0,231,89,4,BALANCED,105,0.0,21.3,37.4,-16.1,70,78,115,0.6148529,78,115,0.6148529,,,,,,,,,,,,,,,,,,,,,,,,,,,,,,,,,,,,,,,,,,,,,,,,,,,,ACCLIMATIZED,75,19.62414995709126,2,,,,,,,,,,,,,,,,,,,,,
2025-10-24,3044.0,888.0,2156.0,3044.0,14123,14709,14709,888.0,888.0,2,private,7500,2025-10-23T22:00:00.0,2025-10-24T00:00:00.0,2025-10-24T22:00:00.0,2025-10-25T00:00:00.0,86400000,4367,1646,55023,25364,1,1,0,0,3,61,116.465,116.305,38.2103,38.15781,150,10,49,167,52,50,37,99,33300,21360,8640,22800,86100,18120,12600,2580,38.68,24.81,10.03,26.48,21.05,14.63,3.0,STRESSFUL,46380,16920,49,164,32,37,50,5,12,43,50,3.0,514.0,2025-10-24T19:00:08,VERY_LOW,SLEEP_PREPARATION_NOT_STRESS_DATA_AND_INTENSIVE_EXERCISE,SLEEP_PREPARATION_NOT_STRESS_DATA_AND_HARD_EXERCISE_AND_BB_LOW,2025-10-24T21:57:22,LOW,SLEEP_TIME_PASSED_STRESSFUL_AND_INTENSIVE_EXERCISE,SLEEP,2025-10-23T18:52:00,7200000,29460000,43,NONE,NONE,3615274803,2025-10-24T03:36:12,ACTIVITY,2025-10-24T09:19:18,7200000,3660000,-12,EXERCISE_TRAINING_EFFECT_3,IMPROVING_AEROBIC_ENDURANCE,3615274803,2025-10-24T10:21:16,14.0,22.0,6.0,16.0,2025-10-24T22:00:00.0,200,25680,0,1,1761245520000,1761274980000,1761259920000,1761289380000,0,3480,18000,4200,3780,1,0,1,14.0,8.0,19.0,4,30.0,ADULT,57.0,NEGATIVE_NOT_RESTORATIVE,NEGATIVE_HIGHLY_STRESSFUL_DAY,STRESS_NEG_POOR_SLEEP_VERY_STRESSFUL_DAY,FAIR,28800.0,28800.0,POOR,0.0,15.0,POOR,0.0,1.0,59,POOR,16,FAIR,21.0,31.0,5392.8,7960.8,POOR,0.0,5.0,70,FAIR,30.0,64.0,7704.0,16435.2,14,FAIR,16.0,33.0,4108.8,8474.4,2,3615274803,2025-10-23T03:03:00,480,480,NO_CHANGE_NO_ADJUSTMENTS,NO_CHANGE,NO_CHANGE,NO_CHANGE,NO_CHANGE,0,1350,1370,1,3615274803,2025-10-24T10:21:17,480,510,INCREASED,HIGH_ACWR,INCREASING_LOW_QUALITY,NO_CHANGE,NO_CHANGE,1,1320,1370,1,43,52,7.13,58,300,70,63,59,102,88,140,BALANCED,HRV_BALANCED_6,2025-10-24T09:12:35.547,88,7,3615274803,,,NONE,0,PRODUCTIVE_6,0,66,HIGH,FEEDBACK_4,329,328.5,175.20000000000002,219,1.5,1,PRODUCTIVE_6,129031336,55.7,56.0,0,850,850,49,25,ACCLIMATIZING,35,1487,0,7,2025-10-24T12:21:17.0,3615274803,LOW,LOW_RT_HIGH_SS_POOR,HIGH_RECOVERY_NEEDS,30,59,39,POOR,2274,39,POOR,69,MODERATE,329,0,NONE,88,GOOD,102,68,MODERATE,1,AFTER_POST_EXERCISE_RESET,1,REACHED_ZERO,30,25,19.06007752101621,18.0,19.06007752101621,1.1,3,19.62414995709126,2,0,6,50,0,76.6,0,6,24.1,20.7,3.4,18.0,1,0,2025-10-24T00:00:00.0,2274,30,LOW,HIGH_RECOVERY_NEEDS,59,68,88,102,0,329,69,7,BALANCED,102,60.5,22.2,40.7,-18.5,70,78,115,0.5743103,78,115,0.5743103,91.0,Chevrières Course à pied,running,20782216170,,,,,,,,,,129031336,55.7,56.0,0,850,850,49,25,35,1487,0,7,55.7,,,,,,,,,,,,,,,,,,,,,,,,,,ACCLIMATIZED,,,,ACCLIMATIZING,ACCLIMATIZED,,,,,,,,,,,,,,,,,,,
2025-10-25,3130.0,974.0,2156.0,2400.0,5442,41218,4453,912.0,974.0,2,private,8170,2025-10-24T22:00:00.0,2025-10-25T00:00:00.0,2025-10-25T22:00:00.0,2025-10-26T00:00:00.0,86400000,840,2159,60391,23010,1,1,0,0,11,59,25.369,28.775,8.32316,9.44062,150,10,49,157,52,51,39,99,45660,21240,5580,13920,86400,24840,18840,1980,52.85,24.58,6.46,16.11,28.75,21.81,2.29,STRESSFUL,51000,21480,50,157,39,47,52,5,5,47,52,3.0,35.0,2025-10-25T20:35:23,VERY_LOW,SLEEP_PREPARATION_STRESSFUL_AND_INTENSIVE_EXERCISE,SLEEP_PREPARATION_STRESSFUL_AND_INTENSIVE_EXERCISE_AND_BB_LOW,2025-10-25T21:16:23,VERY_LOW,SLEEP_TIME_PASSED_STRESSFUL_AND_INTENSIVE_EXERCISE,SLEEP,2025-10-24T20:00:16,7200000,29760000,47,NONE,NONE,3615274803,2025-10-25T05:10:27,ACTIVITY,2025-10-25T14:13:32,7200000,4440000,-9,EXERCISE_TRAINING_EFFECT_3,IMPROVING_AEROBIC_BASE,3615274803,2025-10-25T15:28:46,14.0,22.0,7.0,15.0,2025-10-25T22:00:00.0,200,28320,0,1,1761336016000,1761365776000,1761343216000,1761372976000,0,6300,17160,4860,1440,1,0,1,15.0,7.0,18.0,2,23.0,ADULT,56.0,POSITIVE_LONG_AND_DEEP,POSITIVE_EXERCISE,MOD_EXERCISE_POS_FAIR_SLEEP_MOD_TO_VIG_DURING_DAY_OUTDOOR,EXCELLENT,28800.0,28800.0,FAIR,0.0,15.0,FAIR,0.0,1.0,79,FAIR,17,FAIR,21.0,31.0,5947.2,8779.2,FAIR,0.0,5.0,61,GOOD,30.0,64.0,8496.0,18124.8,22,EXCELLENT,16.0,33.0,4531.2,9345.6,2,3615274803,2025-10-24T10:21:17,480,510,INCREASED,HIGH_ACWR,INCREASING_LOW_QUALITY,NO_CHANGE,NO_CHANGE,1,1320,1370,1,3615274803,2025-10-25T15:28:46,480,480,NO_CHANGE_NO_ADJUSTMENTS,NO_CHANGE,NO_CHANGE,NO_CHANGE,NO_CHANGE,0,1350,1370,1,47,52,7.87,105,286,81,24,79,91,67,104,BALANCED,HRV_BALANCED_2,2025-10-25T05:10:42.213,67,7,3615274803,,,NONE,0,PRODUCTIVE_6,0,80,HIGH,FEEDBACK_4,391,328.5,175.20000000000002,219,1.7,1,PRODUCTIVE_6,129031336,55.7,56.0,0,0,850,49,49,ACCLIMATIZED,38,0,0,0,2025-10-25T17:28:46.0,3615274803,LOW,LOW_RT_MOD_OR_LOW_SS_MOD_ACWR_NEG,BALANCE_YOUR_TRAINING_LOAD,26,79,68,MODERATE,2007,45,MODERATE,52,MODERATE,391,50,MODERATE,100,VERY_GOOD,91,48,MODERATE,1,AFTER_POST_EXERCISE_RESET,1,NO_CHANGE_SLEEP,26,25,19.06007752101621,18.0,19.06007752101621,1.3,3,19.62414995709126,2,0,6,50,0,86.5,0,6,24.1,20.7,3.4,18.0,1,0,2025-10-25T00:00:00.0,2007,26,LOW,BALANCE_YOUR_TRAINING_LOAD,79,48,100,91,50,391,52,7,BALANCED,91,149.8,25.3,56.3,-31.0,71,78,116,0.42105103,78,116,0.42105103,215.0,Vélo d'intérieur,indoor_cycling,20794242371,,,,,,,,,,,,,,,,,,,,,,,,,,,,,,,,,,,,,,,,,730.0,,,,,,,,,,,,,,,,,,,,,,,,,,,,,,,
2025-10-26,2317.0,72.0,2245.0,2317.0,2971,2474,2474,72.0,72.0,2,private,7500,2025-10-25T22:00:00.0,2025-10-26T00:00:00.0,2025-10-26T23:00:00.0,2025-10-27T00:00:00.0,90000000,463,980,55646,32911,1,0,0,0,0,0,16.724,26.222,5.48688,8.60302,150,10,49,106,54,51,39,96,43200,35880,3780,7140,90000,19980,13920,9300,48.0,39.87,4.2,7.93,22.2,15.47,10.33,BALANCED,57540,25320,50,106,54,46,50,5,13,45,50,3.0,45.0,2025-10-26T20:00:10,LOW,SLEEP_PREPARATION_STRESSFUL_AND_INACTIVE,SLEEP_PREPARATION_STRESSFUL_AND_INACTIVE_AND_BB_LOW,2025-10-26T22:43:04,LOW,SLEEP_TIME_PASSED_STRESSFUL_AND_INACTIVE,SLEEP,2025-10-25T21:52:46,3600000,27540000,45,NONE,NONE,3615274803,2025-10-26T05:32:44,RECOVERY,2025-10-26T07:25:33,3600000,2040000,2,RECOVERY_BODY_BATTERY_INCREASE,BODY_BATTERY_RECHARGE,3615274803,2025-10-26T08:03:22,14.0,22.0,7.0,18.0,2025-10-26T23:00:00.0,200,27538,0,1,1761429166000,1761456764000,1761432766000,1761460364000,0,6660,16140,4740,60,1,0,1,15.0,9.0,19.0,0,24.0,ADULT,57.0,POSITIVE_LONG_AND_DEEP,NONE,MOD_EXERCISE_POS_EXCELLENT_OR_GOOD_SLEEP_VIGOROUS_DURING_DAY,EXCELLENT,28800.0,28800.0,FAIR,0.0,15.0,EXCELLENT,0.0,1.0,80,GOOD,17,FAIR,21.0,31.0,5782.98,8536.78,EXCELLENT,0.0,5.0,59,EXCELLENT,30.0,64.0,8261.4,17624.32,24,EXCELLENT,16.0,33.0,4406.08,9087.54,2,3615274803,2025-10-25T15:28:46,480,480,NO_CHANGE_NO_ADJUSTMENTS,NO_CHANGE,NO_CHANGE,NO_CHANGE,NO_CHANGE,0,1350,1370,1,3615274803,2025-10-26T05:32:45,480,480,NO_CHANGE_NO_ADJUSTMENTS,NO_CHANGE,NO_CHANGE,NO_CHANGE,NO_CHANGE,0,1340,1360,1,45,54,7.65,111,269,79,1,80,84,64,89,BALANCED,HRV_BALANCED_2,2025-10-26T05:33:28.75,64,7,3615274803,,,NONE,0,PRODUCTIVE_6,0,66,HIGH,FEEDBACK_4,332,328.5,175.20000000000002,219,1.5,1,PRODUCTIVE_6,129031336,55.7,56.0,0,0,0,49,49,ACCLIMATIZED,45,0,0,0,2025-10-26T22:55:13.0,3615274803,MODERATE,MOD_RT_LOW_SS_GOOD_ACWR_NEG,RECOVERED_AND_READY,50,80,70,GOOD,244,93,GOOD,68,MODERATE,332,57,MODERATE,93,GOOD,84,58,MODERATE,1,UPDATE_REALTIME_VARIABLES,1,,50,25,19.06007752101621,18.0,19.06007752101621,1.3,3,19.62414995709126,2,0,6,50,0,86.5,0,6,24.1,20.7,3.4,18.0,1,0,2025-10-25T00:00:00.0,244,50,MODERATE,RECOVERED_AND_READY,80,58,93,84,57,332,68,7,BALANCED,84,0.0,24.7,48.3,-23.6,71,78,115,0.33106995,78,115,0.33106995,,,,,STRESS,2025-10-26T11:44:08,3600000,3900000,-7,STRESS,STRESSFUL_PERIOD,3615274803,2025-10-26T12:53:55,,,,,,,,,,,,,,,,,,,,,,,,,,,,,,,,,,,,,,,,,,,,,,,,,,,,,,,,,,,,,,,
2025-10-27,2781.0,625.0,2156.0,2781.0,4057,3304,3304,625.0,625.0,2,private,6600,2025-10-26T23:00:00.0,2025-10-27T00:00:00.0,2025-10-27T23:00:00.0,2025-10-28T00:00:00.0,86400000,770,1154,55496,28980,1,1,0,0,21,42,27.525,33.883,9.03051,11.11647,150,10,47,147,51,51,36,91,38400,31620,5940,10440,86400,18600,14940,4860,44.44,36.6,6.88,12.08,21.53,17.29,5.62,BALANCED,53760,22200,47,145,73,62,74,12,24,68,74,3.0,38.0,2025-10-27T21:52:56,MODERATE,SLEEP_PREPARATION_STRESSFUL_AND_EXERCISE,SLEEP_PREPARATION_STRESSFUL_AND_EXERCISE,2025-10-27T22:12:28,MODERATE,SLEEP_TIME_PASSED_STRESSFUL_AND_EXERCISE,SLEEP,2025-10-26T21:24:13,3600000,28080000,68,NONE,NONE,3615274803,2025-10-27T05:21:01,ACTIVITY,2025-10-27T05:21:02,3600000,3720000,-12,EXERCISE_TRAINING_EFFECT_2,MAINTAINING_AEROBIC_BASE,3615274803,2025-10-27T06:23:23,14.0,22.0,8.0,17.0,2025-10-27T23:00:00.0,200,27120,0,1,1761513853000,1761541933000,1761517453000,1761545533000,0,2640,21540,2940,960,1,0,1,15.0,8.0,19.0,1,15.0,ADULT,54.0,NEGATIVE_LONG_BUT_NOT_ENOUGH_REM,NEGATIVE_STRESSFUL_DAY,STRESS_NEG_FAIR_OR_POOR_SLEEP_STRESSFUL_DAY_INACTIVE,GOOD,28800.0,28800.0,GOOD,0.0,15.0,GOOD,0.0,1.0,77,FAIR,11,POOR,21.0,31.0,5695.2,8407.2,GOOD,0.0,5.0,79,FAIR,30.0,64.0,8136.0,17356.8,10,FAIR,16.0,33.0,4339.2,8949.6,2,3615274803,2025-10-26T05:32:45,480,480,NO_CHANGE_NO_ADJUSTMENTS,NO_CHANGE,NO_CHANGE,NO_CHANGE,NO_CHANGE,0,1340,1360,1,3615274803,2025-10-27T06:56:13,480,480,NO_CHANGE_NO_ADJUSTMENTS,NO_CHANGE,NO_CHANGE,NO_CHANGE,NO_CHANGE,0,1340,1360,1,68,51,7.53,44,359,49,16,77,83,77,120,BALANCED,HRV_BALANCED_2,2025-10-27T06:23:25.375,77,7,3615274803,,,NONE,0,PRODUCTIVE_6,0,66,HIGH,FEEDBACK_4,340,328.5,175.20000000000002,219,1.5,1,PRODUCTIVE_6,129031336,55.7,56.0,0,0,0,49,49,ACCLIMATIZED,22,0,0,0,2025-10-27T09:55:13.0,3615274803,MODERATE,MOD_RT_LOW_SS_MOD_ACWR_NEG,WORKING_HARD,50,77,65,MODERATE,922,75,GOOD,66,MODERATE,340,61,MODERATE,88,GOOD,83,69,MODERATE,1,UPDATE_REALTIME_VARIABLES,1,,50,25,19.06007752101621,18.0,19.06007752101621,1.3,3,19.62414995709126,2,0,6,50,0,87.3,0,6,24.1,20.7,3.4,18.0,1,0,2025-10-27T00:00:00.0,922,50,MODERATE,WORKING_HARD,77,69,88,83,61,340,66,7,BALANCED,83,38.8,25.0,46.9,-21.9,71,78,115,0.31756592,78,115,0.31756592,260.0,Vélo d'intérieur,indoor_cycling,20808471944,,,,,,,,,,,,,,,,,,,,,,,,,,,,,,,,,,,,,,,,,,,,,,,,,,,,,,,,,,,,,,,,,,,,,,,,
2025-10-28,2674.0,518.0,2156.0,2674.0,4830,5323,3974,518.0,518.0,2,private,6100,2025-10-27T23:00:00.0,2025-10-28T00:00:00.0,2025-10-28T23:00:00.0,2025-10-29T00:00:00.0,86400000,880,1952,54558,29010,1,1,0,0,16,16,25.916,20.826,8.50262,6.83268,150,10,46,172,50,51,33,95,37800,30540,7980,10020,86340,24540,10860,2400,43.78,35.37,9.24,11.61,28.42,12.58,2.78,STRESSFUL,53280,23040,46,158,59,60,79,19,24,67,79,3.0,39.0,2025-10-28T20:52:13,MODERATE,SLEEP_PREPARATION_STRESSFUL_AND_EXERCISE,SLEEP_PREPARATION_STRESSFUL_AND_EXERCISE,2025-10-28T22:24:26,MODERATE,SLEEP_TIME_PASSED_STRESSFUL_AND_EXERCISE,SLEEP,2025-10-27T21:09:13,3600000,29700000,68,NONE,NONE,3615274803,2025-10-28T06:15:15,ACTIVITY,2025-10-28T17:41:38,3600000,2340000,-3,EXERCISE_TRAINING_EFFECT_2,EASY_AEROBIC,3615274803,2025-10-28T18:21:43,14.0,22.0,7.0,11.0,2025-10-28T22:59:00.0,200,29580,0,1,1761599353000,1761629053000,1761602953000,1761632653000,0,5100,20220,4260,120,1,0,1,15.0,9.0,18.0,0,16.0,ADULT,54.0,POSITIVE_LONG_AND_CONTINUOUS,NONE,MOD_EXERCISE_POS_EXCELLENT_OR_GOOD_SLEEP_VIGOROUS_DURING_DAY,EXCELLENT,28800.0,28800.0,FAIR,0.0,15.0,EXCELLENT,0.0,1.0,86,GOOD,14,FAIR,21.0,31.0,6211.8,9169.8,EXCELLENT,0.0,5.0,68,FAIR,30.0,64.0,8874.0,18931.2,17,GOOD,16.0,33.0,4732.8,9761.4,2,3615274803,2025-10-27T06:56:13,480,480,NO_CHANGE_NO_ADJUSTMENTS,NO_CHANGE,NO_CHANGE,NO_CHANGE,NO_CHANGE,0,1340,1360,1,3615274803,2025-10-28T18:21:43,480,480,NO_CHANGE_NO_ADJUSTMENTS,NO_CHANGE,NO_CHANGE,NO_CHANGE,NO_CHANGE,0,1340,1360,1,68,50,8.22,85,337,71,2,86,78,73,117,UNBALANCED,HRV_UNBALANCED_7,2025-10-28T06:16:02.618,73,4,3615274803,,,NONE,0,MAINTAINING_7,0,66,HIGH,FEEDBACK_4,334,328.5,175.20000000000002,219,1.5,1,MAINTAINING_7,129031336,55.7,56.0,0,0,0,47,49,DEACCLIMATIZING,28,0,0,0,2025-10-28T19:21:43.0,3615274803,MODERATE,MOD_HRV_UNBALANCED,LISTEN_TO_YOUR_BODY,55,86,82,GOOD,752,80,GOOD,68,MODERATE,334,61,MODERATE,67,MODERATE,78,67,MODERATE,1,AFTER_POST_EXERCISE_RESET,1,REACHED_ZERO,55,25,19.06007752101621,18.0,19.06007752101621,1.5,3,19.62414995709126,2,0,6,50,0,89.5,0,6,24.1,20.7,3.4,18.0,1,0,2025-10-28T00:00:00.0,752,55,MODERATE,LISTEN_TO_YOUR_BODY,86,67,67,78,61,334,68,4,UNBALANCED,78,49.9,25.6,47.3,-21.8,71,79,115,0.24143982,79,115,0.24143982,43.0,Nat. piscine,lap_swimming,20823966317,,,,,,,,,,,,,,,,,,,,,,,,,,,,,,,,,,,,,,,,,,,,,,,,,,,,,,,,,,,,,,,,,,,,,,,,
2025-10-29,2850.0,694.0,2156.0,2161.0,791,9582,644,12.0,694.0,2,private,5850,2025-10-28T23:00:00.0,2025-10-29T00:00:00.0,2025-10-29T23:00:00.0,2025-10-30T00:00:00.0,86400000,244,57,62656,23443,1,1,0,0,0,0,6.096,5.716,2.0,1.87533,150,10,49,102,54,51,25,93,9060,18420,1020,57900,86400,8520,420,120,10.49,21.32,1.18,67.01,9.86,0.49,0.14,UNKNOWN,5100,23400,50,100,34,5,58,24,53,39,58,3.0,51.0,2025-10-29T22:30:56,MODERATE,NO_DATA,NO_DATA,2025-10-29T03:36:42,HIGH,SLEEP_TIME_PASSED_STRESSFUL_AND_INACTIVE,SLEEP,2025-10-28T21:20:43,3600000,29400000,39,NONE,NONE,3615274803,2025-10-29T06:28:24,,,,,,,,,,14.0,21.0,8.0,18.0,2025-10-29T07:31:00.0,200,27960,0,1,1761686443000,1761715843000,1761690043000,1761719443000,0,3120,20340,4500,1440,1,0,1,16.0,9.0,20.0,2,24.0,ADULT,58.0,POSITIVE_LONG_AND_CONTINUOUS,POSITIVE_EXERCISE,MOD_EXERCISE_POS_FAIR_SLEEP_MOD_TO_VIG_CLOSE_BED,EXCELLENT,28800.0,28800.0,FAIR,0.0,15.0,FAIR,0.0,1.0,75,FAIR,16,FAIR,21.0,31.0,5871.6,8667.6,FAIR,0.0,5.0,73,FAIR,30.0,64.0,8388.0,17894.4,11,FAIR,16.0,33.0,4473.6,9226.8,2,3615274803,2025-10-28T18:21:43,480,480,NO_CHANGE_NO_ADJUSTMENTS,NO_CHANGE,NO_CHANGE,NO_CHANGE,NO_CHANGE,0,1340,1360,1,3615274803,2025-10-29T06:28:24,480,500,INCREASED,HIGH_ACWR,NO_CHANGE,INCREASING,NO_CHANGE,1,1320,1360,1,39,54,7.77,52,339,75,24,75,74,56,91,UNBALANCED,HRV_UNBALANCED_8,2025-10-29T06:28:39.131,56,4,3615274803,,,NONE,0,MAINTAINING_7,0,52,OPTIMAL,FEEDBACK_2,264,328.5,175.20000000000002,219,1.2,1,MAINTAINING_7,129031336,55.7,56.0,0,0,0,43,47,DEACCLIMATIZING,44,0,0,0,2025-10-29T07:28:24.0,3615274803,MODERATE,MOD_HRV_UNBALANCED,LISTEN_TO_YOUR_BODY,54,75,62,MODERATE,26,99,GOOD,82,GOOD,264,66,MODERATE,53,MODERATE,74,76,GOOD,1,AFTER_WAKEUP_RESET,1,NO_CHANGE_SLEEP,54,25,19.06007752101621,18.0,19.06007752101621,1.5,3,19.62414995709126,2,0,6,50,0,89.5,0,6,24.1,20.7,3.4,18.0,1,0,2025-10-28T00:00:00.0,26,54,MODERATE,LISTEN_TO_YOUR_BODY,75,76,53,74,66,264,82,4,UNBALANCED,74,0.0,25.0,40.6,-15.6,71,78,115,0.18058777,78,115,0.18058777,85.0,,,,,,,,,,,,,,,,,,,,,,,,,,,,,,,,,,,,,,,,,,,,689.0,,,,,,,,,,,,,,,,,,,,,,,,,,,,,,,
2025-10-30,2916.0,760.0,2156.0,2916.0,9937,11353,11353,760.0,760.0,2,private,4840,2025-10-29T23:00:00.0,2025-10-30T00:00:00.0,2025-10-30T23:00:00.0,2025-10-31T00:00:00.0,86400000,3779,182,81500,939,1,1,0,0,2,62,82.422,76.679,27.04134,25.15715,150,10,58,165,55,53,29,96,1740,2040,4080,78480,86340,1380,240,120,2.02,2.36,4.73,90.9,1.6,0.28,0.14,UNKNOWN,7860,0,60,164,0,15,42,16,16,,,3.0,39.0,2025-10-30T20:00:08,MODERATE,NO_DATA,NO_DATA,,,,ACTIVITY,2025-10-30T16:01:16,3600000,3660000,-14,EXERCISE_TRAINING_EFFECT_3,IMPROVING_AEROBIC_ENDURANCE,3615274803,2025-10-30T17:03:21,,,,,,,,,,18.0,22.0,8.0,17.0,2025-10-30T23:00:00.0,200,,,,,,,,,,,,,0,0,,,,,,,,,,,,,,,,,,,,,,,,,,,,,,,,,,,,,,,,,,,,,3615274803,2025-10-29T06:28:24,480,500,INCREASED,HIGH_ACWR,NO_CHANGE,INCREASING,NO_CHANGE,1,1320,1360,1,3615274803,2025-10-30T17:03:21,480,480,NO_CHANGE_NO_ADJUSTMENTS,NO_CHANGE,NO_DATA,NO_DATA,NO_CHANGE,0,1330,1350,1,,,,,,,,,70,,,LOW,HRV_LOW_4,2025-10-30T07:11:08.790,,8,3615274803,,,NONE,0,STRAINED_5,0,66,HIGH,FEEDBACK_4,371,349.5,186.4,233,1.5,1,STRAINED_5,129031336,54.8,55.0,0,0,0,38,43,DEACCLIMATIZING,32,0,0,0,2025-10-30T18:03:21.0,3615274803,POOR,POOR_HRV_LOW,FOCUS_ON_RECOVERY,1,,0,NONE,3187,26,POOR,64,MODERATE,371,66,MODERATE,36,POOR,70,68,MODERATE,0,AFTER_POST_EXERCISE_RESET,1,REACHED_ZERO,1,25,19.06007752101621,18.0,19.06007752101621,1.5,3,19.62414995709126,2,0,6,50,0,96.3,0,6,24.1,20.7,3.4,18.0,1,0,2025-10-30T00:00:00.0,3187,1,POOR,FOCUS_ON_RECOVERY,,68,36,70,66,371,64,8,LOW,70,60.0,25.8,43.3,-17.5,71,79,115,0.09603882,79,115,0.09603882,93.0,,,,,,,,,,,,,129031336,54.8,55.0,0,0,0,38,43,32,0,0,0,54.8,,,,,,,,,,,,,,,,,,,,,,,Chevrières Course à pied,running,20842502723,,,,,DEACCLIMATIZING,,,,,,,,,,,,,,,,,,,,
2025-10-31,2173.0,17.0,2156.0,2173.0,816,665,665,17.0,17.0,2,private,5350,2025-10-30T23:00:00.0,2025-10-31T00:00:00.0,2025-10-31T23:00:00.0,2025-11-01T00:00:00.0,86400000,214,101,58164,27921,1,0,0,0,0,0,4.616,10.262,1.51444,3.3668,150,10,49,101,51,52,19,88,4200,25560,780,55860,86400,3840,240,120,4.86,29.58,0.9,64.65,4.44,0.28,0.14,UNKNOWN,3240,27300,50,99,58,3,74,16,71,57,73,3.0,43.0,2025-10-31T20:00:11,MODERATE,NO_DATA,NO_DATA,,,,SLEEP,2025-10-30T22:44:21,3600000,28860000,57,NONE,NONE,3615274803,2025-10-31T07:36:13,,,,,,,,,,16.0,20.0,10.0,17.0,2025-10-31T07:41:00.0,200,28680,0,1,1761864261000,1761893121000,1761867861000,1761896721000,0,3480,21120,4080,180,1,0,1,16.0,10.0,20.0,0,18.0,ADULT,56.0,POSITIVE_LONG_AND_CONTINUOUS,NONE,MOD_EXERCISE_POS_EXCELLENT_OR_GOOD_SLEEP_VIGOROUS_DURING_DAY,EXCELLENT,28800.0,28800.0,FAIR,0.0,15.0,EXCELLENT,0.0,1.0,83,GOOD,14,FAIR,21.0,31.0,6022.8,8890.8,EXCELLENT,0.0,5.0,74,FAIR,30.0,64.0,8604.0,18355.2,12,FAIR,16.0,33.0,4588.8,9464.4,2,3615274803,2025-10-30T17:03:21,480,480,NO_CHANGE_NO_ADJUSTMENTS,NO_CHANGE,NO_DATA,NO_DATA,NO_CHANGE,0,1330,1350,1,3615274803,2025-10-31T07:36:13,480,510,INCREASED,HIGH_ACWR,NO_CHANGE,INCREASING,NO_CHANGE,1,1300,1350,1,57,51,7.97,58,352,68,3,83,66,63,99,LOW,HRV_LOW_3,2025-10-31T07:36:48.969,63,8,3615274803,,,NONE,0,STRAINED_5,0,57,OPTIMAL,FEEDBACK_3,310,348.0,185.60000000000002,232,1.3,1,STRAINED_5,129031336,54.8,55.0,0,0,0,32,38,DEACCLIMATIZING,28,0,0,0,2025-10-31T08:36:13.0,3615274803,LOW,LOW_HRV_LOW,TAKE_IT_EASY,27,83,76,GOOD,2315,38,POOR,77,GOOD,310,0,NONE,27,POOR,66,62,MODERATE,1,AFTER_WAKEUP_RESET,1,NO_CHANGE_SLEEP,27,25,19.06007752101621,18.0,19.06007752101621,1.6,3,19.62414995709126,2,0,6,50,0,96.3,0,6,24.1,20.7,3.4,18.0,1,0,2025-10-31T00:00:00.0,2315,27,LOW,TAKE_IT_EASY,83,62,27,66,0,310,77,8,LOW,66,0.0,25.2,37.2,-12.0,71,79,115,0.024215698,79,115,0.024215698,,,,,,,,,,,,,,,,,,,,,,,,,,,,,,,,,,,,,,,,,,,,,,,,,,,,,,,,,,,,,,,,,,,,,,,,,,,,
2025-11-01,2156.0,0.0,2156.0,2156.0,18,15,15,0.0,0.0,2,private,4900,2025-10-31T23:00:00.0,2025-11-01T00:00:00.0,2025-11-01T23:00:00.0,2025-11-02T00:00:00.0,86400000,0,30,86370,0,1,0,0,0,0,0,0.0,0.0,0.0,0.0,150,10,,,,,-1,,,,,86340,86340,,,,0.0,0.0,0.0,100.0,0.0,0.0,0.0,UNKNOWN,0,0,,,,,,,,,,,32.0,2025-11-01T20:00:19,MODERATE,NO_DATA,NO_DATA,,,,,,,,,,,,,,,,,,,,,,,,,,,,,,,,,,,,,,,,0,0,,,,,,,,,,,,,,,,,,,,,,,,,,,,,,,,,,,,,,,,,,,,,3615274803,2025-10-31T07:36:13,480,510,INCREASED,HIGH_ACWR,NO_CHANGE,INCREASING,NO_CHANGE,1,1300,1350,1,3615274803,2025-11-01T06:41:13,480,480,NO_CHANGE_NO_ADJUSTMENTS,NO_CHANGE,NO_CHANGE,NO_DATA,NO_CHANGE,0,1330,1350,1,,,,,,,,,66,,,LOW,HRV_LOW_3,2025-11-01T08:55:50.805,,8,3615274803,,,NONE,0,STRAINED_4,0,47,OPTIMAL,FEEDBACK_2,255,345.0,184.0,230,1.1,1,STRAINED_4,129031336,54.8,55.0,0,0,0,27,32,DEACCLIMATIZING,20,0,0,0,2025-11-01T07:41:13.0,3615274803,MODERATE,MOD_HRV_LOW,LISTEN_TO_YOUR_BODY,50,,0,NONE,931,75,GOOD,86,GOOD,255,0,NONE,28,POOR,66,76,GOOD,0,AFTER_WAKEUP_RESET,1,,50,25,19.06007752101621,18.0,19.06007752101621,1.6,3,19.62414995709126,2,0,6,50,0,96.3,0,6,24.1,20.7,3.4,18.0,1,0,2025-10-31T00:00:00.0,931,50,MODERATE,LISTEN_TO_YOUR_BODY,,76,28,66,0,255,86,8,LOW,66,0.0,24.6,31.8,-7.3,71,78,115,0.032348633,78,115,0.032348633,,,,,,,,,,,,,,,,,,,,,,,,,,,,,,,,,,,,,,,,,,,,,,,,,,,,,,,,,,,,,,,,,,,,,,,,,,,,
2025-11-02,2156.0,0.0,2156.0,2156.0,,,,0.0,0.0,2,private,4900,2025-11-01T23:00:00.0,2025-11-02T00:00:00.0,2025-11-02T23:00:00.0,2025-11-03T00:00:00.0,86400000,0,0,86400,0,1,0,0,0,0,0,0.0,0.0,0.0,0.0,150,10,,,,,-1,,,,,86400,86400,,,,0.0,0.0,0.0,100.0,0.0,0.0,0.0,UNKNOWN,0,0,,,,,,,,,,,35.0,2025-11-02T20:00:08,HIGH,NO_DATA,NO_DATA,,,,,,,,,,,,,,,,,,,,,,,,,,,,,,,,,,,,,,,,0,0,,,,,,,,,,,,,,,,,,,,,,,,,,,,,,,,,,,,,,,,,,,,,3615274803,2025-11-01T06:41:13,480,480,NO_CHANGE_NO_ADJUSTMENTS,NO_CHANGE,NO_CHANGE,NO_DATA,NO_CHANGE,0,1330,1350,1,3615274803,2025-11-02T06:45:55,480,480,NO_CHANGE_NO_ADJUSTMENTS,NO_CHANGE,NO_DATA,NO_DATA,NO_CHANGE,0,1330,1350,1,,,,,,,,,66,,,LOW,HRV_LOW_6,2025-11-02T09:53:06.450,,8,3615274803,,,NONE,0,STRAINED_4,0,33,OPTIMAL,FEEDBACK_2,201,343.5,183.20000000000002,229,0.8,1,STRAINED_4,129031336,54.8,55.0,0,0,0,22,27,DEACCLIMATIZING,38,0,0,0,2025-11-02T07:45:55.0,3615274803,MODERATE,MOD_HRV_LOW,LISTEN_TO_YOUR_BODY,64,,0,NONE,1,99,GOOD,96,GOOD,201,0,NONE,29,POOR,66,76,GOOD,0,AFTER_WAKEUP_RESET,1,,64,25,19.06007752101621,18.0,19.06007752101621,1.6,3,19.62414995709126,2,0,6,50,0,96.3,0,6,24.1,20.7,3.4,18.0,1,0,2025-10-31T00:00:00.0,1,64,MODERATE,LISTEN_TO_YOUR_BODY,,76,29,66,0,201,96,8,LOW,66,0.0,24.0,27.3,-3.3,71,78,114,0.03704834,78,114,0.03704834,,,,,,,,,,,,,,,,,,,,,,,,,,,,,,,,,,,,,,,,,,,,,,,,,,,,,,,,,,,,,,,,,,,,,,,,,,,,
2025-11-03,2209.0,53.0,2156.0,2209.0,3337,2730,2730,53.0,53.0,2,private,4900,2025-11-02T23:00:00.0,2025-11-03T00:00:00.0,2025-11-03T23:00:00.0,2025-11-04T00:00:00.0,86400000,897,592,84911,0,1,0,0,0,0,0,22.498,15.174,7.38123,4.97835,150,10,49,102,60,54,51,96,39360,4260,3480,39300,86400,18000,17160,4200,45.56,4.93,4.03,45.49,20.83,19.86,4.86,STRESSFUL_AWAKE,47100,0,54,102,0,72,90,18,18,,,3.0,41.0,2025-11-03T20:00:13,MODERATE,SLEEP_PREPARATION_STRESSFUL_AND_INACTIVE,SLEEP_PREPARATION_STRESSFUL_AND_INACTIVE,,,,STRESS,2025-11-03T13:07:20,3600000,3900000,-9,STRESS,STRESSFUL_PERIOD,3615274803,2025-11-03T14:17:21,,,,,,,,,,13.0,21.0,8.0,16.0,2025-11-03T22:54:00.0,200,,,,,,,,,,,,,0,0,,,,,,,,,,,,,,,,,,,,,,,,,,,,,,,,,,,,,,,,,,,,,3615274803,2025-11-02T06:45:55,480,480,NO_CHANGE_NO_ADJUSTMENTS,NO_CHANGE,NO_DATA,NO_DATA,NO_CHANGE,0,1330,1350,1,3615274803,2025-11-03T06:50:55,480,480,NO_CHANGE_NO_ADJUSTMENTS,NO_CHANGE,NO_DATA,NO_DATA,NO_CHANGE,0,1330,1350,1,,,,,,,,,,,,,,,,0,3615274803,,,NONE,0,NO_STATUS_2,0,25,LOW,FEEDBACK_1,147,340.5,181.60000000000002,227,0.6,1,NO_STATUS_2,129031336,54.8,55.0,0,0,0,16,22,DEACCLIMATIZING,32,0,0,0,2025-11-03T07:50:55.0,3615274803,HIGH,HIGH_RT_AVAILABLE_SS_UNKNOWN,WELL_RECOVERED,79,,0,NONE,1,99,GOOD,100,VERY_GOOD,147,0,NONE,0,NONE,511,0,NONE,0,AFTER_WAKEUP_RESET,1,,79,25,19.06007752101621,18.0,19.06007752101621,1.5,3,19.62414995709126,2,0,6,50,0,88.8,0,6,24.1,20.7,3.4,18.0,1,0,2025-11-03T00:00:00.0,1,79,HIGH,WELL_RECOVERED,,0,0,511,0,147,100,0,,,0.0,23.4,23.4,0.0,,,,,,,,,,,,,,,,,,,,,,,,,,,,,,,,,,,,,,,,,,,,,,,,,,,,,,,,,,,,,,,,,,,,,,,,,,,,,,,,,,,
2025-11-04,654.0,0.0,654.0,654.0,,0,0,0.0,0.0,2,private,4590,2025-11-03T23:00:00.0,2025-11-04T00:00:00.0,2025-11-04T06:17:00.0,2025-11-04T07:17:00.0,26220000,0,0,26220,0,1,0,0,0,0,0,0.0,0.0,0.0,0.0,150,10,,,,,-1,,,,,26220,26220,,,,0.0,0.0,0.0,100.0,0.0,0.0,0.0,UNKNOWN,0,0,,,,,18,18,18,,,3.0,38.0,2025-11-04T04:23:11,MODERATE,,EARLY_MORNING_NO_DATA,2025-11-04T00:47:28,HIGH,SLEEP_TIME_PASSED_STRESSFUL_AND_INACTIVE,,,,,,,,,,,,,,,,,,,,,,,,,,,,,,,,,,,,,0,0,,,,,,,,,,,,,,,,,,,,,,,,,,,,,,,,,,,,,,,,,,,,,3615274803,2025-11-03T06:50:55,480,480,NO_CHANGE_NO_ADJUSTMENTS,NO_CHANGE,NO_DATA,NO_DATA,NO_CHANGE,0,1330,1350,1,,,,,,,,,,,,,,,,,,,,,,,,,,,,,0,3615274803,,,NONE,0,NO_STATUS_2,0,16,LOW,FEEDBACK_1,107,334.5,178.4,223,0.4,1,NO_STATUS_2,129031336,54.8,55.0,0,0,0,11,16,DEACCLIMATIZING,0,0,0,0,,,,,,,,,,,,,,,,,,,,,,,,,,,,25,19.06007752101621,18.0,19.06007752101621,1.5,3,19.62414995709126,2,0,6,50,0,88.8,0,6,24.1,20.7,3.4,18.0,1,0,2025-11-03T00:00:00.0,,,,,,,,,,,,0,,,0.0,22.9,20.1,2.8,,,,,,,,,,,,,,,,,,,,,,,,,,,,,,,,,,,,,,,,,,,,,,,,,,,,,,,,,,,,,,,,,,,,,,,,,,,,,,,,,,,
2025-11-05,3315.0,1159.0,2156.0,2686.0,1921,22599,1576,530.0,1159.0,2,private,4590,2025-11-04T23:00:00.0,2025-11-05T00:00:00.0,2025-11-05T23:00:00.0,2025-11-06T00:00:00.0,86400000,421,1449,81782,2748,1,1,0,0,2,40,18.288,8.861,6.0,2.90715,150,10,52,177,56,56,51,93,13260,3360,4080,31560,52260,4740,5580,2940,25.37,6.43,7.81,60.39,9.07,10.68,5.63,UNKNOWN,20700,0,54,174,5,22,65,16,21,,,3.0,92.0,2025-11-05T22:06:37,MODERATE,SLEEP_PREPARATION_STRESSFUL_AND_INTENSIVE_EXERCISE,SLEEP_PREPARATION_STRESSFUL_AND_INTENSIVE_EXERCISE,,,,ACTIVITY,2025-11-05T17:55:14,3600000,2940000,-4,EXERCISE_TRAINING_EFFECT_2,MAINTAINING_AEROBIC_BASE,3615274803,2025-11-05T18:45:12,,,,,,,,,,15.0,23.0,8.0,15.0,2025-11-05T23:00:00.0,200,,,,,,,,,,,,,0,0,,,,,,,,,,,,,,,,,,,,,,,,,,,,,,,,,,,,,,,,,,,,,,,,,,,,,,,,,,3615274803,2025-11-05T18:45:12,480,480,NO_CHANGE_NO_ADJUSTMENTS,NO_CHANGE,NO_DATA,NO_DATA,NO_CHANGE,0,1330,1350,1,,,,,,,,,,,,,,,,0,3615274803,,,NONE,0,NO_STATUS_2,0,29,LOW,FEEDBACK_1,163,346.5,184.8,231,0.7,1,NO_STATUS_2,129031336,54.8,55.0,0,0,0,7,11,DEACCLIMATIZING,87,0,0,0,2025-11-05T19:45:12.0,3615274803,MODERATE,MOD_RT_LOW_SS_UNKNOWN,GOOD_SLEEP_HISTORY,71,,0,NONE,1048,72,GOOD,100,VERY_GOOD,163,0,NONE,0,NONE,511,0,NONE,0,AFTER_POST_EXERCISE_RESET,1,REACHED_ZERO,71,25,19.06007752101621,18.0,19.06007752101621,1.3,3,19.62414995709126,2,0,6,50,0,90.5,0,6,24.1,20.7,3.4,18.0,1,0,2025-11-05T00:00:00.0,1048,71,MODERATE,GOOD_SLEEP_HISTORY,,0,0,511,0,163,100,0,,,27.6,23.0,21.1,1.9,,,,,,,,117.0,,,,,,,,,,,,,,,,,,,,,,,,,,,,,,,,,,,,,,,,,,,,629.0,,,,Nat. piscine,lap_swimming,20902722874,,,,,,,,,,,,,,,,,,,,,,,,,
2025-11-06,3029.0,873.0,2156.0,2471.0,8440,20859,6939,807.0,873.0,2,private,4060,2025-11-05T23:00:00.0,2025-11-06T00:00:00.0,2025-11-06T23:00:00.0,2025-11-07T00:00:00.0,86400000,1220,3898,55530,25752,1,1,0,0,9,40,36.576,31.907,12.0,10.46818,150,10,49,157,52,55,52,99,43440,22140,8040,12060,85680,5880,17400,20160,50.7,25.84,9.38,14.08,6.86,20.31,23.53,STRESSFUL,49380,24240,50,157,48,64,69,5,5,53,69,3.0,54.0,2025-11-06T20:33:41,VERY_LOW,SLEEP_PREPARATION_STRESSFUL_AND_INTENSIVE_EXERCISE,SLEEP_PREPARATION_STRESSFUL_AND_INTENSIVE_EXERCISE_AND_BB_LOW,2025-11-06T00:25:30,HIGH,SLEEP_TIME_PASSED_STRESSFUL_AND_INTENSIVE_EXERCISE,SLEEP,2025-11-05T22:14:12,3600000,28500000,53,NONE,NONE,3615274803,2025-11-06T06:48:20,STRESS,2025-11-06T09:13:55,3600000,7380000,-15,STRESS_LONG,NEED_A_LITTLE_BREAK,3615274803,2025-11-06T11:22:05,14.0,25.0,7.0,16.0,2025-11-06T22:59:00.0,200,28020,0,1,1762380852000,1762409352000,1762384452000,1762412952000,0,4260,20100,3660,480,1,0,1,16.0,7.0,21.0,1,20.0,ADULT,56.0,POSITIVE_LONG_AND_CONTINUOUS,POSITIVE_EXERCISE,MOD_EXERCISE_POS_EXCELLENT_OR_GOOD_SLEEP_VIGOROUS_CLOSE_BED,EXCELLENT,28800.0,28800.0,FAIR,0.0,15.0,EXCELLENT,0.0,1.0,81,GOOD,13,FAIR,21.0,31.0,5884.2,8686.2,GOOD,0.0,5.0,72,FAIR,30.0,64.0,8406.0,17932.8,15,FAIR,16.0,33.0,4483.2,9246.6,2,3615274803,2025-11-05T18:45:12,480,480,NO_CHANGE_NO_ADJUSTMENTS,NO_CHANGE,NO_DATA,NO_DATA,NO_CHANGE,0,1330,1350,1,3615274803,2025-11-06T19:55:19,480,480,NO_CHANGE_NO_ADJUSTMENTS,NO_CHANGE,NO_CHANGE,NO_DATA,NO_CHANGE,0,1330,1350,1,53,52,7.78,71,335,61,8,81,,65,97,NONE,ONBOARDING_2,2025-11-06T06:48:35.666,65,0,3615274803,,,NONE,0,NO_STATUS_2,0,42,OPTIMAL,FEEDBACK_2,264,375.0,200.0,250,1.0,1,NO_STATUS_2,129031336,54.8,55.0,0,0,0,4,7,DEACCLIMATIZING,37,0,0,0,2025-11-06T20:55:19.0,3615274803,MODERATE,MOD_RT_MOD_SS_GOOD,BOOSTED_BY_GOOD_SLEEP,61,81,72,GOOD,1537,58,MODERATE,89,GOOD,264,0,NONE,0,NONE,511,0,NONE,1,AFTER_POST_EXERCISE_RESET,1,HIGH_STRESS_NO_RT,61,25,19.22319457179462,18.0,19.06007752101621,1.6,3,19.62414995709126,2,0,6,51,0,97.1,0,6,24.1,20.7,3.4,18.0,1,0,2025-11-06T00:00:00.0,1537,61,MODERATE,BOOSTED_BY_GOOD_SLEEP,81,0,0,511,0,264,89,0,NONE,,37.5,23.3,23.5,-0.1,69,76,113,,76,113,,135.0,,,,ACTIVITY,2025-11-06T19:09:27,3600000,2700000,-6,EXERCISE_TRAINING_EFFECT_3,IMPROVING_AEROBIC_BASE,3615274803,2025-11-06T19:55:18,,,,,,,,,,,,,,,,,,,,,,,,,,,,,,,,558.0,Vélo d'intérieur,indoor_cycling,20913166091,,,,,,,,,,,,,,,,,,,,,,,,,,,,
2025-11-07,2207.0,51.0,2156.0,2207.0,2493,2030,2030,51.0,51.0,2,private,4500,2025-11-06T23:00:00.0,2025-11-07T00:00:00.0,2025-11-07T23:00:00.0,2025-11-08T00:00:00.0,86400000,385,697,58194,27124,1,0,0,0,0,0,25.261,21.929,8.28773,7.19455,150,10,53,109,58,57,58,90,76080,3720,3180,3420,86400,18960,47280,9840,88.06,4.31,3.68,3.96,21.94,54.72,11.39,VERY_STRESSFUL,59400,23580,55,101,11,11,16,5,5,11,16,3.0,40.0,2025-11-07T20:00:10,VERY_LOW,SLEEP_PREPARATION_STRESSFUL_AND_INACTIVE,SLEEP_PREPARATION_STRESSFUL_AND_INACTIVE_AND_BB_LOW,2025-11-07T04:01:34,LOW,SLEEP_TIME_PASSED_STRESSFUL_AND_INACTIVE,SLEEP,2025-11-07T00:34:18,3600000,23580000,11,NONE,NONE,3615274803,2025-11-07T08:25:56,STRESS,2025-11-07T18:59:51,3600000,3660000,0,STRESS_EVENING,TRY_TO_RELAX,3615274803,2025-11-07T20:04:27,15.0,26.0,7.0,17.0,2025-11-07T23:00:00.0,200,16620,0,1,1762475658000,1762499238000,1762479258000,1762502838000,0,480,16140,0,6960,1,0,1,19.0,11.0,26.0,5,60.0,ADULT,70.0,NEGATIVE_SHORT_AND_POOR_QUALITY,NEGATIVE_HIGHLY_STRESSFUL_DAY,RHYTHM_NEG_POOR_SLEEP_REALLY_LATE_TIMING,POOR,28800.0,28800.0,POOR,0.0,15.0,POOR,0.0,1.0,23,POOR,0,POOR,21.0,31.0,3490.2,5152.2,POOR,0.0,5.0,97,POOR,30.0,64.0,4986.0,10636.8,3,POOR,16.0,33.0,2659.2,5484.6,2,3615274803,2025-11-06T19:55:19,480,480,NO_CHANGE_NO_ADJUSTMENTS,NO_CHANGE,NO_CHANGE,NO_DATA,NO_CHANGE,0,1330,1350,1,3615274803,2025-11-07T08:25:57,480,540,HIGHLY_INCREASED,NO_CHANGE,INCREASING,NO_DATA,NO_CHANGE,1,1270,1350,1,11,58,4.62,8,269,,116,23,,35,68,NONE,ONBOARDING_2,2025-11-07T08:26:07.126,35,0,3615274803,,,NONE,0,NO_STATUS_2,0,38,OPTIMAL,FEEDBACK_2,221,366.0,195.20000000000002,244,0.9,1,NO_STATUS_2,129031336,54.8,55.0,0,0,0,1,4,DEACCLIMATIZING,43,0,0,0,2025-11-07T09:25:57.0,3615274803,POOR,POOR_RT_MOD_OR_LOW_SS_POOR,TIME_TO_RECHARGE,2,23,21,POOR,2010,45,MODERATE,95,GOOD,221,31,POOR,0,NONE,511,72,GOOD,1,AFTER_WAKEUP_RESET,1,POOR_SLEEP_RT_LOW,2,25,19.22319457179462,18.0,19.22319457179462,1.6,3,19.62414995709126,2,0,6,51,0,97.1,0,6,24.1,20.7,3.4,18.0,1,0,2025-11-07T00:00:00.0,2010,2,POOR,TIME_TO_RECHARGE,23,72,0,511,31,221,95,0,NONE,,0.0,22.8,20.1,2.7,69,76,112,,76,112,,,,,,,,,,,,,,,,,,,,,,,,,,,,,,,,,,,,,,,,,,,,,,,,,,,,,,,,,,,,,,,,,,,,,,,,,,,,,
2025-11-08,2156.0,0.0,2156.0,2156.0,16,13,13,0.0,0.0,2,private,4300,2025-11-07T23:00:00.0,2025-11-08T00:00:00.0,2025-11-08T23:00:00.0,2025-11-09T00:00:00.0,86400000,0,4,61203,25193,1,0,0,0,0,0,0.0,0.0,0.0,0.0,150,10,49,78,54,56,13,44,240,24840,60,61260,86400,240,,,0.28,28.75,0.07,70.9,0.28,0.0,0.0,UNKNOWN,60,25080,51,72,63,0,68,5,68,63,68,3.0,39.0,2025-11-08T20:00:15,LOW,NO_DATA,NO_DATA,2025-11-08T01:12:51,HIGH,SLEEP_TIME_PASSED_STRESSFUL_AND_INACTIVE,SLEEP,2025-11-07T22:00:56,3600000,28680000,63,NONE,NONE,3615274803,2025-11-08T05:59:53,,,,,,,,,,,20.0,8.0,13.0,2025-11-08T05:59:00.0,200,28437,0,1,1762552856000,1762581593000,1762556456000,1762585193000,0,6000,19080,3360,300,1,0,1,16.0,8.0,21.0,0,21.0,ADULT,57.0,POSITIVE_LONG_AND_DEEP,NONE,STRESS_POS_EXCELLENT_OR_GOOD_SLEEP_VERY_STRESSFUL_DAY,EXCELLENT,28800.0,28800.0,FAIR,0.0,15.0,EXCELLENT,0.0,1.0,81,GOOD,12,FAIR,21.0,31.0,5971.77,8815.47,EXCELLENT,0.0,5.0,67,FAIR,30.0,64.0,8531.1,18199.68,21,EXCELLENT,16.0,33.0,4549.92,9384.21,2,3615274803,2025-11-07T08:25:57,480,540,HIGHLY_INCREASED,NO_CHANGE,INCREASING,NO_DATA,NO_CHANGE,1,1270,1350,1,3615274803,2025-11-08T05:59:54,480,500,INCREASED,NO_CHANGE,INCREASING_LOW_QUALITY,NO_DATA,NO_CHANGE,1,1310,1350,1,63,54,7.9,100,318,56,5,81,,77,114,NONE,ONBOARDING_2,2025-11-08T06:02:26.192,77,0,3615274803,,,NONE,0,NO_STATUS_2,0,29,LOW,FEEDBACK_1,183,355.5,189.60000000000002,237,0.7,1,NO_STATUS_2,129031336,54.8,55.0,0,0,0,0,1,,38,0,0,0,2025-11-08T14:44:56.0,3615274803,MODERATE,MOD_RT_MOD_OR_LOW_SS_GOOD_SLEEP_HISTORY_NEG,GOOD_SLEEP_LAST_NIGHT,50,81,72,GOOD,428,88,GOOD,100,VERY_GOOD,183,28,POOR,0,NONE,511,31,POOR,1,UPDATE_REALTIME_VARIABLES,1,,50,25,19.22319457179462,18.0,19.22319457179462,1.6,3,19.62414995709126,2,0,6,51,0,97.1,0,6,24.1,20.7,3.4,18.0,1,0,2025-11-08T00:00:00.0,428,50,MODERATE,GOOD_SLEEP_LAST_NIGHT,81,31,0,511,28,183,100,0,NONE,,0.0,22.2,17.2,5.0,69,76,112,,76,112,,,,,,,,,,,,,,,,,,,,,,,,,,,,,,,,,,,,,,,,,,,,,,,,,,,,,,,,,,,,,,,,,,,,,,,,,,,,,
2025-11-09,2945.0,789.0,2156.0,2945.0,11693,14338,14338,789.0,789.0,2,private,4300,2025-11-08T23:00:00.0,2025-11-09T00:00:00.0,2025-11-09T23:00:00.0,2025-11-10T00:00:00.0,86400000,3856,861,56903,24780,1,1,0,0,2,51,121.222,108.023,39.771,35.44062,150,10,55,177,59,57,50,97,57720,8400,6900,10140,83160,26520,22080,9120,69.41,10.1,8.3,12.19,31.89,26.55,10.97,VERY_STRESSFUL,48480,24540,56,176,26,50,55,5,5,25,54,3.0,32.0,2025-11-09T21:46:43,VERY_LOW,SLEEP_PREPARATION_STRESSFUL_AND_INTENSIVE_EXERCISE,SLEEP_PREPARATION_STRESSFUL_AND_INTENSIVE_EXERCISE_AND_BB_LOW,,,,SLEEP,2025-11-08T23:51:53,3600000,24780000,25,NONE,NONE,3615274803,2025-11-09T07:30:56,ACTIVITY,2025-11-09T15:07:04,3600000,3000000,-9,EXERCISE_TRAINING_EFFECT_5,OVERREACHING_LACTATE_THRESHOLD,3615274803,2025-11-09T15:57:33,15.0,24.0,7.0,19.0,2025-11-09T23:00:00.0,200,23880,0,1,1762645913000,1762670693000,1762649513000,1762674293000,0,3960,15660,4260,900,1,0,1,18.0,10.0,22.0,1,34.0,ADULT,65.0,NEGATIVE_NOT_RESTORATIVE,NONE,GENERAL_NEG_FAIR_OR_POOR_SLEEP,FAIR,28800.0,28800.0,POOR,0.0,15.0,GOOD,0.0,1.0,63,FAIR,18,FAIR,21.0,31.0,5014.8,7402.8,GOOD,0.0,5.0,66,FAIR,30.0,64.0,7164.0,15283.2,17,GOOD,16.0,33.0,3820.8,7880.4,2,3615274803,2025-11-08T05:59:54,480,500,INCREASED,NO_CHANGE,INCREASING_LOW_QUALITY,NO_DATA,NO_CHANGE,1,1310,1350,1,3615274803,2025-11-09T15:57:33,480,540,HIGHLY_INCREASED,TODAYS_LOAD,INCREASING,INCREASING,NO_CHANGE,1,1270,1350,1,25,59,6.63,66,261,71,15,63,53,45,65,LOW,HRV_LOW_7,2025-11-09T07:31:20.627,45,8,3615274803,RUNNING,GENERIC,RUNNING,2,STRAINED_5,0,66,HIGH,FEEDBACK_4,430,423.0,225.60000000000002,282,1.5,1,STRAINED_5,129031336,54.7,55.0,0,0,0,0,0,,20,0,0,0,2025-11-09T16:57:33.0,3615274803,POOR,POOR_HRV_LOW,FOCUS_ON_RECOVERY,1,63,44,MODERATE,4565,10,POOR,68,MODERATE,430,31,POOR,10,POOR,53,42,MODERATE,1,AFTER_POST_EXERCISE_RESET,1,REACHED_ZERO,1,25,19.22319457179462,18.0,19.22319457179462,1.6,3,19.62414995709126,2,0,6,51,0,105.6,0,6,24.1,20.7,3.4,18.0,1,0,2025-11-09T00:00:00.0,4565,1,POOR,FOCUS_ON_RECOVERY,63,42,10,53,31,430,68,8,LOW,53,71.8,23.4,25.0,-1.6,69,76,112,0.0,76,112,0.0,75.0,Chevrières Course à pied,running,20940240772,,,,,,,,,,129031336,54.7,55.0,0,0,0,0,0,20,0,0,0,54.7,,,,,,,,,,,,,,,,,,,,,,,,,,,,,,,,,,,,,,,,,,,,,,,,,,
2025-11-10,2209.0,53.0,2156.0,2209.0,2892,2402,2402,53.0,53.0,2,private,5040,2025-11-09T23:00:00.0,2025-11-10T00:00:00.0,2025-11-10T23:00:00.0,2025-11-11T00:00:00.0,86400000,705,398,55635,29662,1,0,0,0,0,0,24.384,18.803,8.0,6.16896,150,10,53,106,55,56,44,97,44160,27120,3840,11280,86400,14640,17520,12000,51.11,31.39,4.44,13.06,16.94,20.28,13.89,STRESSFUL,52920,22200,54,101,49,41,46,5,13,40,45,3.0,72.0,2025-11-10T22:17:54,LOW,SLEEP_PREPARATION_STRESSFUL_AND_INACTIVE,SLEEP_PREPARATION_STRESSFUL_AND_INACTIVE_AND_BB_LOW,2025-11-10T22:30:43,LOW,SLEEP_TIME_PASSED_STRESSFUL_AND_INACTIVE,SLEEP,2025-11-09T23:15:33,3600000,22500000,40,NONE,NONE,3615274803,2025-11-10T06:29:38,STRESS,2025-11-10T12:24:38,3600000,5580000,-7,STRESS,STRESSFUL_PERIOD,3615274803,2025-11-10T14:01:20,14.0,24.0,7.0,17.0,2025-11-10T23:00:00.0,200,22260,0,1,1762730133000,1762752633000,1762733733000,1762756233000,0,4560,15420,2280,240,1,0,1,16.0,10.0,20.0,0,21.0,ADULT,59.0,NEGATIVE_NOT_ENOUGH_REM,NEGATIVE_STRENUOUS_EXERCISE,HARD_EXERCISE_NEG_FAIR_OR_POOR_SLEEP_HARD_DURING_DAY,FAIR,28800.0,28800.0,FAIR,0.0,15.0,EXCELLENT,0.0,1.0,71,FAIR,10,POOR,21.0,31.0,4674.6,6900.6,EXCELLENT,0.0,5.0,69,FAIR,30.0,64.0,6678.0,14246.4,20,EXCELLENT,16.0,33.0,3561.6,7345.8,2,3615274803,2025-11-09T15:57:33,480,540,HIGHLY_INCREASED,TODAYS_LOAD,INCREASING,INCREASING,NO_CHANGE,1,1270,1350,1,3615274803,2025-11-10T06:29:38,480,540,HIGHLY_INCREASED,HIGH_ACWR,INCREASING,INCREASING,NO_CHANGE,1,1270,1350,1,40,55,6.18,76,257,38,4,71,54,57,77,LOW,HRV_LOW_3,2025-11-13T06:29:33.554,57,8,3615274803,RUNNING,GENERIC,RUNNING,2,STRAINED_5,0,57,OPTIMAL,FEEDBACK_3,380,412.5,220.0,275,1.3,1,STRAINED_5,129031336,54.7,55.0,0,0,0,0,0,,44,0,0,0,2025-11-10T07:29:38.0,3615274803,POOR,POOR_HRV_LOW,FOCUS_ON_RECOVERY,1,71,56,MODERATE,3863,16,POOR,75,GOOD,380,38,POOR,10,POOR,54,53,MODERATE,1,AFTER_WAKEUP_RESET,1,NO_CHANGE_SLEEP,1,25,19.22319457179462,18.0,19.22319457179462,1.8,3,19.62414995709126,2,0,6,51,0,105.6,0,6,24.1,20.7,3.4,18.0,1,0,2025-11-10T00:00:00.0,3863,1,POOR,FOCUS_ON_RECOVERY,71,53,10,54,38,380,75,8,LOW,54,0.0,22.9,21.5,1.4,69,76,112,0.0,76,112,0.0,,,,,,,,,,,,,,,,,,,,,,,,,,,,,,,,,,,,,,,,,,,,,,,,,,,,,,,,,,,,,,,,,,,,,,,,,,,,
2025-11-11,2208.0,52.0,2156.0,2208.0,3704,3142,3142,52.0,52.0,2,private,4830,2025-11-10T23:00:00.0,2025-11-11T00:00:00.0,2025-11-11T23:00:00.0,2025-11-12T00:00:00.0,86400000,947,477,52968,32008,1,0,0,0,0,0,26.415,21.529,8.66634,7.06332,150,10,50,106,53,55,33,89,36060,38460,5040,6840,86400,17580,16680,1800,41.74,44.51,5.83,7.92,20.35,19.31,2.08,BALANCED,49620,29940,51,101,66,54,77,13,25,72,77,3.0,46.0,2025-11-11T22:45:13,HIGH,SLEEP_PREPARATION_STRESSFUL_AND_INACTIVE,SLEEP_PREPARATION_STRESSFUL_AND_INACTIVE,2025-11-10T23:59:54,HIGH,SLEEP_TIME_PASSED_STRESSFUL_AND_INACTIVE,SLEEP,2025-11-10T21:00:38,3600000,38400000,72,NONE,NONE,3615274803,2025-11-11T08:08:10,,,,,,,,,,14.0,24.0,6.0,18.0,2025-11-11T23:00:00.0,200,37740,0,1,1762808438000,1762846838000,1762812038000,1762850438000,0,3660,26160,7920,660,1,0,1,16.0,8.0,20.0,1,15.0,ADULT,58.0,POSITIVE_LONG_AND_CONTINUOUS,POSITIVE_STRESSFUL_DAY,STRESS_POS_EXCELLENT_OR_GOOD_SLEEP_VERY_STRESSFUL_DAY,EXCELLENT,28800.0,28800.0,GOOD,0.0,15.0,GOOD,0.0,1.0,84,GOOD,21,GOOD,21.0,31.0,7925.4,11699.4,GOOD,0.0,5.0,69,FAIR,30.0,64.0,11322.0,24153.6,10,FAIR,16.0,33.0,6038.4,12454.2,2,3615274803,2025-11-10T06:29:38,480,540,HIGHLY_INCREASED,HIGH_ACWR,INCREASING,INCREASING,NO_CHANGE,1,1270,1350,1,3615274803,2025-11-11T08:08:10,480,480,NO_CHANGE_BALANCED,NO_CHANGE,DECREASING,INCREASING,NO_CHANGE,0,1340,1360,1,72,53,10.48,61,436,132,11,84,57,75,116,LOW,HRV_LOW_3,2025-11-13T06:29:34.71,75,8,3615274803,RUNNING,GENERIC,RUNNING,2,STRAINED_4,0,52,OPTIMAL,FEEDBACK_2,329,402.0,214.4,268,1.2,1,STRAINED_4,129031336,54.7,55.0,0,0,0,0,0,,38,0,0,0,2025-11-11T21:44:56.0,3615274803,LOW,LOW_HRV_LOW,TAKE_IT_EASY,25,84,78,GOOD,1780,52,MODERATE,81,GOOD,329,33,POOR,10,POOR,57,52,MODERATE,1,UPDATE_REALTIME_VARIABLES,1,,25,25,19.386311622573032,18.0,19.22319457179462,1.8,3,19.62414995709126,2,0,6,52,0,105.6,0,6,24.1,20.7,3.4,18.0,1,0,2025-11-11T00:00:00.0,1780,25,LOW,TAKE_IT_EASY,84,52,10,57,33,329,81,8,LOW,57,0.0,22.3,18.4,3.9,69,76,112,0.0,76,112,0.0,,,,,,,,,,,,,,,,,,,,,,,,,,,,,,,,,,,,,,,,,,,,,,,,,,,,,,,,,,,,,,,,,,,,,,,,,,,,
2025-11-12,2285.0,129.0,2156.0,2285.0,4082,3347,3347,129.0,129.0,2,private,4610,2025-11-11T23:00:00.0,2025-11-12T00:00:00.0,2025-11-12T23:00:00.0,2025-11-13T00:00:00.0,86400000,993,1259,52768,31380,1,0,0,0,0,0,39.85,30.944,13.07415,10.15223,150,10,49,113,53,55,39,97,43440,33240,4440,5220,86340,14700,21120,7620,50.31,38.5,5.14,6.05,17.03,24.46,8.83,STRESSFUL,50040,31080,49,110,62,66,81,15,21,56,81,3.0,50.0,2025-11-12T21:15:06,MODERATE,SLEEP_PREPARATION_STRESSFUL_AND_INACTIVE,SLEEP_PREPARATION_STRESSFUL_AND_INACTIVE,2025-11-11T23:30:14,HIGH,SLEEP_TIME_PASSED_STRESSFUL_AND_INACTIVE,SLEEP,2025-11-11T22:47:10,3600000,28680000,58,NONE,NONE,3615274803,2025-11-12T06:45:56,STRESS,2025-11-12T13:16:31,3600000,4380000,-6,STRESS,STRESSFUL_PERIOD,3615274803,2025-11-12T14:32:58,14.0,23.0,8.0,16.0,2025-11-12T23:00:00.0,200,28666,0,1,1762901230000,1762929956000,1762904830000,1762933556000,0,2880,19440,6360,60,1,0,1,16.0,9.0,21.0,0,22.0,ADULT,58.0,POSITIVE_LONG_AND_CONTINUOUS,NONE,GENERAL_POS_EXCELLENT_OR_GOOD_SLEEP,EXCELLENT,28800.0,28800.0,FAIR,0.0,15.0,EXCELLENT,0.0,1.0,82,GOOD,22,GOOD,21.0,31.0,6019.86,8886.46,EXCELLENT,0.0,5.0,68,FAIR,30.0,64.0,8599.8,18346.24,10,FAIR,16.0,33.0,4586.56,9459.78,2,3615274803,2025-11-11T08:08:10,480,480,NO_CHANGE_BALANCED,NO_CHANGE,DECREASING,INCREASING,NO_CHANGE,0,1340,1360,1,3615274803,2025-11-12T06:45:57,480,510,INCREASED,NO_CHANGE,NO_CHANGE,INCREASING,NO_CHANGE,1,1310,1360,1,58,53,7.96,48,324,106,1,82,59,73,110,LOW,HRV_LOW_4,2025-11-13T06:29:34.350,73,8,3615274803,RUNNING,GENERIC,RUNNING,2,STRAINED_4,0,42,OPTIMAL,FEEDBACK_2,279,391.5,208.8,261,1.0,1,STRAINED_4,129031336,54.7,55.0,0,0,0,0,0,,45,0,0,0,2025-11-12T20:44:56.0,3615274803,MODERATE,MOD_HRV_LOW,LISTEN_TO_YOUR_BODY,50,82,74,GOOD,504,86,GOOD,88,GOOD,279,48,MODERATE,16,POOR,59,69,MODERATE,1,UPDATE_REALTIME_VARIABLES,1,,50,25,19.386311622573032,18.0,19.386311622573032,1.8,3,19.62414995709126,2,0,6,52,0,105.6,0,6,24.1,20.7,3.4,18.0,1,0,2025-11-12T00:00:00.0,504,50,MODERATE,LISTEN_TO_YOUR_BODY,82,69,16,59,48,279,88,8,LOW,59,0.0,21.8,15.8,6.0,69,76,111,0.0,76,111,0.0,,,,,,,,,,,,,,,,,,,,,,,,,,,,,,,,,,,,,,,,,,,,,,,,,,,,,,,,,,,,,,,,,,,,,,,,,,,,
2025-11-13,2655.0,499.0,2156.0,2243.0,3226,15486,2630,334.0,499.0,2,private,4510,2025-11-12T23:00:00.0,2025-11-13T00:00:00.0,2025-11-13T23:00:00.0,2025-11-14T00:00:00.0,86400000,493,1135,61016,23756,1,1,0,0,20,15,29.095,30.008,9.5456,9.84514,150,10,44,140,48,54,35,97,25020,23880,3420,34080,86400,7080,13140,4800,28.96,27.64,3.96,39.44,8.19,15.21,5.56,UNKNOWN,28800,23520,47,135,75,74,95,21,22,80,95,3.0,51.0,2025-11-13T21:03:26,MODERATE,SLEEP_PREPARATION_NOT_STRESS_DATA_AND_EXERCISE,SLEEP_PREPARATION_NOT_STRESS_DATA_AND_EXERCISE,2025-11-13T22:36:11,MODERATE,SLEEP_TIME_PASSED_NOT_STRESS_DATA_AND_EXERCISE,SLEEP,2025-11-12T22:02:56,3600000,27180000,80,NONE,NONE,3615274803,2025-11-13T05:52:07,ACTIVITY,2025-11-13T05:52:07,3600000,2160000,-8,EXERCISE_TRAINING_EFFECT_BELOW_2,EASY_RECOVERY,3615274803,2025-11-13T06:29:11,13.0,20.0,7.0,12.0,2025-11-13T19:17:00.0,200,27180,0,1,1762984976000,1763012156000,1762988576000,1763015756000,0,5580,15480,6120,0,1,0,1,16.0,9.0,19.0,0,12.0,ADULT,53.0,POSITIVE_OPTIMAL_STRUCTURE,NONE,GENERAL_POS_EXCELLENT_OR_GOOD_SLEEP,GOOD,28800.0,28800.0,EXCELLENT,0.0,15.0,EXCELLENT,0.0,1.0,91,EXCELLENT,23,EXCELLENT,21.0,31.0,5707.8,8425.8,EXCELLENT,0.0,5.0,57,EXCELLENT,30.0,64.0,8154.0,17395.2,21,EXCELLENT,16.0,33.0,4348.8,8969.4,2,3615274803,2025-11-12T06:45:57,480,510,INCREASED,NO_CHANGE,NO_CHANGE,INCREASING,NO_CHANGE,1,1310,1360,1,3615274803,2025-11-13T07:00:57,480,510,INCREASED,NO_CHANGE,NO_CHANGE,INCREASING,NO_CHANGE,1,1310,1360,1,80,48,7.55,93,258,102,,91,62,94,137,LOW,HRV_LOW_5,2025-11-13T06:29:34.615,94,8,3615274803,RUNNING,GENERIC,RUNNING,2,STRAINED_4,0,38,OPTIMAL,FEEDBACK_2,260,391.5,208.8,261,0.9,1,STRAINED_4,129031336,54.7,55.0,0,0,0,0,0,,53,0,0,0,2025-11-13T08:00:57.0,3615274803,MODERATE,MOD_HRV_LOW,LISTEN_TO_YOUR_BODY,58,91,91,VERY_GOOD,495,86,GOOD,91,GOOD,260,49,MODERATE,25,POOR,62,75,GOOD,1,AFTER_WAKEUP_RESET,1,,58,25,19.386311622573032,18.0,19.386311622573032,1.8,3,19.62414995709126,2,0,6,52,0,108.1,0,6,24.1,20.7,3.4,18.0,1,0,2025-11-13T00:00:00.0,495,58,MODERATE,LISTEN_TO_YOUR_BODY,91,75,25,62,49,260,91,8,LOW,62,15.8,21.6,15.8,5.9,68,75,111,0.0051879883,75,111,0.0051879883,188.0,Vélo d'intérieur,indoor_cycling,20974295562,,,,,,,,,,,,,,,,,,,,,,,,,,,,,,,,,,,,,,,,,412.0,,,,,,,,,,,,,,,,,,,,,,,,,,,,,,,
2025-11-14,2211.0,55.0,2156.0,2211.0,2794,2275,2275,55.0,55.0,2,private,4260,2025-11-13T23:00:00.0,2025-11-14T00:00:00.0,2025-11-14T23:00:00.0,2025-11-15T00:00:00.0,86400000,556,666,85174,4,1,0,0,0,0,0,12.343,18.061,4.04954,5.92552,150,10,48,104,56,54,41,84,38820,10020,3420,34140,86400,24600,13200,1020,44.93,11.6,3.96,39.51,28.47,15.28,1.18,BALANCED_AWAKE,52200,60,49,102,6,59,85,26,32,,,3.0,46.0,2025-11-14T20:50:08,HIGH,SLEEP_PREPARATION_BALANCED_AND_INACTIVE,SLEEP_PREPARATION_BALANCED_AND_INACTIVE,2025-11-13T23:09:17,HIGH,SLEEP_TIME_PASSED_NOT_STRESS_DATA_AND_EXERCISE,,,,,,,,,,,,,,,,,,,14.0,22.0,7.0,17.0,2025-11-14T23:00:00.0,200,,,,,,,,,,,,,0,0,,,,,,,,,,,,,,,,,,,,,,,,,,,,,,,,,,,,,,,,,,,,,3615274803,2025-11-13T07:00:57,480,510,INCREASED,NO_CHANGE,NO_CHANGE,INCREASING,NO_CHANGE,1,1310,1360,1,3615274803,2025-11-14T06:35:57,480,480,NO_CHANGE_NO_ADJUSTMENTS,NO_CHANGE,NO_DATA,NO_DATA,NO_CHANGE,0,1350,1370,1,,,,,,,,,,,,,,,,4,3615274803,RUNNING,GENERIC,RUNNING,2,MAINTAINING_2,0,33,OPTIMAL,FEEDBACK_2,207,381.0,203.20000000000002,254,0.8,1,MAINTAINING_2,129031336,54.7,55.0,0,0,0,0,0,,35,0,0,0,2025-11-14T07:35:56.0,3615274803,MODERATE,MOD_HRV_UNBALANCED,LISTEN_TO_YOUR_BODY,61,,0,NONE,1,99,GOOD,99,GOOD,207,49,MODERATE,54,MODERATE,68,86,GOOD,0,AFTER_WAKEUP_RESET,1,,61,25,19.386311622573032,18.0,19.386311622573032,1.8,3,19.62414995709126,2,0,6,52,0,108.1,0,6,24.1,20.7,3.4,18.0,1,0,2025-11-13T00:00:00.0,1,61,MODERATE,LISTEN_TO_YOUR_BODY,,86,54,68,49,207,99,4,,,0.0,21.1,13.5,7.6,,,,,,,,,,,,,,,,,,,,,,,,,,,,,,,,,,,,,,,,,,,,,,,,,,,,,,,,,,,,,,,,,,,,,,,,,,,,,,,,,,,
2025-11-15,2993.0,837.0,2156.0,2993.0,13355,14905,14905,837.0,837.0,2,private,3970,2025-11-14T23:00:00.0,2025-11-15T00:00:00.0,2025-11-15T23:00:00.0,2025-11-16T00:00:00.0,86400000,4581,1152,49427,31240,1,1,0,0,4,58,125.49,121.94,41.17126,40.00656,150,10,43,176,48,53,31,95,31800,35580,7740,11220,86340,15420,12600,3780,36.83,41.21,8.96,13.0,17.86,14.59,4.38,BALANCED,44040,31080,46,168,68,79,100,21,21,68,100,3.0,36.0,2025-11-15T20:00:10,MODERATE,SLEEP_PREPARATION_STRESSFUL_AND_INTENSIVE_EXERCISE,SLEEP_PREPARATION_STRESSFUL_AND_INTENSIVE_EXERCISE,2025-11-14T23:30:15,HIGH,SLEEP_TIME_PASSED_BALANCED_AND_INACTIVE,SLEEP,2025-11-14T22:59:56,3600000,31200000,69,NONE,NONE,3615274803,2025-11-15T07:40:40,ACTIVITY,2025-11-15T10:17:55,3600000,3480000,-18,EXERCISE_TRAINING_EFFECT_4_GOOD_TIMING,HIGHLY_IMPROVING_TEMPO,3615274803,2025-11-15T11:16:47,15.0,25.0,7.0,10.0,2025-11-15T23:00:00.0,200,31244,0,1,1763161196000,1763192440000,1763164796000,1763196040000,0,4440,18660,8160,0,1,0,1,15.0,8.0,19.0,0,10.0,ADULT,52.0,POSITIVE_HIGHLY_RECOVERING,NONE,RHYTHM_POS_EXCELLENT_SLEEP_EXCELLENT_TIMING,EXCELLENT,28800.0,28800.0,EXCELLENT,0.0,15.0,EXCELLENT,0.0,1.0,94,EXCELLENT,26,EXCELLENT,21.0,31.0,6561.24,9685.64,EXCELLENT,0.0,5.0,60,GOOD,30.0,64.0,9373.2,19996.16,14,FAIR,16.0,33.0,4999.04,10310.52,2,3615274803,2025-11-14T06:35:57,480,480,NO_CHANGE_NO_ADJUSTMENTS,NO_CHANGE,NO_DATA,NO_DATA,NO_CHANGE,0,1350,1370,1,3615274803,2025-11-15T11:16:48,480,480,NO_CHANGE_NO_ADJUSTMENTS,NO_CHANGE,NO_CHANGE,NO_CHANGE,NO_CHANGE,0,1360,1380,1,69,48,8.68,74,311,136,,94,69,85,128,UNBALANCED,HRV_UNBALANCED_11,2025-11-15T11:17:11.562,85,4,3615274803,RUNNING,GENERIC,RUNNING,2,MAINTAINING_4,0,47,OPTIMAL,FEEDBACK_2,335,420.0,224.0,280,1.1,1,MAINTAINING_4,129031336,54.9,55.0,0,0,0,0,0,,33,0,0,0,2025-11-15T12:16:47.0,3615274803,MODERATE,MOD_HRV_UNBALANCED,LISTEN_TO_YOUR_BODY,54,94,94,VERY_GOOD,2160,41,MODERATE,83,GOOD,335,61,MODERATE,58,MODERATE,69,91,VERY_GOOD,1,AFTER_POST_EXERCISE_RESET,1,REACHED_ZERO,54,25,18.418346136030706,18.0,19.386311622573032,2.0,3,19.62414995709126,2,0,6,52,0,115.6,0,6,24.1,20.7,3.4,18.0,1,0,2025-11-15T00:00:00.0,2160,54,MODERATE,LISTEN_TO_YOUR_BODY,94,91,58,69,61,335,83,4,UNBALANCED,69,65.5,22.2,20.9,1.2,65,72,113,0.20269775,72,113,0.20269775,88.0,Chevrières Course à pied,running,20994511839,,,,,,,,,,129031336,54.9,55.0,0,0,0,0,0,33,0,0,0,54.9,,,,,,,,,,,,,,,,,,,,,,,,,,,,,,,,,,,,,,,,,,,,,,,,,,
2025-11-16,2245.0,89.0,2156.0,2245.0,1803,1492,1492,89.0,89.0,2,private,4910,2025-11-15T23:00:00.0,2025-11-16T00:00:00.0,2025-11-16T23:00:00.0,2025-11-17T00:00:00.0,86400000,357,411,58092,27540,1,0,0,0,0,0,32.455,24.915,10.64797,8.17421,150,10,46,112,49,52,39,97,35580,27840,2160,20820,86400,15240,10380,9960,41.18,32.22,2.5,24.1,17.64,12.01,11.53,STRESSFUL,38160,27420,47,110,57,46,75,16,16,57,75,3.0,35.0,2025-11-16T22:22:27,MODERATE,SLEEP_PREPARATION_STRESSFUL_AND_INACTIVE,SLEEP_PREPARATION_STRESSFUL_AND_INACTIVE,2025-11-16T01:25:55,HIGH,SLEEP_TIME_PASSED_STRESSFUL_AND_INTENSIVE_EXERCISE,SLEEP,2025-11-16T00:42:47,3600000,27540000,57,NONE,NONE,3615274803,2025-11-16T08:55:09,STRESS,2025-11-16T16:35:09,3600000,10800000,-17,STRESS_LONG,NEED_A_LITTLE_BREAK,3615274803,2025-11-16T19:40:43,13.0,24.0,7.0,18.0,2025-11-16T21:23:00.0,200,27120,0,1,1763253767000,1763281307000,1763257367000,1763284907000,0,5880,15000,6240,420,1,0,1,15.0,10.0,20.0,0,17.0,ADULT,55.0,POSITIVE_LONG_AND_DEEP,POSITIVE_LATE_BED_TIME,HARD_EXERCISE_POS_EXCELLENT_OR_GOOD_SLEEP_HARD_TO_STRENUOUS_DURING_DAY_OUTDOOR,GOOD,28800.0,28800.0,FAIR,0.0,15.0,EXCELLENT,0.0,1.0,87,GOOD,23,EXCELLENT,21.0,31.0,5695.2,8407.2,EXCELLENT,0.0,5.0,55,EXCELLENT,30.0,64.0,8136.0,17356.8,22,EXCELLENT,16.0,33.0,4339.2,8949.6,2,3615274803,2025-11-15T11:16:48,480,480,NO_CHANGE_NO_ADJUSTMENTS,NO_CHANGE,NO_CHANGE,NO_CHANGE,NO_CHANGE,0,1360,1380,1,3615274803,2025-11-16T08:55:09,480,480,NO_CHANGE_NO_ADJUSTMENTS,NO_CHANGE,NO_CHANGE,NO_CHANGE,NO_CHANGE,0,1370,1390,1,57,49,7.53,98,250,104,7,87,75,70,112,BALANCED,HRV_BALANCED_1,2025-11-16T19:56:27.657,70,4,3615274803,RUNNING,GENERIC,RUNNING,2,MAINTAINING_4,0,38,OPTIMAL,FEEDBACK_2,272,411.0,219.20000000000002,274,0.9,1,MAINTAINING_4,129031336,54.9,55.0,0,0,0,0,0,,25,0,0,0,2025-11-16T09:55:09.0,3615274803,HIGH,HIGH_RT_AVAILABLE_SS_HIGHEST_SLEEP_HISTORY_POS,ENERGIZED_BY_GOOD_SLEEP,78,87,84,GOOD,862,77,GOOD,91,GOOD,272,72,GOOD,81,GOOD,75,94,VERY_GOOD,1,AFTER_WAKEUP_RESET,1,NO_CHANGE_SLEEP,78,25,18.418346136030706,18.0,18.418346136030706,2.1,3,19.62414995709126,2,0,6,52,0,115.6,0,6,24.1,20.7,3.4,18.0,1,0,2025-11-16T00:00:00.0,862,78,HIGH,ENERGIZED_BY_GOOD_SLEEP,87,94,81,75,72,272,91,4,BALANCED,75,0.0,21.7,18.0,3.7,64,71,114,0.2965088,71,114,0.2965088,,,,,,,,,,,,,,,,,,,,,,,,,,,,,,,,,,,,,,,,,,,,,,,,,,,,,,,,,,,,,,,,,,,,,,,,,,,,
2025-11-17,2628.0,472.0,2156.0,2628.0,4287,4837,3497,472.0,472.0,2,private,4600,2025-11-16T23:00:00.0,2025-11-17T00:00:00.0,2025-11-17T23:00:00.0,2025-11-18T00:00:00.0,86400000,873,1680,80042,3805,1,1,0,0,9,26,10.717,13.029,3.51608,4.27461,150,10,55,156,55,52,45,91,24480,5520,6960,49440,86400,13500,8760,2220,28.33,6.39,8.06,57.22,15.62,10.14,2.57,STRESSFUL_AWAKE,33120,3840,56,154,4,43,87,19,23,,,3.0,33.0,2025-11-17T20:00:10,MODERATE,SLEEP_PREPARATION_NOT_STRESS_DATA_AND_INTENSIVE_EXERCISE,SLEEP_PREPARATION_NOT_STRESS_DATA_AND_INTENSIVE_EXERCISE,2025-11-17T00:28:26,HIGH,SLEEP_TIME_PASSED_NOT_STRESS_DATA_AND_INACTIVE,ACTIVITY,2025-11-17T17:22:33,3600000,2220000,-5,EXERCISE_TRAINING_EFFECT_3,IMPROVING_AEROBIC_BASE,3615274803,2025-11-17T18:00:35,,,,,,,,,,15.0,23.0,8.0,19.0,2025-11-17T23:00:00.0,200,,,,,,,,,,,,,0,0,,,,,,,,,,,,,,,,,,,,,,,,,,,,,,,,,,,,,,,,,,,,,3615274803,2025-11-16T08:55:09,480,480,NO_CHANGE_NO_ADJUSTMENTS,NO_CHANGE,NO_CHANGE,NO_CHANGE,NO_CHANGE,0,1370,1390,1,3615274803,2025-11-17T18:00:35,480,480,NO_CHANGE_NO_ADJUSTMENTS,NO_CHANGE,NO_DATA,NO_DATA,NO_CHANGE,0,1370,1390,1,,,,,,,,,,,,,,,,4,3615274803,RUNNING,GENERIC,RUNNING,2,MAINTAINING_4,0,47,OPTIMAL,FEEDBACK_2,338,429.0,228.8,286,1.1,1,MAINTAINING_4,129031336,54.9,55.0,0,0,0,0,0,,12,0,0,0,2025-11-17T19:00:35.0,3615274803,MODERATE,MOD_RT_MOD_SS_UNKNOWN,RECOVERY_IN_PROGRESS,64,,0,NONE,1222,67,MODERATE,83,GOOD,338,72,GOOD,97,GOOD,79,88,GOOD,0,AFTER_POST_EXERCISE_RESET,1,REACHED_ZERO,64,25,18.589287627459974,18.0,18.418346136030706,2.1,3,19.62414995709126,2,0,6,53,0,118.0,0,6,24.1,20.7,3.4,18.0,1,0,2025-11-17T00:00:00.0,1222,64,MODERATE,RECOVERY_IN_PROGRESS,,88,97,79,72,338,83,4,,,43.1,22.2,21.5,0.6,,,,,,,,44.0,,,,,,,,,,,,,,,,,,,,,,,,,,,,,,,,,,,,,,,,,,,,,,,,Nat. piscine,lap_swimming,21016933848,,,,,,,,,,,,,,,,,,,,,,,,,
2025-11-18,3836.0,1680.0,2156.0,3022.0,13361,33828,14799,866.0,1680.0,2,private,4540,2025-11-17T23:00:00.0,2025-11-18T00:00:00.0,2025-11-18T23:00:00.0,2025-11-19T00:00:00.0,86400000,4657,927,54081,26735,1,1,0,0,2,51,109.728,114.171,36.0,37.45768,150,10,50,170,51,51,32,95,18300,27360,8520,32220,86400,7620,7260,3420,21.18,31.67,9.86,37.29,8.82,8.4,3.96,BALANCED,27480,26700,50,168,57,61,80,19,19,61,80,3.0,41.0,2025-11-18T22:20:34,MODERATE,SLEEP_PREPARATION_NOT_STRESS_DATA_AND_INTENSIVE_EXERCISE,SLEEP_PREPARATION_NOT_STRESS_DATA_AND_INTENSIVE_EXERCISE,2025-11-17T23:30:16,HIGH,SLEEP_TIME_PASSED_STRESSFUL_AND_INTENSIVE_EXERCISE,SLEEP,2025-11-17T21:56:35,3600000,30540000,61,NONE,NONE,3615274803,2025-11-18T06:37:01,ACTIVITY,2025-11-18T17:36:47,3600000,3000000,-10,EXERCISE_TRAINING_EFFECT_4,HIGHLY_IMPROVING_LACTATE_THRESHOLD,3615274803,2025-11-18T18:27:49,13.0,20.0,7.0,18.0,2025-11-18T18:42:00.0,200,29880,0,1,1763416595000,1763447135000,1763420195000,1763450735000,0,4440,19080,6360,660,1,0,1,16.0,9.0,20.0,1,19.0,ADULT,56.0,POSITIVE_LONG_AND_CONTINUOUS,POSITIVE_EXERCISE,MOD_EXERCISE_POS_EXCELLENT_OR_GOOD_SLEEP_VIGOROUS_DURING_DAY,EXCELLENT,28800.0,28800.0,FAIR,0.0,15.0,GOOD,0.0,1.0,85,GOOD,21,GOOD,21.0,31.0,6274.8,9262.8,GOOD,0.0,5.0,64,GOOD,30.0,64.0,8964.0,19123.2,15,FAIR,16.0,33.0,4780.8,9860.4,2,3615274803,2025-11-17T18:00:35,480,480,NO_CHANGE_NO_ADJUSTMENTS,NO_CHANGE,NO_DATA,NO_DATA,NO_CHANGE,0,1370,1390,1,3615274803,2025-11-18T18:27:49,480,480,NO_CHANGE_NO_ADJUSTMENTS,NO_CHANGE,NO_CHANGE,NO_CHANGE,NO_CHANGE,0,1370,1390,1,61,51,8.3,74,318,106,11,85,76,62,93,BALANCED,HRV_BALANCED_2,2025-11-18T17:26:33.65,62,7,3615274803,RUNNING,GENERIC,RUNNING,2,PRODUCTIVE_6,0,66,HIGH,FEEDBACK_4,511,481.5,256.8,321,1.5,1,PRODUCTIVE_6,129031336,54.9,55.0,0,0,0,0,0,,31,0,0,0,2025-11-18T19:27:49.0,3615274803,POOR,POOR_RT_HIGH_SS_GOOD_OR_MOD,LET_YOUR_BODY_RECOVER,15,85,80,GOOD,3170,26,POOR,64,MODERATE,511,67,MODERATE,88,GOOD,76,84,GOOD,1,AFTER_POST_EXERCISE_RESET,1,REACHED_ZERO,15,25,18.589287627459974,18.0,18.589287627459974,2.3,3,19.62414995709126,2,0,6,53,0,126.5,0,6,24.1,20.7,3.4,18.0,1,0,2025-11-18T00:00:00.0,3170,15,POOR,LET_YOUR_BODY_RECOVER,85,84,88,76,67,511,64,7,BALANCED,76,66.2,23.2,27.9,-4.7,63,71,113,0.30950928,71,113,0.30950928,186.0,Chevrières Course à pied,running,21026244970,,,,,,,,,,129031336,54.9,55.0,0,0,0,0,0,31,0,0,0,54.9,,,,,,,,,,,,,,,,,,,814.0,,,,,,,,,,,,,,,,,,,,,,,,,,,,,,,
2025-11-19,2280.0,124.0,2156.0,2280.0,4400,3609,3609,124.0,124.0,2,private,5430,2025-11-18T23:00:00.0,2025-11-19T00:00:00.0,2025-11-19T23:00:00.0,2025-11-20T00:00:00.0,86400000,1394,848,84158,0,1,0,0,0,0,0,36.576,42.227,12.0,13.854,150,10,53,108,64,52,41,96,34620,9420,4620,37740,86400,21840,10980,1800,40.07,10.9,5.35,43.68,25.28,12.71,2.08,BALANCED_AWAKE,48660,0,58,104,0,58,84,26,26,,,3.0,34.0,2025-11-19T20:03:20,HIGH,SLEEP_PREPARATION_BALANCED_AND_INACTIVE,SLEEP_PREPARATION_BALANCED_AND_INACTIVE,2025-11-18T23:25:51,MODERATE,SLEEP_TIME_PASSED_NOT_STRESS_DATA_AND_INTENSIVE_EXERCISE,,,,,,,,,,,,,,,,,,,13.0,24.0,6.0,18.0,2025-11-19T23:00:00.0,200,,,,,,,,,,,,,0,0,,,,,,,,,,,,,,,,,,,,,,,,,,,,,,,,,,,,,,,,,,,,,3615274803,2025-11-18T18:27:49,480,480,NO_CHANGE_NO_ADJUSTMENTS,NO_CHANGE,NO_CHANGE,NO_CHANGE,NO_CHANGE,0,1370,1390,1,3615274803,2025-11-19T07:00:56,480,480,NO_CHANGE_NO_ADJUSTMENTS,NO_CHANGE,NO_DATA,NO_DATA,NO_CHANGE,0,1370,1390,1,,,,,,,,,77,,,BALANCED,HRV_BALANCED_2,2025-11-19T19:00:44.826,,7,3615274803,RUNNING,GENERIC,RUNNING,2,PRODUCTIVE_6,0,57,OPTIMAL,FEEDBACK_3,426,472.5,252.0,315,1.3,1,PRODUCTIVE_6,129031336,54.9,55.0,0,0,0,0,0,,12,0,0,0,2025-11-19T08:00:55.0,3615274803,LOW,LOW_RT_HIGH_SS_UNKNOWN,HIGH_RECOVERY_NEEDS,31,,0,NONE,2418,37,POOR,76,GOOD,426,67,MODERATE,92,GOOD,77,80,GOOD,0,AFTER_WAKEUP_RESET,1,,31,25,18.589287627459974,18.0,18.589287627459974,2.5,3,19.62414995709126,2,0,6,53,0,126.5,0,6,24.1,20.7,3.4,18.0,1,0,2025-11-19T00:00:00.0,2418,31,LOW,HIGH_RECOVERY_NEEDS,,80,92,77,67,426,76,7,BALANCED,77,0.0,22.7,23.9,-1.3,63,70,112,0.33332825,70,112,0.33332825,,,,,,,,,,,,,,,,,,,,,,,,,,,,,,,,,,,,,,,,,,,,,,,,,,,,,,,,,,,,,,,,,,,,,,,,,,,,
2025-11-20,3085.0,929.0,2156.0,3085.0,16852,18633,18633,929.0,929.0,2,private,5330,2025-11-19T23:00:00.0,2025-11-20T00:00:00.0,2025-11-20T23:00:00.0,2025-11-21T00:00:00.0,86400000,5654,1280,54746,24720,1,1,0,0,2,74,100.584,120.957,33.0,39.68406,150,10,45,156,49,53,31,91,32760,34920,9960,8640,86280,17700,12720,2340,37.97,40.47,11.54,10.01,20.51,14.74,2.71,BALANCED,52920,24720,45,153,73,82,97,17,17,70,97,3.0,30.0,2025-11-20T20:00:10,MODERATE,SLEEP_PREPARATION_STRESSFUL_AND_INTENSIVE_EXERCISE,SLEEP_PREPARATION_STRESSFUL_AND_INTENSIVE_EXERCISE,2025-11-20T00:12:07,HIGH,SLEEP_TIME_PASSED_BALANCED_AND_INACTIVE,SLEEP,2025-11-20T00:38:55,3600000,24720000,70,NONE,NONE,3615274803,2025-11-20T07:53:08,STRESS,2025-11-20T12:02:08,3600000,1680000,-5,STRESS,STRESSFUL_PERIOD,3615274803,2025-11-20T12:34:52,13.0,22.0,7.0,13.0,2025-11-20T23:00:00.0,200,24660,0,1,1763599135000,1763623855000,1763602735000,1763627455000,0,4020,14940,5700,60,1,0,1,15.0,8.0,18.0,0,11.0,ADULT,54.0,POSITIVE_RECOVERING,POSITIVE_LATE_BED_TIME,GENERAL_POS_EXCELLENT_OR_GOOD_SLEEP,FAIR,28800.0,28800.0,EXCELLENT,0.0,15.0,EXCELLENT,0.0,1.0,84,GOOD,23,EXCELLENT,21.0,31.0,5178.6,7644.6,EXCELLENT,0.0,5.0,61,GOOD,30.0,64.0,7398.0,15782.4,16,GOOD,16.0,33.0,3945.6,8137.8,2,3615274803,2025-11-19T07:00:56,480,480,NO_CHANGE_NO_ADJUSTMENTS,NO_CHANGE,NO_DATA,NO_DATA,NO_CHANGE,0,1370,1390,1,3615274803,2025-11-20T17:32:46,480,480,NO_CHANGE_NO_ADJUSTMENTS,NO_CHANGE,NO_CHANGE,NO_CHANGE,NO_CHANGE,0,1380,1400,1,70,49,6.85,67,249,95,1,84,73,77,121,BALANCED,HRV_BALANCED_2,2025-11-20T17:33:12.209,77,7,3615274803,RUNNING,GENERIC,RUNNING,2,PRODUCTIVE_2,0,61,OPTIMAL,FEEDBACK_3,486,489.0,260.8,326,1.4,1,PRODUCTIVE_2,129031336,54.3,54.0,0,0,0,0,0,,21,0,0,0,2025-11-20T18:32:46.0,3615274803,LOW,LOW_RT_MOD_OR_LOW_SS_GOOD_ACWR_NEG,BALANCE_YOUR_TRAINING_LOAD,42,84,78,GOOD,1917,48,MODERATE,70,GOOD,486,72,GOOD,79,GOOD,73,80,GOOD,1,AFTER_POST_EXERCISE_RESET,1,NO_CHANGE_SLEEP,42,25,18.589287627459974,18.0,18.589287627459974,2.5,3,19.62414995709126,2,0,6,53,0,138.8,0,6,24.1,20.7,3.4,18.0,1,0,2025-11-20T00:00:00.0,1917,42,LOW,BALANCE_YOUR_TRAINING_LOAD,84,80,79,73,72,486,70,7,BALANCED,73,62.8,23.6,29.5,-5.9,63,70,112,0.28570557,70,112,0.28570557,112.0,,,,ACTIVITY,2025-11-20T16:17:57,3600000,4440000,-13,EXERCISE_TRAINING_EFFECT_3,IMPROVING_AEROBIC_BASE,3615274803,2025-11-20T17:32:45,129031336,54.3,54.0,0,0,0,0,0,21,0,0,0,54.3,,,,,,,,,,,,,,,,,,,,Chevrières Course à pied,running,21044466159,,,,,,,,,,,,,,,,,,,,,,,,,,,,
2025-11-21,2233.0,77.0,2156.0,2233.0,4124,3366,3366,77.0,77.0,2,private,6490,2025-11-20T23:00:00.0,2025-11-21T00:00:00.0,2025-11-21T23:00:00.0,2025-11-22T00:00:00.0,86400000,1314,402,59904,24780,1,0,0,0,0,0,27.432,41.925,9.0,13.75492,150,10,48,105,50,52,35,96,39600,31860,5100,9840,86400,19560,15720,4320,45.83,36.88,5.9,11.39,22.64,18.19,5.0,STRESSFUL,51780,24780,49,103,68,72,84,13,13,67,83,3.0,33.0,2025-11-21T22:35:34,LOW,SLEEP_PREPARATION_STRESSFUL_AND_INACTIVE,SLEEP_PREPARATION_STRESSFUL_AND_INACTIVE_AND_BB_LOW,2025-11-21T01:12:04,HIGH,SLEEP_TIME_PASSED_STRESSFUL_AND_INTENSIVE_EXERCISE,SLEEP,2025-11-20T23:36:45,3600000,24780000,67,NONE,NONE,3615274803,2025-11-21T07:05:55,,,,,,,,,,13.0,21.0,6.0,13.0,2025-11-21T23:00:00.0,200,23340,0,1,1763681805000,1763706585000,1763685405000,1763710185000,0,3240,16560,3540,1440,1,0,1,15.0,8.0,21.0,1,12.0,ADULT,54.0,POSITIVE_RECOVERING,POSITIVE_EXERCISE,GENERAL_POS_FAIR_OR_POOR_SLEEP,FAIR,28800.0,28800.0,EXCELLENT,0.0,15.0,GOOD,0.0,1.0,75,FAIR,15,FAIR,21.0,31.0,4901.4,7235.4,FAIR,0.0,5.0,71,FAIR,30.0,64.0,7002.0,14937.6,14,FAIR,16.0,33.0,3734.4,7702.2,2,3615274803,2025-11-20T17:32:46,480,480,NO_CHANGE_NO_ADJUSTMENTS,NO_CHANGE,NO_CHANGE,NO_CHANGE,NO_CHANGE,0,1380,1400,1,3615274803,2025-11-21T07:05:56,480,500,INCREASED,NO_CHANGE,INCREASING,NO_CHANGE,NO_CHANGE,1,1360,1400,1,67,50,6.48,54,276,59,24,75,74,77,109,BALANCED,HRV_BALANCED_2,2025-11-24T19:24:28.647,77,7,3615274803,RUNNING,GENERIC,RUNNING,2,PRODUCTIVE_2,0,57,OPTIMAL,FEEDBACK_3,418,475.5,253.60000000000002,317,1.3,1,PRODUCTIVE_2,129031336,54.3,54.0,0,0,0,0,0,,41,0,0,0,2025-11-21T09:44:55.0,3615274803,MODERATE,MOD_RT_LOW_SS_MOD,GOOD_SLEEP_HISTORY,50,75,62,MODERATE,1007,73,GOOD,77,GOOD,418,74,GOOD,82,GOOD,74,78,GOOD,1,UPDATE_REALTIME_VARIABLES,1,,50,25,18.589287627459974,18.0,18.589287627459974,2.5,3,19.62414995709126,2,0,6,53,0,136.3,0,6,24.1,20.7,3.4,18.0,1,0,2025-11-21T00:00:00.0,1007,50,MODERATE,GOOD_SLEEP_HISTORY,75,78,82,74,74,418,77,7,BALANCED,74,0.0,23.1,25.3,-2.2,63,70,112,0.29760742,70,112,0.29760742,,,,,,,,,,,,,,,,,,,,,,,,,,,,,,,,,,,,,,,,,,,,,,,,,,,,,,,,,,,,,,,,,,,,,,,,,,,,
2025-11-22,2177.0,21.0,2156.0,2177.0,1669,1380,1380,21.0,21.0,2,private,6260,2025-11-21T23:00:00.0,2025-11-22T00:00:00.0,2025-11-22T23:00:00.0,2025-11-23T00:00:00.0,86400000,420,175,55685,30120,1,0,0,0,0,0,26.305,20.327,8.63025,6.66896,150,10,48,102,51,53,28,96,20160,35880,2340,28020,86400,9900,8040,2220,23.33,41.53,2.71,32.43,11.46,9.31,2.57,BALANCED,28920,29460,50,97,75,43,80,5,45,75,80,3.0,34.0,2025-11-22T22:10:21,MODERATE,NO_DATA,NO_DATA,2025-11-22T04:15:13,HIGH,SLEEP_TIME_PASSED_STRESSFUL_AND_INACTIVE,SLEEP,2025-11-22T01:49:55,3600000,30120000,75,NONE,NONE,3615274803,2025-11-22T10:28:13,,,,,,,,,,13.0,21.0,8.0,14.0,2025-11-22T18:18:00.0,200,29160,0,1,1763776195000,1763806315000,1763779795000,1763809915000,0,6060,16800,6300,960,1,0,1,15.0,9.0,19.0,1,17.0,ADULT,55.0,POSITIVE_LONG_AND_DEEP,POSITIVE_LATE_BED_TIME,GENERAL_POS_EXCELLENT_OR_GOOD_SLEEP,EXCELLENT,28800.0,28800.0,FAIR,0.0,15.0,GOOD,0.0,1.0,89,GOOD,22,GOOD,21.0,31.0,6123.6,9039.6,GOOD,0.0,5.0,58,EXCELLENT,30.0,64.0,8748.0,18662.4,21,EXCELLENT,16.0,33.0,4665.6,9622.8,2,3615274803,2025-11-21T07:05:56,480,500,INCREASED,NO_CHANGE,INCREASING,NO_CHANGE,NO_CHANGE,1,1360,1400,1,3615274803,2025-11-22T10:28:13,480,480,NO_CHANGE_NO_ADJUSTMENTS,NO_CHANGE,NO_CHANGE,NO_CHANGE,NO_CHANGE,0,1400,1420,1,75,51,8.1,101,280,105,16,89,72,73,108,BALANCED,HRV_BALANCED_2,2025-11-24T19:24:29.149,73,7,3615274803,RUNNING,GENERIC,RUNNING,2,PRODUCTIVE_2,0,47,OPTIMAL,FEEDBACK_2,349,462.0,246.4,308,1.1,1,PRODUCTIVE_2,129031336,54.3,54.0,0,0,0,0,0,,33,0,0,0,2025-11-22T11:28:13.0,3615274803,MODERATE,MOD_RT_MOD_OR_LOW_SS_GOOD_AWAKE_NEG,WELL_RESTED,62,89,88,GOOD,1,99,GOOD,85,GOOD,349,66,MODERATE,75,GOOD,72,67,MODERATE,1,AFTER_WAKEUP_RESET,1,NO_CHANGE_SLEEP,62,25,18.589287627459974,18.0,18.589287627459974,2.5,3,19.62414995709126,2,0,6,53,0,136.3,0,6,24.1,20.7,3.4,18.0,1,0,2025-11-22T00:00:00.0,1,62,MODERATE,WELL_RESTED,89,67,75,72,66,349,85,7,BALANCED,72,0.0,22.5,21.7,0.8,62,70,112,0.2738037,70,112,0.2738037,,,,,,,,,,,,,,,,,,,,,,,,,,,,,,,,,,,,,,,,,,,,,,,,,,,,,,,,,,,,,,,,,,,,,,,,,,,,
2025-11-23,2157.0,1.0,2156.0,2157.0,56,46,46,1.0,1.0,2,private,5350,2025-11-22T23:00:00.0,2025-11-23T00:00:00.0,2025-11-23T23:00:00.0,2025-11-24T00:00:00.0,86400000,20,0,75395,10985,1,0,0,0,0,0,0.0,0.0,0.0,0.0,150,10,48,90,51,53,16,57,1080,10920,120,74280,86400,1020,60,,1.25,12.64,0.14,85.97,1.18,0.07,0.0,UNKNOWN,1200,10920,49,82,27,1,59,32,59,,,3.0,37.0,2025-11-23T20:00:13,HIGH,NO_DATA,NO_DATA,,,,,,,,,,,,,,,,,,,,,,18.0,21.0,11.0,16.0,2025-11-23T23:00:00.0,200,,,,,,,,,,,,,0,0,,,,,,,,,,,,,,,,,,,,,,,,,,,,,,,,,,,,,,,,,,,,,3615274803,2025-11-22T10:28:13,480,480,NO_CHANGE_NO_ADJUSTMENTS,NO_CHANGE,NO_CHANGE,NO_CHANGE,NO_CHANGE,0,1400,1420,1,3615274803,2025-11-23T07:00:56,480,480,NO_CHANGE_NO_ADJUSTMENTS,NO_CHANGE,NO_CHANGE,NO_DATA,NO_CHANGE,0,1410,1430,1,,,,,,,,,,,,,,,,4,3615274803,RUNNING,GENERIC,RUNNING,2,MAINTAINING_4,0,38,OPTIMAL,FEEDBACK_2,281,450.0,240.0,300,0.9,1,MAINTAINING_4,129031336,54.3,54.0,0,0,0,0,0,,38,0,0,0,2025-11-23T08:00:55.0,3615274803,MODERATE,MOD_RT_LOW_SS_UNKNOWN,GOOD_SLEEP_HISTORY,69,,0,NONE,1,99,GOOD,94,GOOD,281,66,MODERATE,75,GOOD,72,78,GOOD,0,AFTER_WAKEUP_RESET,1,,69,25,18.589287627459974,18.0,18.589287627459974,2.5,3,19.62414995709126,2,0,6,53,0,135.8,0,6,24.1,20.7,3.4,18.0,1,0,2025-11-23T00:00:00.0,1,69,MODERATE,GOOD_SLEEP_HISTORY,,78,75,72,66,281,94,4,,,0.0,22.0,18.6,3.4,,,,,,,,,,,,,,,,,,,,,,,,,,,,,,,,,,,,,,,,,,,,,,,,,,,,,,,,,,,,,,,,,,,,,,,,,,,,,,,,,,,
2025-11-24,2906.0,750.0,2156.0,2906.0,4603,4946,3839,750.0,750.0,2,private,5350,2025-11-23T23:00:00.0,2025-11-24T00:00:00.0,2025-11-24T23:00:00.0,2025-11-25T00:00:00.0,86400000,1179,1947,51816,31458,1,1,0,0,0,58,22.354,18.787,7.33399,6.16371,150,10,44,176,49,52,35,91,39060,30120,7140,10080,86400,18180,16200,4680,45.21,34.86,8.26,11.67,21.04,18.75,5.42,STRESSFUL,45480,30840,47,169,41,82,100,18,18,68,100,3.0,46.0,2025-11-24T20:00:09,MODERATE,SLEEP_PREPARATION_STRESSFUL_AND_INTENSIVE_EXERCISE,SLEEP_PREPARATION_STRESSFUL_AND_INTENSIVE_EXERCISE,,,,SLEEP,2025-11-23T19:56:55,3600000,39360000,68,NONE,NONE,3615274803,2025-11-24T06:54:43,ACTIVITY,2025-11-24T17:35:39,3600000,3480000,-9,EXERCISE_TRAINING_EFFECT_3,IMPROVING_AEROBIC_BASE,3615274803,2025-11-24T18:34:37,14.0,25.0,7.0,11.0,2025-11-24T23:00:00.0,200,36180,0,1,1763927815000,1763967175000,1763931415000,1763970775000,0,4440,24480,7260,3180,1,0,1,15.0,9.0,21.0,3,9.0,ADULT,53.0,NEGATIVE_LONG_BUT_DISCONTINUOUS,NONE,GENERAL_NEG_FAIR_OR_POOR_SLEEP,EXCELLENT,28800.0,28800.0,EXCELLENT,0.0,15.0,POOR,0.0,1.0,77,FAIR,20,FAIR,21.0,31.0,7597.8,11215.8,POOR,0.0,5.0,68,FAIR,30.0,64.0,10854.0,23155.2,12,FAIR,16.0,33.0,5788.8,11939.4,2,3615274803,2025-11-23T07:00:56,480,480,NO_CHANGE_NO_ADJUSTMENTS,NO_CHANGE,NO_CHANGE,NO_DATA,NO_CHANGE,0,1410,1430,1,3615274803,2025-11-24T18:34:37,480,480,NO_CHANGE_NO_ADJUSTMENTS,NO_CHANGE,NO_CHANGE,NO_CHANGE,NO_CHANGE,0,1410,1430,1,68,49,10.05,74,408,121,53,77,74,85,116,BALANCED,HRV_BALANCED_5,2025-11-24T19:24:29.450,85,4,3615274803,RUNNING,GENERIC,RUNNING,2,MAINTAINING_4,0,47,OPTIMAL,FEEDBACK_2,370,481.5,256.8,321,1.1,1,MAINTAINING_4,129031336,54.3,54.0,0,0,0,0,0,,31,0,0,0,2025-11-24T19:34:37.0,3615274803,MODERATE,MOD_RT_MOD_SS_MOD,LISTEN_TO_YOUR_BODY,61,77,65,MODERATE,1396,62,MODERATE,84,GOOD,370,0,NONE,84,GOOD,74,88,GOOD,1,AFTER_POST_EXERCISE_RESET,1,REACHED_ZERO,61,25,18.589287627459974,18.0,18.589287627459974,2.5,3,19.62414995709126,2,0,6,53,0,145.5,0,6,24.1,20.7,3.4,18.0,1,0,2025-11-24T00:00:00.0,1396,61,MODERATE,LISTEN_TO_YOUR_BODY,77,88,84,74,0,370,84,4,BALANCED,74,49.1,22.6,22.9,-0.3,63,70,111,0.2987671,70,111,0.2987671,50.0,Nat. piscine,lap_swimming,21080613916,,,,,,,,,,,,,,,,,,,,,,,,,,,,,,,,,,,,,,,,,,,,,,,,,,,,,,,,,,,,,,,,,,,,,,,,
2025-11-25,2309.0,153.0,2156.0,2309.0,5374,4430,4430,153.0,153.0,2,private,5200,2025-11-24T23:00:00.0,2025-11-25T00:00:00.0,2025-11-25T23:00:00.0,2025-11-26T00:00:00.0,86400000,1099,1467,58537,25297,1,0,0,0,0,0,2.165,11.525,0.7103,3.78117,150,10,49,110,53,52,43,95,50760,25680,4740,5160,86340,18420,26220,6120,58.79,29.74,5.49,5.98,21.33,30.37,7.09,STRESSFUL,56100,25080,51,104,52,62,69,8,8,51,69,3.0,23.0,2025-11-25T20:00:17,LOW,SLEEP_PREPARATION_STRESSFUL_AND_INACTIVE,SLEEP_PREPARATION_STRESSFUL_AND_INACTIVE_AND_BB_LOW,2025-11-25T00:28:53,HIGH,SLEEP_TIME_PASSED_STRESSFUL_AND_INTENSIVE_EXERCISE,SLEEP,2025-11-24T22:08:37,3600000,28380000,51,NONE,NONE,3615274803,2025-11-25T06:02:46,,,,,,,,,,14.0,23.0,7.0,20.0,2025-11-25T23:00:00.0,200,27180,0,1,1764022117000,1764050497000,1764025717000,1764054097000,0,3240,17700,6240,1200,1,0,1,16.0,9.0,20.0,1,20.0,ADULT,56.0,POSITIVE_LONG_AND_REFRESHING,POSITIVE_EXERCISE,MOD_EXERCISE_POS_EXCELLENT_OR_GOOD_SLEEP_VIGOROUS_DURING_DAY,GOOD,28800.0,28800.0,FAIR,0.0,15.0,GOOD,0.0,1.0,80,GOOD,23,EXCELLENT,21.0,31.0,5707.8,8425.8,GOOD,0.0,5.0,65,FAIR,30.0,64.0,8154.0,17395.2,12,FAIR,16.0,33.0,4348.8,8969.4,2,3615274803,2025-11-24T18:34:37,480,480,NO_CHANGE_NO_ADJUSTMENTS,NO_CHANGE,NO_CHANGE,NO_CHANGE,NO_CHANGE,0,1410,1430,1,3615274803,2025-11-25T06:02:47,480,480,NO_CHANGE_NO_ADJUSTMENTS,NO_CHANGE,NO_CHANGE,NO_CHANGE,NO_CHANGE,0,1420,0,1,51,53,7.55,54,295,104,20,80,75,65,94,BALANCED,HRV_BALANCED_2,2025-11-25T19:18:50.327,65,4,3615274803,RUNNING,GENERIC,RUNNING,2,MAINTAINING_4,0,38,OPTIMAL,FEEDBACK_2,290,472.5,252.0,315,0.9,1,MAINTAINING_4,129031336,54.3,54.0,0,0,0,0,0,,4,0,0,0,2025-11-25T15:44:55.0,3615274803,HIGH,HIGH_RT_HIGHEST_SS_AVAILABLE,WELL_RECOVERED,75,80,70,GOOD,186,95,GOOD,94,GOOD,290,0,NONE,88,GOOD,75,65,MODERATE,1,UPDATE_REALTIME_VARIABLES,1,,75,25,18.589287627459974,18.0,18.589287627459974,2.5,3,19.62414995709126,2,0,6,53,0,145.5,0,6,24.1,20.7,3.4,18.0,1,0,2025-11-25T00:00:00.0,186,75,HIGH,WELL_RECOVERED,80,65,88,75,0,290,94,4,BALANCED,75,0.0,22.1,19.7,2.4,62,70,110,0.3125,70,110,0.3125,,,,,,,,,,,,,,,,,,,,,,,,,,,,,,,,,,,,,,,,,,,,,,,,,,,,,,,,,,,,,,,,,,,,,,,,,,,,
2025-11-26,2161.0,5.0,2156.0,2161.0,212,173,173,5.0,5.0,2,private,5220,2025-11-25T23:00:00.0,2025-11-26T00:00:00.0,2025-11-26T23:00:00.0,2025-11-27T00:00:00.0,86400000,41,76,62212,24071,1,0,0,0,0,0,0.0,2.736,0.0,0.89764,150,10,49,104,51,51,17,61,2280,26460,180,57480,86400,2040,240,,2.64,30.62,0.21,66.53,2.36,0.28,0.0,UNKNOWN,5100,23820,49,96,63,0,69,8,14,61,69,3.0,33.0,2025-11-26T20:00:15,LOW,NO_DATA,NO_DATA,2025-11-26T01:42:08,HIGH,SLEEP_TIME_PASSED_STRESSFUL_AND_INACTIVE,SLEEP,2025-11-25T23:38:46,3600000,23700000,61,NONE,NONE,3615274803,2025-11-26T06:16:49,,,,,,,,,,18.0,23.0,8.0,13.0,2025-11-26T23:00:00.0,200,23640,0,1,1764113926000,1764137626000,1764117526000,1764141226000,0,5520,13560,4560,60,1,0,1,16.0,8.0,19.0,0,19.0,ADULT,55.0,POSITIVE_DEEP,POSITIVE_LATE_BED_TIME,GENERAL_POS_FAIR_OR_POOR_SLEEP,FAIR,28800.0,28800.0,FAIR,0.0,15.0,EXCELLENT,0.0,1.0,77,FAIR,19,FAIR,21.0,31.0,4964.4,7328.4,EXCELLENT,0.0,5.0,57,EXCELLENT,30.0,64.0,7092.0,15129.6,23,EXCELLENT,16.0,33.0,3782.4,7801.2,2,3615274803,2025-11-25T06:02:47,480,480,NO_CHANGE_NO_ADJUSTMENTS,NO_CHANGE,NO_CHANGE,NO_CHANGE,NO_CHANGE,0,1420,0,1,3615274803,2025-11-26T06:16:50,480,500,INCREASED,NO_CHANGE,INCREASING,NO_CHANGE,NO_CHANGE,1,1400,0,1,61,51,6.57,92,226,76,1,77,73,64,103,BALANCED,HRV_BALANCED_3,2025-12-05T17:30:34.402,64,4,3615274803,RUNNING,GENERIC,RUNNING,2,MAINTAINING_4,0,29,LOW,FEEDBACK_1,227,460.5,245.60000000000002,307,0.7,1,MAINTAINING_4,129031336,54.3,54.0,0,0,0,0,0,,38,0,0,0,2025-11-26T07:16:50.0,3615274803,MODERATE,MOD_RT_LOW_SS_MOD_STRESS_HISTORY_NEG,BALANCE_STRESS_AND_RECOVERY,61,77,65,MODERATE,1,99,GOOD,100,VERY_GOOD,227,50,MODERATE,82,GOOD,73,68,MODERATE,1,AFTER_WAKEUP_RESET,1,NO_CHANGE_SLEEP,61,25,18.589287627459974,18.0,18.589287627459974,2.3,3,19.62414995709126,2,0,6,53,0,136.1,0,6,24.1,20.7,3.4,18.0,1,0,2025-11-26T00:00:00.0,1,61,MODERATE,BALANCE_STRESS_AND_RECOVERY,77,68,82,73,50,227,100,4,BALANCED,73,0.0,21.6,16.8,4.7,62,70,110,0.28749084,70,110,0.28749084,,,,,,,,,,,,,,,,,,,,,,,,,,,,,,,,,,,,,,,,,,,,,,,,,,,,,,,,,,,,,,,,,,,,,,,,,,,,
2025-11-27,2157.0,1.0,2156.0,2157.0,137,112,112,1.0,1.0,2,private,5220,2025-11-26T23:00:00.0,2025-11-27T00:00:00.0,2025-11-27T23:00:00.0,2025-11-28T00:00:00.0,86400000,51,1,60439,25909,1,0,0,0,0,0,0.0,2.016,0.0,0.66142,150,10,48,77,52,51,12,69,240,27420,60,58680,86400,180,60,,0.28,31.74,0.07,67.92,0.21,0.07,0.0,UNKNOWN,1860,25860,49,75,74,0,88,14,88,73,87,3.0,41.0,2025-11-27T20:00:14,MODERATE,NO_DATA,NO_DATA,,,,SLEEP,2025-11-26T22:53:49,3600000,26280000,73,NONE,NONE,3615274803,2025-11-27T06:43:13,,,,,,,,,,15.0,19.0,10.0,19.0,2025-11-27T06:39:00.0,200,26220,0,1,1764197629000,1764223909000,1764201229000,1764227509000,0,6300,13680,6240,60,1,0,1,15.0,10.0,20.0,0,13.0,ADULT,55.0,POSITIVE_LONG_AND_DEEP,NONE,GENERAL_POS_EXCELLENT_OR_GOOD_SLEEP,GOOD,28800.0,28800.0,EXCELLENT,0.0,15.0,EXCELLENT,0.0,1.0,89,GOOD,24,EXCELLENT,21.0,31.0,5506.2,8128.2,EXCELLENT,0.0,5.0,52,EXCELLENT,30.0,64.0,7866.0,16780.8,24,EXCELLENT,16.0,33.0,4195.2,8652.6,2,3615274803,2025-11-26T06:16:50,480,500,INCREASED,NO_CHANGE,INCREASING,NO_CHANGE,NO_CHANGE,1,1400,0,1,3615274803,2025-11-27T06:43:14,480,480,NO_CHANGE_NO_ADJUSTMENTS,NO_CHANGE,NO_CHANGE,NO_CHANGE,NO_CHANGE,0,1410,1430,1,73,52,7.28,105,228,104,1,89,72,71,97,BALANCED,HRV_BALANCED_8,2025-12-05T17:30:34.694,71,5,3615274803,RUNNING,GENERIC,RUNNING,2,RECOVERY_2,0,20,LOW,FEEDBACK_1,165,447.0,238.4,298,0.5,1,RECOVERY_2,129031336,54.3,54.0,0,0,0,0,0,,43,0,0,0,2025-11-27T07:43:14.0,3615274803,HIGH,HIGH_RT_HIGHEST_SS_AVAILABLE,WELL_RECOVERED,77,89,88,GOOD,1,99,GOOD,100,VERY_GOOD,165,52,MODERATE,79,GOOD,72,67,MODERATE,1,AFTER_WAKEUP_RESET,1,NO_CHANGE_SLEEP,77,25,18.589287627459974,18.0,18.589287627459974,2.3,3,19.62414995709126,2,0,6,53,0,136.1,0,6,24.1,20.7,3.4,18.0,1,0,2025-11-27T00:00:00.0,1,77,HIGH,WELL_RECOVERED,89,67,79,72,52,165,100,5,BALANCED,72,0.0,21.0,14.4,6.6,62,70,110,0.2749939,70,110,0.2749939,,,,,,,,,,,,,,,,,,,,,,,,,,,,,,,,,,,,,,,,,,,,,,,,,,,,,,,,,,,,,,,,,,,,,,,,,,,,
2025-11-28,2156.0,0.0,2156.0,2156.0,,,,0.0,0.0,2,private,5220,2025-11-27T23:00:00.0,2025-11-28T00:00:00.0,2025-11-28T23:00:00.0,2025-11-29T00:00:00.0,86400000,0,0,86400,0,1,0,0,0,0,0,0.0,0.0,0.0,0.0,150,10,,,,,-1,,,,,86400,86400,,,,0.0,0.0,0.0,100.0,0.0,0.0,0.0,UNKNOWN,0,0,,,,,,,,,,,39.0,2025-11-28T20:00:08,MODERATE,NO_DATA,NO_DATA,,,,,,,,,,,,,,,,,,,,,,,,,,,,,,,,,,,,,,,,0,0,,,,,,,,,,,,,,,,,,,,,,,,,,,,,,,,,,,,,,,,,,,,,3615274803,2025-11-27T06:43:14,480,480,NO_CHANGE_NO_ADJUSTMENTS,NO_CHANGE,NO_CHANGE,NO_CHANGE,NO_CHANGE,0,1410,1430,1,3615274803,2025-11-28T06:45:56,480,480,NO_CHANGE_NO_ADJUSTMENTS,NO_CHANGE,NO_DATA,NO_DATA,NO_CHANGE,0,1410,1430,1,,,,,,,,,71,,,BALANCED,HRV_BALANCED_5,2025-12-05T17:30:34.968,,5,3615274803,RUNNING,GENERIC,RUNNING,2,RECOVERY_2,0,12,LOW,FEEDBACK_1,115,432.0,230.4,288,0.3,1,RECOVERY_2,129031336,54.3,54.0,0,0,0,0,0,,38,0,0,0,2025-11-28T07:45:55.0,3615274803,HIGH,HIGH_RT_AVAILABLE_SS_UNKNOWN,WELL_RECOVERED,76,,0,NONE,1,99,GOOD,100,VERY_GOOD,115,52,MODERATE,76,GOOD,71,80,GOOD,0,AFTER_WAKEUP_RESET,1,,76,25,18.589287627459974,18.0,18.589287627459974,2.3,3,19.62414995709126,2,0,6,53,0,135.8,0,6,24.1,20.7,3.4,18.0,1,0,2025-11-28T00:00:00.0,1,76,HIGH,WELL_RECOVERED,,80,76,71,52,115,100,5,BALANCED,71,0.0,20.5,12.4,8.2,62,70,109,0.26281738,70,109,0.26281738,,,,,,,,,,,,,,,,,,,,,,,,,,,,,,,,,,,,,,,,,,,,,,,,,,,,,,,,,,,,,,,,,,,,,,,,,,,,
2025-11-29,2171.0,15.0,2156.0,2171.0,854,709,709,15.0,15.0,2,private,5220,2025-11-28T23:00:00.0,2025-11-29T00:00:00.0,2025-11-29T23:00:00.0,2025-11-30T00:00:00.0,86400000,72,352,85976,0,1,0,0,0,0,0,23.398,20.882,7.67651,6.85105,150,10,57,103,55,52,49,78,5580,360,1020,79440,86400,2820,2580,180,6.46,0.42,1.18,91.94,3.26,2.99,0.21,UNKNOWN,6960,0,60,96,0,15,87,72,72,,,3.0,38.0,2025-11-29T20:00:12,HIGH,NO_DATA,NO_DATA,,,,,,,,,,,,,,,,,,,,,,14.0,20.0,9.0,18.0,2025-11-29T09:44:00.0,200,,,,,,,,,,,,,0,0,,,,,,,,,,,,,,,,,,,,,,,,,,,,,,,,,,,,,,,,,,,,,3615274803,2025-11-28T06:45:56,480,480,NO_CHANGE_NO_ADJUSTMENTS,NO_CHANGE,NO_DATA,NO_DATA,NO_CHANGE,0,1410,1430,1,3615274803,2025-11-29T06:50:56,480,480,NO_CHANGE_NO_ADJUSTMENTS,NO_CHANGE,NO_DATA,NO_DATA,NO_CHANGE,0,1410,1430,1,,,,,,,,,71,,,BALANCED,HRV_BALANCED_6,2025-12-05T17:30:35.239,,5,3615274803,RUNNING,GENERIC,RUNNING,2,RECOVERY_2,0,12,LOW,FEEDBACK_1,88,412.5,220.0,275,0.3,1,RECOVERY_2,129031336,54.3,54.0,0,0,0,0,0,,38,0,0,0,2025-11-29T07:50:55.0,3615274803,HIGH,HIGH_RT_AVAILABLE_SS_UNKNOWN_ACWR_POS,WELL_RECOVERED,94,,0,NONE,1,99,GOOD,100,VERY_GOOD,88,0,NONE,75,GOOD,71,88,GOOD,0,AFTER_WAKEUP_RESET,1,,94,25,18.589287627459974,18.0,18.589287627459974,2.3,3,19.62414995709126,2,0,6,53,0,135.8,0,6,24.1,20.7,3.4,18.0,1,0,2025-11-29T00:00:00.0,1,94,HIGH,WELL_RECOVERED,,88,75,71,0,88,100,5,BALANCED,71,0.0,20.0,10.6,9.4,62,69,108,0.27563477,69,108,0.27563477,,,,,,,,,,,,,,,,,,,,,,,,,,,,,,,,,,,,,,,,,,,,,,,,,,,,,,,,,,,,,,,,,,,,,,,,,,,,
2025-11-30,2156.0,0.0,2156.0,2156.0,,,,0.0,0.0,2,private,4350,2025-11-29T23:00:00.0,2025-11-30T00:00:00.0,2025-11-30T23:00:00.0,2025-12-01T00:00:00.0,86400000,0,0,86400,0,1,0,0,0,0,0,0.0,0.0,0.0,0.0,150,10,,,,,-1,,,,,86400,86400,,,,0.0,0.0,0.0,100.0,0.0,0.0,0.0,UNKNOWN,0,0,,,,,,,,,,,38.0,2025-11-30T20:00:12,HIGH,NO_DATA,NO_DATA,,,,,,,,,,,,,,,,,,,,,,,,,,,,,,,,,,,,,,,,0,0,,,,,,,,,,,,,,,,,,,,,,,,,,,,,,,,,,,,,,,,,,,,,3615274803,2025-11-29T06:50:56,480,480,NO_CHANGE_NO_ADJUSTMENTS,NO_CHANGE,NO_DATA,NO_DATA,NO_CHANGE,0,1410,1430,1,3615274803,2025-11-30T06:55:56,480,480,NO_CHANGE_NO_ADJUSTMENTS,NO_CHANGE,NO_DATA,NO_DATA,NO_CHANGE,0,1410,1430,1,,,,,,,,,,,,,,,,5,3615274803,RUNNING,GENERIC,RUNNING,2,RECOVERY_2,0,8,LOW,FEEDBACK_1,61,394.5,210.4,263,0.2,1,RECOVERY_2,129031336,54.3,54.0,0,0,0,0,0,,38,0,0,0,2025-11-30T07:55:55.0,3615274803,HIGH,HIGH_RT_AVAILABLE_SS_UNKNOWN_ACWR_POS,WELL_RECOVERED,90,,0,NONE,1,99,GOOD,100,VERY_GOOD,61,0,NONE,75,GOOD,71,0,NONE,0,AFTER_WAKEUP_RESET,1,,90,25,18.589287627459974,18.0,18.589287627459974,2.1,3,19.62414995709126,2,0,6,53,0,115.8,0,6,24.1,20.7,3.4,18.0,1,0,2025-11-30T00:00:00.0,1,90,HIGH,WELL_RECOVERED,,0,75,71,0,61,100,5,,,0.0,19.6,9.1,10.5,,,,,,,,,,,,,,,,,,,,,,,,,,,,,,,,,,,,,,,,,,,,,,,,,,,,,,,,,,,,,,,,,,,,,,,,,,,,,,,,,,,
2025-12-01,2217.0,61.0,2156.0,2217.0,3019,2459,2459,61.0,61.0,2,private,4350,2025-11-30T23:00:00.0,2025-12-01T00:00:00.0,2025-12-01T23:00:00.0,2025-12-02T00:00:00.0,86400000,718,566,85116,0,1,0,0,0,0,0,27.432,21.447,9.0,7.03642,150,10,53,102,65,55,53,90,31020,2340,2760,50280,86400,12060,15900,3060,35.9,2.71,3.19,58.19,13.96,18.4,3.54,STRESSFUL_AWAKE,36120,0,56,99,0,56,87,31,31,,,3.0,48.0,2025-12-01T22:25:08,HIGH,SLEEP_PREPARATION_STRESSFUL_AND_INACTIVE,SLEEP_PREPARATION_STRESSFUL_AND_INACTIVE,,,,,,,,,,,,,,,,,,,,,,13.0,20.0,7.0,14.0,2025-12-01T18:52:00.0,200,,,,,,,,,,,,,0,0,,,,,,,,,,,,,,,,,,,,,,,,,,,,,,,,,,,,,,,,,,,,,3615274803,2025-11-30T06:55:56,480,480,NO_CHANGE_NO_ADJUSTMENTS,NO_CHANGE,NO_DATA,NO_DATA,NO_CHANGE,0,1410,1430,1,3615274803,2025-12-01T07:00:56,480,480,NO_CHANGE_NO_ADJUSTMENTS,NO_CHANGE,NO_DATA,NO_DATA,NO_CHANGE,0,1410,1430,1,,,,,,,,,,,,,,,,1,3615274803,RUNNING,GENERIC,RUNNING,2,DETRAINING,0,4,LOW,FEEDBACK_1,46,373.5,199.20000000000002,249,0.1,1,DETRAINING,129031336,54.3,54.0,0,0,0,0,0,,48,0,0,0,2025-12-01T08:00:55.0,3615274803,HIGH,HIGH_RT_AVAILABLE_SS_UNKNOWN_ACWR_POS,WELL_RECOVERED,94,,0,NONE,1,99,GOOD,100,VERY_GOOD,46,0,NONE,0,NONE,511,0,NONE,0,AFTER_WAKEUP_RESET,1,,94,25,18.589287627459974,18.0,18.589287627459974,2.3,3,19.62414995709126,2,0,6,53,0,115.8,0,6,24.1,20.7,3.4,18.0,1,0,2025-12-01T00:00:00.0,1,94,HIGH,WELL_RECOVERED,,0,0,511,0,46,100,1,,,0.0,19.1,7.8,11.3,,,,,,,,,,,,,,,,,,,,,,,,,,,,,,,,,,,,,,,,,,,,,,,,,,,,,,,,,,,,,,,,,,,,,,,,,,,,,,,,,,,
2025-12-02,3420.0,1264.0,2156.0,3420.0,11947,14024,13360,1264.0,1264.0,2,private,4090,2025-12-01T23:00:00.0,2025-12-02T00:00:00.0,2025-12-02T23:00:00.0,2025-12-03T00:00:00.0,86400000,4128,2591,79681,0,1,1,0,0,12,83,55.388,55.625,18.17192,18.24967,150,10,57,187,69,58,59,99,27900,1860,10440,46140,86340,8820,11880,7200,32.31,2.15,12.09,53.44,10.22,13.76,8.34,VERY_STRESSFUL_AWAKE,40200,0,60,186,3,75,87,12,15,,,3.0,45.0,2025-12-02T22:18:37,MODERATE,SLEEP_PREPARATION_NOT_STRESS_DATA_AND_INTENSIVE_EXERCISE,SLEEP_PREPARATION_NOT_STRESS_DATA_AND_INTENSIVE_EXERCISE,2025-12-02T00:54:26,HIGH,SLEEP_TIME_PASSED_NOT_STRESS_DATA_AND_INACTIVE,ACTIVITY,2025-12-02T11:13:00,3600000,2400000,-11,EXERCISE_TRAINING_EFFECT_3,IMPROVING_ANAEROBIC_POWER_AND_CAPACITY,3615274803,2025-12-02T11:53:29,ACTIVITY,2025-12-02T17:48:43,3600000,2280000,-6,EXERCISE_TRAINING_EFFECT_3,IMPROVING_AEROBIC_BASE,3615274803,2025-12-02T18:27:32,14.0,24.0,7.0,18.0,2025-12-02T23:00:00.0,200,,,,,,,,,,,,,0,0,,,,,,,,,,,,,,,,,,,,,,,,,,,,,,,,,,,,,,,,,,,,,3615274803,2025-12-01T07:00:56,480,480,NO_CHANGE_NO_ADJUSTMENTS,NO_CHANGE,NO_DATA,NO_DATA,NO_CHANGE,0,1410,1430,1,3615274803,2025-12-02T18:27:33,480,510,INCREASED,TODAYS_LOAD,NO_DATA,NO_DATA,NO_CHANGE,1,1380,1430,1,,,,,,,,,,,,,,,,7,3615274803,RUNNING,GENERIC,RUNNING,2,PRODUCTIVE_2,0,61,OPTIMAL,FEEDBACK_3,443,466.5,248.8,311,1.4,1,PRODUCTIVE_2,129031336,54.6,55.0,0,0,0,0,0,,40,0,0,0,2025-12-02T19:27:33.0,3615274803,POOR,POOR_RT_HIGH_SS_UNKNOWN,LET_YOUR_BODY_RECOVER,12,,0,NONE,4320,10,POOR,73,GOOD,443,0,NONE,0,NONE,511,0,NONE,0,AFTER_POST_EXERCISE_RESET,1,NEW_EXERCISE,12,25,18.589287627459974,18.0,18.589287627459974,2.3,3,19.62414995709126,2,0,6,53,0,122.6,0,6,24.1,20.7,3.4,18.0,1,0,2025-12-02T00:00:00.0,4320,12,POOR,LET_YOUR_BODY_RECOVER,,0,0,511,0,443,73,7,,,64.9,20.2,16.0,4.2,,,,,,,,94.0,Nat. piscine,lap_swimming,21177678555,,,,,,,,,,129031336,54.6,55.0,0,0,0,0,0,40,0,0,0,54.6,,,,,,,,,,,,,,,,,,,,,,,Aulnay-sous-Bois Course à pied,running,21177678489,,,,,,,,,,,,,,,,,,,,,,,,,
2025-12-03,2298.0,142.0,2156.0,2298.0,4161,3424,3424,142.0,142.0,2,private,4880,2025-12-02T23:00:00.0,2025-12-03T00:00:00.0,2025-12-03T23:00:00.0,2025-12-04T00:00:00.0,86400000,927,1187,57466,26820,1,0,0,0,0,0,22.663,20.122,7.43537,6.60171,150,10,48,115,55,59,40,96,34080,23940,5700,22680,86400,13680,13740,6660,39.44,27.71,6.6,26.25,15.83,15.9,7.71,STRESSFUL,36960,26760,49,115,48,47,62,14,16,48,62,3.0,47.0,2025-12-03T22:38:38,MODERATE,SLEEP_PREPARATION_STRESSFUL_AND_INACTIVE,SLEEP_PREPARATION_STRESSFUL_AND_INACTIVE,2025-12-03T01:09:49,HIGH,SLEEP_TIME_PASSED_STRESSFUL_AND_INTENSIVE_EXERCISE,SLEEP,2025-12-02T23:13:32,3600000,26820000,48,NONE,NONE,3615274803,2025-12-03T06:44:19,STRESS,2025-12-03T12:26:10,3600000,5880000,-10,STRESS,STRESSFUL_PERIOD,3615274803,2025-12-03T14:08:09,13.0,23.0,8.0,13.0,2025-12-03T18:58:00.0,200,26820,0,1,1764717212000,1764744032000,1764720812000,1764747632000,0,4800,16380,5640,0,1,0,1,16.0,9.0,21.0,0,21.0,ADULT,59.0,POSITIVE_LONG_AND_CONTINUOUS,NONE,MOD_EXERCISE_POS_EXCELLENT_OR_GOOD_SLEEP_VIGOROUS_DURING_DAY_OUTDOOR,GOOD,28800.0,28800.0,FAIR,0.0,15.0,EXCELLENT,0.0,1.0,82,GOOD,21,GOOD,21.0,31.0,5632.2,8314.2,EXCELLENT,0.0,5.0,61,GOOD,30.0,64.0,8046.0,17164.8,18,EXCELLENT,16.0,33.0,4291.2,8850.6,2,3615274803,2025-12-02T18:27:33,480,510,INCREASED,TODAYS_LOAD,NO_DATA,NO_DATA,NO_CHANGE,1,1380,1430,1,3615274803,2025-12-03T06:44:20,480,480,NO_CHANGE_NO_ADJUSTMENTS,NO_CHANGE,NO_CHANGE,NO_DATA,NO_CHANGE,0,1410,1430,1,48,55,7.45,80,273,94,,82,,56,92,NONE,ONBOARDING_2,2025-12-05T17:30:35.511,56,7,3615274803,RUNNING,GENERIC,RUNNING,2,PRODUCTIVE_2,0,52,OPTIMAL,FEEDBACK_2,387,451.5,240.8,301,1.2,1,PRODUCTIVE_2,129031336,54.6,55.0,0,0,0,0,0,,43,0,0,0,2025-12-03T15:44:55.0,3615274803,LOW,LOW_RT_HIGH_SS_GOOD_OR_MOD,HIGH_RECOVERY_NEEDS,26,82,74,GOOD,3104,27,POOR,79,GOOD,387,0,NONE,0,NONE,511,0,NONE,1,UPDATE_REALTIME_VARIABLES,1,,26,25,18.589287627459974,18.0,18.589287627459974,2.3,3,19.62414995709126,2,0,6,53,0,122.6,0,6,24.1,20.7,3.4,18.0,1,0,2025-12-03T00:00:00.0,3104,26,LOW,HIGH_RECOVERY_NEEDS,82,0,0,511,0,387,79,7,NONE,,0.0,19.7,13.7,6.0,61,69,107,,69,107,,,,,,,,,,,,,,,,,,,,,,,,,,,,,,,,,,,,,,,,,,,,,,,,,,,,,,,,,,,,,,,,,,,,,,,,,,,,,
2025-12-04,2757.0,601.0,2156.0,2757.0,6955,6538,6538,601.0,601.0,2,private,4810,2025-12-03T23:00:00.0,2025-12-04T00:00:00.0,2025-12-04T23:00:00.0,2025-12-05T00:00:00.0,86400000,2794,1677,81929,0,1,1,0,0,6,35,19.904,24.232,6.53018,7.95013,150,10,57,176,64,62,46,88,35700,5520,7320,37860,86400,20220,12420,3060,41.32,6.39,8.47,43.82,23.4,14.38,3.54,STRESSFUL_AWAKE,48540,0,60,174,2,60,81,21,23,,,3.0,48.0,2025-12-04T20:00:12,MODERATE,SLEEP_PREPARATION_STRESSFUL_AND_INTENSIVE_EXERCISE,SLEEP_PREPARATION_STRESSFUL_AND_INTENSIVE_EXERCISE,2025-12-04T00:17:41,HIGH,SLEEP_TIME_PASSED_NOT_STRESS_DATA_AND_INACTIVE,ACTIVITY,2025-12-04T11:23:37,3600000,2340000,-8,EXERCISE_TRAINING_EFFECT_3,IMPROVING_ANAEROBIC_CAPACITY_AND_SPEED,3615274803,2025-12-04T12:02:49,RECOVERY,2025-12-04T22:24:44,3600000,360000,2,RECOVERY_EVENING,RESTFUL_PERIOD,3615274803,2025-12-04T22:53:58,14.0,21.0,7.0,18.0,2025-12-04T23:00:00.0,200,,,,,,,,,,,,,0,0,,,,,,,,,,,,,,,,,,,,,,,,,,,,,,,,,,,,,,,,,,,,,3615274803,2025-12-03T06:44:20,480,480,NO_CHANGE_NO_ADJUSTMENTS,NO_CHANGE,NO_CHANGE,NO_DATA,NO_CHANGE,0,1410,1430,1,3615274803,2025-12-04T12:02:49,480,480,NO_CHANGE_NO_ADJUSTMENTS,NO_CHANGE,NO_DATA,NO_DATA,NO_CHANGE,0,1420,0,1,,,,,,,,,,,,,,,,7,3615274803,RUNNING,GENERIC,RUNNING,2,PRODUCTIVE_7,0,80,HIGH,FEEDBACK_4,617,516.0,275.2,344,1.7,1,PRODUCTIVE_7,129031336,54.6,55.0,0,0,0,0,0,,37,0,0,0,2025-12-04T13:02:49.0,3615274803,POOR,POOR_RT_HIGH_SS_UNKNOWN,LET_YOUR_BODY_RECOVER,6,,0,NONE,4512,10,POOR,52,MODERATE,617,0,NONE,0,NONE,511,74,GOOD,0,AFTER_POST_EXERCISE_RESET,1,NO_CHANGE_SLEEP,6,25,18.760229118889242,18.0,18.589287627459974,2.3,3,19.62414995709126,2,0,6,54,0,128.5,0,6,24.1,20.7,3.4,18.0,1,0,2025-12-04T00:00:00.0,4512,6,POOR,LET_YOUR_BODY_RECOVER,,74,0,511,0,617,52,7,,,37.1,20.1,17.0,3.1,,,,,,,,59.0,,,,,,,,,,,,,,,,,,,,,,,,,,,,,,,,,,,,,,,,,,,,,,,,HIIT,hiit,21177678614,,,,,,,,,,,,,,,,,,,,,,,,,
2025-12-05,2953.0,797.0,2156.0,2953.0,11196,12042,12042,797.0,797.0,2,private,5030,2025-12-04T23:00:00.0,2025-12-05T00:00:00.0,2025-12-05T23:00:00.0,2025-12-06T00:00:00.0,86400000,4025,568,56367,25440,1,1,0,0,2,65,85.941,86.672,28.19587,28.4357,150,10,48,154,53,60,14,95,1620,29100,5340,49980,86040,1380,120,120,1.88,33.82,6.21,58.09,1.6,0.14,0.14,UNKNOWN,10620,25440,50,153,69,18,89,22,28,66,88,3.0,40.0,2025-12-05T20:00:18,LOW,NO_DATA,NO_DATA,2025-12-05T01:03:06,HIGH,SLEEP_TIME_PASSED_BALANCED_AND_INTENSIVE_EXERCISE,SLEEP,2025-12-05T00:37:49,3600000,25440000,66,NONE,NONE,3615274803,2025-12-05T07:45:54,ACTIVITY,2025-12-05T16:23:57,3600000,3840000,-13,EXERCISE_TRAINING_EFFECT_3,IMPROVING_AEROBIC_BASE,3615274803,2025-12-05T17:30:03,15.0,22.0,11.0,18.0,2025-12-05T16:17:00.0,200,25440,0,1,1764895069000,1764920509000,1764898669000,1764924109000,0,6120,14100,5220,0,1,0,1,15.0,11.0,22.0,0,12.0,ADULT,56.0,POSITIVE_DEEP,POSITIVE_LATE_BED_TIME,MOD_EXERCISE_POS_EXCELLENT_OR_GOOD_SLEEP_VIGOROUS_DURING_DAY,FAIR,28800.0,28800.0,EXCELLENT,0.0,15.0,EXCELLENT,0.0,1.0,85,GOOD,21,FAIR,21.0,31.0,5342.4,7886.4,EXCELLENT,0.0,5.0,55,EXCELLENT,30.0,64.0,7632.0,16281.6,24,EXCELLENT,16.0,33.0,4070.4,8395.2,2,3615274803,2025-12-04T12:02:49,480,480,NO_CHANGE_NO_ADJUSTMENTS,NO_CHANGE,NO_DATA,NO_DATA,NO_CHANGE,0,1420,0,1,3615274803,2025-12-05T17:30:04,480,480,NO_CHANGE_NO_ADJUSTMENTS,NO_CHANGE,NO_CHANGE,NO_DATA,NO_CHANGE,0,1420,0,1,66,53,7.07,102,235,87,,85,,65,103,NONE,ONBOARDING_2,2025-12-05T17:30:35.798,65,7,3615274803,RUNNING,GENERIC,RUNNING,2,PRODUCTIVE_7,0,86,HIGH,FEEDBACK_4,681,538.5,287.2,359,1.8,1,PRODUCTIVE_7,129031336,54.5,55.0,0,0,0,0,0,,36,0,0,0,2025-12-05T18:30:04.0,3615274803,POOR,POOR_RT_HIGH_SS_GOOD_OR_MOD,LET_YOUR_BODY_RECOVER,14,85,80,GOOD,2911,30,POOR,46,MODERATE,681,55,MODERATE,0,NONE,511,74,GOOD,1,AFTER_POST_EXERCISE_RESET,1,NO_CHANGE_SLEEP,14,25,18.760229118889242,18.0,18.760229118889242,2.1,3,19.62414995709126,2,0,6,54,0,129.1,0,6,24.1,20.7,3.4,18.0,1,0,2025-12-05T00:00:00.0,2911,14,POOR,LET_YOUR_BODY_RECOVER,85,74,0,511,55,681,46,7,NONE,,58.5,21.0,22.9,-1.9,61,68,107,,68,107,,97.0,Chevrières Course à pied,running,21177681724,,,,,,,,,,129031336,54.5,55.0,0,0,0,0,0,36,0,0,0,54.5,,,,,,,,,,,,,,,,,,,,,,,,,,,,,,,,,,,,,,,,,,,,,,,,,,
2025-12-06,2162.0,6.0,2156.0,2162.0,111,90,90,6.0,6.0,2,private,6270,2025-12-05T23:00:00.0,2025-12-06T00:00:00.0,2025-12-06T23:00:00.0,2025-12-07T00:00:00.0,86400000,225,120,56955,29100,1,0,0,0,0,0,0.0,0.0,0.0,0.0,150,10,48,90,52,60,12,68,1740,30060,180,54300,86280,1500,240,,2.02,34.84,0.21,62.93,1.74,0.28,0.0,UNKNOWN,3060,28920,48,88,62,0,100,38,100,58,100,3.0,36.0,2025-12-06T20:00:11,HIGH,NO_DATA,NO_DATA,,,,SLEEP,2025-12-06T01:01:03,3600000,29100000,58,NONE,NONE,3615274803,2025-12-06T09:09:26,,,,,,,,,,10.0,20.0,8.0,10.0,2025-12-06T09:09:00.0,200,29100,0,1,1764982863000,1765011963000,1764986463000,1765015563000,0,4200,17940,6960,0,1,0,1,15.0,8.0,20.0,0,11.0,ADULT,56.0,POSITIVE_OPTIMAL_STRUCTURE,NONE,MOD_EXERCISE_POS_EXCELLENT_OR_GOOD_SLEEP_VIGOROUS_DURING_DAY,EXCELLENT,28800.0,28800.0,EXCELLENT,0.0,15.0,EXCELLENT,0.0,1.0,94,EXCELLENT,24,EXCELLENT,21.0,31.0,6111.0,9021.0,EXCELLENT,0.0,5.0,62,GOOD,30.0,64.0,8730.0,18624.0,14,FAIR,16.0,33.0,4656.0,9603.0,2,3615274803,2025-12-05T17:30:04,480,480,NO_CHANGE_NO_ADJUSTMENTS,NO_CHANGE,NO_CHANGE,NO_DATA,NO_CHANGE,0,1420,0,1,3615274803,2025-12-06T09:09:27,480,480,NO_CHANGE_NO_ADJUSTMENTS,NO_CHANGE,NO_CHANGE,NO_DATA,NO_CHANGE,0,1430,10,1,58,52,8.08,70,299,116,,94,,77,105,NONE,ONBOARDING_2,2025-12-08T19:21:32.691,77,7,3615274803,RUNNING,GENERIC,RUNNING,2,PRODUCTIVE_7,0,73,HIGH,FEEDBACK_4,598,528.0,281.6,352,1.6,1,PRODUCTIVE_7,129031336,54.5,55.0,0,0,0,0,0,,36,0,0,0,2025-12-06T10:09:27.0,3615274803,MODERATE,MOD_RT_MOD_SS_GOOD_ACWR_NEG,WELL_RESTED,52,94,94,VERY_GOOD,1732,53,MODERATE,58,MODERATE,598,0,NONE,0,NONE,511,80,GOOD,1,AFTER_WAKEUP_RESET,1,GOOD_SLEEP,52,25,18.760229118889242,18.0,18.760229118889242,2.0,3,19.62414995709126,2,0,6,54,0,119.3,0,6,24.1,20.7,3.4,18.0,1,0,2025-12-06T00:00:00.0,1732,52,MODERATE,WELL_RESTED,94,80,0,511,0,598,58,7,NONE,,0.0,20.5,19.7,0.9,61,68,107,,68,107,,,,,,,,,,,,,,,,,,,,,,,,,,,,,,,,,,,,,,,,,,,,,,,,,,,,,,,,,,,,,,,,,,,,,,,,,,,,,
2025-12-07,2190.0,34.0,2156.0,2190.0,1604,1331,1331,34.0,34.0,2,private,6270,2025-12-06T23:00:00.0,2025-12-07T00:00:00.0,2025-12-07T23:00:00.0,2025-12-08T00:00:00.0,86400000,195,576,85629,0,1,0,0,0,0,0,14.431,20.118,4.73458,6.60039,150,10,52,102,64,60,57,90,29220,2220,2520,52440,86400,8760,15720,4740,33.82,2.57,2.92,60.69,10.14,18.19,5.49,STRESSFUL_AWAKE,33960,0,55,102,0,43,62,19,19,,,3.0,41.0,2025-12-07T21:28:14,MODERATE,SLEEP_PREPARATION_STRESSFUL_AND_INACTIVE,SLEEP_PREPARATION_STRESSFUL_AND_INACTIVE,,,,,,,,,,,,,,,,,,,,,,15.0,24.0,7.0,18.0,2025-12-07T23:00:00.0,200,,,,,,,,,,,,,0,0,,,,,,,,,,,,,,,,,,,,,,,,,,,,,,,,,,,,,,,,,,,,,3615274803,2025-12-06T09:09:27,480,480,NO_CHANGE_NO_ADJUSTMENTS,NO_CHANGE,NO_CHANGE,NO_DATA,NO_CHANGE,0,1430,10,1,3615274803,2025-12-07T06:42:35,480,480,NO_CHANGE_NO_ADJUSTMENTS,NO_CHANGE,NO_CHANGE,NO_DATA,NO_CHANGE,0,0,20,1,,,,,,,,,,,,,,,,7,3615274803,RUNNING,GENERIC,RUNNING,2,PRODUCTIVE_7,0,61,OPTIMAL,FEEDBACK_3,514,517.5,276.0,345,1.4,1,PRODUCTIVE_7,129031336,54.5,55.0,0,0,0,0,0,,28,0,0,0,2025-12-07T10:31:35.0,3615274803,HIGH,HIGH_RT_AVAILABLE_SS_UNKNOWN,WELL_RECOVERED,75,,0,NONE,272,92,GOOD,70,GOOD,514,0,NONE,0,NONE,511,91,VERY_GOOD,0,UPDATE_REALTIME_VARIABLES,1,,75,25,18.760229118889242,18.0,18.760229118889242,2.0,3,19.62414995709126,2,0,6,54,0,119.3,0,6,24.1,20.7,3.4,18.0,1,0,2025-12-07T00:00:00.0,272,75,HIGH,WELL_RECOVERED,,91,0,511,0,514,70,7,,,0.0,20.1,16.9,3.2,,,,,,,,,,,,,,,,,,,,,,,,,,,,,,,,,,,,,,,,,,,,,,,,,,,,,,,,,,,,,,,,,,,,,,,,,,,,,,,,,,,
2025-12-08,2829.0,673.0,2156.0,2829.0,5253,6194,4309,673.0,673.0,2,private,5340,2025-12-07T23:00:00.0,2025-12-08T00:00:00.0,2025-12-08T23:00:00.0,2025-12-09T00:00:00.0,86400000,1233,1779,64188,19200,1,1,0,0,11,51,20.194,19.403,6.62533,6.36581,150,10,44,159,49,58,42,94,37200,24480,8940,15420,86040,11280,17580,8340,43.24,28.45,10.39,17.92,13.11,20.43,9.69,STRESSFUL,51900,18720,46,159,58,72,75,5,5,57,75,3.0,38.0,2025-12-08T20:38:23,VERY_LOW,SLEEP_PREPARATION_STRESSFUL_AND_INTENSIVE_EXERCISE,SLEEP_PREPARATION_STRESSFUL_AND_INTENSIVE_EXERCISE_AND_BB_LOW,2025-12-08T01:44:29,HIGH,SLEEP_TIME_PASSED_STRESSFUL_AND_INACTIVE,SLEEP,2025-12-08T00:51:35,3600000,19200000,57,NONE,NONE,3615274803,2025-12-08T06:14:44,ACTIVITY,2025-12-08T17:29:09,3600000,3000000,-7,EXERCISE_TRAINING_EFFECT_3,IMPROVING_AEROBIC_ENDURANCE,3615274803,2025-12-08T18:20:13,14.0,23.0,6.0,17.0,2025-12-08T23:00:00.0,200,19140,0,1,1765155095000,1765174295000,1765158695000,1765177895000,0,4860,11280,3000,60,1,0,1,14.0,9.0,18.0,0,13.0,ADULT,54.0,POSITIVE_SHORT_BUT_DEEP,POSITIVE_LATE_BED_TIME,GENERAL_POS_FAIR_OR_POOR_SLEEP,POOR,28800.0,28800.0,GOOD,0.0,15.0,EXCELLENT,0.0,1.0,68,FAIR,16,FAIR,21.0,31.0,4019.4,5933.4,EXCELLENT,0.0,5.0,59,GOOD,30.0,64.0,5742.0,12249.6,25,EXCELLENT,16.0,33.0,3062.4,6316.2,2,3615274803,2025-12-07T06:42:35,480,480,NO_CHANGE_NO_ADJUSTMENTS,NO_CHANGE,NO_CHANGE,NO_DATA,NO_CHANGE,0,0,20,1,3615274803,2025-12-08T18:20:13,480,480,NO_CHANGE_NO_ADJUSTMENTS,NO_CHANGE,NO_CHANGE,NO_CHANGE,NO_CHANGE,0,0,20,1,57,49,5.32,81,188,50,1,68,68,78,109,BALANCED,HRV_BALANCED_2,2025-12-08T19:21:32.964,78,7,3615274803,RUNNING,GENERIC,RUNNING,2,PRODUCTIVE_6,0,73,HIGH,FEEDBACK_4,604,552.0,294.40000000000003,368,1.6,1,PRODUCTIVE_6,129031336,54.5,55.0,0,0,0,0,0,,36,0,0,0,2025-12-08T19:20:13.0,3615274803,LOW,LOW_RT_HIGH_SS_GOOD_OR_MOD,HIGH_RECOVERY_NEEDS,37,68,52,MODERATE,2376,37,POOR,61,MODERATE,604,0,NONE,71,GOOD,68,94,VERY_GOOD,1,AFTER_POST_EXERCISE_RESET,1,REACHED_ZERO,37,25,19.71254572412985,18.0,18.760229118889242,1.8,3,19.62414995709126,2,0,6,54,0,120.8,0,6,24.1,20.7,3.4,18.0,1,0,2025-12-08T00:00:00.0,2376,37,LOW,HIGH_RECOVERY_NEEDS,68,94,71,68,0,604,61,7,BALANCED,68,63.6,21.1,23.5,-2.4,61,68,107,0.25,68,107,0.25,61.0,Nat. piscine,lap_swimming,21204720953,,,,,,,,,,,,,,,,,,,,,,,,,,,,,,,,,,,,,,,,,,,,,,,,,,,,,,,,,,,,,,,,,,,,,,,,
2025-12-09,2988.0,832.0,2156.0,2295.0,5231,36834,4451,140.0,832.0,2,private,5330,2025-12-08T23:00:00.0,2025-12-09T00:00:00.0,2025-12-09T23:00:00.0,2025-12-10T00:00:00.0,86400000,1222,1281,57353,26544,1,1,0,0,0,1,13.23,11.283,4.34055,3.70177,150,10,48,131,53,56,41,95,42000,27600,6060,10380,86040,15240,18960,7800,48.81,32.08,7.04,12.06,17.71,22.04,9.07,STRESSFUL,49860,25800,50,119,66,65,71,5,6,65,70,3.0,48.0,2025-12-09T20:00:11,LOW,SLEEP_PREPARATION_STRESSFUL_AND_INACTIVE,SLEEP_PREPARATION_STRESSFUL_AND_INACTIVE_AND_BB_LOW,2025-12-09T01:50:16,HIGH,SLEEP_TIME_PASSED_STRESSFUL_AND_INTENSIVE_EXERCISE,SLEEP,2025-12-08T23:00:13,3600000,26520000,65,NONE,NONE,3615274803,2025-12-09T06:24:36,STRESS,2025-12-09T12:52:31,3600000,2340000,-5,STRESS,STRESSFUL_PERIOD,3615274803,2025-12-09T13:35:16,13.0,23.0,7.0,18.0,2025-12-09T23:00:00.0,200,25920,0,1,1765234813000,1765261333000,1765238413000,1765264933000,0,6000,14280,5640,600,1,0,1,15.0,8.0,19.0,0,18.0,ADULT,56.0,POSITIVE_LONG_AND_DEEP,POSITIVE_STRESSFUL_DAY,MOD_EXERCISE_POS_EXCELLENT_OR_GOOD_SLEEP_VIGOROUS_DURING_DAY,GOOD,28800.0,28800.0,FAIR,0.0,15.0,EXCELLENT,0.0,1.0,82,GOOD,22,GOOD,21.0,31.0,5443.2,8035.2,EXCELLENT,0.0,5.0,55,EXCELLENT,30.0,64.0,7776.0,16588.8,23,EXCELLENT,16.0,33.0,4147.2,8553.6,2,3615274803,2025-12-08T18:20:13,480,480,NO_CHANGE_NO_ADJUSTMENTS,NO_CHANGE,NO_CHANGE,NO_CHANGE,NO_CHANGE,0,0,20,1,3615274803,2025-12-09T06:24:37,480,480,NO_CHANGE_NO_ADJUSTMENTS,NO_CHANGE,NO_CHANGE,NO_CHANGE,NO_CHANGE,0,1430,10,1,65,53,7.2,100,238,94,10,82,69,74,107,BALANCED,HRV_BALANCED_2,2025-12-10T18:05:26.363,74,7,3615274803,RUNNING,GENERIC,RUNNING,2,PRODUCTIVE_6,0,57,OPTIMAL,FEEDBACK_3,503,543.0,289.6,362,1.3,1,PRODUCTIVE_6,129031336,54.5,55.0,0,0,0,0,0,,43,0,0,0,2025-12-09T07:24:37.0,3615274803,LOW,LOW_RT_MOD_OR_LOW_SS_GOOD_STRESS_HISTORY_NEG,FIND_TIME_TO_RELAX,28,82,74,GOOD,1739,53,MODERATE,74,GOOD,503,41,MODERATE,76,GOOD,69,52,MODERATE,1,AFTER_WAKEUP_RESET,1,NO_CHANGE_SLEEP,28,25,18.760229118889242,18.0,19.71254572412985,2.3,3,19.62414995709126,2,0,6,54,0,118.3,0,6,24.1,20.7,3.4,18.0,1,0,2025-12-09T00:00:00.0,1739,28,LOW,FIND_TIME_TO_RELAX,82,52,76,69,41,503,74,7,BALANCED,69,0.0,20.6,20.2,0.4,60,68,107,0.26281738,68,107,0.26281738,93.0,,,,,,,,,,,,,,,,,,,,,,,,,,,,,,,,,,,,,,,,,,,,693.0,,,,,,,,,,,,,,,,,,,,,,,,,,,,,,,
2025-12-10,2984.0,828.0,2156.0,2984.0,11373,12945,12945,828.0,828.0,2,private,5310,2025-12-09T23:00:00.0,2025-12-10T00:00:00.0,2025-12-10T23:00:00.0,2025-12-11T00:00:00.0,86400000,4426,501,54737,26736,1,1,0,0,3,62,82.296,89.028,27.0,29.20866,150,10,46,161,50,55,19,95,5760,26040,5640,37320,74760,1500,2940,1320,7.7,34.83,7.54,49.92,2.01,3.93,1.77,UNKNOWN,14820,22620,46,159,89,27,91,5,15,85,91,3.0,34.0,2025-12-10T20:00:16,MODERATE,NO_DATA,NO_DATA,2025-12-10T00:51:00,HIGH,SLEEP_TIME_PASSED_STRESSFUL_AND_INACTIVE,SLEEP,2025-12-09T22:59:36,3600000,26760000,85,NONE,NONE,3615274803,2025-12-10T07:27:35,ACTIVITY,2025-12-10T17:04:25,3600000,3540000,-12,EXERCISE_TRAINING_EFFECT_3,IMPROVING_AEROBIC_ENDURANCE,3615274803,2025-12-10T18:04:37,17.0,22.0,9.0,19.0,2025-12-10T22:59:00.0,200,25920,0,1,1765321176000,1765347936000,1765324776000,1765351536000,0,5460,15000,5460,840,1,0,1,15.0,10.0,19.0,1,19.0,ADULT,54.0,POSITIVE_LONG_AND_DEEP,NONE,RHYTHM_POS_GOOD_SLEEP_EXCELLENT_TIMING,GOOD,28800.0,28800.0,FAIR,0.0,15.0,GOOD,0.0,1.0,80,GOOD,21,GOOD,21.0,31.0,5443.2,8035.2,GOOD,0.0,5.0,58,EXCELLENT,30.0,64.0,7776.0,16588.8,21,EXCELLENT,16.0,33.0,4147.2,8553.6,2,3615274803,2025-12-09T06:24:37,480,480,NO_CHANGE_NO_ADJUSTMENTS,NO_CHANGE,NO_CHANGE,NO_CHANGE,NO_CHANGE,0,1430,10,1,3615274803,2025-12-10T18:04:38,480,480,NO_CHANGE_NO_ADJUSTMENTS,NO_CHANGE,NO_CHANGE,NO_CHANGE,NO_CHANGE,0,1430,10,1,85,50,7.2,91,250,91,14,80,75,84,112,BALANCED,HRV_BALANCED_2,2025-12-10T18:05:26.705,84,7,3615274803,RUNNING,GENERIC,RUNNING,2,PRODUCTIVE_2,0,61,OPTIMAL,FEEDBACK_3,555,576.0,307.20000000000005,384,1.4,1,PRODUCTIVE_2,129031336,54.5,55.0,0,0,0,0,0,,10,0,0,0,2025-12-10T19:04:38.0,3615274803,LOW,LOW_RT_MOD_OR_LOW_SS_GOOD_STRESS_HISTORY_NEG,FIND_TIME_TO_RELAX,44,80,70,GOOD,1659,55,MODERATE,72,GOOD,555,44,MODERATE,99,GOOD,75,66,MODERATE,1,AFTER_POST_EXERCISE_RESET,1,REACHED_ZERO,44,25,18.760229118889242,18.0,18.760229118889242,2.5,3,19.62414995709126,2,0,6,54,0,128.6,0,6,24.1,20.7,3.4,18.0,1,0,2025-12-10T00:00:00.0,1659,44,LOW,FIND_TIME_TO_RELAX,80,66,99,75,44,555,72,7,BALANCED,75,55.6,21.4,25.2,-3.8,60,67,106,0.35255432,67,106,0.35255432,90.0,Chevrières Course à pied,running,21222500111,,,,,,,,,,129031336,54.5,55.0,0,0,0,0,0,10,0,0,0,54.5,,,,,,,,,,,,,,,,,,,,,,,,,,,,,,,,,,,,,,,,,,,,,,,,,,
2025-12-11,2348.0,192.0,2156.0,2348.0,6697,5697,5697,192.0,192.0,2,private,5920,2025-12-10T23:00:00.0,2025-12-11T00:00:00.0,2025-12-11T23:00:00.0,2025-12-12T00:00:00.0,86400000,1412,1861,57807,25320,1,0,0,0,0,0,25.62,18.965,8.40551,6.22211,150,10,45,113,51,53,42,96,41460,27180,6720,10920,86280,11580,15780,14100,48.05,31.5,7.79,12.66,13.42,18.29,16.34,STRESSFUL,50100,25260,48,109,75,85,90,5,5,75,90,3.0,42.0,2025-12-11T22:47:44,VERY_LOW,SLEEP_PREPARATION_STRESSFUL_AND_INACTIVE,SLEEP_PREPARATION_STRESSFUL_AND_INACTIVE_AND_BB_LOW,,,,SLEEP,2025-12-10T23:12:37,3600000,25320000,75,NONE,NONE,3615274803,2025-12-11T06:44:27,STRESS,2025-12-11T18:50:57,3600000,6540000,-8,STRESS_EVENING,TRY_TO_RELAX,3615274803,2025-12-11T20:44:00,13.0,22.0,7.0,13.0,2025-12-11T22:52:00.0,200,23580,0,1,1765408357000,1765433677000,1765411957000,1765437277000,0,3600,15120,4860,1740,1,0,1,15.0,10.0,22.0,2,12.0,ADULT,55.0,POSITIVE_RECOVERING,POSITIVE_LATE_BED_TIME,RHYTHM_POS_FAIR_OR_POOR_SLEEP_EXCELLENT_TIMING,FAIR,28800.0,28800.0,EXCELLENT,0.0,15.0,FAIR,0.0,1.0,76,FAIR,21,FAIR,21.0,31.0,4951.8,7309.8,FAIR,0.0,5.0,64,GOOD,30.0,64.0,7074.0,15091.2,15,FAIR,16.0,33.0,3772.8,7781.4,2,3615274803,2025-12-10T18:04:38,480,480,NO_CHANGE_NO_ADJUSTMENTS,NO_CHANGE,NO_CHANGE,NO_CHANGE,NO_CHANGE,0,1430,10,1,3615274803,2025-12-11T06:44:27,480,510,INCREASED,NO_CHANGE,INCREASING,NO_CHANGE,NO_CHANGE,1,1400,10,1,75,51,6.55,60,252,81,29,76,76,82,129,BALANCED,HRV_BALANCED_2,2025-12-16T18:49:48.15,82,7,3615274803,RUNNING,GENERIC,RUNNING,2,PRODUCTIVE_2,0,47,OPTIMAL,FEEDBACK_2,439,570.0,304.0,380,1.1,1,PRODUCTIVE_2,129031336,54.5,55.0,0,0,0,0,0,,44,0,0,0,2025-12-11T07:44:27.0,3615274803,MODERATE,MOD_RT_LOW_SS_MOD_STRESS_HISTORY_NEG,BALANCE_STRESS_AND_RECOVERY,51,76,64,MODERATE,900,76,GOOD,84,GOOD,439,45,MODERATE,100,VERY_GOOD,76,71,GOOD,1,AFTER_WAKEUP_RESET,1,NO_CHANGE_SLEEP,51,25,18.760229118889242,18.0,18.760229118889242,2.3,3,19.62414995709126,2,0,6,54,0,118.3,0,6,24.1,20.7,3.4,18.0,1,0,2025-12-11T00:00:00.0,900,51,MODERATE,BALANCE_STRESS_AND_RECOVERY,76,71,100,76,45,439,84,7,BALANCED,76,0.0,20.9,21.6,-0.7,60,67,107,0.3624878,67,107,0.3624878,,,,,,,,,,,,,,,,,,,,,,,,,,,,,,,,,,,,,,,,,,,,,,,,,,,,,,,,,,,,,,,,,,,,,,,,,,,,
2025-12-12,3554.0,1398.0,2156.0,3554.0,15415,12931,12931,1398.0,1398.0,2,private,6080,2025-12-11T23:00:00.0,2025-12-12T00:00:00.0,2025-12-12T23:00:00.0,2025-12-13T00:00:00.0,86400000,1965,12225,72210,0,1,0,0,0,1,3,22.436,20.098,7.36089,6.59383,150,10,60,139,57,54,72,100,28920,720,17280,39480,86400,5820,6660,16440,33.47,0.83,20.0,45.69,6.74,7.71,19.03,VERY_STRESSFUL_AWAKE,46920,0,61,138,0,69,74,5,5,,,3.0,46.0,2025-12-12T21:28:44,VERY_LOW,SLEEP_PREPARATION_STRESSFUL_AND_ACTIVE_AND_EXERCISE,SLEEP_PREPARATION_STRESSFUL_AND_ACTIVE_AND_EXERCISE_AND_BB_LOW,2025-12-12T01:10:39,HIGH,SLEEP_TIME_PASSED_STRESSFUL_AND_INACTIVE,,,,,,,,,,,,,,,,,,,13.0,20.0,7.0,10.0,2025-12-12T22:59:00.0,200,,,,,,,,,,,,,0,0,,,,,,,,,,,,,,,,,,,,,,,,,,,,,,,,,,,,,,,,,,,,,3615274803,2025-12-11T06:44:27,480,510,INCREASED,NO_CHANGE,INCREASING,NO_CHANGE,NO_CHANGE,1,1400,10,1,3615274803,2025-12-12T22:31:23,480,500,INCREASED,DAILY_ACTIVITY_AND_CHRONIC,NO_DATA,NO_DATA,NO_CHANGE,1,1410,10,1,,,,,,,,,,,,,,,,4,3615274803,RUNNING,GENERIC,RUNNING,2,MAINTAINING_4,0,33,OPTIMAL,FEEDBACK_2,323,565.5,301.6,377,0.8,1,MAINTAINING_4,129031336,54.5,55.0,0,0,0,0,0,,44,0,0,0,2025-12-12T07:00:18.0,3615274803,MODERATE,MOD_RT_LOW_SS_UNKNOWN_STRESS_HISTORY_NEG,BALANCE_STRESS_AND_RECOVERY,72,,0,NONE,1,99,GOOD,97,GOOD,323,45,MODERATE,100,VERY_GOOD,79,66,MODERATE,0,AFTER_WAKEUP_RESET,1,,72,25,18.760229118889242,18.0,18.760229118889242,2.3,3,19.62414995709126,2,0,6,54,0,118.8,0,6,24.1,20.7,3.4,18.0,1,0,2025-12-12T00:00:00.0,1,72,MODERATE,BALANCE_STRESS_AND_RECOVERY,,66,100,79,45,323,97,4,,,0.0,20.4,18.5,1.9,,,,,,,,,,,,,,,,,,,,,,,,,,,,,,,,,,,,,,,,,,,,,,,,,,,,,,,,,,,,,,,,,,,,,,,,,,,,,,,,,,,
2025-12-13,2640.0,484.0,2156.0,2640.0,6733,5600,5600,484.0,484.0,2,private,7950,2025-12-12T23:00:00.0,2025-12-13T00:00:00.0,2025-12-13T23:00:00.0,2025-12-14T00:00:00.0,86400000,588,4329,68223,13260,1,0,0,0,4,15,19.779,14.678,6.48917,4.81562,150,10,63,155,58,55,54,95,24000,960,5640,55800,86400,12600,5100,6300,27.78,1.11,6.53,64.58,14.58,5.9,7.29,UNKNOWN,17340,13260,63,154,8,1,13,5,5,8,13,3.0,37.0,2025-12-13T20:00:16,VERY_LOW,NO_DATA,NO_DATA,2025-12-13T03:14:41,VERY_LOW,SLEEP_TIME_PASSED_STRESSFUL_AND_ACTIVE_AND_EXERCISE,SLEEP,2025-12-13T04:32:18,3600000,13260000,8,NONE,NONE,3615274803,2025-12-13T09:15:42,,,,,,,,,,16.0,23.0,10.0,20.0,2025-12-13T14:40:00.0,200,13020,0,1,1765600338000,1765613598000,1765603938000,1765617198000,0,2220,10800,0,240,1,0,1,17.0,12.0,23.0,0,42.0,ADULT,70.0,NEGATIVE_SHORT_AND_POOR_QUALITY,NEGATIVE_HIGHLY_STRESSFUL_DAY,STRESS_NEG_POOR_SLEEP_VERY_STRESSFUL_DAY,POOR,28800.0,28800.0,POOR,0.0,15.0,EXCELLENT,0.0,1.0,32,POOR,0,POOR,21.0,31.0,2734.2,4036.2,EXCELLENT,0.0,5.0,83,POOR,30.0,64.0,3906.0,8332.8,17,GOOD,16.0,33.0,2083.2,4296.6,2,3615274803,2025-12-12T22:31:23,480,500,INCREASED,DAILY_ACTIVITY_AND_CHRONIC,NO_DATA,NO_DATA,NO_CHANGE,1,1410,10,1,3615274803,2025-12-13T09:15:42,480,480,NO_CHANGE_NO_ADJUSTMENTS,NO_CHANGE,NO_CHANGE,NO_CHANGE,NO_CHANGE,1,1430,10,1,8,58,3.62,37,180,,4,32,69,39,58,BALANCED,HRV_BALANCED_3,2025-12-16T18:49:48.277,39,4,3615274803,RUNNING,GENERIC,RUNNING,2,MAINTAINING_4,0,25,LOW,FEEDBACK_1,249,550.5,293.6,367,0.6,1,MAINTAINING_4,129031336,54.5,55.0,0,0,0,0,0,,35,0,0,0,2025-12-13T10:15:42.0,3615274803,POOR,POOR_RT_MOD_OR_LOW_SS_POOR,TIME_TO_RECHARGE,8,32,26,POOR,1422,62,MODERATE,100,VERY_GOOD,249,0,NONE,79,GOOD,69,64,MODERATE,1,AFTER_WAKEUP_RESET,1,POOR_SLEEP_RT_LOW,8,25,18.760229118889242,18.0,18.760229118889242,2.3,3,19.62414995709126,2,0,6,54,0,121.3,0,6,24.1,20.7,3.4,18.0,1,0,2025-12-13T00:00:00.0,1422,8,POOR,TIME_TO_RECHARGE,32,64,79,69,0,249,100,4,BALANCED,69,0.0,19.9,15.9,4.0,59,66,105,0.28845215,66,105,0.28845215,,,,,,,,,,,,,,,,,,,,,,,,,,,,,,,,,,,,,,,,,,,,,,,,,,,,,,,,,,,,,,,,,,,,,,,,,,,,
2025-12-14,2156.0,0.0,2156.0,2156.0,,,,0.0,0.0,2,private,7830,2025-12-13T23:00:00.0,2025-12-14T00:00:00.0,2025-12-14T23:00:00.0,2025-12-15T00:00:00.0,86400000,0,0,86400,0,1,0,0,0,0,0,0.0,0.0,0.0,0.0,150,10,,,,,-1,,,,,86400,86400,,,,0.0,0.0,0.0,100.0,0.0,0.0,0.0,UNKNOWN,0,0,,,,,,,,,,,38.0,2025-12-14T20:00:14,MODERATE,NO_DATA,NO_DATA,,,,,,,,,,,,,,,,,,,,,,,,,,,,,,,,,,,,,,,,0,0,,,,,,,,,,,,,,,,,,,,,,,,,,,,,,,,,,,,,,,,,,,,,3615274803,2025-12-13T09:15:42,480,480,NO_CHANGE_NO_ADJUSTMENTS,NO_CHANGE,NO_CHANGE,NO_CHANGE,NO_CHANGE,1,1430,10,1,3615274803,2025-12-14T06:50:29,480,480,NO_CHANGE_NO_ADJUSTMENTS,NO_CHANGE,NO_CHANGE,NO_DATA,NO_CHANGE,0,1420,0,1,,,,,,,,,69,,,BALANCED,HRV_BALANCED_5,2025-12-16T18:49:48.542,,5,3615274803,RUNNING,GENERIC,RUNNING,2,RECOVERY_2,0,16,LOW,FEEDBACK_1,174,535.5,285.6,357,0.4,1,RECOVERY_2,129031336,54.5,55.0,0,0,0,0,0,,38,0,0,0,2025-12-14T07:50:29.0,3615274803,MODERATE,MOD_RT_LOW_SS_UNKNOWN,GOOD_SLEEP_HISTORY,64,,0,NONE,128,96,GOOD,100,VERY_GOOD,174,0,NONE,78,GOOD,69,26,POOR,0,AFTER_WAKEUP_RESET,1,,64,25,18.760229118889242,18.0,18.760229118889242,2.3,3,19.62414995709126,2,0,6,54,0,121.3,0,6,24.1,20.7,3.4,18.0,1,0,2025-12-14T00:00:00.0,128,64,MODERATE,GOOD_SLEEP_HISTORY,,26,78,69,0,174,100,5,BALANCED,69,0.0,19.5,13.6,5.8,59,66,105,0.28845215,66,105,0.28845215,,,,,,,,,,,,,,,,,,,,,,,,,,,,,,,,,,,,,,,,,,,,,,,,,,,,,,,,,,,,,,,,,,,,,,,,,,,,
2025-12-15,2706.0,550.0,2156.0,2156.0,,25142,,0.0,550.0,2,private,7830,2025-12-14T23:00:00.0,2025-12-15T00:00:00.0,2025-12-15T23:00:00.0,2025-12-16T00:00:00.0,86400000,0,0,86400,0,1,1,0,0,0,0,0.0,0.0,0.0,0.0,150,10,,,,,-1,,,,,86400,86400,,,,0.0,0.0,0.0,100.0,0.0,0.0,0.0,UNKNOWN,0,0,,,,,,,,,,,38.0,2025-12-15T20:00:13,MODERATE,NO_DATA,NO_DATA,,,,,,,,,,,,,,,,,,,,,,,,,,,,,,,,,,,,,,,,0,0,,,,,,,,,,,,,,,,,,,,,,,,,,,,,,,,,,,,,,,,,,,,,3615274803,2025-12-14T06:50:29,480,480,NO_CHANGE_NO_ADJUSTMENTS,NO_CHANGE,NO_CHANGE,NO_DATA,NO_CHANGE,0,1420,0,1,3615274803,2025-12-15T06:55:29,480,480,NO_CHANGE_NO_ADJUSTMENTS,NO_CHANGE,NO_DATA,NO_DATA,NO_CHANGE,0,1420,0,1,,,,,,,,,67,,,BALANCED,HRV_BALANCED_6,2025-12-16T18:49:48.813,,5,3615274803,RUNNING,GENERIC,RUNNING,2,RECOVERY_2,0,12,LOW,FEEDBACK_1,128,517.5,276.0,345,0.3,1,RECOVERY_2,129031336,54.5,55.0,0,0,0,0,0,,38,0,0,0,2025-12-15T07:55:29.0,3615274803,MODERATE,MOD_RT_LOW_SS_UNKNOWN,GOOD_SLEEP_HISTORY,71,,0,NONE,1,99,GOOD,100,VERY_GOOD,128,0,NONE,70,GOOD,67,26,POOR,0,AFTER_WAKEUP_RESET,1,,71,25,18.760229118889242,18.0,18.760229118889242,2.3,3,19.62414995709126,2,0,6,54,0,121.3,0,6,24.1,20.7,3.4,18.0,1,0,2025-12-15T00:00:00.0,1,71,MODERATE,GOOD_SLEEP_HISTORY,,26,70,67,0,128,100,5,BALANCED,67,0.0,19.0,11.7,7.3,59,66,105,0.26281738,66,105,0.26281738,75.0,,,,,,,,,,,,,,,,,,,,,,,,,,,,,,,,,,,,,,,,,,,,550.0,,,,,,,,,,,,,,,,,,,,,,,,,,,,,,,
2025-12-16,3029.0,873.0,2156.0,3029.0,13788,15090,15090,873.0,873.0,2,private,7830,2025-12-15T23:00:00.0,2025-12-16T00:00:00.0,2025-12-16T23:00:00.0,2025-12-17T00:00:00.0,86400000,4465,1385,80550,0,1,1,0,0,3,55,101.553,97.231,33.31791,31.89993,150,10,57,180,58,55,34,77,14520,6300,8760,56760,86340,11880,2520,120,16.82,7.3,10.15,65.74,13.76,2.92,0.14,BALANCED_AWAKE,29580,0,61,176,0,56,87,31,31,,,3.0,39.0,2025-12-16T22:24:17,HIGH,SLEEP_PREPARATION_NOT_STRESS_DATA_AND_INTENSIVE_EXERCISE,SLEEP_PREPARATION_NOT_STRESS_DATA_AND_INTENSIVE_EXERCISE,,,,ACTIVITY,2025-12-16T17:53:26,3600000,3300000,-12,EXERCISE_TRAINING_EFFECT_4,HIGHLY_IMPROVING_LACTATE_THRESHOLD,3615274803,2025-12-16T18:48:57,,,,,,,,,,13.0,23.0,7.0,17.0,2025-12-16T18:56:00.0,200,,,,,,,,,,,,,0,0,,,,,,,,,,,,,,,,,,,,,,,,,,,,,,,,,,,,,,,,,,,,,3615274803,2025-12-15T06:55:29,480,480,NO_CHANGE_NO_ADJUSTMENTS,NO_CHANGE,NO_DATA,NO_DATA,NO_CHANGE,0,1420,0,1,3615274803,2025-12-16T18:48:58,480,480,NO_CHANGE_NO_ADJUSTMENTS,NO_CHANGE,NO_DATA,NO_DATA,NO_CHANGE,0,1420,0,1,,,,,,,,,,,,,,,,4,3615274803,RUNNING,GENERIC,RUNNING,2,MAINTAINING_4,0,38,OPTIMAL,FEEDBACK_2,369,570.0,304.0,380,0.9,1,MAINTAINING_4,129031336,54.3,54.0,0,0,0,0,0,,27,0,0,0,2025-12-16T21:44:29.0,3615274803,LOW,LOW_RT_HIGH_SS_UNKNOWN,HIGH_RECOVERY_NEEDS,25,,0,NONE,3330,24,POOR,92,GOOD,369,0,NONE,0,NONE,511,0,NONE,0,UPDATE_REALTIME_VARIABLES,1,,25,25,18.93117061031851,18.0,18.760229118889242,2.5,3,19.62414995709126,2,0,6,55,0,130.5,0,6,24.1,20.7,3.4,18.0,1,0,2025-12-16T00:00:00.0,3330,25,LOW,HIGH_RECOVERY_NEEDS,,0,0,511,0,369,92,4,,,72.3,20.3,20.3,-0.1,,,,,,,,83.0,,,,,,,,,,,,,129031336,54.3,54.0,0,0,0,0,0,27,0,0,0,54.3,,,,,,,,,,,,,,,,,,,,,,,Chevrières Course à pied,running,21274724015,,,,,,,,,,,,,,,,,,,,,,,,,
2025-12-17,2252.0,96.0,2156.0,2252.0,4376,3569,3569,96.0,96.0,2,private,8430,2025-12-16T23:00:00.0,2025-12-17T00:00:00.0,2025-12-17T23:00:00.0,2025-12-18T00:00:00.0,86400000,981,980,84439,0,1,0,0,0,0,0,21.854,15.303,7.16995,5.02067,150,10,56,101,65,58,38,88,27480,6720,5100,47100,86400,20820,6360,300,31.81,7.78,5.9,54.51,24.1,7.36,0.35,BALANCED_AWAKE,39300,0,60,100,0,56,89,33,33,,,3.0,36.0,2025-12-17T20:00:13,HIGH,SLEEP_PREPARATION_BALANCED_AND_INACTIVE,SLEEP_PREPARATION_BALANCED_AND_INACTIVE,2025-12-16T23:30:14,HIGH,SLEEP_TIME_PASSED_NOT_STRESS_DATA_AND_INTENSIVE_EXERCISE,,,,,,,,,,,,,,,,,,,13.0,23.0,7.0,11.0,2025-12-17T20:42:00.0,200,,,,,,,,,,,,,0,0,,,,,,,,,,,,,,,,,,,,,,,,,,,,,,,,,,,,,,,,,,,,,3615274803,2025-12-16T18:48:58,480,480,NO_CHANGE_NO_ADJUSTMENTS,NO_CHANGE,NO_DATA,NO_DATA,NO_CHANGE,0,1420,0,1,3615274803,2025-12-17T06:50:29,480,480,NO_CHANGE_NO_ADJUSTMENTS,NO_CHANGE,NO_DATA,NO_DATA,NO_CHANGE,0,1420,0,1,,,,,,,,,,,,,,,,4,3615274803,RUNNING,GENERIC,RUNNING,2,MAINTAINING_4,0,33,OPTIMAL,FEEDBACK_2,309,550.5,293.6,367,0.8,1,MAINTAINING_4,129031336,54.3,54.0,0,0,0,0,0,,33,0,0,0,2025-12-17T15:44:29.0,3615274803,MODERATE,MOD_RT_HIGH_SS_UNKNOWN,HIGH_RECOVERY_NEEDS,50,,0,NONE,2251,39,POOR,98,GOOD,309,0,NONE,0,NONE,511,0,NONE,0,UPDATE_REALTIME_VARIABLES,1,,50,25,18.93117061031851,18.0,18.93117061031851,2.5,3,19.62414995709126,2,0,6,55,0,123.8,0,6,24.1,20.7,3.4,18.0,1,0,2025-12-17T00:00:00.0,2251,50,MODERATE,HIGH_RECOVERY_NEEDS,,0,0,511,0,309,98,4,,,0.0,19.8,17.4,2.3,,,,,,,,,,,,,,,,,,,,,,,,,,,,,,,,,,,,,,,,,,,,,,,,,,,,,,,,,,,,,,,,,,,,,,,,,,,,,,,,,,,
2025-12-18,3038.0,882.0,2156.0,3038.0,10826,13000,13000,882.0,882.0,2,private,8030,2025-12-17T23:00:00.0,2025-12-18T00:00:00.0,2025-12-18T23:00:00.0,2025-12-19T00:00:00.0,86400000,3725,1270,81405,0,1,1,0,0,2,61,35.924,30.993,11.78609,10.16831,150,10,51,186,64,60,42,84,420,180,5220,80400,86220,180,60,180,0.49,0.21,6.05,93.25,0.21,0.07,0.21,UNKNOWN,5820,0,52,184,0,26,89,25,25,,,3.0,42.0,2025-12-18T20:00:12,MODERATE,NO_DATA,NO_DATA,2025-12-18T01:35:59,HIGH,SLEEP_TIME_PASSED_NOT_STRESS_DATA_AND_INACTIVE,ACTIVITY,2025-12-18T16:27:37,3600000,3540000,-16,EXERCISE_TRAINING_EFFECT_4,HIGHLY_IMPROVING_VO2MAX,3615274803,2025-12-18T17:27:47,,,,,,,,,,13.0,18.0,9.0,13.0,2025-12-18T18:22:00.0,200,,,,,,,,,,,,,0,0,,,,,,,,,,,,,,,,,,,,,,,,,,,,,,,,,,,,,,,,,,,,,3615274803,2025-12-17T06:50:29,480,480,NO_CHANGE_NO_ADJUSTMENTS,NO_CHANGE,NO_DATA,NO_DATA,NO_CHANGE,0,1420,0,1,3615274803,2025-12-18T17:27:48,480,500,INCREASED,TODAYS_LOAD_AND_CHRONIC,NO_DATA,NO_DATA,NO_CHANGE,1,1400,0,1,,,,,,,,,,,,,,,,7,3615274803,RUNNING,GENERIC,RUNNING,2,PRODUCTIVE_2,0,61,OPTIMAL,FEEDBACK_3,595,625.5,333.6,417,1.4,1,PRODUCTIVE_2,129031336,54.6,55.0,0,0,0,0,0,,33,0,0,0,2025-12-18T18:27:47.0,3615274803,POOR,POOR_RT_HIGH_SS_UNKNOWN,LET_YOUR_BODY_RECOVER,12,,0,NONE,4032,14,POOR,73,GOOD,595,0,NONE,0,NONE,511,0,NONE,0,AFTER_POST_EXERCISE_RESET,1,NO_CHANGE_SLEEP,12,25,18.93117061031851,18.0,18.93117061031851,2.3,3,19.62414995709126,2,0,6,55,0,127.3,0,6,24.1,20.7,3.4,18.0,1,0,2025-12-18T00:00:00.0,4032,12,POOR,LET_YOUR_BODY_RECOVER,,0,0,511,0,595,73,7,,,76.3,21.1,25.8,-4.7,,,,,,,,86.0,,,,,,,,,,,,,129031336,54.6,55.0,0,0,0,0,0,33,0,0,0,54.6,,,,,,,,,,,,,,,,,,,,,,,Aulnay-sous-Bois Course à pied,running,21291982241,,,,,,,,,,,,,,,,,,,,,,,,,
2025-12-19,2678.0,522.0,2156.0,2156.0,,25097,,0.0,522.0,2,private,8310,2025-12-18T23:00:00.0,2025-12-19T00:00:00.0,2025-12-19T23:00:00.0,2025-12-20T00:00:00.0,86400000,0,0,86400,0,1,1,0,0,0,0,0.0,0.0,0.0,0.0,150,10,,,,,-1,,,,,86400,86400,,,,0.0,0.0,0.0,100.0,0.0,0.0,0.0,UNKNOWN,0,0,,,,,,,,,,,37.0,2025-12-19T20:00:15,HIGH,NO_DATA,NO_DATA,,,,,,,,,,,,,,,,,,,,,,,,,,,,,,,,,,,,,,,,0,0,,,,,,,,,,,,,,,,,,,,,,,,,,,,,,,,,,,,,,,,,,,,,3615274803,2025-12-18T17:27:48,480,500,INCREASED,TODAYS_LOAD_AND_CHRONIC,NO_DATA,NO_DATA,NO_CHANGE,1,1400,0,1,3615274803,2025-12-19T07:00:29,480,480,NO_CHANGE_NO_ADJUSTMENTS,NO_CHANGE,NO_DATA,NO_DATA,NO_CHANGE,0,1390,1410,1,,,,,,,,,,,,,,,,7,3615274803,RUNNING,GENERIC,RUNNING,2,PRODUCTIVE_2,0,52,OPTIMAL,FEEDBACK_2,518,606.0,323.20000000000005,404,1.2,1,PRODUCTIVE_2,129031336,54.6,55.0,0,0,0,0,0,,38,0,0,0,2025-12-19T09:44:29.0,3615274803,LOW,LOW_RT_HIGH_SS_UNKNOWN,HIGH_RECOVERY_NEEDS,25,,0,NONE,3117,27,POOR,79,GOOD,518,0,NONE,0,NONE,511,0,NONE,0,UPDATE_REALTIME_VARIABLES,1,,25,25,18.93117061031851,18.0,18.93117061031851,2.3,3,19.62414995709126,2,0,6,55,0,127.3,0,6,24.1,20.7,3.4,18.0,1,0,2025-12-18T00:00:00.0,3117,25,LOW,HIGH_RECOVERY_NEEDS,,0,0,511,0,518,79,7,,,0.0,20.6,22.1,-1.5,,,,,,,,74.0,,,,,,,,,,,,,,,,,,,,,,,,,,,,,,,,,,,,,,,,,,,,522.0,,,,,,,,,,,,,,,,,,,,,,,,,,,,,,,
2025-12-20,2198.0,42.0,2156.0,2198.0,3170,2606,2606,42.0,42.0,2,private,8310,2025-12-19T23:00:00.0,2025-12-20T00:00:00.0,2025-12-20T23:00:00.0,2025-12-21T00:00:00.0,86400000,867,360,85173,0,1,0,0,0,0,0,15.24,23.745,5.0,7.79035,150,10,56,95,64,63,33,85,8280,4560,4560,69000,86400,6960,1260,60,9.58,5.28,5.28,79.86,8.06,1.46,0.07,UNKNOWN,17400,0,57,94,0,22,77,55,55,,,3.0,39.0,2025-12-20T20:00:17,HIGH,NO_DATA,NO_DATA,,,,,,,,,,,,,,,,,,,,,,13.0,20.0,7.0,12.0,2025-12-20T14:47:00.0,200,,,,,,,,,,,,,0,0,,,,,,,,,,,,,,,,,,,,,,,,,,,,,,,,,,,,,,,,,,,,,3615274803,2025-12-19T07:00:29,480,480,NO_CHANGE_NO_ADJUSTMENTS,NO_CHANGE,NO_DATA,NO_DATA,NO_CHANGE,0,1390,1410,1,3615274803,2025-12-20T06:35:29,480,480,NO_CHANGE_NO_ADJUSTMENTS,NO_CHANGE,NO_DATA,NO_DATA,NO_CHANGE,0,1390,1410,1,,,,,,,,,,,,,,,,4,3615274803,RUNNING,GENERIC,RUNNING,2,MAINTAINING_2,0,47,OPTIMAL,FEEDBACK_2,440,588.0,313.6,392,1.1,1,MAINTAINING_2,129031336,54.6,55.0,0,0,0,0,0,,41,0,0,0,2025-12-20T07:35:29.0,3615274803,MODERATE,MOD_RT_MOD_SS_UNKNOWN,RECOVERY_IN_PROGRESS,55,,0,NONE,1806,51,MODERATE,86,GOOD,440,0,NONE,0,NONE,511,0,NONE,0,AFTER_WAKEUP_RESET,1,,55,25,19.097438162886125,18.0,18.93117061031851,2.5,3,19.62414995709126,2,0,6,56,0,127.3,0,6,24.1,20.7,3.4,18.0,1,0,2025-12-20T00:00:00.0,1806,55,MODERATE,RECOVERY_IN_PROGRESS,,0,0,511,0,440,86,4,,,0.0,20.1,19.0,1.1,,,,,,,,,,,,,,,,,,,,,,,,,,,,,,,,,,,,,,,,,,,,,,,,,,,,,,,,,,,,,,,,,,,,,,,,,,,,,,,,,,,
2025-12-21,2157.0,1.0,2156.0,2157.0,89,72,72,1.0,1.0,2,private,7290,2025-12-20T23:00:00.0,2025-12-21T00:00:00.0,2025-12-21T23:00:00.0,2025-12-22T00:00:00.0,86400000,12,20,82197,4171,1,0,0,0,0,0,5.398,4.102,1.771,1.3458,150,10,56,89,59,62,18,83,300,4200,,81900,86400,120,120,60,0.35,4.86,0.0,94.79,0.14,0.14,0.07,UNKNOWN,1200,3300,57,84,7,0,33,26,33,,,3.0,38.0,2025-12-21T20:00:12,HIGH,NO_DATA,NO_DATA,,,,,,,,,,,,,,,,,,,,,,18.0,22.0,11.0,16.0,2025-12-21T23:00:00.0,200,,,,,,,,,,,,,0,0,,,,,,,,,,,,,,,,,,,,,,,,,,,,,,,,,,,,,,,,,,,,,3615274803,2025-12-20T06:35:29,480,480,NO_CHANGE_NO_ADJUSTMENTS,NO_CHANGE,NO_DATA,NO_DATA,NO_CHANGE,0,1390,1410,1,3615274803,2025-12-21T06:40:29,480,480,NO_CHANGE_NO_ADJUSTMENTS,NO_CHANGE,NO_DATA,NO_DATA,NO_CHANGE,0,1390,1410,1,,,,,,,,,,,,,,,,4,3615274803,RUNNING,GENERIC,RUNNING,2,MAINTAINING_2,0,42,OPTIMAL,FEEDBACK_2,379,567.0,302.40000000000003,378,1.0,1,MAINTAINING_2,129031336,54.6,55.0,0,0,0,0,0,,38,0,0,0,2025-12-21T07:40:29.0,3615274803,HIGH,HIGH_RT_AVAILABLE_SS_UNKNOWN,WELL_RECOVERED,75,,0,NONE,362,90,GOOD,91,GOOD,379,0,NONE,0,NONE,511,0,NONE,0,AFTER_WAKEUP_RESET,1,,75,25,19.097438162886125,18.0,19.097438162886125,2.3,3,19.62414995709126,2,0,6,56,0,118.8,0,6,24.1,20.7,3.4,18.0,1,0,2025-12-21T00:00:00.0,362,75,HIGH,WELL_RECOVERED,,0,0,511,0,379,91,4,,,0.0,19.6,16.3,3.4,,,,,,,,,,,,,,,,,,,,,,,,,,,,,,,,,,,,,,,,,,,,,,,,,,,,,,,,,,,,,,,,,,,,,,,,,,,,,,,,,,,
2025-12-22,2157.0,1.0,2156.0,2157.0,85,69,69,1.0,1.0,2,private,7290,2025-12-21T23:00:00.0,2025-12-22T00:00:00.0,2025-12-22T23:00:00.0,2025-12-23T00:00:00.0,86400000,31,7,59093,27269,1,0,0,0,0,0,0.0,2.362,0.0,0.77493,150,10,45,75,49,60,8,30,60,27180,60,59100,86400,60,,,0.07,31.46,0.07,68.4,0.07,0.0,0.0,UNKNOWN,60,27240,47,67,67,0,100,33,100,74,100,3.0,38.0,2025-12-22T20:00:11,HIGH,NO_DATA,NO_DATA,,,,SLEEP,2025-12-21T21:50:29,3600000,31440000,74,NONE,NONE,3615274803,2025-12-22T06:36:56,,,,,,,,,,15.0,20.0,10.0,15.0,2025-12-22T06:36:00.0,200,30840,0,1,1766353829000,1766385269000,1766357429000,1766388869000,0,4860,20160,5820,600,1,0,1,16.0,10.0,20.0,1,9.0,ADULT,55.0,POSITIVE_LONG_AND_RECOVERING,NONE,GENERAL_POS_EXCELLENT_OR_GOOD_SLEEP,EXCELLENT,28800.0,28800.0,EXCELLENT,0.0,15.0,EXCELLENT,0.0,1.0,89,GOOD,19,FAIR,21.0,31.0,6476.4,9560.4,GOOD,0.0,5.0,65,FAIR,30.0,64.0,9252.0,19737.6,16,GOOD,16.0,33.0,4934.4,10177.2,2,3615274803,2025-12-21T06:40:29,480,480,NO_CHANGE_NO_ADJUSTMENTS,NO_CHANGE,NO_DATA,NO_DATA,NO_CHANGE,0,1390,1410,1,3615274803,2025-12-22T06:36:57,480,480,NO_CHANGE_NO_ADJUSTMENTS,NO_CHANGE,NO_CHANGE,NO_DATA,NO_CHANGE,0,1390,1410,1,74,49,8.57,81,336,97,10,89,,80,123,NONE,ONBOARDING_2,2025-12-24T16:12:15.54,80,4,3615274803,RUNNING,GENERIC,RUNNING,2,MAINTAINING_2,0,33,OPTIMAL,FEEDBACK_2,317,546.0,291.2,364,0.8,1,MAINTAINING_2,129031336,54.6,55.0,0,0,0,0,0,,38,0,0,0,2025-12-22T07:36:56.0,3615274803,HIGH,HIGH_RT_HIGHEST_SS_AVAILABLE,WELL_RECOVERED,86,89,88,GOOD,1,99,GOOD,97,GOOD,317,0,NONE,0,NONE,511,0,NONE,1,AFTER_WAKEUP_RESET,1,NO_CHANGE_SLEEP,86,25,19.097438162886125,18.0,19.097438162886125,2.3,3,19.62414995709126,2,0,6,56,0,118.8,0,6,24.1,20.7,3.4,18.0,1,0,2025-12-22T00:00:00.0,1,86,HIGH,WELL_RECOVERED,89,0,0,511,0,317,97,4,NONE,,0.0,19.2,13.9,5.2,57,64,104,,64,104,,,,,,,,,,,,,,,,,,,,,,,,,,,,,,,,,,,,,,,,,,,,,,,,,,,,,,,,,,,,,,,,,,,,,,,,,,,,,
2025-12-23,2156.0,0.0,2156.0,2156.0,,,,0.0,0.0,2,private,7290,2025-12-22T23:00:00.0,2025-12-23T00:00:00.0,2025-12-23T23:00:00.0,2025-12-24T00:00:00.0,86400000,0,0,86400,0,1,0,0,0,0,0,0.0,0.0,0.0,0.0,150,10,,,,,-1,,,,,86400,86400,,,,0.0,0.0,0.0,100.0,0.0,0.0,0.0,UNKNOWN,0,0,,,,,,,,,,,38.0,2025-12-23T20:00:14,HIGH,NO_DATA,NO_DATA,,,,,,,,,,,,,,,,,,,,,,,,,,,,,,,,,,,,,,,,0,0,,,,,,,,,,,,,,,,,,,,,,,,,,,,,,,,,,,,,,,,,,,,,3615274803,2025-12-22T06:36:57,480,480,NO_CHANGE_NO_ADJUSTMENTS,NO_CHANGE,NO_CHANGE,NO_DATA,NO_CHANGE,0,1390,1410,1,3615274803,2025-12-23T06:40:29,480,480,NO_CHANGE_NO_ADJUSTMENTS,NO_CHANGE,NO_DATA,NO_DATA,NO_CHANGE,0,1390,1410,1,,,,,,,,,,,,,,,,4,3615274803,RUNNING,GENERIC,RUNNING,2,MAINTAINING_2,0,29,LOW,FEEDBACK_1,255,528.0,281.6,352,0.7,1,MAINTAINING_2,129031336,54.6,55.0,0,0,0,0,0,,38,0,0,0,2025-12-23T07:40:29.0,3615274803,HIGH,HIGH_RT_AVAILABLE_SS_UNKNOWN,WELL_RECOVERED,84,,0,NONE,1,99,GOOD,100,VERY_GOOD,255,0,NONE,0,NONE,511,88,GOOD,0,AFTER_WAKEUP_RESET,1,,84,25,19.260555213664524,18.0,19.097438162886125,2.3,3,19.62414995709126,2,0,6,57,0,118.8,0,6,24.1,20.7,3.4,18.0,1,0,2025-12-23T00:00:00.0,1,84,HIGH,WELL_RECOVERED,,88,0,511,0,255,100,4,,,0.0,18.7,12.0,6.8,,,,,,,,,,,,,,,,,,,,,,,,,,,,,,,,,,,,,,,,,,,,,,,,,,,,,,,,,,,,,,,,,,,,,,,,,,,,,,,,,,,
2025-12-24,2247.0,91.0,2156.0,2247.0,3992,3260,3260,91.0,91.0,2,private,7290,2025-12-23T23:00:00.0,2025-12-24T00:00:00.0,2025-12-24T23:00:00.0,2025-12-25T00:00:00.0,86400000,1028,707,84665,0,1,0,0,0,0,0,32.638,30.783,10.70801,10.09941,150,10,58,106,69,61,60,94,17760,960,4020,63600,86340,4740,8580,4440,20.57,1.11,4.66,73.66,5.49,9.94,5.14,UNKNOWN,22740,0,62,104,0,49,86,37,37,,,3.0,44.0,2025-12-24T21:27:20,MODERATE,NO_DATA,NO_DATA,,,,STRESS,2025-12-24T13:22:49,3600000,3720000,-8,STRESS,STRESSFUL_PERIOD,3615274803,2025-12-24T14:28:54,,,,,,,,,,13.0,19.0,8.0,16.0,2025-12-24T16:14:00.0,200,,,,,,,,,,,,,0,0,,,,,,,,,,,,,,,,,,,,,,,,,,,,,,,,,,,,,,,,,,,,,3615274803,2025-12-23T06:40:29,480,480,NO_CHANGE_NO_ADJUSTMENTS,NO_CHANGE,NO_DATA,NO_DATA,NO_CHANGE,0,1390,1410,1,3615274803,2025-12-24T06:45:29,480,480,NO_CHANGE_NO_ADJUSTMENTS,NO_CHANGE,NO_DATA,NO_DATA,NO_CHANGE,0,1390,1410,1,,,,,,,,,,,,,,,,5,3615274803,RUNNING,GENERIC,RUNNING,2,RECOVERY_2,0,20,LOW,FEEDBACK_1,193,513.0,273.6,342,0.5,1,RECOVERY_2,129031336,54.6,55.0,0,0,0,0,0,,30,0,0,0,2025-12-24T07:45:29.0,3615274803,HIGH,HIGH_RT_AVAILABLE_SS_UNKNOWN_SLEEP_HISTORY_POS,LOW_RECOVERY_NEEDS,88,,0,NONE,1,99,GOOD,100,VERY_GOOD,193,0,NONE,0,NONE,511,88,GOOD,0,AFTER_WAKEUP_RESET,1,,88,25,19.260555213664524,18.0,19.260555213664524,2.3,3,19.62414995709126,2,0,6,57,0,118.8,0,6,24.1,20.7,3.4,18.0,1,0,2025-12-24T00:00:00.0,1,88,HIGH,LOW_RECOVERY_NEEDS,,88,0,511,0,193,100,5,,,0.0,18.3,10.2,8.0,,,,,,,,,,,,,,,,,,,,,,,,,,,,,,,,,,,,,,,,,,,,,,,,,,,,,,,,,,,,,,,,,,,,,,,,,,,,,,,,,,,
2025-12-25,2156.0,0.0,2156.0,2156.0,,,,0.0,0.0,2,private,6630,2025-12-24T23:00:00.0,2025-12-25T00:00:00.0,2025-12-25T23:00:00.0,2025-12-26T00:00:00.0,86400000,0,0,86400,0,1,0,0,0,0,0,0.0,0.0,0.0,0.0,150,10,,,,,46,46,60,,,86340,86400,60,,,0.07,0.0,0.0,99.93,0.07,0.0,0.0,UNKNOWN,60,0,,,0,0,66,66,66,,,3.0,37.0,2025-12-25T20:00:14,HIGH,NO_DATA,NO_DATA,,,,,,,,,,,,,,,,,,,,,,16.0,17.0,16.0,17.0,2025-12-25T11:00:00.0,200,,,,,,,,,,,,,0,0,,,,,,,,,,,,,,,,,,,,,,,,,,,,,,,,,,,,,,,,,,,,,3615274803,2025-12-24T06:45:29,480,480,NO_CHANGE_NO_ADJUSTMENTS,NO_CHANGE,NO_DATA,NO_DATA,NO_CHANGE,0,1390,1410,1,3615274803,2025-12-25T06:50:29,480,480,NO_CHANGE_NO_ADJUSTMENTS,NO_CHANGE,NO_DATA,NO_DATA,NO_CHANGE,0,1390,1410,1,,,,,,,,,,,,,,,,1,3615274803,RUNNING,GENERIC,RUNNING,2,DETRAINING,0,12,LOW,FEEDBACK_1,131,498.0,265.6,332,0.3,1,DETRAINING,129031336,54.6,55.0,0,0,0,0,0,,38,0,0,0,2025-12-25T07:50:29.0,3615274803,HIGH,HIGH_RT_AVAILABLE_SS_UNKNOWN_ACWR_POS,WELL_RECOVERED,89,,0,NONE,1,99,GOOD,100,VERY_GOOD,131,0,NONE,0,NONE,511,0,NONE,0,AFTER_WAKEUP_RESET,1,,89,25,19.260555213664524,18.0,19.260555213664524,2.3,3,19.62414995709126,2,0,6,57,0,118.8,0,6,24.1,20.7,3.4,18.0,1,0,2025-12-24T00:00:00.0,1,89,HIGH,WELL_RECOVERED,,0,0,511,0,131,100,1,,,0.0,17.8,8.8,9.1,,,,,,,,,,,,,,,,,,,,,,,,,,,,,,,,,,,,,,,,,,,,,,,,,,,,,,,,,,,,,,,,,,,,,,,,,,,,,,,,,,,
2025-12-26,2156.0,0.0,2156.0,2156.0,,,,0.0,0.0,2,private,6630,2025-12-25T23:00:00.0,2025-12-26T00:00:00.0,2025-12-26T23:00:00.0,2025-12-27T00:00:00.0,86400000,0,0,86400,0,1,0,0,0,0,0,0.0,0.0,0.0,0.0,150,10,71,71,,,-1,,,,,86400,86400,,,,0.0,0.0,0.0,100.0,0.0,0.0,0.0,UNKNOWN,0,0,71,71,0,0,37,37,37,,,3.0,38.0,2025-12-26T20:00:17,HIGH,NO_DATA,NO_DATA,,,,,,,,,,,,,,,,,,,,,,19.0,19.0,19.0,19.0,2025-12-26T18:02:00.0,200,,,,,,,,,,,,,0,0,,,,,,,,,,,,,,,,,,,,,,,,,,,,,,,,,,,,,,,,,,,,,3615274803,2025-12-25T06:50:29,480,480,NO_CHANGE_NO_ADJUSTMENTS,NO_CHANGE,NO_DATA,NO_DATA,NO_CHANGE,0,1390,1410,1,3615274803,2025-12-26T06:55:29,480,480,NO_CHANGE_NO_ADJUSTMENTS,NO_CHANGE,NO_DATA,NO_DATA,NO_CHANGE,0,1390,1410,1,,,,,,,,,,,,,,,,1,3615274803,RUNNING,GENERIC,RUNNING,2,DETRAINING,0,8,LOW,FEEDBACK_1,69,484.5,258.40000000000003,323,0.2,1,DETRAINING,129031336,54.6,55.0,0,0,0,0,0,,38,0,0,0,2025-12-26T07:55:29.0,3615274803,HIGH,HIGH_RT_AVAILABLE_SS_UNKNOWN_ACWR_POS,WELL_RECOVERED,94,,0,NONE,1,99,GOOD,100,VERY_GOOD,69,0,NONE,0,NONE,511,0,NONE,0,AFTER_WAKEUP_RESET,1,,94,25,19.260555213664524,18.0,19.260555213664524,2.3,3,19.62414995709126,2,0,6,57,0,118.8,0,6,24.1,20.7,3.4,18.0,1,0,2025-12-24T00:00:00.0,1,94,HIGH,WELL_RECOVERED,,0,0,511,0,69,100,1,,,0.0,17.4,7.5,9.9,,,,,,,,,,,,,,,,,,,,,,,,,,,,,,,,,,,,,,,,,,,,,,,,,,,,,,,,,,,,,,,,,,,,,,,,,,,,,,,,,,,
2025-12-27,3326.0,1170.0,2156.0,2834.0,9342,34515,10561,678.0,1170.0,2,private,7290,2025-12-26T23:00:00.0,2025-12-27T00:00:00.0,2025-12-27T23:00:00.0,2025-12-28T00:00:00.0,86400000,3360,722,82318,0,1,1,0,0,2,50,73.152,80.057,24.0,26.26542,150,10,58,170,63,60,52,84,13500,1680,2100,69000,86280,5520,6600,1380,15.65,1.95,2.43,79.97,6.4,7.65,1.6,UNKNOWN,17280,0,63,170,0,35,53,18,18,,,3.0,38.0,2025-12-27T20:00:18,MODERATE,NO_DATA,NO_DATA,,,,ACTIVITY,2025-12-27T14:25:21,3600000,2760000,-11,EXERCISE_TRAINING_EFFECT_3,IMPROVING_TEMPO,3615274803,2025-12-27T15:12:49,,,,,,,,,,16.0,43.0,6.0,10.0,2025-12-27T22:59:00.0,200,,,,,,,,,,,,,0,0,,,,,,,,,,,,,,,,,,,,,,,,,,,,,,,,,,,,,,,,,,,,,3615274803,2025-12-26T06:55:29,480,480,NO_CHANGE_NO_ADJUSTMENTS,NO_CHANGE,NO_DATA,NO_DATA,NO_CHANGE,0,1390,1410,1,3615274803,2025-12-27T15:14:11,480,480,NO_CHANGE_NO_ADJUSTMENTS,NO_CHANGE,NO_DATA,NO_DATA,NO_CHANGE,0,1390,1410,1,,,,,,,,,,,,,,,,5,3615274803,RUNNING,GENERIC,RUNNING,2,RECOVERY_2,0,29,LOW,FEEDBACK_1,269,528.0,281.6,352,0.7,1,RECOVERY_2,129031336,54.5,54.0,0,0,0,0,0,,27,0,0,0,2025-12-27T16:14:11.0,3615274803,MODERATE,MOD_RT_HIGH_SS_UNKNOWN,HIGH_RECOVERY_NEEDS,52,,0,NONE,2245,39,POOR,100,VERY_GOOD,269,0,NONE,0,NONE,511,0,NONE,0,AFTER_POST_EXERCISE_RESET,1,,52,25,19.423672264442935,18.0,19.260555213664524,2.1,3,19.62414995709126,2,0,6,58,0,115.0,0,6,24.1,20.7,3.4,18.0,1,0,2025-12-27T00:00:00.0,2245,52,MODERATE,HIGH_RECOVERY_NEEDS,,0,0,511,0,269,100,5,,,80.2,18.9,17.9,1.0,,,,,,,,136.0,,,,,,,,,,,,,129031336,54.5,54.0,0,0,0,0,0,27,0,0,0,54.5,,,,,,,,,,,,,,,,,,,492.0,,,,Chevrières Course à pied,running,21365392407,,,,,,,55.0,55.0,1,55.0,55.0,1,,,,,,,,,,,,,
2025-12-28,2220.0,64.0,2156.0,2220.0,3315,2793,2793,64.0,64.0,2,private,7500,2025-12-27T23:00:00.0,2025-12-28T00:00:00.0,2025-12-28T23:00:00.0,2025-12-29T00:00:00.0,86400000,1026,230,52744,32400,1,0,0,0,0,0,49.304,34.331,16.17585,11.26345,150,10,51,102,57,60,36,90,43320,34680,4920,3420,86340,22740,17040,3540,50.17,40.17,5.7,3.96,26.34,19.74,4.1,STRESSFUL,51180,31740,53,101,53,49,68,15,22,52,67,3.0,40.0,2025-12-28T20:00:18,MODERATE,SLEEP_PREPARATION_STRESSFUL_AND_INACTIVE,SLEEP_PREPARATION_STRESSFUL_AND_INACTIVE,2025-12-28T02:43:12,HIGH,SLEEP_TIME_PASSED_NOT_STRESS_DATA_AND_INACTIVE,SLEEP,2025-12-28T01:04:49,3600000,32400000,52,NONE,NONE,3615274803,2025-12-28T10:45:29,,,,,,,,,,13.0,22.0,7.0,9.0,2025-12-28T22:58:00.0,200,32220,0,1,1766883889000,1766916289000,1766887489000,1766919889000,0,6840,18720,6660,180,1,0,1,16.0,8.0,21.0,0,22.0,ADULT,61.0,POSITIVE_LONG_AND_DEEP,NONE,MOD_EXERCISE_POS_EXCELLENT_OR_GOOD_SLEEP_VIGOROUS_DURING_DAY_OUTDOOR,EXCELLENT,28800.0,28800.0,FAIR,0.0,15.0,EXCELLENT,0.0,1.0,84,GOOD,21,FAIR,21.0,31.0,6766.2,9988.2,GOOD,0.0,5.0,58,EXCELLENT,30.0,64.0,9666.0,20620.8,21,EXCELLENT,16.0,33.0,5155.2,10632.6,2,3615274803,2025-12-27T15:14:11,480,480,NO_CHANGE_NO_ADJUSTMENTS,NO_CHANGE,NO_DATA,NO_DATA,NO_CHANGE,0,1390,1410,1,3615274803,2025-12-28T10:45:29,480,480,NO_CHANGE_NO_ADJUSTMENTS,NO_CHANGE,NO_CHANGE,NO_DATA,NO_CHANGE,0,1390,1410,1,52,57,8.95,114,312,111,3,84,,50,74,NONE,ONBOARDING_2,2025-12-28T15:06:37.766,50,5,3615274803,RUNNING,GENERIC,RUNNING,2,RECOVERY_2,0,25,LOW,FEEDBACK_1,211,510.0,272.0,340,0.6,1,RECOVERY_2,129031336,54.5,54.0,0,0,0,0,0,,53,0,0,0,2025-12-28T20:44:29.0,3615274803,HIGH,HIGH_RT_HIGHEST_SS_AVAILABLE,WELL_RECOVERED,75,84,78,GOOD,536,85,GOOD,100,VERY_GOOD,211,0,NONE,0,NONE,511,0,NONE,1,UPDATE_REALTIME_VARIABLES,1,,75,25,19.423672264442935,18.0,19.260555213664524,2.1,3,19.62414995709126,2,0,6,58,0,115.0,0,6,24.1,20.7,3.4,18.0,1,0,2025-12-27T00:00:00.0,536,75,HIGH,WELL_RECOVERED,84,0,0,511,0,211,100,5,NONE,,0.0,18.5,15.4,3.1,56,63,102,,63,102,,,,,,,,,,,,,,,,,,,,,,,,,,,,,,,,,,,,,,,,,,,,,,,,,,,,,,,,,,,55.0,55.0,1,,,,,,,,,,,,,,,,
2025-12-29,2189.0,33.0,2156.0,2189.0,1671,1361,1361,33.0,33.0,2,private,7090,2025-12-28T23:00:00.0,2025-12-29T00:00:00.0,2025-12-29T23:00:00.0,2025-12-30T00:00:00.0,86400000,401,276,67183,18540,1,0,0,0,0,0,6.096,10.413,2.0,3.41634,150,10,61,103,63,63,43,93,41820,8100,2580,33840,86340,26460,13140,2220,48.44,9.38,2.99,39.19,30.65,15.22,2.57,UNKNOWN,34020,18480,62,99,24,22,32,8,24,23,31,3.0,41.0,2025-12-29T20:00:12,LOW,NO_DATA,NO_DATA,2025-12-29T03:33:22,LOW,SLEEP_TIME_PASSED_STRESSFUL_AND_INACTIVE,SLEEP,2025-12-29T04:04:29,3600000,18540000,23,NONE,NONE,3615274803,2025-12-29T09:56:15,,,,,,,,,,16.0,22.0,9.0,13.0,2025-12-29T14:13:00.0,200,18000,0,1,1766981069000,1766999609000,1766984669000,1767003209000,0,3120,13800,1080,540,1,0,1,16.0,10.0,20.0,1,33.0,ADULT,68.0,NEGATIVE_SHORT_AND_NONRECOVERING,NEGATIVE_STRESSFUL_DAY,STRESS_NEG_GOOD_OR_WORSE_SLEEP_STRESSFUL_DAY,POOR,28800.0,28800.0,POOR,0.0,15.0,EXCELLENT,0.0,1.0,51,POOR,6,POOR,21.0,31.0,3780.0,5580.0,GOOD,0.0,5.0,77,FAIR,30.0,64.0,5400.0,11520.0,17,GOOD,16.0,33.0,2880.0,5940.0,2,3615274803,2025-12-28T10:45:29,480,480,NO_CHANGE_NO_ADJUSTMENTS,NO_CHANGE,NO_CHANGE,NO_DATA,NO_CHANGE,0,1390,1410,1,3615274803,2025-12-29T09:56:15,480,540,HIGHLY_INCREASED,NO_CHANGE,INCREASING,NO_DATA,NO_CHANGE,1,1330,1410,1,23,63,5.0,52,230,18,9,51,,40,57,NONE,ONBOARDING_2,2025-12-30T15:50:54.820,40,5,3615274803,RUNNING,GENERIC,RUNNING,2,RECOVERY_2,0,20,LOW,FEEDBACK_1,188,483.0,257.6,322,0.5,1,RECOVERY_2,129031336,54.5,54.0,0,0,0,0,0,,39,0,0,0,2025-12-29T10:56:15.0,3615274803,LOW,LOW_RT_MOD_OR_LOW_SS_POOR,FIND_TIME_TO_RELAX,44,51,35,POOR,131,96,GOOD,100,VERY_GOOD,188,62,MODERATE,0,NONE,511,78,GOOD,1,AFTER_WAKEUP_RESET,1,POOR_SLEEP_RT_LOW,44,25,19.423672264442935,18.0,19.423672264442935,2.0,3,19.62414995709126,2,0,6,58,0,110.6,0,6,24.1,20.7,3.4,18.0,1,0,2025-12-29T00:00:00.0,131,44,LOW,FIND_TIME_TO_RELAX,51,78,0,511,62,188,100,5,NONE,,0.0,18.0,13.2,4.9,56,63,101,,63,101,,,,,,,,,,,,,,,,,,,,,,,,,,,,,,,,,,,,,,,,,,,,,,,,,,,,,,,,,,,55.0,55.0,1,,,,,,,,,,,,,,,,
2025-12-30,2916.0,760.0,2156.0,2916.0,10527,11693,12344,760.0,760.0,2,private,6010,2025-12-29T23:00:00.0,2025-12-30T00:00:00.0,2025-12-30T23:00:00.0,2025-12-31T00:00:00.0,86400000,3960,648,81792,0,1,1,0,0,3,62,92.959,93.743,30.49836,30.75558,150,10,72,159,64,64,91,91,60,,1380,84900,86340,,,60,0.07,0.0,1.6,98.33,0.0,0.0,0.07,UNKNOWN,1440,0,73,159,0,14,45,31,31,,,3.0,34.0,2025-12-30T20:00:09,MODERATE,NO_DATA,NO_DATA,,,,ACTIVITY,2025-12-30T14:47:11,3600000,3720000,-13,EXERCISE_TRAINING_EFFECT_3,IMPROVING_AEROBIC_ENDURANCE,3615274803,2025-12-30T15:50:11,,,,,,,,,,32.0,39.0,9.0,33.0,2025-12-30T15:50:00.0,200,,,,,,,,,,,,,0,0,,,,,,,,,,,,,,,,,,,,,,,,,,,,,,,,,,,,,,,,,,,,,3615274803,2025-12-29T09:56:15,480,540,HIGHLY_INCREASED,NO_CHANGE,INCREASING,NO_DATA,NO_CHANGE,1,1330,1410,1,3615274803,2025-12-30T15:50:12,480,480,NO_CHANGE_NO_ADJUSTMENTS,NO_CHANGE,NO_DATA,NO_DATA,NO_CHANGE,0,1390,1410,1,,,,,,,,,,,,,,,,4,3615274803,RUNNING,GENERIC,RUNNING,2,MAINTAINING_2,0,38,OPTIMAL,FEEDBACK_2,307,498.0,265.6,332,0.9,1,MAINTAINING_2,129031336,54.1,54.0,0,0,0,0,0,,22,0,0,0,2025-12-30T16:50:11.0,3615274803,LOW,LOW_RT_MOD_OR_LOW_SS_UNKNOWN_SLEEP_HISTORY_NEG,LISTEN_TO_YOUR_BODY,39,,0,NONE,1683,54,MODERATE,94,GOOD,307,62,MODERATE,0,NONE,511,43,MODERATE,0,AFTER_POST_EXERCISE_RESET,1,REACHED_ZERO,39,25,20.501584935727255,18.0,19.423672264442935,1.8,3,19.62414995709126,2,0,6,59,0,112.5,0,6,24.1,20.7,3.4,18.0,1,0,2025-12-30T00:00:00.0,1683,39,LOW,LISTEN_TO_YOUR_BODY,,43,0,511,62,307,94,4,,,59.1,19.0,19.7,-0.7,,,,,,,,91.0,,,,,,,,,,,,,129031336,54.1,54.0,0,0,0,0,0,22,0,0,0,54.1,,,,,,,,,,,,,,,,,,,,,,,Chevrières Course à pied,running,21394099257,,,,,,,55.0,55.0,1,,,,,,,,,,,,,,,,
2025-12-31,2156.0,0.0,2156.0,2156.0,,,,0.0,0.0,2,private,6460,2025-12-30T23:00:00.0,2025-12-31T00:00:00.0,2025-12-31T23:00:00.0,2026-01-01T00:00:00.0,86400000,0,0,86400,0,1,0,0,0,0,0,0.0,0.0,0.0,0.0,150,10,,,,,-1,,,,,86400,86400,,,,0.0,0.0,0.0,100.0,0.0,0.0,0.0,UNKNOWN,0,0,,,,,,,,,,,36.0,2025-12-31T20:00:12,MODERATE,NO_DATA,NO_DATA,,,,,,,,,,,,,,,,,,,,,,,,,,,,,,,,,,,,,,,,0,0,,,,,,,,,,,,,,,,,,,,,,,,,,,,,,,,,,,,,,,,,,,,,3615274803,2025-12-30T15:50:12,480,480,NO_CHANGE_NO_ADJUSTMENTS,NO_CHANGE,NO_DATA,NO_DATA,NO_CHANGE,0,1390,1410,1,3615274803,2025-12-31T06:50:29,480,480,NO_CHANGE_NO_ADJUSTMENTS,NO_CHANGE,NO_DATA,NO_DATA,NO_CHANGE,0,1390,1410,1,,,,,,,,,,,,,,,,4,3615274803,RUNNING,GENERIC,RUNNING,2,MAINTAINING_2,0,33,OPTIMAL,FEEDBACK_2,270,474.0,252.8,316,0.8,1,MAINTAINING_2,129031336,54.1,54.0,0,0,0,0,0,,38,0,0,0,2025-12-31T09:44:29.0,3615274803,MODERATE,MOD_RT_LOW_SS_UNKNOWN_SLEEP_HISTORY_NEG,RECOVERED_AND_READY,50,,0,NONE,670,82,GOOD,97,GOOD,270,62,MODERATE,0,NONE,511,35,POOR,0,UPDATE_REALTIME_VARIABLES,1,,50,25,20.501584935727255,18.0,19.423672264442935,1.8,3,19.62414995709126,2,0,6,59,0,112.5,0,6,24.1,20.7,3.4,18.0,1,0,2025-12-30T00:00:00.0,670,50,MODERATE,RECOVERED_AND_READY,,35,0,511,62,270,97,4,,,0.0,18.5,16.9,1.6,,,,,,,,,,,,,,,,,,,,,,,,,,,,,,,,,,,,,,,,,,,,,,,,,,,,,,,,,,,,,,,,,55.0,55.0,1,,,,,,,,,,,,,,,,
2026-01-01,2167.0,11.0,2156.0,2167.0,1150,968,968,11.0,11.0,2,private,6460,2025-12-31T23:00:00.0,2026-01-01T00:00:00.0,2026-01-01T23:00:00.0,2026-01-02T00:00:00.0,86400000,186,205,81178,4831,1,0,0,0,0,0,5.129,11.0,1.68274,3.60892,150,10,55,95,61,62,37,87,23040,10860,2340,50040,86280,14760,7860,420,26.7,12.59,2.71,58.0,17.11,9.11,0.49,BALANCED_AWAKE,31440,4800,58,93,8,31,61,30,38,,,3.0,45.0,2026-01-01T20:00:14,HIGH,SLEEP_PREPARATION_BALANCED_AND_INACTIVE,SLEEP_PREPARATION_BALANCED_AND_INACTIVE,,,,,,,,,,,,,,,,,,,,,,14.0,23.0,8.0,19.0,2026-01-01T22:59:00.0,200,,,,,,,,,,,,,0,0,,,,,,,,,,,,,,,,,,,,,,,,,,,,,,,,,,,,,,,,,,,,,3615274803,2025-12-31T06:50:29,480,480,NO_CHANGE_NO_ADJUSTMENTS,NO_CHANGE,NO_DATA,NO_DATA,NO_CHANGE,0,1390,1410,1,3615274803,2026-01-01T06:55:29,480,480,NO_CHANGE_NO_ADJUSTMENTS,NO_CHANGE,NO_DATA,NO_DATA,NO_CHANGE,0,1390,1410,1,,,,,,,,,,,,,,,,4,3615274803,RUNNING,GENERIC,RUNNING,2,MAINTAINING_2,0,29,LOW,FEEDBACK_1,232,451.5,240.8,301,0.7,1,MAINTAINING_2,129031336,54.1,54.0,0,0,0,0,0,,45,0,0,0,2026-01-01T07:55:29.0,3615274803,HIGH,HIGH_RT_AVAILABLE_SS_UNKNOWN,WELL_RECOVERED,79,,0,NONE,1,99,GOOD,100,VERY_GOOD,232,0,NONE,0,NONE,511,0,NONE,0,AFTER_WAKEUP_RESET,1,,79,25,20.501584935727255,18.0,20.501584935727255,1.8,3,19.62414995709126,2,0,6,59,0,100.1,0,6,24.1,20.7,3.4,18.0,1,0,2026-01-01T00:00:00.0,1,79,HIGH,WELL_RECOVERED,,0,0,511,0,232,100,4,,,0.0,18.1,14.5,3.6,,,,,,,,,,,,,,,,,,,,,,,,,,,,,,,,,,,,,,,,,,,,,,,,,,,,,,,,,,,,,,,,,55.0,55.0,1,,,,,,,,,,,,,,,,
2026-01-02,3073.0,923.0,2150.0,3073.0,12804,13101,15109,923.0,923.0,2,private,5400,2026-01-01T23:00:00.0,2026-01-02T00:00:00.0,2026-01-02T23:00:00.0,2026-01-03T00:00:00.0,86400000,5160,1133,48278,31829,1,1,0,0,1,81,342.812,345.288,112.47113,113.28346,150,10,47,179,51,60,11,85,1740,31860,1740,50760,86100,960,660,120,2.02,37.0,2.02,58.95,1.11,0.77,0.14,UNKNOWN,3720,31620,47,172,62,35,100,38,65,70,100,3.0,36.0,2026-01-02T20:00:12,MODERATE,NO_DATA,NO_DATA,2026-01-01T23:30:21,HIGH,SLEEP_TIME_PASSED_BALANCED_AND_INACTIVE,SLEEP,2026-01-01T21:39:29,3600000,36660000,70,NONE,NONE,3615274803,2026-01-02T07:58:52,ACTIVITY,2026-01-02T09:41:31,3600000,4800000,-22,EXERCISE_TRAINING_EFFECT_3,IMPROVING_AEROBIC_ENDURANCE,3615274803,2026-01-02T11:02:57,26.0,39.0,9.0,16.0,2026-01-02T11:25:00.0,200,34800,0,1,1767303569000,1767340229000,1767307169000,1767343829000,0,3180,24120,7500,1860,1,0,1,16.0,10.0,22.0,2,11.0,ADULT,56.0,POSITIVE_LONG_AND_RECOVERING,NONE,STRESS_POS_EXCELLENT_OR_GOOD_SLEEP_RESTFUL_EVENING,EXCELLENT,28800.0,28800.0,EXCELLENT,0.0,15.0,FAIR,0.0,1.0,82,GOOD,22,GOOD,21.0,31.0,7308.0,10788.0,FAIR,0.0,5.0,69,FAIR,30.0,64.0,10440.0,22272.0,9,FAIR,16.0,33.0,5568.0,11484.0,2,3615274803,2026-01-01T06:55:29,480,480,NO_CHANGE_NO_ADJUSTMENTS,NO_CHANGE,NO_DATA,NO_DATA,NO_CHANGE,0,1390,1410,1,3615274803,2026-01-02T11:02:57,480,480,NO_CHANGE_NO_ADJUSTMENTS,NO_CHANGE,NO_CHANGE,NO_DATA,NO_CHANGE,0,1390,1410,1,70,51,9.67,53,402,125,31,82,,79,122,NONE,ONBOARDING_2,2026-01-02T11:30:53.440,79,4,3615274803,RUNNING,GENERIC,RUNNING,2,MAINTAINING_2,0,42,OPTIMAL,FEEDBACK_2,338,466.5,248.8,311,1.0,1,MAINTAINING_2,129031336,53.8,54.0,0,0,0,0,0,,26,0,0,0,2026-01-02T12:02:57.0,3615274803,MODERATE,MOD_RT_MOD_SS_GOOD,BOOSTED_BY_GOOD_SLEEP,59,82,74,GOOD,1758,52,MODERATE,87,GOOD,338,0,NONE,0,NONE,511,0,NONE,1,AFTER_POST_EXERCISE_RESET,1,REACHED_ZERO,59,25,20.501584935727255,18.0,20.501584935727255,1.8,3,19.62414995709126,2,0,6,59,0,113.6,0,6,24.1,20.7,3.4,18.0,1,0,2026-01-02T00:00:00.0,1758,59,MODERATE,BOOSTED_BY_GOOD_SLEEP,82,0,0,511,0,338,87,4,NONE,,67.2,19.3,22.0,-2.7,56,63,99,,63,99,,111.0,Compiègne Trail,trail_running,21418676273,,,,,,,,,,129031336,53.8,54.0,0,0,0,0,0,26,0,0,0,53.8,,,,,,,,,,,,,,,,,,,,,,,,,,,,,,,,55.0,55.0,1,,,,,,,,,,,,,,,,
2026-01-03,2150.0,0.0,2150.0,2150.0,,,,0.0,0.0,2,private,6130,2026-01-02T23:00:00.0,2026-01-03T00:00:00.0,2026-01-03T23:00:00.0,2026-01-04T00:00:00.0,86400000,0,0,86400,0,1,0,0,0,0,0,0.0,0.0,0.0,0.0,150,10,,,,,-1,,,,,86400,86400,,,,0.0,0.0,0.0,100.0,0.0,0.0,0.0,UNKNOWN,0,0,,,,,,,,,,,36.0,2026-01-03T20:00:16,HIGH,NO_DATA,NO_DATA,,,,,,,,,,,,,,,,,,,,,,,,,,,,,,,,,,,,,,,,0,0,,,,,,,,,,,,,,,,,,,,,,,,,,,,,,,,,,,,,,,,,,,,,3615274803,2026-01-02T11:02:57,480,480,NO_CHANGE_NO_ADJUSTMENTS,NO_CHANGE,NO_CHANGE,NO_DATA,NO_CHANGE,0,1390,1410,1,3615274803,2026-01-03T06:35:29,480,480,NO_CHANGE_NO_ADJUSTMENTS,NO_CHANGE,NO_CHANGE,NO_DATA,NO_CHANGE,0,1390,1410,1,,,,,,,,,,,,,,,,4,3615274803,RUNNING,GENERIC,RUNNING,2,MAINTAINING_2,0,38,OPTIMAL,FEEDBACK_2,285,445.5,237.60000000000002,297,0.9,1,MAINTAINING_2,129031336,53.8,54.0,0,0,0,0,0,,38,0,0,0,2026-01-03T10:44:29.0,3615274803,HIGH,HIGH_RT_AVAILABLE_SS_UNKNOWN,WELL_RECOVERED,75,,0,NONE,398,89,GOOD,93,GOOD,285,0,NONE,0,NONE,511,74,GOOD,0,UPDATE_REALTIME_VARIABLES,1,,75,25,20.501584935727255,18.0,20.501584935727255,1.8,3,19.62414995709126,2,0,6,59,0,113.6,0,6,24.1,20.7,3.4,18.0,1,0,2026-01-02T00:00:00.0,398,75,HIGH,WELL_RECOVERED,,74,0,511,0,285,93,4,,,0.0,18.8,18.9,-0.1,,,,,,,,,,,,,,,,,,,,,,,,,,,,,,,,,,,,,,,,,,,,,,,,,,,,,,,,,,,,,,,,,55.0,55.0,1,,,,,,,,,,,,,,,,
2026-01-04,2159.0,9.0,2150.0,2159.0,820,668,668,9.0,9.0,2,private,6130,2026-01-03T23:00:00.0,2026-01-04T00:00:00.0,2026-01-04T23:00:00.0,2026-01-05T00:00:00.0,86400000,174,124,86102,0,1,0,0,0,0,0,7.971,2.523,2.61516,0.82776,150,10,57,96,63,60,38,88,21060,6180,1440,57660,86340,15720,4860,480,24.39,7.16,1.67,66.78,18.21,5.63,0.56,UNKNOWN,28680,0,58,95,0,25,53,28,28,,,3.0,38.0,2026-01-04T21:50:56,HIGH,SLEEP_PREPARATION_NOT_STRESS_DATA_AND_INACTIVE,SLEEP_PREPARATION_NOT_STRESS_DATA_AND_INACTIVE,,,,,,,,,,,,,,,,,,,,,,15.0,23.0,7.0,15.0,2026-01-04T23:00:00.0,200,,,,,,,,,,,,,0,0,,,,,,,,,,,,,,,,,,,,,,,,,,,,,,,,,,,,,,,,,,,,,3615274803,2026-01-03T06:35:29,480,480,NO_CHANGE_NO_ADJUSTMENTS,NO_CHANGE,NO_CHANGE,NO_DATA,NO_CHANGE,0,1390,1410,1,3615274803,2026-01-04T06:40:29,480,480,NO_CHANGE_NO_ADJUSTMENTS,NO_CHANGE,NO_DATA,NO_DATA,NO_CHANGE,0,1390,1410,1,,,,,,,,,,,,,,,,4,3615274803,RUNNING,GENERIC,RUNNING,2,MAINTAINING_2,0,33,OPTIMAL,FEEDBACK_2,233,424.5,226.4,283,0.8,1,MAINTAINING_2,129031336,53.8,54.0,0,0,0,0,0,,38,0,0,0,2026-01-04T07:40:29.0,3615274803,HIGH,HIGH_RT_AVAILABLE_SS_UNKNOWN,WELL_RECOVERED,79,,0,NONE,1,99,GOOD,98,GOOD,233,0,NONE,0,NONE,511,74,GOOD,0,AFTER_WAKEUP_RESET,1,,79,25,19.423672264442935,18.0,20.501584935727255,2.0,3,19.62414995709126,2,0,6,58,0,113.6,0,6,24.1,20.7,3.4,18.0,1,0,2026-01-04T00:00:00.0,1,79,HIGH,WELL_RECOVERED,,74,0,511,0,233,98,4,,,0.0,18.4,16.2,2.2,,,,,,,,,,,,,,,,,,,,,,,,,,,,,,,,,,,,,,,,,,,,,,,,,,,,,,,,,,,,,,,,,55.0,55.0,1,,,,,,,,,,,,,,,,
2026-01-05,2231.0,81.0,2150.0,2231.0,4918,4143,4143,81.0,81.0,2,private,5070,2026-01-04T23:00:00.0,2026-01-05T00:00:00.0,2026-01-05T23:00:00.0,2026-01-06T00:00:00.0,86400000,1381,516,59123,25380,1,0,0,0,0,0,52.038,40.928,17.07283,13.42782,150,10,48,100,52,58,36,94,38940,31140,6720,9480,86280,18060,17040,3840,45.13,36.09,7.79,10.99,20.93,19.75,4.45,STRESSFUL,51600,25200,50,99,65,78,93,15,15,64,93,3.0,43.0,2026-01-05T20:00:12,MODERATE,SLEEP_PREPARATION_STRESSFUL_AND_INACTIVE,SLEEP_PREPARATION_STRESSFUL_AND_INACTIVE,2026-01-05T01:45:55,HIGH,SLEEP_TIME_PASSED_BALANCED_AND_INACTIVE,SLEEP,2026-01-04T23:30:29,3600000,25380000,64,NONE,NONE,3615274803,2026-01-05T07:45:29,,,,,,,,,,13.0,22.0,7.0,16.0,2026-01-05T23:00:00.0,200,25200,0,1,1767569429000,1767594809000,1767573029000,1767598409000,0,4140,15900,5160,180,1,0,1,15.0,10.0,20.0,0,13.0,ADULT,56.0,POSITIVE_CONTINUOUS,POSITIVE_LATE_BED_TIME,GENERAL_POS_EXCELLENT_OR_GOOD_SLEEP,FAIR,28800.0,28800.0,GOOD,0.0,15.0,EXCELLENT,0.0,1.0,83,GOOD,20,FAIR,21.0,31.0,5292.0,7812.0,EXCELLENT,0.0,5.0,63,GOOD,30.0,64.0,7560.0,16128.0,16,GOOD,16.0,33.0,4032.0,8316.0,2,3615274803,2026-01-04T06:40:29,480,480,NO_CHANGE_NO_ADJUSTMENTS,NO_CHANGE,NO_DATA,NO_DATA,NO_CHANGE,0,1390,1410,1,3615274803,2026-01-05T07:45:29,480,480,NO_CHANGE_NO_ADJUSTMENTS,NO_CHANGE,NO_CHANGE,NO_DATA,NO_CHANGE,0,1390,1410,1,64,52,7.0,69,265,86,3,83,,79,117,NONE,ONBOARDING_2,2026-01-05T16:39:01.116,79,4,3615274803,RUNNING,GENERIC,RUNNING,2,MAINTAINING_2,0,25,LOW,FEEDBACK_1,181,402.0,214.4,268,0.6,1,MAINTAINING_2,129031336,53.8,54.0,0,0,0,0,0,,31,0,0,0,2026-01-05T08:45:29.0,3615274803,HIGH,HIGH_RT_HIGHEST_SS_AVAILABLE,WELL_RECOVERED,83,83,76,GOOD,1,99,GOOD,100,VERY_GOOD,181,0,NONE,0,NONE,511,0,NONE,1,AFTER_WAKEUP_RESET,1,NO_CHANGE_SLEEP,83,25,20.346666821025575,18.0,19.423672264442935,1.8,3,19.62414995709126,2,0,6,58,0,104.0,0,6,24.1,20.7,3.4,18.0,1,0,2026-01-05T00:00:00.0,1,83,HIGH,WELL_RECOVERED,83,0,0,511,0,181,100,4,NONE,,0.0,17.9,13.9,4.1,53,60,98,,60,98,,,,,,,,,,,,,,,,,,,,,,,,,,,,,,,,,,,,,,,,,,,,,,,,,,,,,,,,,,,55.0,55.0,1,,,,,,,,,,,,,,,,
2026-01-06,2150.0,0.0,2150.0,2150.0,28,23,23,0.0,0.0,2,private,5040,2026-01-05T23:00:00.0,2026-01-06T00:00:00.0,2026-01-06T23:00:00.0,2026-01-07T00:00:00.0,86400000,0,9,66231,20160,1,0,0,0,0,0,0.0,2.177,0.0,0.71424,150,10,46,78,50,55,13,52,3120,24360,180,58620,86280,3000,120,,3.62,28.23,0.21,67.94,3.48,0.14,0.0,UNKNOWN,7500,20160,47,71,69,1,83,14,83,66,83,3.0,37.0,2026-01-06T20:00:10,MODERATE,NO_DATA,NO_DATA,2026-01-06T01:57:45,HIGH,SLEEP_TIME_PASSED_STRESSFUL_AND_INACTIVE,SLEEP,2026-01-06T01:03:29,3600000,20160000,67,NONE,NONE,3615274803,2026-01-06T06:44:01,,,,,,,,,,11.0,19.0,9.0,12.0,2026-01-06T06:43:00.0,200,20160,0,1,1767661409000,1767681569000,1767665009000,1767685169000,0,2640,14760,2760,0,1,0,1,15.0,9.0,19.0,0,12.0,ADULT,54.0,POSITIVE_RECOVERING,NONE,GENERAL_POS_FAIR_OR_POOR_SLEEP,FAIR,28800.0,28800.0,EXCELLENT,0.0,15.0,EXCELLENT,0.0,1.0,70,FAIR,14,FAIR,21.0,31.0,4233.6,6249.6,EXCELLENT,0.0,5.0,73,FAIR,30.0,64.0,6048.0,12902.4,13,FAIR,16.0,33.0,3225.6,6652.8,2,3615274803,2026-01-05T07:45:29,480,480,NO_CHANGE_NO_ADJUSTMENTS,NO_CHANGE,NO_CHANGE,NO_DATA,NO_CHANGE,0,1390,1410,1,3615274803,2026-01-06T06:44:01,480,520,INCREASED,NO_CHANGE,INCREASING,NO_DATA,NO_CHANGE,1,1350,1410,1,67,50,5.6,44,246,46,,70,,90,124,NONE,ONBOARDING_2,2026-01-11T11:12:17.486,90,5,3615274803,RUNNING,GENERIC,RUNNING,2,RECOVERY_2,0,20,LOW,FEEDBACK_1,129,381.0,203.20000000000002,254,0.5,1,RECOVERY_2,129031336,53.8,54.0,0,0,0,0,0,,38,0,0,0,2026-01-06T07:44:01.0,3615274803,MODERATE,MOD_RT_LOW_SS_MOD,GOOD_SLEEP_HISTORY,66,70,55,MODERATE,1,99,GOOD,100,VERY_GOOD,129,72,GOOD,0,NONE,511,76,GOOD,1,AFTER_WAKEUP_RESET,1,NO_CHANGE_SLEEP,66,25,20.346666821025575,18.0,20.346666821025575,1.8,3,19.62414995709126,2,0,6,58,0,104.0,0,6,24.1,20.7,3.4,18.0,1,0,2026-01-06T00:00:00.0,1,66,MODERATE,GOOD_SLEEP_HISTORY,70,76,0,511,72,129,100,5,NONE,,0.0,17.5,11.9,5.6,53,60,98,,60,98,,,,,,,,,,,,,,,,,,,,,,,,,,,,,,,,,,,,,,,,,,,,,,,,,,,,,,,,,,,55.0,55.0,1,,,,,,,,,,,,,,,,
2026-01-07,2712.0,562.0,2150.0,2162.0,239,26992,195,485.0,562.0,2,private,5040,2026-01-06T23:00:00.0,2026-01-07T00:00:00.0,2026-01-07T23:00:00.0,2026-01-08T00:00:00.0,86400000,0,384,86016,0,1,1,0,0,12,43,5.262,5.017,1.72638,1.646,150,10,69,144,59,56,86,86,60,,540,85800,86400,,,60,0.07,0.0,0.62,99.31,0.0,0.0,0.07,UNKNOWN,600,0,69,143,0,12,35,23,23,,,3.0,37.0,2026-01-07T20:00:09,MODERATE,NO_DATA,NO_DATA,,,,ACTIVITY,2026-01-07T17:43:17,3600000,3480000,-7,EXERCISE_TRAINING_EFFECT_2,MAINTAINING_AEROBIC_BASE,3615274803,2026-01-07T18:41:48,,,,,,,,,,12.0,18.0,10.0,17.0,2026-01-07T20:24:00.0,200,,,,,,,,,,,,,0,0,,,,,,,,,,,,,,,,,,,,,,,,,,,,,,,,,,,,,,,,,,,,,3615274803,2026-01-06T06:44:01,480,520,INCREASED,NO_CHANGE,INCREASING,NO_DATA,NO_CHANGE,1,1350,1410,1,3615274803,2026-01-07T18:41:48,480,480,NO_CHANGE_NO_ADJUSTMENTS,NO_CHANGE,NO_DATA,NO_DATA,NO_CHANGE,0,1390,1410,1,,,,,,,,,,,,,,,,5,3615274803,RUNNING,GENERIC,RUNNING,2,RECOVERY_2,0,25,LOW,FEEDBACK_1,163,376.5,200.8,251,0.6,1,RECOVERY_2,129031336,53.8,54.0,0,0,0,0,0,,33,0,0,0,2026-01-07T19:41:48.0,3615274803,MODERATE,MOD_RT_LOW_SS_UNKNOWN,GOOD_SLEEP_HISTORY,70,,0,NONE,911,76,GOOD,100,VERY_GOOD,163,72,GOOD,0,NONE,511,61,MODERATE,0,AFTER_POST_EXERCISE_RESET,1,REACHED_ZERO,70,25,20.346666821025575,18.0,20.346666821025575,1.8,3,19.62414995709126,2,0,6,58,0,111.1,0,6,24.1,20.7,3.4,18.0,1,0,2026-01-07T00:00:00.0,911,70,MODERATE,GOOD_SLEEP_HISTORY,,61,0,511,72,163,100,5,,,34.5,17.9,15.1,2.8,,,,,,,,163.0,,,,,,,,,,,,,,,,,,,,,,,,,,,,,,,,,,,,,,,,,,,,550.0,,,,Vélo d'intérieur,indoor_cycling,21510554839,,,,,,,55.0,55.0,1,,,,,,,,,,,,,,,,
2026-01-08,2156.0,6.0,2150.0,2156.0,107,87,87,6.0,6.0,2,private,5040,2026-01-07T23:00:00.0,2026-01-08T00:00:00.0,2026-01-08T23:00:00.0,2026-01-09T00:00:00.0,86400000,11,103,86286,0,1,0,0,0,0,0,3.048,4.148,1.0,1.36089,150,10,67,102,59,56,63,81,2820,,120,83460,86400,360,2280,180,3.26,0.0,0.14,96.6,0.42,2.64,0.21,UNKNOWN,2940,0,68,98,0,3,25,22,22,,,3.0,37.0,2026-01-08T20:00:18,MODERATE,NO_DATA,NO_DATA,,,,,,,,,,,,,,,,,,,,,,19.0,24.0,11.0,19.0,2026-01-08T23:00:00.0,200,,,,,,,,,,,,,0,0,,,,,,,,,,,,,,,,,,,,,,,,,,,,,,,,,,,,,,,,,,,,,3615274803,2026-01-07T18:41:48,480,480,NO_CHANGE_NO_ADJUSTMENTS,NO_CHANGE,NO_DATA,NO_DATA,NO_CHANGE,0,1390,1410,1,3615274803,2026-01-08T06:45:29,480,480,NO_CHANGE_NO_ADJUSTMENTS,NO_CHANGE,NO_DATA,NO_DATA,NO_CHANGE,0,1390,1410,1,,,,,,,,,,,,,,,,5,3615274803,RUNNING,GENERIC,RUNNING,2,RECOVERY_2,0,20,LOW,FEEDBACK_1,128,355.5,189.60000000000002,237,0.5,1,RECOVERY_2,129031336,53.8,54.0,0,0,0,0,0,,35,0,0,0,2026-01-08T08:44:29.0,3615274803,HIGH,HIGH_RT_AVAILABLE_SS_UNKNOWN,WELL_RECOVERED,75,,0,NONE,130,96,GOOD,100,VERY_GOOD,128,72,GOOD,0,NONE,511,55,MODERATE,0,UPDATE_REALTIME_VARIABLES,1,,75,25,20.501584935727255,18.0,20.346666821025575,1.8,3,19.62414995709126,2,0,6,59,0,111.1,0,6,24.1,20.7,3.4,18.0,1,0,2026-01-08T00:00:00.0,130,75,HIGH,WELL_RECOVERED,,55,0,511,72,128,100,5,,,0.0,17.5,13.0,4.5,,,,,,,,,,,,,,,,,,,,,,,,,,,,,,,,,,,,,,,,,,,,,,,,,,,,,,,,,,,,,,,,,55.0,55.0,1,,,,,,,,,,,,,,,,
2026-01-09,2245.0,95.0,2150.0,2245.0,3038,2474,2474,95.0,95.0,2,private,5040,2026-01-08T23:00:00.0,2026-01-09T00:00:00.0,2026-01-09T23:00:00.0,2026-01-10T00:00:00.0,86400000,660,940,61760,23040,1,0,0,0,0,0,9.144,21.162,3.0,6.94291,150,10,53,112,55,56,49,99,58020,19500,4020,4860,86400,20340,24060,13620,67.15,22.57,4.65,5.62,23.54,27.85,15.76,STRESSFUL,58740,22800,54,108,36,53,54,5,5,34,52,3.0,30.0,2026-01-09T20:00:15,VERY_LOW,SLEEP_PREPARATION_STRESSFUL_AND_INACTIVE,SLEEP_PREPARATION_STRESSFUL_AND_INACTIVE_AND_BB_LOW,,,,SLEEP,2026-01-09T00:06:29,3600000,23040000,35,NONE,NONE,3615274803,2026-01-09T06:41:49,STRESS,2026-01-09T11:53:44,3600000,10140000,-13,STRESS_LONG,NEED_A_LITTLE_BREAK,3615274803,2026-01-09T14:46:41,13.0,22.0,6.0,12.0,2026-01-09T23:00:00.0,200,18600,0,1,1767917189000,1767940229000,1767920789000,1767943829000,0,3300,11760,3540,4440,1,0,1,16.0,8.0,20.0,3,23.0,ADULT,60.0,NEGATIVE_SHORT_AND_NONRECOVERING,NONE,GENERAL_NEG_FAIR_OR_POOR_SLEEP,POOR,28800.0,28800.0,FAIR,0.0,15.0,POOR,0.0,1.0,57,POOR,19,FAIR,21.0,31.0,3906.0,5766.0,POOR,0.0,5.0,63,GOOD,30.0,64.0,5580.0,11904.0,18,GOOD,16.0,33.0,2976.0,6138.0,2,3615274803,2026-01-08T06:45:29,480,480,NO_CHANGE_NO_ADJUSTMENTS,NO_CHANGE,NO_DATA,NO_DATA,NO_CHANGE,0,1390,1410,1,3615274803,2026-01-09T06:41:49,480,480,NO_CHANGE_NO_ADJUSTMENTS,NO_CHANGE,NO_CHANGE,NO_DATA,NO_CHANGE,0,1390,1410,1,35,55,5.17,55,196,59,74,57,,56,89,NONE,ONBOARDING_2,2026-01-11T11:12:17.788,56,5,3615274803,RUNNING,GENERIC,RUNNING,2,RECOVERY_2,0,16,LOW,FEEDBACK_1,93,339.0,180.8,226,0.4,1,RECOVERY_2,129031336,53.8,54.0,0,0,0,0,0,,18,0,0,0,2026-01-09T07:41:49.0,3615274803,MODERATE,MOD_RT_MOD_OR_LOW_SS_POOR_ACWR_POS,BOOSTED_BY_LIGHTER_TRAINING,69,57,38,POOR,44,98,GOOD,100,VERY_GOOD,93,0,NONE,0,NONE,511,0,NONE,1,AFTER_WAKEUP_RESET,1,NO_CHANGE_SLEEP,69,25,20.501584935727255,18.0,20.501584935727255,1.8,3,19.62414995709126,2,0,6,59,0,111.1,0,6,24.1,20.7,3.4,18.0,1,0,2026-01-09T00:00:00.0,44,69,MODERATE,BOOSTED_BY_LIGHTER_TRAINING,57,0,0,511,0,93,100,5,NONE,,0.0,17.1,11.1,6.0,53,60,97,,60,97,,,,,,,,,,,,,,,,,,,,,,,,,,,,,,,,,,,,,,,,,,,,,,,,,,,,,,,,,,,55.0,55.0,1,,,,,,,,,,,,,,,,
2026-01-10,2219.0,69.0,2150.0,2219.0,2195,1788,1788,69.0,69.0,2,private,4640,2026-01-09T23:00:00.0,2026-01-10T00:00:00.0,2026-01-10T23:00:00.0,2026-01-11T00:00:00.0,86400000,625,495,63200,22080,1,0,0,0,0,0,18.524,12.844,6.07743,4.21391,150,10,48,109,52,56,30,90,12660,24240,2460,47040,86400,1860,6240,4560,14.65,28.06,2.85,54.44,2.15,7.22,5.28,UNKNOWN,17340,22020,50,103,67,15,72,5,5,67,72,3.0,34.0,2026-01-10T20:00:12,LOW,NO_DATA,NO_DATA,2026-01-10T02:30:21,HIGH,SLEEP_TIME_PASSED_STRESSFUL_AND_INACTIVE,SLEEP,2026-01-10T00:03:49,3600000,22080000,67,NONE,NONE,3615274803,2026-01-10T06:12:37,,,,,,,,,,14.0,21.0,8.0,13.0,2026-01-10T23:00:00.0,200,22080,0,1,1768003429000,1768025509000,1768007029000,1768029109000,0,4380,14880,2820,0,1,0,1,15.0,9.0,20.0,0,13.0,ADULT,55.0,POSITIVE_DEEP,POSITIVE_STRESSFUL_DAY,GENERAL_POS_FAIR_OR_POOR_SLEEP,FAIR,28800.0,28800.0,EXCELLENT,0.0,15.0,EXCELLENT,0.0,1.0,76,FAIR,13,FAIR,21.0,31.0,4636.8,6844.8,EXCELLENT,0.0,5.0,67,FAIR,30.0,64.0,6624.0,14131.2,20,EXCELLENT,16.0,33.0,3532.8,7286.4,2,3615274803,2026-01-09T06:41:49,480,480,NO_CHANGE_NO_ADJUSTMENTS,NO_CHANGE,NO_CHANGE,NO_DATA,NO_CHANGE,0,1390,1410,1,3615274803,2026-01-10T06:12:38,480,510,INCREASED,NO_CHANGE,INCREASING,NO_CHANGE,NO_CHANGE,1,1360,1410,1,67,52,6.13,73,248,47,,76,76,85,123,BALANCED,HRV_BALANCED_8,2026-01-11T11:12:18.172,85,5,3615274803,RUNNING,GENERIC,RUNNING,2,RECOVERY_2,0,12,LOW,FEEDBACK_1,73,328.5,175.20000000000002,219,0.3,1,RECOVERY_2,129031336,53.8,54.0,0,0,0,0,0,,38,0,0,0,2026-01-10T07:12:37.0,3615274803,HIGH,HIGH_RT_HIGHEST_SS_AVAILABLE,WELL_RECOVERED,77,76,64,MODERATE,1,99,GOOD,100,VERY_GOOD,73,0,NONE,99,GOOD,76,38,POOR,1,AFTER_WAKEUP_RESET,1,NO_CHANGE_SLEEP,77,25,20.501584935727255,18.0,20.501584935727255,1.8,3,19.62414995709126,2,0,6,59,0,111.1,0,6,24.1,20.7,3.4,18.0,1,0,2026-01-10T00:00:00.0,1,77,HIGH,WELL_RECOVERED,76,38,99,76,0,73,100,5,BALANCED,76,0.0,16.7,9.5,7.1,53,60,96,0.47221375,60,96,0.47221375,,,,,,,,,,,,,,,,,,,,,,,,,,,,,,,,,,,,,,,,,,,,,,,,,,,,,,,,,,55.0,55.0,1,,,,,,,,,,,,,,,,
2026-01-11,3354.0,1204.0,2150.0,3048.0,15664,32864,17169,993.0,1204.0,2,private,4160,2026-01-10T23:00:00.0,2026-01-11T00:00:00.0,2026-01-11T23:00:00.0,2026-01-12T00:00:00.0,86400000,6000,1221,53005,26174,1,1,0,0,4,89,239.468,234.246,78.56562,76.85236,150,10,51,168,54,54,26,94,11040,26160,3120,45600,85920,4680,5280,1080,12.85,30.45,3.63,53.07,5.45,6.15,1.26,UNKNOWN,14520,25800,52,160,65,29,70,5,11,65,70,3.0,37.0,2026-01-11T20:00:13,LOW,NO_DATA,NO_DATA,,,,SLEEP,2026-01-11T01:00:37,3600000,24960000,65,NONE,NONE,3615274803,2026-01-11T07:59:03,ACTIVITY,2026-01-11T09:12:12,3600000,5340000,-18,EXERCISE_TRAINING_EFFECT_3,IMPROVING_AEROBIC_BASE,3615274803,2026-01-11T10:42:46,22.0,41.0,8.0,19.0,2026-01-11T23:00:00.0,200,24960,0,1,1768093237000,1768118197000,1768096837000,1768121797000,0,5880,14040,5040,0,1,0,1,16.0,9.0,20.0,0,20.0,ADULT,57.0,POSITIVE_DEEP,NONE,GENERAL_POS_EXCELLENT_OR_GOOD_SLEEP,FAIR,28800.0,28800.0,FAIR,0.0,15.0,EXCELLENT,0.0,1.0,80,GOOD,20,FAIR,21.0,31.0,5241.6,7737.6,EXCELLENT,0.0,5.0,56,EXCELLENT,30.0,64.0,7488.0,15974.4,24,EXCELLENT,16.0,33.0,3993.6,8236.8,2,3615274803,2026-01-10T06:12:38,480,510,INCREASED,NO_CHANGE,INCREASING,NO_CHANGE,NO_CHANGE,1,1360,1410,1,3615274803,2026-01-11T10:42:46,480,510,INCREASED,NO_CHANGE,INCREASING,NO_CHANGE,NO_CHANGE,1,1360,1410,1,65,54,6.93,98,234,84,,80,77,80,116,BALANCED,HRV_BALANCED_5,2026-01-11T11:12:20.620,80,5,3615274803,RUNNING,GENERIC,RUNNING,2,RECOVERY_2,0,29,LOW,FEEDBACK_1,172,336.0,179.20000000000002,224,0.7,1,RECOVERY_2,129031336,53.5,53.0,0,0,0,0,0,,35,0,0,0,2026-01-11T11:42:46.0,3615274803,LOW,LOW_RT_MOD_OR_LOW_SS_GOOD_STRESS_HISTORY_NEG,FIND_TIME_TO_RELAX,40,80,70,GOOD,1848,50,MODERATE,100,VERY_GOOD,172,32,POOR,98,GOOD,77,54,MODERATE,1,AFTER_POST_EXERCISE_RESET,1,REACHED_ZERO,40,25,19.586789315221345,18.0,20.501584935727255,2.0,3,19.62414995709126,2,0,6,59,0,126.0,0,6,24.1,20.7,3.4,18.0,1,0,2026-01-11T00:00:00.0,1848,40,LOW,FIND_TIME_TO_RELAX,80,54,98,77,32,172,100,5,BALANCED,77,66.5,17.8,17.7,0.2,53,60,96,0.48609924,60,96,0.48609924,192.0,Compiègne Trail,trail_running,21510555368,,,,,,,,,,129031336,53.5,53.0,0,0,0,0,0,35,0,0,0,53.5,,,,,,,,,,,,,,,,,,,306.0,,,,,,,,,,,,,55.0,55.0,1,,,,,,,,,,,,,,,,
2026-01-12,2920.0,770.0,2150.0,2920.0,6961,6347,5901,770.0,770.0,2,private,5310,2026-01-11T23:00:00.0,2026-01-12T00:00:00.0,2026-01-12T23:00:00.0,2026-01-13T00:00:00.0,86400000,1591,2791,56172,25846,1,1,0,0,17,46,24.813,26.708,8.14075,8.76247,150,10,49,180,52,54,41,94,34500,27780,9180,14880,86340,9300,16800,8400,39.96,32.18,10.63,17.23,10.77,19.46,9.73,STRESSFUL,45780,25680,50,180,69,74,80,6,6,68,79,3.0,50.0,2026-01-12T20:00:15,LOW,SLEEP_PREPARATION_STRESSFUL_AND_INTENSIVE_EXERCISE,SLEEP_PREPARATION_STRESSFUL_AND_INTENSIVE_EXERCISE_AND_BB_LOW,,,,SLEEP,2026-01-11T22:39:46,3600000,27060000,68,NONE,NONE,3615274803,2026-01-12T06:41:49,ACTIVITY,2026-01-12T17:04:25,3600000,2760000,-7,EXERCISE_TRAINING_EFFECT_3,IMPROVING_AEROBIC_ENDURANCE,3615274803,2026-01-12T17:50:50,14.0,25.0,6.0,19.0,2026-01-12T23:00:00.0,200,27060,0,1,1768171186000,1768198246000,1768174786000,1768201846000,0,5700,15720,5640,0,1,0,1,16.0,8.0,19.0,0,16.0,ADULT,57.0,POSITIVE_LONG_AND_DEEP,POSITIVE_EXERCISE,MOD_EXERCISE_POS_EXCELLENT_OR_GOOD_SLEEP_VIGOROUS_DURING_DAY_OUTDOOR,GOOD,28800.0,28800.0,FAIR,0.0,15.0,EXCELLENT,0.0,1.0,86,GOOD,21,GOOD,21.0,31.0,5682.6,8388.6,EXCELLENT,0.0,5.0,58,EXCELLENT,30.0,64.0,8118.0,17318.4,21,EXCELLENT,16.0,33.0,4329.6,8929.8,2,3615274803,2026-01-11T10:42:46,480,510,INCREASED,NO_CHANGE,INCREASING,NO_CHANGE,NO_CHANGE,1,1360,1410,1,3615274803,2026-01-12T17:50:51,480,480,NO_CHANGE_NO_ADJUSTMENTS,NO_CHANGE,NO_CHANGE,NO_CHANGE,NO_CHANGE,0,1390,1410,1,68,52,7.52,95,262,94,,86,76,75,108,BALANCED,HRV_BALANCED_6,2026-01-17T11:32:49.272,75,4,3615274803,RUNNING,GENERIC,RUNNING,2,MAINTAINING_2,0,47,OPTIMAL,FEEDBACK_2,279,357.0,190.4,238,1.1,1,MAINTAINING_2,129031336,53.5,53.0,0,0,0,0,0,,55,0,0,0,2026-01-12T18:50:51.0,3615274803,MODERATE,MOD_RT_MOD_OR_LOW_SS_GOOD_STRESS_HISTORY_NEG,WELL_RESTED,61,86,82,GOOD,1454,61,MODERATE,84,GOOD,279,37,POOR,100,VERY_GOOD,76,68,MODERATE,1,AFTER_POST_EXERCISE_RESET,1,REACHED_ZERO,61,25,19.423672264442935,18.0,19.586789315221345,2.1,3,19.62414995709126,2,0,6,58,0,133.6,0,6,24.1,20.7,3.4,18.0,1,0,2026-01-12T00:00:00.0,1454,61,MODERATE,WELL_RESTED,86,68,100,76,37,279,84,4,BALANCED,76,33.5,18.2,19.9,-1.7,54,60,97,0.46620178,60,97,0.46620178,39.0,Nat. piscine,lap_swimming,21574670023,,,,,,,,,,,,,,,,,,,,,,,,,,,,,,,,,,,,,,,,,,,,,,,,,,,,,,55.0,55.0,1,,,,,,,,,,,,,,,,
2026-01-13,3558.0,1408.0,2150.0,3012.0,12047,30803,13981,862.0,1408.0,2,private,5640,2026-01-12T23:00:00.0,2026-01-13T00:00:00.0,2026-01-13T23:00:00.0,2026-01-14T00:00:00.0,86400000,3779,1851,51176,29594,1,1,0,0,3,48,56.907,54.722,18.67028,17.95341,150,10,48,187,54,55,37,98,35820,27540,7800,14820,85980,18900,10380,6540,41.66,32.03,9.07,17.24,21.98,12.07,7.61,STRESSFUL,42060,29100,49,186,55,51,57,6,10,51,57,3.0,50.0,2026-01-13T20:00:07,LOW,SLEEP_PREPARATION_STRESSFUL_AND_INTENSIVE_EXERCISE,SLEEP_PREPARATION_STRESSFUL_AND_INTENSIVE_EXERCISE_AND_BB_LOW,2026-01-13T02:30:07,HIGH,SLEEP_TIME_PASSED_STRESSFUL_AND_INACTIVE,SLEEP,2026-01-12T23:08:50,3600000,26460000,51,NONE,NONE,3615274803,2026-01-13T06:51:53,ACTIVITY,2026-01-13T11:26:21,3600000,2700000,-11,EXERCISE_TRAINING_EFFECT_4_GOOD_TIMING,HIGHLY_IMPROVING_LACTATE_THRESHOLD,3615274803,2026-01-13T12:12:46,14.0,23.0,7.0,15.0,2026-01-13T23:00:00.0,200,23460,0,1,1768259330000,1768285790000,1768262930000,1768289390000,0,3960,15060,4440,3000,1,0,1,16.0,8.0,20.0,4,19.0,ADULT,58.0,NEGATIVE_DISCONTINUOUS,NEGATIVE_STRESSFUL_DAY,STRESS_NEG_GOOD_OR_FAIR_SLEEP_VERY_STRESSFUL_DAY,FAIR,28800.0,28800.0,FAIR,0.0,15.0,POOR,0.0,1.0,63,FAIR,19,FAIR,21.0,31.0,4926.6,7272.6,POOR,0.0,5.0,64,GOOD,30.0,64.0,7038.0,15014.4,17,GOOD,16.0,33.0,3753.6,7741.8,2,3615274803,2026-01-12T17:50:51,480,480,NO_CHANGE_NO_ADJUSTMENTS,NO_CHANGE,NO_CHANGE,NO_CHANGE,NO_CHANGE,0,1390,1410,1,3615274803,2026-01-13T12:12:46,480,540,HIGHLY_INCREASED,TODAYS_LOAD,INCREASING,NO_CHANGE,NO_CHANGE,1,1330,1410,1,51,54,6.52,66,251,74,50,63,71,62,105,BALANCED,HRV_BALANCED_2,2026-01-17T11:32:49.558,62,3,3615274803,RUNNING,GENERIC,RUNNING,2,OVERREACHING_5,0,100,VERY_HIGH,FEEDBACK_5,599,436.5,232.8,291,2.0,1,OVERREACHING_5,129031336,53.5,53.0,0,0,0,0,0,,42,0,0,0,2026-01-13T13:12:46.0,3615274803,POOR,POOR_RT_HIGH_SS_GOOD_OR_MOD,LET_YOUR_BODY_RECOVER,1,63,44,MODERATE,3448,22,POOR,44,MODERATE,542,39,POOR,100,VERY_GOOD,71,78,GOOD,1,AFTER_POST_EXERCISE_RESET,1,NO_CHANGE_SLEEP,1,25,19.423672264442935,18.0,19.423672264442935,2.0,3,19.62414995709126,2,0,6,58,0,127.8,0,6,24.1,20.7,3.4,18.0,1,0,2026-01-13T00:00:00.0,3448,1,POOR,LET_YOUR_BODY_RECOVER,63,78,100,71,39,542,44,3,BALANCED,71,68.6,19.4,26.9,-7.5,54,61,97,0.3888855,61,97,0.3888855,142.0,Aulnay-sous-Bois Course à pied,running,21574671121,,,,,,,,,,129031336,53.5,53.0,0,0,0,0,0,42,0,0,0,53.5,,,,,,,,,,,,,,,,,,,546.0,,,,,,,,,,,,,55.0,55.0,1,,,,,,,,,,,,,,,,
2026-01-14,2482.0,332.0,2150.0,2482.0,7756,6325,6325,332.0,332.0,2,private,6930,2026-01-13T23:00:00.0,2026-01-14T00:00:00.0,2026-01-14T23:00:00.0,2026-01-15T00:00:00.0,86400000,1913,2175,56166,26146,1,0,0,0,6,11,25.078,18.693,8.22769,6.13287,150,10,48,136,54,54,33,98,35820,34620,5880,10020,86340,19140,12540,4140,41.49,40.1,6.81,11.61,22.17,14.52,4.79,BALANCED,50580,25740,50,135,71,63,81,10,18,74,80,3.0,42.0,2026-01-14T20:00:13,MODERATE,SLEEP_PREPARATION_STRESSFUL_AND_INACTIVE,SLEEP_PREPARATION_STRESSFUL_AND_INACTIVE,2026-01-14T00:22:45,HIGH,SLEEP_TIME_PASSED_STRESSFUL_AND_INTENSIVE_EXERCISE,SLEEP,2026-01-13T22:07:46,3600000,29280000,74,NONE,NONE,3615274803,2026-01-14T06:31:29,,,,,,,,,,14.0,24.0,7.0,17.0,2026-01-14T22:59:00.0,200,28740,0,1,1768342066000,1768371346000,1768345666000,1768374946000,0,2700,19560,6480,540,1,0,1,15.0,8.0,19.0,0,18.0,ADULT,58.0,POSITIVE_LONG_AND_REFRESHING,NONE,HARD_EXERCISE_POS_EXCELLENT_OR_GOOD_SLEEP_HARD_TO_STRENUOUS_DURING_DAY_OUTDOOR,EXCELLENT,28800.0,28800.0,FAIR,0.0,15.0,EXCELLENT,0.0,1.0,85,GOOD,23,EXCELLENT,21.0,31.0,6035.4,8909.4,EXCELLENT,0.0,5.0,68,FAIR,30.0,64.0,8622.0,18393.6,9,FAIR,16.0,33.0,4598.4,9484.2,2,3615274803,2026-01-13T12:12:46,480,540,HIGHLY_INCREASED,TODAYS_LOAD,INCREASING,NO_CHANGE,NO_CHANGE,1,1330,1410,1,3615274803,2026-01-14T06:31:29,480,500,INCREASED,HIGH_ACWR,NO_CHANGE,NO_CHANGE,NO_CHANGE,1,1370,1410,1,74,54,7.98,45,326,108,9,85,70,67,97,BALANCED,HRV_BALANCED_2,2026-01-17T11:32:49.846,67,3,3615274803,RUNNING,GENERIC,RUNNING,2,OVERREACHING_5,0,86,HIGH,FEEDBACK_4,532,424.5,226.4,283,1.8,1,OVERREACHING_5,129031336,53.5,53.0,0,0,0,0,0,,35,0,0,0,2026-01-14T07:31:29.0,3615274803,LOW,LOW_RT_HIGH_SS_GOOD_OR_MOD,HIGH_RECOVERY_NEEDS,25,85,80,GOOD,2350,38,POOR,54,MODERATE,480,48,MODERATE,100,VERY_GOOD,70,55,MODERATE,1,AFTER_WAKEUP_RESET,1,NO_CHANGE_SLEEP,25,25,19.423672264442935,18.0,19.423672264442935,2.0,3,19.62414995709126,2,0,6,58,0,129.6,0,6,24.1,20.7,3.4,18.0,1,0,2026-01-14T00:00:00.0,2350,25,LOW,HIGH_RECOVERY_NEEDS,85,55,100,70,48,480,54,3,BALANCED,70,0.0,19.0,23.0,-4.1,54,61,98,0.37161255,61,98,0.37161255,,,,,,,,,,,,,,,,,,,,,,,,,,,,,,,,,,,,,,,,,,,,,,,,,,,,,,,,,,55.0,55.0,1,,,,,,,,,,,,,,,,
2026-01-15,2398.0,248.0,2150.0,2398.0,5699,4641,4641,248.0,248.0,2,private,7100,2026-01-14T23:00:00.0,2026-01-15T00:00:00.0,2026-01-15T23:00:00.0,2026-01-16T00:00:00.0,86400000,1282,1637,56481,27000,1,0,0,0,0,0,37.325,25.249,12.24573,8.28379,150,10,50,123,53,53,40,99,38820,30720,5820,11040,86400,14100,15360,9360,44.93,35.56,6.74,12.78,16.32,17.78,10.83,STRESSFUL,48720,26640,52,120,65,74,83,9,9,65,83,3.0,56.0,2026-01-15T20:48:38,LOW,SLEEP_PREPARATION_STRESSFUL_AND_INACTIVE,SLEEP_PREPARATION_STRESSFUL_AND_INACTIVE_AND_BB_LOW,2026-01-14T23:50:30,HIGH,SLEEP_TIME_PASSED_STRESSFUL_AND_INACTIVE,SLEEP,2026-01-14T23:06:29,3600000,27000000,65,NONE,NONE,3615274803,2026-01-15T07:35:28,STRESS,2026-01-15T12:31:53,3600000,2040000,-5,STRESS,STRESSFUL_PERIOD,3615274803,2026-01-15T13:09:54,13.0,22.0,7.0,15.0,2026-01-15T22:54:00.0,200,25920,0,1,1768431989000,1768458989000,1768435589000,1768462589000,0,5340,15360,5220,1080,1,0,1,16.0,9.0,20.0,1,15.0,ADULT,58.0,POSITIVE_LONG_AND_DEEP,NONE,GENERAL_POS_EXCELLENT_OR_GOOD_SLEEP,GOOD,28800.0,28800.0,GOOD,0.0,15.0,GOOD,0.0,1.0,81,GOOD,20,FAIR,21.0,31.0,5443.2,8035.2,FAIR,0.0,5.0,59,GOOD,30.0,64.0,7776.0,16588.8,21,EXCELLENT,16.0,33.0,4147.2,8553.6,2,3615274803,2026-01-14T06:31:29,480,500,INCREASED,HIGH_ACWR,NO_CHANGE,NO_CHANGE,NO_CHANGE,1,1370,1410,1,3615274803,2026-01-15T07:35:28,480,480,NO_CHANGE_NO_ADJUSTMENTS,NO_CHANGE,NO_CHANGE,NO_CHANGE,NO_CHANGE,0,1390,1410,1,65,53,7.2,89,256,87,18,81,70,65,94,BALANCED,HRV_BALANCED_2,2026-01-17T11:32:50.188,65,3,3615274803,RUNNING,GENERIC,RUNNING,1,OVERREACHING_1,0,73,HIGH,FEEDBACK_4,464,414.0,220.8,276,1.6,1,OVERREACHING_1,129031336,53.5,53.0,0,0,0,0,0,,71,0,0,0,2026-01-15T08:35:28.0,3615274803,MODERATE,MOD_RT_LOW_SS_GOOD_ACWR_NEG,RECOVERED_AND_READY,52,81,72,GOOD,847,77,GOOD,65,MODERATE,418,61,MODERATE,100,VERY_GOOD,70,66,MODERATE,1,AFTER_WAKEUP_RESET,1,NO_CHANGE_SLEEP,52,25,20.346666821025575,18.0,19.423672264442935,1.8,3,19.62414995709126,2,0,6,58,0,123.8,0,6,24.1,20.7,3.4,18.0,1,0,2026-01-15T00:00:00.0,847,52,MODERATE,RECOVERED_AND_READY,81,66,100,70,61,418,65,3,BALANCED,70,0.0,18.5,19.7,-1.2,54,60,97,0.38513184,60,97,0.38513184,,,,,,,,,,,,,,,,,,,,,,,,,,,,,,,,,,,,,,,,,,,,,,,,,,,,,,,,,,55.0,55.0,1,,,,,,,,,,,,,,,,
2026-01-16,2210.0,60.0,2150.0,2210.0,2657,2188,2188,60.0,60.0,2,private,6960,2026-01-15T23:00:00.0,2026-01-16T00:00:00.0,2026-01-16T23:00:00.0,2026-01-17T00:00:00.0,86400000,514,496,65890,19500,1,0,0,0,1,3,26.09,35.933,8.55971,11.78904,150,10,51,129,57,54,31,99,35820,42660,3120,4800,86400,24240,10020,1560,41.46,49.38,3.61,5.56,28.06,11.6,1.81,BALANCED,62820,18780,53,129,55,34,56,5,30,50,55,3.0,40.0,2026-01-16T21:52:10,HIGH,SLEEP_PREPARATION_RECOVERING_AND_INACTIVE,SLEEP_PREPARATION_RECOVERING_AND_INACTIVE,2026-01-16T03:19:01,VERY_LOW,SLEEP_TIME_PASSED_RECOVERING_AND_INACTIVE,SLEEP,2026-01-16T00:43:28,3600000,2100000,0,NONE,NONE,3615274803,2026-01-16T01:18:53,,,,,,,,,,14.0,23.0,6.0,13.0,2026-01-16T22:58:00.0,200,19500,0,1,1768529993000,1768549493000,1768533593000,1768553093000,0,4560,13560,1380,0,1,0,1,16.0,7.0,20.0,0,17.0,ADULT,60.0,NEGATIVE_SHORT_AND_POOR_STRUCTURE,NONE,RHYTHM_NEG_FAIR_SLEEP_REALLY_LATE_TIMING,POOR,28800.0,28800.0,FAIR,0.0,15.0,EXCELLENT,0.0,1.0,63,FAIR,7,POOR,21.0,31.0,4095.0,6045.0,EXCELLENT,0.0,5.0,70,FAIR,30.0,64.0,5850.0,12480.0,23,EXCELLENT,16.0,33.0,3120.0,6435.0,2,3615274803,2026-01-15T07:35:28,480,480,NO_CHANGE_NO_ADJUSTMENTS,NO_CHANGE,NO_CHANGE,NO_CHANGE,NO_CHANGE,0,1390,1410,1,3615274803,2026-01-16T10:50:28,480,510,INCREASED,HIGH_ACWR,INCREASING,NO_CHANGE,NO_CHANGE,1,1390,0,1,50,57,5.42,76,226,23,,63,70,58,73,BALANCED,HRV_BALANCED_2,2026-01-17T11:32:50.748,58,2,3615274803,RUNNING,GENERIC,RUNNING,1,UNPRODUCTIVE_3,0,61,OPTIMAL,FEEDBACK_3,397,405.0,216.0,270,1.4,1,UNPRODUCTIVE_3,129031336,53.5,53.0,0,0,0,0,0,,38,0,0,0,2026-01-16T11:50:28.0,3615274803,MODERATE,MOD_RT_LOW_SS_MOD_ACWR_NEG,WORKING_HARD,56,63,44,MODERATE,64,98,GOOD,75,GOOD,357,73,GOOD,100,VERY_GOOD,70,74,GOOD,1,AFTER_WAKEUP_RESET,1,NO_CHANGE_SLEEP,56,25,20.346666821025575,18.0,20.346666821025575,1.8,3,19.62414995709126,2,0,6,58,0,113.5,0,6,24.1,20.7,3.4,18.0,1,0,2026-01-16T00:00:00.0,64,56,MODERATE,WORKING_HARD,63,74,100,70,73,357,75,2,BALANCED,70,0.0,18.1,16.9,1.1,54,60,96,0.3888855,60,96,0.3888855,,,,,,,,,,,,,,,,,,,,,,,,,,,,,,,,,,,,,,,,,,,,,,,,,,,,,,,,,,55.0,55.0,1,,,,,,,,,,,,,,,,
2026-01-17,3353.0,1203.0,2150.0,2999.0,12220,34930,13972,850.0,1203.0,2,private,6080,2026-01-16T23:00:00.0,2026-01-17T00:00:00.0,2026-01-17T23:00:00.0,2026-01-18T00:00:00.0,86400000,3994,1688,50298,30420,1,1,0,0,3,54,118.1,117.622,38.74672,38.5899,150,10,43,178,49,53,26,94,17160,35760,4800,23760,81480,5880,7260,4020,21.06,43.89,5.89,29.16,7.22,8.91,4.93,BALANCED,27540,30180,46,178,70,65,100,30,35,66,100,3.0,37.0,2026-01-17T22:26:02,HIGH,SLEEP_PREPARATION_NOT_STRESS_DATA_AND_INTENSIVE_EXERCISE,SLEEP_PREPARATION_NOT_STRESS_DATA_AND_INTENSIVE_EXERCISE,2026-01-16T23:30:22,HIGH,SLEEP_TIME_PASSED_RECOVERING_AND_INACTIVE,SLEEP,2026-01-16T23:40:28,3600000,30420000,66,NONE,NONE,3615274803,2026-01-17T08:20:13,ACTIVITY,2026-01-17T10:37:29,3600000,3180000,-18,EXERCISE_TRAINING_EFFECT_4_GOOD_TIMING,HIGHLY_IMPROVING_VO2MAX,3615274803,2026-01-17T11:31:50,16.0,53.0,7.0,17.0,2026-01-17T18:33:00.0,200,30240,0,1,1768606828000,1768637248000,1768610428000,1768640848000,0,2400,20400,7440,180,1,0,1,15.0,8.0,20.0,0,9.0,ADULT,55.0,POSITIVE_HIGHLY_RECOVERING,POSITIVE_LATE_BED_TIME,STRESS_POS_EXCELLENT_OR_GOOD_SLEEP_RESTFUL_DAY,EXCELLENT,28800.0,28800.0,EXCELLENT,0.0,15.0,EXCELLENT,0.0,1.0,90,EXCELLENT,25,EXCELLENT,21.0,31.0,6350.4,9374.4,EXCELLENT,0.0,5.0,67,FAIR,30.0,64.0,9072.0,19353.6,8,FAIR,16.0,33.0,4838.4,9979.2,2,3615274803,2026-01-16T10:50:28,480,510,INCREASED,HIGH_ACWR,INCREASING,NO_CHANGE,NO_CHANGE,1,1390,0,1,3615274803,2026-01-17T11:34:21,480,500,INCREASED,HIGH_ACWR,NO_CHANGE,NO_CHANGE,NO_CHANGE,1,1410,10,1,66,49,8.4,40,340,124,3,90,69,79,118,BALANCED,HRV_BALANCED_2,2026-01-17T11:32:51.34,79,7,3615274803,RUNNING,GENERIC,RUNNING,2,PRODUCTIVE_6,0,93,HIGH,FEEDBACK_4,597,466.5,248.8,311,1.9,1,PRODUCTIVE_6,129031336,53.4,53.0,0,0,0,0,0,,38,0,0,0,2026-01-17T12:34:21.0,3615274803,POOR,POOR_RT_HIGH_SS_GOOD_OR_MOD,LET_YOUR_BODY_RECOVER,1,90,90,VERY_GOOD,5582,10,POOR,45,MODERATE,597,83,GOOD,100,VERY_GOOD,69,53,MODERATE,1,AFTER_POST_EXERCISE_RESET,1,,1,25,19.260555213664524,18.0,20.346666821025575,2.1,3,19.62414995709126,2,0,6,57,0,122.5,0,6,24.1,20.7,3.4,18.0,1,0,2026-01-17T00:00:00.0,5582,1,POOR,LET_YOUR_BODY_RECOVER,90,53,100,69,83,597,45,7,BALANCED,69,85.5,19.7,26.7,-7.1,54,61,96,0.36427307,61,96,0.36427307,158.0,Chevrières Course à pied,running,21574671576,,,,,,,,,,129031336,53.4,53.0,0,0,0,0,0,38,0,0,0,53.4,,,,,,,,,,,,,,,,,,,354.0,,,,,,,,,,,,,55.0,55.0,1,,,,,,,,,,,,,,,,
2026-01-18,2158.0,8.0,2150.0,2158.0,812,661,661,8.0,8.0,2,private,6700,2026-01-17T23:00:00.0,2026-01-18T00:00:00.0,2026-01-18T23:00:00.0,2026-01-19T00:00:00.0,86400000,68,230,86102,0,1,0,0,0,0,0,6.096,7.174,2.0,2.35367,150,10,54,103,57,54,31,84,13680,14280,1140,57300,86400,10080,3480,120,15.83,16.53,1.32,66.32,11.67,4.03,0.14,CALM_AWAKE,29100,0,55,96,2,21,51,32,32,,,3.0,37.0,2026-01-18T22:26:00,HIGH,SLEEP_PREPARATION_NOT_STRESS_DATA_AND_INACTIVE,SLEEP_PREPARATION_NOT_STRESS_DATA_AND_INACTIVE,2026-01-17T23:30:18,HIGH,SLEEP_TIME_PASSED_NOT_STRESS_DATA_AND_INTENSIVE_EXERCISE,,,,,,,,,,,,,,,,,,,16.0,25.0,8.0,20.0,2026-01-18T23:00:00.0,200,,,,,,,,,,,,,0,0,,,,,,,,,,,,,,,,,,,,,,,,,,,,,,,,,,,,,,,,,,,,,3615274803,2026-01-17T11:34:21,480,500,INCREASED,HIGH_ACWR,NO_CHANGE,NO_CHANGE,NO_CHANGE,1,1410,10,1,3615274803,2026-01-18T06:32:48,480,500,INCREASED,HIGH_ACWR,NO_CHANGE,NO_DATA,NO_CHANGE,1,1410,10,1,,,,,,,,,,,,,,,,7,3615274803,RUNNING,GENERIC,RUNNING,2,PRODUCTIVE_6,0,73,HIGH,FEEDBACK_4,509,459.0,244.8,306,1.6,1,PRODUCTIVE_6,129031336,53.4,53.0,0,0,0,0,0,,35,0,0,0,2026-01-18T07:32:48.0,3615274803,POOR,POOR_RT_HIGH_SS_UNKNOWN,LET_YOUR_BODY_RECOVER,1,,0,NONE,4444,10,POOR,60,MODERATE,509,83,GOOD,95,GOOD,67,72,GOOD,0,AFTER_WAKEUP_RESET,1,,1,25,19.260555213664524,18.0,19.260555213664524,2.1,3,19.62414995709126,2,0,6,57,0,122.5,0,6,24.1,20.7,3.4,18.0,1,0,2026-01-18T00:00:00.0,4444,1,POOR,LET_YOUR_BODY_RECOVER,,72,95,67,83,509,60,7,,,0.0,19.2,22.9,-3.7,,,,,,,,,,,,,,,,,,,,,,,,,,,,,,,,,,,,,,,,,,,,,,,,,,,,,,,,,,,,,,,,,55.0,55.0,1,,,,,,,,,,,,,,,,
2026-01-19,2244.0,94.0,2150.0,2244.0,3716,3032,3032,94.0,94.0,2,private,6120,2026-01-18T23:00:00.0,2026-01-19T00:00:00.0,2026-01-19T23:00:00.0,2026-01-20T00:00:00.0,86400000,874,814,59512,25200,1,0,0,0,0,0,26.516,22.923,8.69948,7.52067,150,10,40,111,49,53,31,96,30960,33120,5040,17280,86400,15540,11340,4080,35.83,38.33,5.83,20.0,17.99,13.12,4.72,BALANCED,44160,24960,44,110,68,73,99,27,27,66,99,3.0,46.0,2026-01-19T22:27:28,HIGH,SLEEP_PREPARATION_STRESSFUL_AND_INACTIVE,SLEEP_PREPARATION_STRESSFUL_AND_INACTIVE,2026-01-19T03:56:06,HIGH,SLEEP_TIME_PASSED_RECOVERING_AND_INACTIVE,SLEEP,2026-01-18T23:41:48,3600000,25200000,66,NONE,NONE,3615274803,2026-01-19T07:13:41,STRESS,2026-01-19T12:39:11,3600000,2760000,-7,STRESS,STRESSFUL_PERIOD,3615274803,2026-01-19T13:29:52,14.0,23.0,7.0,18.0,2026-01-19T20:19:00.0,200,24000,0,1,1768779708000,1768804908000,1768783308000,1768808508000,1080,3900,14520,5580,120,1,0,1,15.0,9.0,20.0,0,10.0,ADULT,54.0,POSITIVE_RECOVERING,NONE,GENERAL_POS_EXCELLENT_OR_GOOD_SLEEP,FAIR,28800.0,28800.0,EXCELLENT,0.0,15.0,EXCELLENT,0.0,1.0,82,GOOD,23,EXCELLENT,21.0,31.0,5040.0,7440.0,EXCELLENT,0.0,5.0,61,GOOD,30.0,64.0,7200.0,15360.0,16,GOOD,16.0,33.0,3840.0,7920.0,2,3615274803,2026-01-18T06:32:48,480,500,INCREASED,HIGH_ACWR,NO_CHANGE,NO_DATA,NO_CHANGE,1,1410,10,1,3615274803,2026-01-19T07:13:41,480,480,NO_CHANGE_NO_ADJUSTMENTS,NO_CHANGE,NO_CHANGE,NO_CHANGE,NO_CHANGE,0,1430,10,1,66,49,6.67,65,242,93,2,82,68,78,120,BALANCED,HRV_BALANCED_2,2026-01-24T21:45:16.103,78,7,3615274803,RUNNING,GENERIC,RUNNING,2,PRODUCTIVE_6,0,61,OPTIMAL,FEEDBACK_3,421,450.0,240.0,300,1.4,1,PRODUCTIVE_6,129031336,53.4,53.0,0,0,0,0,0,,36,0,0,0,2026-01-19T21:56:48.0,3615274803,MODERATE,MOD_RT_MOD_SS_GOOD,BOOSTED_BY_GOOD_SLEEP,50,82,74,GOOD,2141,42,MODERATE,74,GOOD,421,93,GOOD,95,GOOD,68,90,VERY_GOOD,1,UPDATE_REALTIME_VARIABLES,1,,50,25,19.260555213664524,18.0,19.260555213664524,2.0,3,19.62414995709126,2,0,6,57,0,114.0,0,6,24.1,20.7,3.4,18.0,1,0,2026-01-19T00:00:00.0,2141,50,MODERATE,BOOSTED_BY_GOOD_SLEEP,82,90,95,68,93,421,74,7,BALANCED,68,0.0,18.7,19.6,-0.9,55,61,97,0.34721375,61,97,0.34721375,,,,,,,,,,,,,,,,,,,,,,,,,,,,,,,,,,,,,,,,,,,,,,,,,,,,,,,,,,55.0,55.0,1,,,,,,,,,,,,,,,,
2026-01-20,2150.0,0.0,2150.0,2150.0,,,,0.0,0.0,2,private,5640,2026-01-19T23:00:00.0,2026-01-20T00:00:00.0,2026-01-20T23:00:00.0,2026-01-21T00:00:00.0,86400000,0,0,86400,0,1,0,0,0,0,0,0.0,0.0,0.0,0.0,150,10,,,,,-1,,,,,86400,86400,,,,0.0,0.0,0.0,100.0,0.0,0.0,0.0,UNKNOWN,0,0,,,,,,,,,,3.0,38.0,2026-01-20T20:00:13,MODERATE,NO_DATA,NO_DATA,2026-01-20T02:19:18,HIGH,SLEEP_TIME_PASSED_NOT_STRESS_DATA_AND_INACTIVE,,,,,,,,,,,,,,,,,,,,,,,,,,,,,,,,,,,,,0,0,,,,,,,,,,,,,,,,,,,,,,,,,,,,,,,,,,,,,,,,,,,,,3615274803,2026-01-19T07:13:41,480,480,NO_CHANGE_NO_ADJUSTMENTS,NO_CHANGE,NO_CHANGE,NO_CHANGE,NO_CHANGE,0,1430,10,1,3615274803,2026-01-20T06:47:48,480,480,NO_CHANGE_NO_ADJUSTMENTS,NO_CHANGE,NO_DATA,NO_DATA,NO_CHANGE,0,1430,10,1,,,,,,,,,69,,,BALANCED,HRV_BALANCED_2,2026-01-24T21:45:16.381,,7,3615274803,RUNNING,GENERIC,RUNNING,2,PRODUCTIVE_2,0,47,OPTIMAL,FEEDBACK_2,333,442.5,236.0,295,1.1,1,PRODUCTIVE_2,129031336,53.4,53.0,0,0,0,0,0,,38,0,0,0,2026-01-20T07:47:48.0,3615274803,MODERATE,MOD_RT_MOD_SS_UNKNOWN,RECOVERY_IN_PROGRESS,56,,0,NONE,1551,58,MODERATE,85,GOOD,333,93,GOOD,100,VERY_GOOD,69,74,GOOD,0,AFTER_WAKEUP_RESET,1,,56,25,19.260555213664524,18.0,19.260555213664524,2.0,3,19.62414995709126,2,0,6,57,0,113.8,0,6,24.1,20.7,3.4,18.0,1,0,2026-01-20T00:00:00.0,1551,56,MODERATE,RECOVERY_IN_PROGRESS,,74,100,69,93,333,85,7,BALANCED,69,0.0,18.3,16.8,1.5,55,61,96,0.36427307,61,96,0.36427307,,,,,,,,,,,,,,,,,,,,,,,,,,,,,,,,,,,,,,,,,,,,,,,,,,,,,,,,,,55.0,55.0,1,,,,,,,,,,,,,,,,
2026-01-21,2150.0,0.0,2150.0,2150.0,,,,0.0,0.0,2,private,5640,2026-01-20T23:00:00.0,2026-01-21T00:00:00.0,2026-01-21T23:00:00.0,2026-01-22T00:00:00.0,86400000,0,0,86400,0,1,0,0,0,0,0,0.0,0.0,0.0,0.0,150,10,,,,,-1,,,,,86400,86400,,,,0.0,0.0,0.0,100.0,0.0,0.0,0.0,UNKNOWN,0,0,,,,,,,,,,,38.0,2026-01-21T20:00:11,HIGH,NO_DATA,NO_DATA,,,,,,,,,,,,,,,,,,,,,,,,,,,,,,,,,,,,,,,,0,0,,,,,,,,,,,,,,,,,,,,,,,,,,,,,,,,,,,,,,,,,,,,,3615274803,2026-01-20T06:47:48,480,480,NO_CHANGE_NO_ADJUSTMENTS,NO_CHANGE,NO_DATA,NO_DATA,NO_CHANGE,0,1430,10,1,3615274803,2026-01-21T06:52:48,480,480,NO_CHANGE_NO_ADJUSTMENTS,NO_CHANGE,NO_DATA,NO_DATA,NO_CHANGE,0,1430,10,1,,,,,,,,,,,,,,,,4,3615274803,RUNNING,GENERIC,RUNNING,2,MAINTAINING_3,0,33,OPTIMAL,FEEDBACK_2,245,438.0,233.60000000000002,292,0.8,1,MAINTAINING_3,129031336,53.4,53.0,0,0,0,0,0,,38,0,0,0,2026-01-21T07:52:48.0,3615274803,HIGH,HIGH_RT_AVAILABLE_SS_UNKNOWN,WELL_RECOVERED,79,,0,NONE,107,97,GOOD,98,GOOD,245,0,NONE,100,VERY_GOOD,69,74,GOOD,0,AFTER_WAKEUP_RESET,1,,79,25,20.03683059162221,18.0,19.260555213664524,1.8,3,19.62414995709126,2,0,6,56,0,103.5,0,6,24.1,20.7,3.4,18.0,1,0,2026-01-21T00:00:00.0,107,79,HIGH,WELL_RECOVERED,,74,100,69,0,245,98,4,,,0.0,17.9,14.4,3.4,,,,,,,,,,,,,,,,,,,,,,,,,,,,,,,,,,,,,,,,,,,,,,,,,,,,,,,,,,,,,,,,,55.0,55.0,1,,,,,,,,,,,,,,,,
2026-01-22,2731.0,581.0,2150.0,2731.0,4467,4737,3643,581.0,581.0,2,private,5640,2026-01-21T23:00:00.0,2026-01-22T00:00:00.0,2026-01-22T23:00:00.0,2026-01-23T00:00:00.0,86400000,827,2339,82818,416,1,1,0,0,14,32,24.384,13.05,8.0,4.2815,150,10,59,180,57,54,59,97,28800,3360,7080,47160,86400,7380,12600,8820,33.33,3.89,8.19,54.58,8.54,14.58,10.21,STRESSFUL_AWAKE,38820,420,60,170,2,73,87,14,16,,,3.0,46.0,2026-01-22T22:34:41,MODERATE,SLEEP_PREPARATION_STRESSFUL_AND_INTENSIVE_EXERCISE,SLEEP_PREPARATION_STRESSFUL_AND_INTENSIVE_EXERCISE,,,,STRESS,2026-01-22T13:04:13,3600000,2580000,-6,STRESS,STRESSFUL_PERIOD,3615274803,2026-01-22T13:52:24,ACTIVITY,2026-01-22T17:32:21,3600000,1740000,-5,EXERCISE_TRAINING_EFFECT_3,IMPROVING_AEROBIC_BASE,3615274803,2026-01-22T18:02:04,14.0,23.0,7.0,17.0,2026-01-22T23:00:00.0,200,,,,,,,,,,,,,0,0,,,,,,,,,,,,,,,,,,,,,,,,,,,,,,,,,,,,,,,,,,,,,3615274803,2026-01-21T06:52:48,480,480,NO_CHANGE_NO_ADJUSTMENTS,NO_CHANGE,NO_DATA,NO_DATA,NO_CHANGE,0,1430,10,1,3615274803,2026-01-22T18:02:05,480,480,NO_CHANGE_NO_ADJUSTMENTS,NO_CHANGE,NO_DATA,NO_DATA,NO_CHANGE,0,1430,10,1,,,,,,,,,,,,,,,,4,3615274803,RUNNING,GENERIC,RUNNING,2,MAINTAINING_3,0,38,OPTIMAL,FEEDBACK_2,299,465.0,248.0,310,0.9,1,MAINTAINING_3,129031336,53.4,53.0,0,0,0,0,0,,34,0,0,0,2026-01-22T19:02:05.0,3615274803,MODERATE,MOD_RT_MOD_SS_UNKNOWN,RECOVERY_IN_PROGRESS,63,,0,NONE,1338,64,MODERATE,93,GOOD,299,0,NONE,0,NONE,511,0,NONE,0,AFTER_POST_EXERCISE_RESET,1,REACHED_ZERO,63,25,20.03683059162221,18.0,20.03683059162221,1.8,3,19.62414995709126,2,0,6,56,0,108.8,0,6,24.1,20.7,3.4,18.0,1,0,2026-01-22T00:00:00.0,1338,63,MODERATE,RECOVERY_IN_PROGRESS,,0,0,511,0,299,93,4,,,44.0,18.5,18.6,-0.2,,,,,,,,32.0,Nat. piscine,lap_swimming,21654122186,,,,,,,,,,,,,,,,,,,,,,,,,,,,,,,,,,,,,,,,,,,,,,,,,,,,,,55.0,55.0,1,,,,,,,,,,,,,,,,
2026-01-23,2938.0,788.0,2150.0,2938.0,13817,15344,15344,788.0,788.0,2,private,5410,2026-01-22T23:00:00.0,2026-01-23T00:00:00.0,2026-01-23T23:00:00.0,2026-01-24T00:00:00.0,86400000,4315,1656,51271,29158,1,1,0,0,3,49,105.644,99.846,34.6601,32.75787,150,10,51,175,53,53,32,92,32700,35520,9780,8280,86280,19620,11220,1860,37.9,41.17,11.34,9.6,22.74,13.0,2.16,BALANCED,49320,28680,52,171,63,58,75,16,21,59,75,3.0,42.0,2026-01-23T20:00:08,MODERATE,SLEEP_PREPARATION_BALANCED_AND_INTENSIVE_EXERCISE,SLEEP_PREPARATION_BALANCED_AND_INTENSIVE_EXERCISE,2026-01-22T23:59:19,HIGH,SLEEP_TIME_PASSED_STRESSFUL_AND_INTENSIVE_EXERCISE,SLEEP,2026-01-22T22:53:04,3600000,26820000,59,NONE,NONE,3615274803,2026-01-23T06:20:24,ACTIVITY,2026-01-23T11:08:26,3600000,2880000,-12,EXERCISE_TRAINING_EFFECT_4_GOOD_TIMING,HIGHLY_IMPROVING_TEMPO,3615274803,2026-01-23T11:57:26,14.0,23.0,7.0,17.0,2026-01-23T23:00:00.0,200,26840,0,1,1769122384000,1769149224000,1769125984000,1769152824000,0,6900,13680,6300,0,1,0,1,16.0,8.0,20.0,0,18.0,ADULT,57.0,POSITIVE_LONG_AND_DEEP,POSITIVE_STRESSFUL_DAY,STRESS_POS_EXCELLENT_OR_GOOD_SLEEP_VERY_STRESSFUL_DAY,GOOD,28800.0,28800.0,FAIR,0.0,15.0,EXCELLENT,0.0,1.0,86,GOOD,23,EXCELLENT,21.0,31.0,5636.4,8320.4,EXCELLENT,0.0,5.0,51,EXCELLENT,30.0,64.0,8052.0,17177.6,26,EXCELLENT,16.0,33.0,4294.4,8857.2,2,3615274803,2026-01-22T18:02:05,480,480,NO_CHANGE_NO_ADJUSTMENTS,NO_CHANGE,NO_DATA,NO_DATA,NO_CHANGE,0,1430,10,1,3615274803,2026-01-23T11:57:26,480,480,NO_CHANGE_NO_ADJUSTMENTS,NO_CHANGE,NO_CHANGE,NO_DATA,NO_CHANGE,0,1420,0,1,59,53,7.46,115,228,105,,86,,56,86,NONE,ONBOARDING_2,2026-01-24T21:45:16.666,56,4,3615274803,RUNNING,GENERIC,RUNNING,2,MAINTAINING_4,0,52,OPTIMAL,FEEDBACK_2,428,516.0,275.2,344,1.2,1,MAINTAINING_4,129031336,53.6,54.0,0,0,0,0,0,,24,0,0,0,2026-01-23T14:56:48.0,3615274803,MODERATE,MOD_RT_HIGH_SS_GOOD,BOOSTED_BY_GOOD_SLEEP,50,86,82,GOOD,2329,38,POOR,80,GOOD,428,0,NONE,0,NONE,511,0,NONE,1,UPDATE_REALTIME_VARIABLES,1,,50,25,19.097438162886125,18.0,20.03683059162221,2.0,3,19.62414995709126,2,0,6,56,0,116.5,0,6,24.1,20.7,3.4,18.0,1,0,2026-01-23T00:00:00.0,2329,50,MODERATE,BOOSTED_BY_GOOD_SLEEP,86,0,0,511,0,428,80,4,NONE,,58.2,19.4,24.3,-4.9,55,61,94,,61,94,,71.0,Aulnay-sous-Bois Course à pied,running,21654122623,,,,,,,,,,129031336,53.6,54.0,0,0,0,0,0,24,0,0,0,53.6,,,,,,,,,,,,,,,,,,,,,,,,,,,,,,,,55.0,55.0,1,,,,,,,,,,,,,,,,
2026-01-24,2185.0,35.0,2150.0,2185.0,3781,3097,3097,35.0,35.0,2,private,6250,2026-01-23T23:00:00.0,2026-01-24T00:00:00.0,2026-01-24T23:00:00.0,2026-01-25T00:00:00.0,86400000,736,647,55471,29546,1,0,0,0,0,0,31.202,32.167,10.23688,10.55348,150,10,48,92,54,54,27,78,30120,43740,4740,7800,86400,24180,5820,120,34.86,50.62,5.49,9.03,27.99,6.74,0.14,BALANCED,52080,26520,51,86,66,55,83,21,32,66,83,3.0,37.0,2026-01-24T20:00:17,HIGH,SLEEP_PREPARATION_RECOVERING_AND_INACTIVE,SLEEP_PREPARATION_RECOVERING_AND_INACTIVE,2026-01-23T23:27:21,HIGH,SLEEP_TIME_PASSED_BALANCED_AND_INTENSIVE_EXERCISE,SLEEP,2026-01-23T22:14:26,3600000,29640000,66,NONE,NONE,3615274803,2026-01-24T06:49:20,NAP,2026-01-24T13:26:20,3600000,2640000,2,NAP_RECOVERING_BODY_BATTERY_INCREASE,RESTFUL_NAP,3615274803,2026-01-24T14:10:31,14.0,24.0,7.0,21.0,2026-01-24T23:00:00.0,200,29400,2640,1,1769206466000,1769236106000,1769210066000,1769239706000,0,5520,16680,7200,240,1,0,1,16.0,8.0,22.0,0,17.0,ADULT,58.0,POSITIVE_OPTIMAL_STRUCTURE,POSITIVE_EXERCISE,HARD_EXERCISE_POS_EXCELLENT_OR_GOOD_SLEEP_HARD_TO_STRENUOUS_DURING_DAY_OUTDOOR,EXCELLENT,28800.0,28800.0,FAIR,0.0,15.0,EXCELLENT,0.0,1.0,91,EXCELLENT,24,EXCELLENT,21.0,31.0,6174.0,9114.0,EXCELLENT,0.0,5.0,57,EXCELLENT,30.0,64.0,8820.0,18816.0,19,EXCELLENT,16.0,33.0,4704.0,9702.0,2,3615274803,2026-01-23T11:57:26,480,480,NO_CHANGE_NO_ADJUSTMENTS,NO_CHANGE,NO_CHANGE,NO_DATA,NO_CHANGE,0,1420,0,1,3615274803,2026-01-24T14:10:31,480,440,DECREASED,NO_CHANGE,NO_CHANGE,NO_DATA,DECREASING,1,1420,0,1,66,54,8.17,92,278,120,4,91,,56,94,NONE,ONBOARDING_2,2026-01-24T21:45:16.947,56,4,3615274803,RUNNING,GENERIC,RUNNING,2,MAINTAINING_3,0,42,OPTIMAL,FEEDBACK_2,368,505.5,269.6,337,1.0,1,MAINTAINING_3,129031336,53.6,54.0,0,0,0,0,0,,45,0,0,0,2026-01-24T16:56:48.0,3615274803,HIGH,HIGH_NAP,ENERGIZING_NAP,75,91,91,VERY_GOOD,629,83,GOOD,87,GOOD,368,58,MODERATE,0,NONE,511,82,GOOD,1,UPDATE_REALTIME_VARIABLES,1,,75,25,20.03683059162221,18.0,19.097438162886125,1.8,3,19.62414995709126,2,0,6,56,0,114.0,0,6,24.1,20.7,3.4,18.0,1,0,2026-01-24T00:00:00.0,629,75,HIGH,ENERGIZING_NAP,91,82,0,511,58,368,87,4,NONE,,0.0,19.0,20.8,-1.9,55,61,95,,61,95,,,,,,,,,,,,,,,,,,,,,,,,,,,,3615274803,2640,2026-01-24T13:26:20,2026-01-24T14:10:20,LONG_DURATION_LOW_NEED,0,60,60,,,,,,,,,,,,,,,,,,,,,,,,55.0,55.0,1,,,,,,,,,,,,,,,,
2026-01-25,2154.0,4.0,2150.0,2154.0,266,217,217,4.0,4.0,2,private,6010,2026-01-24T23:00:00.0,2026-01-25T00:00:00.0,2026-01-25T23:00:00.0,2026-01-26T00:00:00.0,86400000,27,73,58116,28184,1,0,0,0,0,0,3.048,2.337,1.0,0.76673,150,10,45,85,52,53,15,67,2040,32580,360,51420,86400,1920,120,,2.36,37.71,0.42,59.51,2.22,0.14,0.0,UNKNOWN,6960,28020,48,80,62,7,94,32,87,61,94,3.0,39.0,2026-01-25T20:00:16,MODERATE,NO_DATA,NO_DATA,2026-01-24T23:28:47,HIGH,SLEEP_TIME_PASSED_RECOVERING_AND_INACTIVE,SLEEP,2026-01-24T23:14:20,3600000,28140000,61,NONE,NONE,3615274803,2026-01-25T07:04:04,,,,,,,,,,15.0,22.0,7.0,11.0,2026-01-25T08:54:00.0,200,27404,0,1,1769296460000,1769324644000,1769300060000,1769328244000,0,4380,17280,5760,780,1,0,1,16.0,9.0,22.0,1,17.0,ADULT,57.0,POSITIVE_LONG_AND_CONTINUOUS,POSITIVE_RESTFUL_EVENING,STRESS_POS_EXCELLENT_OR_GOOD_SLEEP_RESTFUL_DAY,EXCELLENT,28800.0,28800.0,FAIR,0.0,15.0,GOOD,0.0,1.0,83,GOOD,21,GOOD,21.0,31.0,5754.84,8495.24,GOOD,0.0,5.0,63,GOOD,30.0,64.0,8221.2,17538.56,16,GOOD,16.0,33.0,4384.64,9043.32,2,3615274803,2026-01-24T14:10:31,480,440,DECREASED,NO_CHANGE,NO_CHANGE,NO_DATA,DECREASING,1,1420,0,1,3615274803,2026-01-25T07:04:04,480,480,NO_CHANGE_NO_ADJUSTMENTS,NO_CHANGE,NO_CHANGE,NO_CHANGE,NO_CHANGE,0,1410,1430,1,61,52,7.61,73,288,96,13,83,62,62,99,BALANCED,HRV_BALANCED_3,2026-01-31T16:02:30.921,62,4,3615274803,RUNNING,GENERIC,RUNNING,2,MAINTAINING_3,0,38,OPTIMAL,FEEDBACK_2,308,493.5,263.2,329,0.9,1,MAINTAINING_3,129031336,53.6,54.0,0,0,0,0,0,,38,0,0,0,2026-01-25T08:04:04.0,3615274803,HIGH,HIGH_RT_HIGHEST_SS_AVAILABLE,WELL_RECOVERED,78,83,76,GOOD,1,99,GOOD,94,GOOD,308,79,GOOD,73,GOOD,62,88,GOOD,1,AFTER_WAKEUP_RESET,1,NO_CHANGE_SLEEP,78,25,19.097438162886125,18.0,20.03683059162221,2.0,3,19.62414995709126,2,0,6,56,0,114.0,0,6,24.1,20.7,3.4,18.0,1,0,2026-01-25T00:00:00.0,1,78,HIGH,WELL_RECOVERED,83,88,73,62,79,308,94,4,BALANCED,62,0.0,18.5,17.9,0.7,55,62,95,0.25,62,95,0.25,,,,,,,,,,,,,,,,,,,,,,,,,,,,,,,,,,,,,,,,,,,,,,,,,,,,,,,,,,55.0,55.0,1,,,,,,,,,,,,,,,,
2026-01-26,2222.0,72.0,2150.0,2222.0,3061,2507,2507,72.0,72.0,2,private,6010,2026-01-25T23:00:00.0,2026-01-26T00:00:00.0,2026-01-26T23:00:00.0,2026-01-27T00:00:00.0,86400000,782,650,82616,2352,1,0,0,0,0,0,16.033,6.077,5.26017,1.99377,150,10,49,103,57,55,30,92,21660,22320,3180,39240,86400,16560,4320,780,25.07,25.83,3.68,45.42,19.17,5.0,0.9,CALM_AWAKE,44820,2340,50,103,3,50,89,39,42,,,3.0,42.0,2026-01-26T20:00:16,HIGH,SLEEP_PREPARATION_RECOVERING_AND_INACTIVE,SLEEP_PREPARATION_RECOVERING_AND_INACTIVE,,,,,,,,,,,,,,,,,,,,,,14.0,23.0,7.0,18.0,2026-01-26T23:00:00.0,200,,,,,,,,,,,,,0,0,,,,,,,,,,,,,,,,,,,,,,,,,,,,,,,,,,,,,,,,,,,,,3615274803,2026-01-25T07:04:04,480,480,NO_CHANGE_NO_ADJUSTMENTS,NO_CHANGE,NO_CHANGE,NO_CHANGE,NO_CHANGE,0,1410,1430,1,3615274803,2026-01-26T06:37:48,480,480,NO_CHANGE_NO_ADJUSTMENTS,NO_CHANGE,NO_CHANGE,NO_DATA,NO_CHANGE,0,1400,1420,1,,,,,,,,,,,,,,,,4,3615274803,RUNNING,GENERIC,RUNNING,2,MAINTAINING_3,0,29,LOW,FEEDBACK_1,248,481.5,256.8,321,0.7,1,MAINTAINING_3,129031336,53.6,54.0,0,0,0,0,0,,34,0,0,0,2026-01-26T07:37:48.0,3615274803,HIGH,HIGH_RT_AVAILABLE_SS_UNKNOWN,WELL_RECOVERED,77,,0,NONE,1,99,GOOD,100,VERY_GOOD,248,79,GOOD,0,NONE,511,81,GOOD,0,AFTER_WAKEUP_RESET,1,,77,25,18.93117061031851,18.0,19.097438162886125,2.0,3,19.62414995709126,2,0,6,55,0,114.0,0,6,24.1,20.7,3.4,18.0,1,0,2026-01-26T00:00:00.0,1,77,HIGH,WELL_RECOVERED,,81,0,511,79,248,100,4,,,0.0,18.1,15.3,2.8,,,,,,,,,,,,,,,,,,,,,,,,,,,,,,,,,,,,,,,,,,,,,,,,,,,,,,,,,,,,,,,,,,,,,,,,,,,,,,,,,,,
2026-01-27,2823.0,673.0,2150.0,2228.0,4020,24648,3274,81.0,673.0,2,private,5420,2026-01-26T23:00:00.0,2026-01-27T00:00:00.0,2026-01-27T23:00:00.0,2026-01-28T00:00:00.0,86400000,838,904,57490,27168,1,1,0,0,0,0,20.317,21.13,6.66568,6.93241,150,10,43,109,48,54,28,93,30720,36960,4500,14100,86280,19320,9240,2160,35.61,42.84,5.22,16.34,22.39,10.71,2.5,BALANCED,45060,27120,47,106,58,74,100,26,26,61,100,3.0,58.0,2026-01-27T20:00:15,HIGH,SLEEP_PREPARATION_BALANCED_AND_INACTIVE,SLEEP_PREPARATION_BALANCED_AND_INACTIVE,2026-01-26T23:30:18,HIGH,SLEEP_TIME_PASSED_RECOVERING_AND_INACTIVE,SLEEP,2026-01-26T22:20:48,3600000,29520000,61,NONE,NONE,3615274803,2026-01-27T07:12:48,,,,,,,,,,13.0,20.0,8.0,13.0,2026-01-27T22:41:00.0,200,29520,0,1,1769466048000,1769495568000,1769469648000,1769499168000,0,9360,13200,6960,0,1,0,1,15.0,8.0,19.0,0,9.0,ADULT,53.0,POSITIVE_HIGHLY_RECOVERING,NONE,STRESS_POS_EXCELLENT_OR_GOOD_SLEEP_RESTFUL_DAY,EXCELLENT,28800.0,28800.0,EXCELLENT,0.0,15.0,EXCELLENT,0.0,1.0,99,EXCELLENT,24,EXCELLENT,21.0,31.0,6199.2,9151.2,EXCELLENT,0.0,5.0,45,EXCELLENT,30.0,64.0,8856.0,18892.8,32,EXCELLENT,16.0,33.0,4723.2,9741.6,2,3615274803,2026-01-26T06:37:48,480,480,NO_CHANGE_NO_ADJUSTMENTS,NO_CHANGE,NO_CHANGE,NO_DATA,NO_CHANGE,0,1400,1420,1,3615274803,2026-01-27T07:12:48,480,480,NO_CHANGE_NO_ADJUSTMENTS,NO_CHANGE,NO_CHANGE,NO_CHANGE,NO_CHANGE,0,1400,1420,1,61,48,8.2,156,220,116,,99,61,72,129,UNBALANCED,HRV_UNBALANCED_11,2026-01-31T16:02:31.236,72,5,3615274803,RUNNING,GENERIC,RUNNING,2,RECOVERY_2,0,29,LOW,FEEDBACK_1,253,487.5,260.0,325,0.7,1,RECOVERY_2,129031336,53.6,54.0,0,0,0,0,0,,47,0,0,0,2026-01-27T08:12:48.0,3615274803,HIGH,HIGH_HRV_UNBALANCED,LISTEN_TO_YOUR_BODY,90,99,99,VERY_GOOD,0,100,VERY_GOOD,100,VERY_GOOD,187,92,GOOD,66,MODERATE,61,76,GOOD,1,AFTER_WAKEUP_RESET,1,REACHED_ZERO,90,25,19.87566277490826,18.0,18.93117061031851,1.8,3,19.62414995709126,2,0,6,55,0,104.8,0,6,24.1,20.7,3.4,18.0,1,0,2026-01-27T00:00:00.0,0,90,HIGH,LISTEN_TO_YOUR_BODY,99,76,66,61,92,187,100,5,UNBALANCED,61,25.8,18.3,16.8,1.5,56,62,95,0.23684692,62,95,0.23684692,81.0,,,,,,,,,,,,,,,,,,,,,,,,,,,,,,,,,,,,,,,,,,,,595.0,,,,,,,,,,,,,,,,,,,,,,,,,,,,,,,
2026-01-28,2354.0,204.0,2150.0,2354.0,4909,4025,4025,204.0,204.0,2,private,5140,2026-01-27T23:00:00.0,2026-01-28T00:00:00.0,2026-01-28T23:00:00.0,2026-01-29T00:00:00.0,86400000,1179,1239,83982,0,1,0,0,0,0,0,17.35,6.819,5.69226,2.2372,150,10,55,119,58,54,57,99,21420,2160,4980,57840,86400,6960,9060,5400,24.79,2.5,5.76,66.94,8.06,10.49,6.25,UNKNOWN,28560,0,58,119,0,58,87,29,29,,,3.0,40.0,2026-01-28T22:51:02,HIGH,SLEEP_PREPARATION_NOT_STRESS_DATA_AND_INACTIVE,SLEEP_PREPARATION_NOT_STRESS_DATA_AND_INACTIVE,2026-01-28T03:15:59,HIGH,SLEEP_TIME_PASSED_NOT_STRESS_DATA_AND_INACTIVE,STRESS,2026-01-28T12:38:48,3600000,1560000,-5,STRESS,STRESSFUL_PERIOD,3615274803,2026-01-28T13:09:31,,,,,,,,,,13.0,20.0,8.0,12.0,2026-01-28T17:50:00.0,200,,,,,,,,,,,,,0,0,,,,,,,,,,,,,,,,,,,,,,,,,,,,,,,,,,,,,,,,,,,,,3615274803,2026-01-27T07:12:48,480,480,NO_CHANGE_NO_ADJUSTMENTS,NO_CHANGE,NO_CHANGE,NO_CHANGE,NO_CHANGE,0,1400,1420,1,3615274803,2026-01-28T06:47:48,480,480,NO_CHANGE_NO_ADJUSTMENTS,NO_CHANGE,NO_DATA,NO_DATA,NO_CHANGE,0,1400,1420,1,,,,,,,,,61,,,UNBALANCED,HRV_UNBALANCED_12,2026-01-31T16:02:31.493,,5,3615274803,RUNNING,GENERIC,RUNNING,2,RECOVERY_2,0,25,LOW,FEEDBACK_1,213,469.5,250.4,313,0.6,1,RECOVERY_2,129031336,53.6,54.0,0,0,0,0,0,,20,0,0,0,2026-01-28T07:47:48.0,3615274803,HIGH,HIGH_HRV_UNBALANCED,LISTEN_TO_YOUR_BODY,93,,0,NONE,1,99,GOOD,100,VERY_GOOD,154,92,GOOD,66,MODERATE,61,99,VERY_GOOD,0,AFTER_WAKEUP_RESET,1,,93,25,19.87566277490826,18.0,19.87566277490826,1.8,3,19.62414995709126,2,0,6,55,0,104.8,0,6,24.1,20.7,3.4,18.0,1,0,2026-01-28T00:00:00.0,1,93,HIGH,LISTEN_TO_YOUR_BODY,,99,66,61,92,154,100,5,UNBALANCED,61,0.0,17.8,14.4,3.4,56,62,95,0.23602295,62,95,0.23602295,,,,,,,,,,,,,,,,,,,,,,,,,,,,,,,,,,,,,,,,,,,,,,,,,,,,,,,,,,,,,,,,,,,,,,,,,,,,
2026-01-29,2150.0,0.0,2150.0,2150.0,,,,0.0,0.0,2,private,5100,2026-01-28T23:00:00.0,2026-01-29T00:00:00.0,2026-01-29T23:00:00.0,2026-01-30T00:00:00.0,86400000,0,0,86400,0,1,0,0,0,0,0,0.0,0.0,0.0,0.0,150,10,,,,,-1,,,,,86400,86400,,,,0.0,0.0,0.0,100.0,0.0,0.0,0.0,UNKNOWN,0,0,,,,,,,,,,,35.0,2026-01-29T20:00:13,MODERATE,NO_DATA,NO_DATA,2026-01-28T23:30:13,HIGH,SLEEP_TIME_PASSED_NOT_STRESS_DATA_AND_INACTIVE,,,,,,,,,,,,,,,,,,,,,,,,,,,,,,,,,,,,,0,0,,,,,,,,,,,,,,,,,,,,,,,,,,,,,,,,,,,,,,,,,,,,,3615274803,2026-01-28T06:47:48,480,480,NO_CHANGE_NO_ADJUSTMENTS,NO_CHANGE,NO_DATA,NO_DATA,NO_CHANGE,0,1400,1420,1,3615274803,2026-01-29T06:52:48,480,480,NO_CHANGE_NO_ADJUSTMENTS,NO_CHANGE,NO_DATA,NO_DATA,NO_CHANGE,0,1400,1420,1,,,,,,,,,61,,,UNBALANCED,HRV_UNBALANCED_12,2026-01-31T16:02:31.768,,5,3615274803,RUNNING,GENERIC,RUNNING,2,RECOVERY_2,0,20,LOW,FEEDBACK_1,173,451.5,240.8,301,0.5,1,RECOVERY_2,129031336,53.6,54.0,0,0,0,0,0,,38,0,0,0,2026-01-29T07:52:48.0,3615274803,HIGH,HIGH_HRV_UNBALANCED,LISTEN_TO_YOUR_BODY,93,,0,NONE,1,99,GOOD,100,VERY_GOOD,121,0,NONE,67,MODERATE,61,99,VERY_GOOD,0,AFTER_WAKEUP_RESET,1,,93,25,19.71254572412985,18.0,19.87566277490826,1.6,3,19.62414995709126,2,0,6,54,0,94.6,0,6,24.1,20.7,3.4,18.0,1,0,2026-01-29T00:00:00.0,1,93,HIGH,LISTEN_TO_YOUR_BODY,,99,67,61,0,121,100,5,UNBALANCED,61,0.0,17.4,12.3,5.1,55,62,95,0.23968506,62,95,0.23968506,,,,,,,,,,,,,,,,,,,,,,,,,,,,,,,,,,,,,,,,,,,,,,,,,,,,,,,,,,,,,,,,,,,,,,,,,,,,
2026-01-30,2150.0,0.0,2150.0,2150.0,,,,0.0,0.0,2,private,5100,2026-01-29T23:00:00.0,2026-01-30T00:00:00.0,2026-01-30T23:00:00.0,2026-01-31T00:00:00.0,86400000,0,0,86400,0,1,0,0,0,0,0,0.0,0.0,0.0,0.0,150,10,,,,,-1,,,,,86400,86400,,,,0.0,0.0,0.0,100.0,0.0,0.0,0.0,UNKNOWN,0,0,,,,,,,,,,,38.0,2026-01-30T20:00:13,HIGH,NO_DATA,NO_DATA,,,,,,,,,,,,,,,,,,,,,,,,,,,,,,,,,,,,,,,,0,0,,,,,,,,,,,,,,,,,,,,,,,,,,,,,,,,,,,,,,,,,,,,,3615274803,2026-01-29T06:52:48,480,480,NO_CHANGE_NO_ADJUSTMENTS,NO_CHANGE,NO_DATA,NO_DATA,NO_CHANGE,0,1400,1420,1,3615274803,2026-01-30T06:57:48,480,480,NO_CHANGE_NO_ADJUSTMENTS,NO_CHANGE,NO_DATA,NO_DATA,NO_CHANGE,0,1400,1420,1,,,,,,,,,,,,,,,,5,3615274803,RUNNING,GENERIC,RUNNING,2,RECOVERY_2,0,16,LOW,FEEDBACK_1,133,433.5,231.20000000000002,289,0.4,1,RECOVERY_2,129031336,53.6,54.0,0,0,0,0,0,,38,0,0,0,2026-01-30T07:57:48.0,3615274803,HIGH,HIGH_RT_AVAILABLE_SS_UNKNOWN_ACWR_POS,WELL_RECOVERED,94,,0,NONE,1,99,GOOD,100,VERY_GOOD,87,0,NONE,0,NONE,511,0,NONE,0,AFTER_WAKEUP_RESET,1,,94,25,19.71254572412985,18.0,19.71254572412985,1.6,3,19.62414995709126,2,0,6,54,0,94.6,0,6,24.1,20.7,3.4,18.0,1,0,2026-01-30T00:00:00.0,1,94,HIGH,WELL_RECOVERED,,0,0,511,0,87,100,5,,,0.0,17.0,10.6,6.4,,,,,,,,,,,,,,,,,,,,,,,,,,,,,,,,,,,,,,,,,,,,,,,,,,,,,,,,,,,,,,,,,,,,,,,,,,,,,,,,,,,
2026-01-31,2696.0,546.0,2150.0,2187.0,197,26192,160,491.0,546.0,2,private,5100,2026-01-30T23:00:00.0,2026-01-31T00:00:00.0,2026-01-31T23:00:00.0,2026-02-01T00:00:00.0,86400000,21,189,86190,0,1,1,0,0,7,40,3.048,8.407,1.0,2.7582,150,10,75,157,58,55,64,89,360,60,300,85680,86400,60,120,180,0.42,0.07,0.35,99.17,0.07,0.14,0.21,UNKNOWN,720,0,76,152,0,10,50,40,40,,,3.0,37.0,2026-01-31T20:00:16,MODERATE,NO_DATA,NO_DATA,,,,ACTIVITY,2026-01-31T15:09:23,3600000,3120000,-8,EXERCISE_TRAINING_EFFECT_2,MAINTAINING_AEROBIC_BASE,3615274803,2026-01-31T16:02:02,,,,,,,,,,29.0,39.0,12.0,28.0,2026-01-31T15:58:00.0,200,,,,,,,,,,,,,0,0,,,,,,,,,,,,,,,,,,,,,,,,,,,,,,,,,,,,,,,,,,,,,3615274803,2026-01-30T06:57:48,480,480,NO_CHANGE_NO_ADJUSTMENTS,NO_CHANGE,NO_DATA,NO_DATA,NO_CHANGE,0,1400,1420,1,3615274803,2026-01-31T16:03:13,480,480,NO_CHANGE_NO_ADJUSTMENTS,NO_CHANGE,NO_DATA,NO_DATA,NO_CHANGE,0,1400,1420,1,,,,,,,,,,,,,,,,5,3615274803,RUNNING,GENERIC,RUNNING,2,RECOVERY_2,0,20,LOW,FEEDBACK_1,171,436.5,232.8,291,0.5,1,RECOVERY_2,129031336,53.6,54.0,0,0,0,0,0,,36,0,0,0,2026-01-31T20:56:48.0,3615274803,HIGH,HIGH_RT_AVAILABLE_SS_UNKNOWN_ACWR_POS,WELL_RECOVERED,75,,0,NONE,1076,71,GOOD,100,VERY_GOOD,171,0,NONE,0,NONE,511,0,NONE,0,UPDATE_REALTIME_VARIABLES,1,,75,25,19.71254572412985,18.0,19.71254572412985,1.6,3,19.62414995709126,2,0,6,54,0,101.3,0,6,24.1,20.7,3.4,18.0,1,0,2026-01-31T00:00:00.0,1076,75,HIGH,WELL_RECOVERED,,0,0,511,0,171,100,5,,,104.2,19.1,24.0,-4.9,,,,,,,,152.0,,,,,,,,,,,,,,,,,,,,,,,,,,,,,,,,,,,,,,,,,,,,509.0,,,,Vélo d'intérieur,indoor_cycling,21722015640,,,,,,,,,,,,,,,,,,,,,,,,,
2026-02-01,2211.0,61.0,2150.0,2211.0,1613,1314,1314,61.0,61.0,2,private,5100,2026-01-31T23:00:00.0,2026-02-01T00:00:00.0,2026-02-01T23:00:00.0,2026-02-02T00:00:00.0,86400000,517,228,85655,0,1,0,0,0,0,0,2.25,14.961,0.73819,4.90846,150,10,63,112,59,56,55,97,11820,1440,1680,71460,86400,3660,6360,1800,13.68,1.67,1.94,82.71,4.24,7.36,2.08,UNKNOWN,14940,0,66,108,0,16,36,20,20,,,3.0,42.0,2026-02-01T20:00:12,HIGH,NO_DATA,NO_DATA,,,,,,,,,,,,,,,,,,,,,,13.0,19.0,8.0,14.0,2026-02-01T23:00:00.0,200,,,,,,,,,,,,,0,0,,,,,,,,,,,,,,,,,,,,,,,,,,,,,,,,,,,,,,,,,,,,,3615274803,2026-01-31T16:03:13,480,480,NO_CHANGE_NO_ADJUSTMENTS,NO_CHANGE,NO_DATA,NO_DATA,NO_CHANGE,0,1400,1420,1,3615274803,2026-02-01T06:32:48,480,480,NO_CHANGE_NO_ADJUSTMENTS,NO_CHANGE,NO_DATA,NO_DATA,NO_CHANGE,0,1400,1420,1,,,,,,,,,,,,,,,,5,3615274803,RUNNING,GENERIC,RUNNING,2,RECOVERY_2,0,16,LOW,FEEDBACK_1,123,423.0,225.60000000000002,282,0.4,1,RECOVERY_2,129031336,53.6,54.0,0,0,0,0,0,,40,0,0,0,2026-02-01T07:32:48.0,3615274803,HIGH,HIGH_RT_AVAILABLE_SS_UNKNOWN_ACWR_POS,WELL_RECOVERED,83,,0,NONE,440,88,GOOD,100,VERY_GOOD,123,0,NONE,0,NONE,511,0,NONE,0,AFTER_WAKEUP_RESET,1,,83,25,19.71254572412985,18.0,19.71254572412985,1.8,3,19.62414995709126,2,0,6,54,0,101.3,0,6,24.1,20.7,3.4,18.0,1,0,2026-02-01T00:00:00.0,440,83,HIGH,WELL_RECOVERED,,0,0,511,0,123,100,5,,,0.0,18.6,20.5,-1.9,,,,,,,,,,,,,,,,,,,,,,,,,,,,,,,,,,,,,,,,,,,,,,,,,,,,,,,,,,,,,,,,,,,,,,,,,,,,,,,,,,,
2026-02-02,2306.0,156.0,2150.0,2306.0,4846,3978,3978,156.0,156.0,2,private,4410,2026-02-01T23:00:00.0,2026-02-02T00:00:00.0,2026-02-02T23:00:00.0,2026-02-03T00:00:00.0,86400000,983,1564,82701,1152,1,0,0,0,0,0,27.998,23.542,9.1857,7.72375,150,10,42,107,61,57,49,93,36540,5880,5040,38880,86340,17760,12420,6360,42.32,6.81,5.84,45.03,20.57,14.38,7.37,STRESSFUL_AWAKE,46260,1200,42,106,0,64,75,14,14,,,3.0,50.0,2026-02-02T21:45:05,LOW,SLEEP_PREPARATION_STRESSFUL_AND_INACTIVE,SLEEP_PREPARATION_STRESSFUL_AND_INACTIVE_AND_BB_LOW,,,,STRESS,2026-02-02T15:00:48,3600000,2520000,-5,STRESS,STRESSFUL_PERIOD,3615274803,2026-02-02T15:46:40,,,,,,,,,,14.0,23.0,7.0,17.0,2026-02-02T23:00:00.0,200,,,,,,,,,,,,,0,0,,,,,,,,,,,,,,,,,,,,,,,,,,,,,,,,,,,,,,,,,,,,,3615274803,2026-02-01T06:32:48,480,480,NO_CHANGE_NO_ADJUSTMENTS,NO_CHANGE,NO_DATA,NO_DATA,NO_CHANGE,0,1400,1420,1,3615274803,2026-02-02T08:07:48,480,480,NO_CHANGE_NO_ADJUSTMENTS,NO_CHANGE,NO_DATA,NO_DATA,NO_CHANGE,0,1400,1420,1,,,,,,,,,,,,,,,,5,3615274803,RUNNING,GENERIC,RUNNING,2,RECOVERY_2,0,12,LOW,FEEDBACK_1,88,406.5,216.8,271,0.3,1,RECOVERY_2,129031336,53.6,54.0,0,0,0,0,0,,42,0,0,0,2026-02-02T09:07:48.0,3615274803,HIGH,HIGH_RT_AVAILABLE_SS_UNKNOWN_ACWR_POS,WELL_RECOVERED,93,,0,NONE,1,99,GOOD,100,VERY_GOOD,88,0,NONE,0,NONE,511,0,NONE,0,AFTER_WAKEUP_RESET,1,,93,25,19.71254572412985,18.0,19.71254572412985,1.8,3,19.62414995709126,2,0,6,54,0,101.3,0,6,24.1,20.7,3.4,18.0,1,0,2026-02-02T00:00:00.0,1,93,HIGH,WELL_RECOVERED,,0,0,511,0,88,100,5,,,0.0,18.2,17.6,0.6,,,,,,,,,,,,,,,,,,,,,,,,,,,,,,,,,,,,,,,,,,,,,,,,,,,,,,,,,,,,,,,,,,,,,,,,,,,,,,,,,,,
2026-02-03,2256.0,106.0,2150.0,2256.0,4133,3369,3369,106.0,106.0,2,private,4460,2026-02-02T23:00:00.0,2026-02-03T00:00:00.0,2026-02-03T23:00:00.0,2026-02-04T00:00:00.0,86400000,1148,734,57470,27048,1,0,0,0,0,3,44.731,43.144,14.67552,14.15486,150,10,48,123,53,58,23,99,23040,45420,3780,14160,86400,19560,3240,240,26.67,52.57,4.38,16.39,22.64,3.75,0.28,BALANCED,45240,27000,50,122,77,54,91,14,37,77,91,3.0,39.0,2026-02-03T20:00:12,HIGH,SLEEP_PREPARATION_RECOVERING_AND_INACTIVE,SLEEP_PREPARATION_RECOVERING_AND_INACTIVE,2026-02-03T00:02:04,HIGH,SLEEP_TIME_PASSED_STRESSFUL_AND_INACTIVE,SLEEP,2026-02-02T22:40:48,3600000,28200000,77,NONE,NONE,3615274803,2026-02-03T07:12:48,,,,,,,,,,13.0,22.0,6.0,12.0,2026-02-03T20:32:00.0,200,28200,0,1,1770072048000,1770100248000,1770075648000,1770103848000,0,9300,12480,6420,0,1,0,1,16.0,10.0,20.0,0,13.0,ADULT,56.0,POSITIVE_OPTIMAL_STRUCTURE,NONE,GENERAL_POS_EXCELLENT_OR_GOOD_SLEEP,EXCELLENT,28800.0,28800.0,EXCELLENT,0.0,15.0,EXCELLENT,0.0,1.0,93,EXCELLENT,23,GOOD,21.0,31.0,5922.0,8742.0,EXCELLENT,0.0,5.0,44,EXCELLENT,30.0,64.0,8460.0,18048.0,33,EXCELLENT,16.0,33.0,4512.0,9306.0,2,3615274803,2026-02-02T08:07:48,480,480,NO_CHANGE_NO_ADJUSTMENTS,NO_CHANGE,NO_DATA,NO_DATA,NO_CHANGE,0,1400,1420,1,3615274803,2026-02-03T07:12:48,480,480,NO_CHANGE_NO_ADJUSTMENTS,NO_CHANGE,NO_CHANGE,NO_DATA,NO_CHANGE,0,1400,1420,1,77,53,7.83,155,208,107,,93,,63,95,NONE,ONBOARDING_2,2026-02-03T14:55:25.167,63,5,3615274803,RUNNING,GENERIC,RUNNING,2,RECOVERY_2,0,8,LOW,FEEDBACK_1,74,384.0,204.8,256,0.2,1,RECOVERY_2,129031336,53.6,54.0,0,0,0,0,0,,38,0,0,0,2026-02-03T08:12:48.0,3615274803,PRIME,PRIME_RT_HIGHEST_SS_AVAILABLE_ACWR_POS,READY_FOR_ACTION,100,93,93,VERY_GOOD,0,100,VERY_GOOD,100,VERY_GOOD,74,0,NONE,0,NONE,511,0,NONE,1,AFTER_WAKEUP_RESET,1,REACHED_ZERO,100,25,19.71254572412985,18.0,19.71254572412985,1.8,3,19.62414995709126,2,0,6,54,0,101.8,0,6,24.1,20.7,3.4,18.0,1,0,2026-02-03T00:00:00.0,0,100,PRIME,READY_FOR_ACTION,93,0,0,511,0,74,100,5,NONE,,0.0,17.7,15.1,2.6,55,61,93,,61,93,,,,,,,,,,,,,,,,,,,,,,,,,,,,,,,,,,,,,,,,,,,,,,,,,,,,,,,,,,,,,,,,,,,,,,,,,,,,,
2026-02-04,3170.0,1020.0,2150.0,3170.0,11512,11226,11226,1020.0,1020.0,2,private,4430,2026-02-03T23:00:00.0,2026-02-04T00:00:00.0,2026-02-04T23:00:00.0,2026-02-05T00:00:00.0,86400000,4406,743,81251,0,1,1,0,0,1,87,73.152,61.066,24.0,20.03478,150,10,70,161,61,59,-1,,,,5400,80760,86160,,,,0.0,0.0,6.27,93.73,0.0,0.0,0.0,UNKNOWN,5400,0,70,158,0,19,86,22,22,,,3.0,38.0,2026-02-04T20:00:09,MODERATE,NO_DATA,NO_DATA,2026-02-04T02:13:08,HIGH,SLEEP_TIME_PASSED_NOT_STRESS_DATA_AND_INACTIVE,ACTIVITY,2026-02-04T17:12:36,3600000,2700000,-12,EXERCISE_TRAINING_EFFECT_3,IMPROVING_AEROBIC_BASE,3615274803,2026-02-04T18:59:51,,,,,,,,,,15.0,18.0,11.0,11.0,2026-02-04T17:08:00.0,200,,,,,,,,,,,,,0,0,,,,,,,,,,,,,,,,,,,,,,,,,,,,,,,,,,,,,,,,,,,,,3615274803,2026-02-03T07:12:48,480,480,NO_CHANGE_NO_ADJUSTMENTS,NO_CHANGE,NO_CHANGE,NO_DATA,NO_CHANGE,0,1400,1420,1,3615274803,2026-02-04T18:59:51,480,480,NO_CHANGE_NO_ADJUSTMENTS,NO_CHANGE,NO_DATA,NO_DATA,NO_CHANGE,0,1400,1420,1,,,,,,,,,,,,,,,,5,3615274803,RUNNING,GENERIC,RUNNING,2,RECOVERY_2,0,25,LOW,FEEDBACK_1,179,396.0,211.20000000000002,264,0.6,1,RECOVERY_2,129031336,53.2,53.0,0,0,0,0,0,,35,0,0,0,2026-02-04T19:59:51.0,3615274803,HIGH,HIGH_RT_AVAILABLE_SS_UNKNOWN_SLEEP_HISTORY_POS,LOW_RECOVERY_NEEDS,75,,0,NONE,1901,48,MODERATE,100,VERY_GOOD,179,0,NONE,0,NONE,511,93,VERY_GOOD,0,AFTER_POST_EXERCISE_RESET,1,REACHED_ZERO,75,25,19.71254572412985,18.0,19.71254572412985,1.8,3,19.62414995709126,2,0,6,54,0,116.3,0,6,24.1,20.7,3.4,18.0,1,0,2026-02-04T00:00:00.0,1901,75,HIGH,LOW_RECOVERY_NEEDS,,93,0,511,0,179,100,5,,,42.2,18.3,19.0,-0.6,,,,,,,,68.0,,,,,,,,,,,,,129031336,53.2,53.0,0,0,0,0,0,35,0,0,0,53.2,,,,,,,,,,,,,,,,,,,,,,,Chevrières Course à pied,running,21765328149,,,,,,,,,,,,,,,,,,,,,,,,,
2026-02-05,2730.0,580.0,2150.0,2150.0,,14905,,0.0,580.0,2,private,5140,2026-02-04T23:00:00.0,2026-02-05T00:00:00.0,2026-02-05T23:00:00.0,2026-02-06T00:00:00.0,86400000,0,0,86400,0,1,1,0,0,0,0,0.0,0.0,0.0,0.0,150,10,,,,,-1,,,,,86340,86340,,,,0.0,0.0,0.0,100.0,0.0,0.0,0.0,UNKNOWN,0,0,,,,,,,,,,3.0,38.0,2026-02-05T20:00:11,HIGH,NO_DATA,NO_DATA,,,,,,,,,,,,,,,,,,,,,,,,,,,,,,,,,,,,,,,,0,0,,,,,,,,,,,,,,,,,,,,,,,,,,,,,,,,,,,,,,,,,,,,,3615274803,2026-02-04T18:59:51,480,480,NO_CHANGE_NO_ADJUSTMENTS,NO_CHANGE,NO_DATA,NO_DATA,NO_CHANGE,0,1400,1420,1,3615274803,2026-02-05T07:02:48,480,480,NO_CHANGE_NO_ADJUSTMENTS,NO_CHANGE,NO_DATA,NO_DATA,NO_CHANGE,0,1400,1420,1,,,,,,,,,,,,,,,,4,3615274803,RUNNING,GENERIC,RUNNING,2,MAINTAINING_3,0,33,OPTIMAL,FEEDBACK_2,223,396.0,211.20000000000002,264,0.8,1,MAINTAINING_3,129031336,53.2,53.0,0,0,0,0,0,,38,0,0,0,2026-02-05T08:02:48.0,3615274803,HIGH,HIGH_RT_AVAILABLE_SS_UNKNOWN_SLEEP_HISTORY_POS,LOW_RECOVERY_NEEDS,84,,0,NONE,1179,68,MODERATE,100,VERY_GOOD,153,0,NONE,0,NONE,511,93,VERY_GOOD,0,AFTER_WAKEUP_RESET,1,,84,25,19.71254572412985,18.0,19.71254572412985,1.8,3,19.62414995709126,2,0,6,54,0,116.3,0,6,24.1,20.7,3.4,18.0,1,0,2026-02-04T00:00:00.0,1179,84,HIGH,LOW_RECOVERY_NEEDS,,93,0,511,0,153,100,4,,,25.2,18.5,19.9,-1.4,,,,,,,,74.0,,,,,,,,,,,,,129031336,,,,0,0,0,0,38,0,0,0,,,,,,,,,,,,,,,,,,,,580.0,,,,,,,,,,,,,55.0,55.0,1,55.0,55.0,1,,,,,,,,,,,,,
2026-02-06,2249.0,99.0,2150.0,2249.0,2925,2429,2429,99.0,99.0,2,private,5140,2026-02-05T23:00:00.0,2026-02-06T00:00:00.0,2026-02-06T23:00:00.0,2026-02-07T00:00:00.0,86400000,392,1010,84998,0,1,0,0,0,1,1,14.327,18.032,4.70046,5.91601,150,10,54,128,68,60,51,85,19020,2100,3420,61860,86400,8280,9120,1620,22.01,2.43,3.96,71.6,9.58,10.56,1.88,UNKNOWN,24540,0,58,124,0,56,88,32,32,,,3.0,36.0,2026-02-06T22:13:53,MODERATE,NO_DATA,NO_DATA,,,,,,,,,,,,,,,,,,,,,,12.0,21.0,7.0,12.0,2026-02-06T18:41:00.0,200,,,,,,,,,,,,,0,0,,,,,,,,,,,,,,,,,,,,,,,,,,,,,,,,,,,,,,,,,,,,,3615274803,2026-02-05T07:02:48,480,480,NO_CHANGE_NO_ADJUSTMENTS,NO_CHANGE,NO_DATA,NO_DATA,NO_CHANGE,0,1400,1420,1,3615274803,2026-02-06T06:37:49,480,480,NO_CHANGE_NO_ADJUSTMENTS,NO_CHANGE,NO_DATA,NO_DATA,NO_CHANGE,0,1400,1420,1,,,,,,,,,,,,,,,,4,3615274803,RUNNING,GENERIC,RUNNING,2,MAINTAINING_3,0,29,LOW,FEEDBACK_1,190,378.0,201.60000000000002,252,0.7,1,MAINTAINING_3,129031336,53.2,53.0,0,0,0,0,0,,11,0,0,0,2026-02-06T07:37:48.0,3615274803,HIGH,HIGH_RT_AVAILABLE_SS_UNKNOWN_ACWR_POS,WELL_RECOVERED,88,,0,NONE,1,99,GOOD,100,VERY_GOOD,127,0,NONE,0,NONE,511,0,NONE,0,AFTER_WAKEUP_RESET,1,,88,25,18.760229118889242,18.0,19.71254572412985,2.0,3,19.62414995709126,2,0,6,54,0,116.5,0,6,24.1,20.7,3.4,18.0,1,0,2026-02-06T00:00:00.0,1,88,HIGH,WELL_RECOVERED,,0,0,511,0,127,100,4,,,0.0,18.0,17.0,1.0,,,,,,,,,,,,,,,,,,,,,,,,,,,,,,,,,,,,,,,,,,,,,,,,,,,,,,,,,,,,,,,,,55.0,55.0,1,,,,,,,,,,,,,,,,
2026-02-07,2238.0,88.0,2150.0,2238.0,5261,4319,4319,88.0,88.0,2,private,4700,2026-02-06T23:00:00.0,2026-02-07T00:00:00.0,2026-02-07T23:00:00.0,2026-02-08T00:00:00.0,86400000,760,1486,84154,0,1,0,0,0,0,0,30.804,33.946,10.1063,11.13714,150,10,56,111,64,61,35,90,24840,10080,6120,45360,86400,19140,5280,420,28.75,11.67,7.08,52.5,22.15,6.11,0.49,BALANCED_AWAKE,41040,0,57,109,0,49,85,36,36,,,3.0,25.0,2026-02-07T20:00:29,HIGH,SLEEP_PREPARATION_RECOVERING_AND_INACTIVE,SLEEP_PREPARATION_RECOVERING_AND_INACTIVE,,,,,,,,,,,,,,,,,,,,,,14.0,23.0,8.0,14.0,2026-02-07T20:30:00.0,200,,,,,,,,,,,,,0,0,,,,,,,,,,,,,,,,,,,,,,,,,,,,,,,,,,,,,,,,,,,,,3615274803,2026-02-06T06:37:49,480,480,NO_CHANGE_NO_ADJUSTMENTS,NO_CHANGE,NO_DATA,NO_DATA,NO_CHANGE,0,1400,1420,1,3615274803,2026-02-07T18:09:03,480,480,NO_CHANGE_NO_ADJUSTMENTS,NO_CHANGE,NO_DATA,NO_DATA,NO_CHANGE,0,1400,1420,1,,,,,,,,,,,,,,,,5,3615274803,RUNNING,GENERIC,RUNNING,2,RECOVERY_2,0,25,LOW,FEEDBACK_1,163,360.0,192.0,240,0.6,1,RECOVERY_2,129031336,53.2,53.0,0,0,0,0,0,,17,0,0,0,2026-02-07T19:09:03.0,3615274803,HIGH,HIGH_RT_AVAILABLE_SS_UNKNOWN,WELL_RECOVERED,83,,0,NONE,0,100,VERY_GOOD,100,VERY_GOOD,163,0,NONE,0,NONE,511,0,NONE,0,AFTER_POST_EXERCISE_RESET,1,,83,25,19.87566277490826,18.0,18.760229118889242,1.8,3,19.62414995709126,2,0,6,55,0,108.1,0,6,24.1,20.7,3.4,18.0,1,0,2026-02-07T00:00:00.0,0,83,HIGH,WELL_RECOVERED,,0,0,511,0,163,100,5,,,0.0,17.6,14.6,3.0,,,,,,,,,,,,,,,,,,,,,,,,,,,,,,,,,,,,,,,,,,,,,,,,,,,,,,,,,,,,,,,,,55.0,55.0,1,,,,,,,,,,,,,,,,
2026-02-08,2918.0,768.0,2150.0,2918.0,9975,11424,11424,768.0,768.0,2,private,4760,2026-02-07T23:00:00.0,2026-02-08T00:00:00.0,2026-02-08T23:00:00.0,2026-02-09T00:00:00.0,86400000,3600,323,82477,0,1,1,0,0,1,61,87.711,85.829,28.77657,28.15912,150,10,88,163,64,62,-1,,,,4080,82320,86400,,,,0.0,0.0,4.72,95.28,0.0,0.0,0.0,UNKNOWN,4080,0,88,162,0,13,52,39,39,,,3.0,32.0,2026-02-08T20:00:14,MODERATE,NO_DATA,NO_DATA,2026-02-08T00:16:28,HIGH,SLEEP_TIME_PASSED_NOT_STRESS_DATA_AND_INACTIVE,ACTIVITY,2026-02-08T14:43:24,3600000,3540000,-13,EXERCISE_TRAINING_EFFECT_3,IMPROVING_AEROBIC_ENDURANCE,3615274803,2026-02-08T15:45:18,,,,,,,,,,,,,,,,,,,,,,,,,,,,0,0,,,,,,,,,,,,,,,,,,,,,,,,,,,,,,,,,,,,,,,,,,,,,3615274803,2026-02-07T18:09:03,480,480,NO_CHANGE_NO_ADJUSTMENTS,NO_CHANGE,NO_DATA,NO_DATA,NO_CHANGE,0,1400,1420,1,3615274803,2026-02-08T15:45:18,480,480,NO_CHANGE_NO_ADJUSTMENTS,NO_CHANGE,NO_DATA,NO_DATA,NO_CHANGE,0,1390,1410,1,,,,,,,,,,,,,,,,4,3615274803,RUNNING,GENERIC,RUNNING,2,MAINTAINING_3,0,52,OPTIMAL,FEEDBACK_2,313,390.0,208.0,260,1.2,1,MAINTAINING_3,129031336,53.3,53.0,0,0,0,0,0,,29,0,0,0,2026-02-08T16:45:18.0,3615274803,MODERATE,MOD_RT_MOD_SS_UNKNOWN,RECOVERY_IN_PROGRESS,54,,0,NONE,2016,45,MODERATE,82,GOOD,313,0,NONE,0,NONE,511,0,NONE,0,AFTER_POST_EXERCISE_RESET,1,REACHED_ZERO,54,25,19.87566277490826,18.0,19.87566277490826,1.8,3,19.62414995709126,2,0,6,55,0,118.3,0,6,24.1,20.7,3.4,18.0,1,0,2026-02-08T00:00:00.0,2016,54,MODERATE,RECOVERY_IN_PROGRESS,,0,0,511,0,313,82,4,,,64.8,18.7,21.8,-3.0,,,,,,,,89.0,,,,,,,,,,,,,129031336,53.3,53.0,0,0,0,0,0,29,0,0,0,53.3,,,,,,,,,,,,,,,,,,,,,,,Chevrières Course à pied,running,21805062287,,,,,,,55.0,55.0,1,,,,,,,,,,,,,,,,
2026-02-09,2150.0,0.0,2150.0,2150.0,,,,0.0,0.0,2,private,5810,2026-02-08T23:00:00.0,2026-02-09T00:00:00.0,2026-02-09T23:00:00.0,2026-02-10T00:00:00.0,86400000,0,0,86400,0,1,0,0,0,0,0,0.0,0.0,0.0,0.0,150,10,,,,,-1,,,,,86400,86400,,,,0.0,0.0,0.0,100.0,0.0,0.0,0.0,UNKNOWN,0,0,,,,,,,,,,,37.0,2026-02-09T20:00:13,HIGH,NO_DATA,NO_DATA,,,,,,,,,,,,,,,,,,,,,,,,,,,,,,,,,,,,,,,,0,0,,,,,,,,,,,,,,,,,,,,,,,,,,,,,,,,,,,,,,,,,,,,,3615274803,2026-02-08T15:45:18,480,480,NO_CHANGE_NO_ADJUSTMENTS,NO_CHANGE,NO_DATA,NO_DATA,NO_CHANGE,0,1390,1410,1,3615274803,2026-02-09T06:47:48,480,480,NO_CHANGE_NO_ADJUSTMENTS,NO_CHANGE,NO_DATA,NO_DATA,NO_CHANGE,0,1390,1410,1,,,,,,,,,,,,,,,,4,3615274803,RUNNING,GENERIC,RUNNING,2,MAINTAINING_3,0,42,OPTIMAL,FEEDBACK_2,268,375.0,200.0,250,1.0,1,MAINTAINING_3,129031336,53.3,53.0,0,0,0,0,0,,38,0,0,0,2026-02-09T20:56:48.0,3615274803,HIGH,HIGH_RT_AVAILABLE_SS_UNKNOWN,WELL_RECOVERED,75,,0,NONE,326,91,GOOD,88,GOOD,268,0,NONE,0,NONE,511,0,NONE,0,UPDATE_REALTIME_VARIABLES,1,,75,25,19.87566277490826,18.0,19.87566277490826,1.8,3,19.62414995709126,2,0,6,55,0,118.3,0,6,24.1,20.7,3.4,18.0,1,0,2026-02-08T00:00:00.0,326,75,HIGH,WELL_RECOVERED,,0,0,511,0,268,88,4,,,0.0,18.3,18.6,-0.4,,,,,,,,,,,,,,,,,,,,,,,,,,,,,,,,,,,,,,,,,,,,,,,,,,,,,,,,,,,,,,,,,55.0,55.0,1,,,,,,,,,,,,,,,,
2026-02-10,2150.0,0.0,2150.0,2150.0,9,7,7,0.0,0.0,2,private,5810,2026-02-09T23:00:00.0,2026-02-10T00:00:00.0,2026-02-10T23:00:00.0,2026-02-11T00:00:00.0,86400000,2,0,86398,0,1,0,0,0,0,0,0.0,0.0,0.0,0.0,150,10,74,74,,,-1,,,,,86400,86400,,,,0.0,0.0,0.0,100.0,0.0,0.0,0.0,UNKNOWN,0,0,74,74,0,3,70,67,67,,,3.0,38.0,2026-02-10T20:00:14,HIGH,NO_DATA,NO_DATA,,,,,,,,,,,,,,,,,,,,,,16.0,16.0,16.0,16.0,2026-02-10T10:30:00.0,200,,,,,,,,,,,,,0,0,,,,,,,,,,,,,,,,,,,,,,,,,,,,,,,,,,,,,,,,,,,,,3615274803,2026-02-09T06:47:48,480,480,NO_CHANGE_NO_ADJUSTMENTS,NO_CHANGE,NO_DATA,NO_DATA,NO_CHANGE,0,1390,1410,1,3615274803,2026-02-10T06:52:48,480,480,NO_CHANGE_NO_ADJUSTMENTS,NO_CHANGE,NO_DATA,NO_DATA,NO_CHANGE,0,1390,1410,1,,,,,,,,,,,,,,,,4,3615274803,RUNNING,GENERIC,RUNNING,2,MAINTAINING_2,0,38,OPTIMAL,FEEDBACK_2,224,360.0,192.0,240,0.9,1,MAINTAINING_2,129031336,53.3,53.0,0,0,0,0,0,,38,0,0,0,2026-02-10T07:52:48.0,3615274803,HIGH,HIGH_RT_AVAILABLE_SS_UNKNOWN,WELL_RECOVERED,79,,0,NONE,1,99,GOOD,94,GOOD,224,0,NONE,0,NONE,511,0,NONE,0,AFTER_WAKEUP_RESET,1,,79,25,19.87566277490826,18.0,19.87566277490826,1.8,3,19.62414995709126,2,0,6,55,0,118.3,0,6,24.1,20.7,3.4,18.0,1,0,2026-02-08T00:00:00.0,1,79,HIGH,WELL_RECOVERED,,0,0,511,0,224,94,4,,,0.0,17.9,16.0,1.9,,,,,,,,,,,,,,,,,,,,,,,,,,,,,,,,,,,,,,,,,,,,,,,,,,,,,,,,,,,,,,,,,55.0,55.0,1,,,,,,,,,,,,,,,,
2026-02-11,631.0,0.0,631.0,631.0,,,,0.0,0.0,2,private,5810,2026-02-10T23:00:00.0,2026-02-11T00:00:00.0,2026-02-11T06:03:00.0,2026-02-11T07:03:00.0,25380000,0,0,25380,0,1,0,0,0,0,0,0.0,0.0,0.0,0.0,150,10,,,,,-1,,,,,25380,25380,,,,0.0,0.0,0.0,100.0,0.0,0.0,0.0,UNKNOWN,0,0,,,,,,,,,,,38.0,2026-02-11T04:23:03,MODERATE,,EARLY_MORNING_NO_DATA,,,,,,,,,,,,,,,,,,,,,,,,,,,,,,,,,,,,,,,,0,0,,,,,,,,,,,,,,,,,,,,,,,,,,,,,,,,,,,,,,,,,,,,,3615274803,2026-02-10T06:52:48,480,480,NO_CHANGE_NO_ADJUSTMENTS,NO_CHANGE,NO_DATA,NO_DATA,NO_CHANGE,0,1390,1410,1,,,,,,,,,,,,,,,,,,,,,,,,,,,,,4,3615274803,RUNNING,GENERIC,RUNNING,2,MAINTAINING_2,0,33,OPTIMAL,FEEDBACK_2,187,342.0,182.4,228,0.8,1,MAINTAINING_2,129031336,53.3,53.0,0,0,0,0,0,,0,0,0,0,,,,,,,,,,,,,,,,,,,,,,,,,,,,25,19.87566277490826,18.0,19.87566277490826,1.8,3,19.62414995709126,2,0,6,55,0,118.3,0,6,24.1,20.7,3.4,18.0,1,0,2026-02-08T00:00:00.0,,,,,,,,,,,,4,,,0.0,17.4,13.7,3.7,,,,,,,,,,,,,,,,,,,,,,,,,,,,,,,,,,,,,,,,,,,,,,,,,,,,,,,,,,,,,,,,,55.0,55.0,1,,,,,,,,,,,,,,,,
2026-02-12,,,,,,,,,0.0,,,,,,,,,,,,,0,0,0,0,,,,,,,,,,,,,,,,,,,,,,,,,,,,,,,,,,,,,,,,,,,,,,,,,,,,,,,,,,,,,,,,,,,,,,,,,,,,,,,,,,,,,,,0,0,,,,,,,,,,,,,,,,,,,,,,,,,,,,,,,,,,,,,,,,,,,,,,,,,,,,,,,,,,,,,,,,,,,,,,,,,,,,,,,,,,,,,,4,3615274803,RUNNING,GENERIC,RUNNING,2,MAINTAINING_4,0,25,LOW,FEEDBACK_1,151,328.5,175.20000000000002,219,0.6,1,MAINTAINING_4,129031336,53.3,53.0,0,0,0,0,0,,0,0,0,0,,,,,,,,,,,,,,,,,,,,,,,,,,,,25,19.87566277490826,18.0,19.87566277490826,1.8,3,19.62414995709126,2,0,6,55,0,118.3,0,6,24.1,20.7,3.4,18.0,1,0,2026-02-08T00:00:00.0,,,,,,,,,,,,4,,,0.0,17.0,11.7,5.3,,,,,,,,,,,,,,,,,,,,,,,,,,,,,,,,,,,,,,,,,,,,,,,,,,,,,,,,,,,,,,,,,55.0,55.0,1,,,,bf983d05-10a3-4c8f-ad3b-004c4f6dffcd,,,,,,,,,,,,
2026-02-13,2248.0,98.0,2150.0,2248.0,3364,2740,2740,98.0,98.0,2,private,5810,2026-02-12T23:00:00.0,2026-02-13T00:00:00.0,2026-02-13T23:00:00.0,2026-02-14T00:00:00.0,86400000,1298,298,81218,3586,1,0,0,0,0,0,13.496,0.0,4.42782,0.0,150,10,51,100,61,64,36,88,21180,15180,3360,3720,43440,13020,6900,1260,48.76,34.94,7.73,8.56,29.97,15.88,2.9,CALM_AWAKE,39720,0,55,100,6,34,62,28,34,,,3.0,167.0,2026-02-13T20:38:53,HIGH,SLEEP_PREPARATION_BALANCED_AND_INACTIVE,SLEEP_PREPARATION_BALANCED_AND_INACTIVE,,,,STRESS,2026-02-13T11:57:04,3600000,2280000,-6,STRESS,STRESSFUL_PERIOD,3615274803,2026-02-13T12:38:08,,,,,,,,,,14.0,23.0,7.0,16.0,2026-02-13T23:00:00.0,200,,,,,,,,,,,,,0,0,,,,,,,,,,,,,,,,,,,,,,,,,,,,,,,,,,,,,,,,,,,,,,,,,,,,,,,,,,3615274803,2026-02-13T11:16:14,480,480,NO_CHANGE_NO_ADJUSTMENTS,NO_CHANGE,NO_DATA,NO_DATA,NO_CHANGE,0,1390,1410,1,,,,,,,,,,,,,,,,5,3615274803,RUNNING,GENERIC,RUNNING,2,RECOVERY_2,0,20,LOW,FEEDBACK_1,114,328.5,175.20000000000002,219,0.5,1,RECOVERY_2,129031336,53.3,53.0,0,0,0,0,0,,198,0,0,0,2026-02-13T12:16:14.0,3615274803,HIGH,HIGH_RT_AVAILABLE_SS_UNKNOWN_ACWR_POS,WELL_RECOVERED,85,,0,NONE,1,99,GOOD,100,VERY_GOOD,114,0,NONE,0,NONE,511,0,NONE,0,AFTER_WAKEUP_RESET,1,,85,26,21.289569502314215,18.0,19.87566277490826,1.6,3,20.890190714938992,2,0,6,56,0,94.5,0,6,24.1,20.7,3.4,18.365128696434226,1,0,2026-02-13T00:00:00.0,1,85,HIGH,WELL_RECOVERED,,0,0,511,0,114,100,5,,,0.0,16.6,10.1,6.5,,,,,,,,,,,,,,,,,,,,,,,,,,,,,,,,,,,,,,,,,,,,,,,,,,,,,,,,,,,,,,,,,55.0,55.0,1,,,,,,,,,,,,,,,,
2026-02-14,2397.0,247.0,2150.0,2397.0,9614,7847,7847,247.0,247.0,2,private,5320,2026-02-13T23:00:00.0,2026-02-14T00:00:00.0,2026-02-14T23:00:00.0,2026-02-15T00:00:00.0,86400000,2585,1608,60593,21614,1,0,0,0,2,1,90.627,100.634,29.73327,33.0164,150,10,48,135,51,60,29,97,23880,24960,11040,26340,86220,15300,5940,2640,27.7,28.95,12.8,30.55,17.75,6.89,3.06,BALANCED,38520,21360,49,128,61,68,95,27,27,67,95,3.0,1011.0,2026-02-14T21:02:19,MODERATE,SLEEP_PREPARATION_NOT_STRESS_DATA_AND_INACTIVE,SLEEP_PREPARATION_NOT_STRESS_DATA_AND_INACTIVE,2026-02-14T22:00:29,MODERATE,SLEEP_TIME_PASSED_NOT_STRESS_DATA_AND_INACTIVE,SLEEP,2026-02-13T22:00:14,3600000,25200000,67,NONE,NONE,3615274803,2026-02-14T05:02:31,,,,,,,,,,13.0,22.0,7.0,13.0,2026-02-14T17:41:00.0,200,23460,0,1,1771020014000,1771045214000,1771023614000,1771048814000,0,3180,15600,4680,1740,1,0,1,16.0,9.0,22.0,1,12.0,ADULT,56.0,POSITIVE_RECOVERING,NONE,GENERAL_POS_FAIR_OR_POOR_SLEEP,FAIR,28800.0,28800.0,EXCELLENT,0.0,15.0,FAIR,0.0,1.0,76,FAIR,20,FAIR,21.0,31.0,4926.6,7272.6,FAIR,0.0,5.0,66,FAIR,30.0,64.0,7038.0,15014.4,14,FAIR,16.0,33.0,3753.6,7741.8,2,3615274803,2026-02-13T11:16:14,480,480,NO_CHANGE_NO_ADJUSTMENTS,NO_CHANGE,NO_DATA,NO_DATA,NO_CHANGE,0,1390,1410,1,3615274803,2026-02-14T05:02:31,480,480,NO_CHANGE_NO_ADJUSTMENTS,NO_CHANGE,NO_CHANGE,NO_DATA,NO_CHANGE,0,1390,1410,1,67,51,6.52,53,260,78,29,76,,77,110,NONE,ONBOARDING_2,2026-02-24T19:28:34.205,77,5,3615274803,RUNNING,GENERIC,RUNNING,2,RECOVERY_2,0,12,LOW,FEEDBACK_1,78,328.5,175.20000000000002,219,0.3,1,RECOVERY_2,129031336,53.3,53.0,0,0,0,0,0,,1516,0,0,0,2026-02-14T06:02:31.0,3615274803,HIGH,HIGH_RT_HIGHEST_SS_AVAILABLE_ACWR_POS,EXCELLENT_RECOVERY,87,76,64,MODERATE,1,99,GOOD,100,VERY_GOOD,78,0,NONE,0,NONE,511,0,NONE,1,AFTER_WAKEUP_RESET,1,NO_CHANGE_SLEEP,87,26,21.289569502314215,18.0,21.289569502314215,1.6,3,20.890190714938992,2,0,6,56,0,94.6,0,6,24.1,20.7,3.4,18.365128696434226,1,0,2026-02-14T00:00:00.0,1,87,HIGH,EXCELLENT_RECOVERY,76,0,0,511,0,78,100,5,NONE,,0.0,16.2,8.6,7.6,55,61,92,,61,92,,,,,,,,,,,,,,,,,,,,,,,,,,,,,,,,,,,,,,,,,,,,,,,,,,,,,,,,,,,55.0,55.0,1,,,,,,,,,,,,,,,,
2026-02-15,2150.0,0.0,2150.0,2150.0,17,14,14,0.0,0.0,2,private,5750,2026-02-14T23:00:00.0,2026-02-15T00:00:00.0,2026-02-15T23:00:00.0,2026-02-16T00:00:00.0,86400000,6,0,86394,0,1,0,0,0,0,0,0.0,0.0,0.0,0.0,150,10,,,,,-1,,,,4440,81960,86400,,,,0.0,0.0,5.14,94.86,0.0,0.0,0.0,UNKNOWN,4440,0,,,0,0,40,40,40,,,3.0,1516.0,2026-02-15T20:00:15,MODERATE,NO_DATA,NO_DATA,2026-02-14T23:15:14,HIGH,SLEEP_TIME_PASSED_NOT_STRESS_DATA_AND_INACTIVE,,,,,,,,,,,,,,,,,,,,,,,,,,,,,,,,,,,,,0,0,,,,,,,,,,,,,,,,,,,,,,,,,,,,,,,,,,,,,,,,,,,,,3615274803,2026-02-14T05:02:31,480,480,NO_CHANGE_NO_ADJUSTMENTS,NO_CHANGE,NO_CHANGE,NO_DATA,NO_CHANGE,0,1390,1410,1,3615274803,2026-02-15T06:35:24,480,480,NO_CHANGE_NO_ADJUSTMENTS,NO_CHANGE,NO_DATA,NO_DATA,NO_CHANGE,0,1390,1410,1,,,,,,,,,,,,,,,,1,3615274803,RUNNING,GENERIC,RUNNING,2,DETRAINING,0,8,LOW,FEEDBACK_1,53,328.5,175.20000000000002,219,0.2,1,DETRAINING,129031336,53.3,53.0,0,850,0,0,0,,1516,0,7,0,2026-02-15T07:35:24.0,3615274803,HIGH,HIGH_RT_AVAILABLE_SS_UNKNOWN_ACWR_POS,WELL_RECOVERED,89,,0,NONE,1,99,GOOD,100,VERY_GOOD,53,0,NONE,0,NONE,511,64,MODERATE,0,AFTER_WAKEUP_RESET,1,,89,26,21.289569502314215,18.0,21.289569502314215,1.6,3,20.890190714938992,2,0,6,56,0,94.6,0,6,24.1,20.7,3.4,18.365128696434226,1,0,2026-02-15T00:00:00.0,1,89,HIGH,WELL_RECOVERED,,64,0,511,0,53,100,1,,,0.0,15.8,7.4,8.4,,,,,,,,,,,,,,,,,,,,,,,,,,,,,,,,,,,,,,,,,,,,,,,,,,,,,,,,,,,ACCLIMATIZING,,,,,,55.0,55.0,1,,,,,,,,,,,,,,,,
2026-02-16,2737.0,591.0,2150.0,2737.0,5017,4192,4192,591.0,591.0,2,private,4760,2026-02-15T23:00:00.0,2026-02-16T00:00:00.0,2026-02-16T23:00:00.0,2026-02-17T00:00:00.0,86400000,651,2425,83324,0,1,0,0,0,52,4,57.912,86.793,19.0,28.47539,150,10,58,136,60,57,68,98,13800,120,42180,29220,85320,1860,6780,5160,16.17,0.14,49.44,34.25,2.18,7.95,6.05,VERY_STRESSFUL_AWAKE,56100,0,59,128,0,59,87,28,28,,,3.0,,2026-02-16T22:55:03,HIGH,SLEEP_PREPARATION_NOT_STRESS_DATA_AND_EXERCISE,SLEEP_PREPARATION_NOT_STRESS_DATA_AND_EXERCISE,,,,ACTIVITY,2026-02-16T08:57:54,3600000,7800000,-13,EXERCISE_TRAINING_EFFECT_BELOW_2,NONE,3615274803,2026-02-16T11:12:50,STRESS,2026-02-16T13:46:25,3600000,4860000,-8,STRESS,STRESSFUL_PERIOD,3615274803,2026-02-16T15:13:00,14.0,24.0,7.0,20.0,2026-02-16T21:18:00.0,200,,,,,,,,,,,,,0,0,,,,,,,,,,,,,,,,,,,,,,,,,,,,,,,,,,,,,,,,,,,,,3615274803,2026-02-15T06:35:24,480,480,NO_CHANGE_NO_ADJUSTMENTS,NO_CHANGE,NO_DATA,NO_DATA,NO_CHANGE,0,1390,1410,1,3615274803,2026-02-16T11:12:51,480,480,NO_CHANGE_NO_ADJUSTMENTS,NO_CHANGE,NO_DATA,NO_DATA,NO_CHANGE,0,1390,1410,1,,,,,,,,,,,,,,,,5,3615274803,RUNNING,GENERIC,RUNNING,2,RECOVERY_2,0,8,LOW,FEEDBACK_1,56,328.5,175.20000000000002,219,0.2,1,RECOVERY_2,129031336,53.3,53.0,0,1000,850,0,0,,1501,1516,29,7,2026-02-16T12:12:50.0,3615274803,HIGH,HIGH_RT_AVAILABLE_SS_UNKNOWN_ACWR_POS,WELL_RECOVERED,92,,0,NONE,166,95,GOOD,100,VERY_GOOD,56,0,NONE,0,NONE,511,64,MODERATE,0,AFTER_POST_EXERCISE_RESET,1,REACHED_ZERO,92,26,21.443745887853645,18.0,21.289569502314215,1.6,3,20.890190714938992,2,0,6,57,0,95.3,0,6,24.1,20.7,3.4,18.365128696434226,1,0,2026-02-16T00:00:00.0,166,92,HIGH,WELL_RECOVERED,,64,0,511,0,56,100,5,,,27.8,16.1,10.3,5.8,,,,,,,,,,,,,,,,,,,,,,,,,,,,,,,,,,,,,,,,,,,,,,,,,,,,,,,,de-Haute-Provence - Espace Lumiere Ski,resort_skiing,21973565832,ACCLIMATIZING,,,,,,55.0,55.0,1,,,,,,,,,,,,,,,,
2026-02-17,2569.0,419.0,2150.0,2569.0,8186,6864,6864,419.0,419.0,2,private,5610,2026-02-16T23:00:00.0,2026-02-17T00:00:00.0,2026-02-17T23:00:00.0,2026-02-18T00:00:00.0,86400000,1496,4084,80820,0,1,0,0,0,0,0,88.392,78.89,29.0,25.88255,150,10,62,122,61,58,72,97,17700,420,13620,54660,86400,1740,6960,9000,20.49,0.49,15.76,63.26,2.01,8.06,10.42,VERY_STRESSFUL_AWAKE,31740,0,63,119,0,59,85,26,26,,,3.0,1618.0,2026-02-17T20:00:17,MODERATE,SLEEP_PREPARATION_NOT_STRESS_DATA_AND_ACTIVE_AND_EXERCISE,SLEEP_PREPARATION_NOT_STRESS_DATA_AND_ACTIVE_AND_EXERCISE,2026-02-16T23:30:09,HIGH,SLEEP_TIME_PASSED_NOT_STRESS_DATA_AND_EXERCISE,STRESS,2026-02-17T08:27:34,3600000,2100000,-7,STRESS,STRESSFUL_PERIOD,3615274803,2026-02-17T09:06:05,,,,,,,,,,13.0,23.0,7.0,9.0,2026-02-17T17:58:00.0,200,,,,,,,,,,,,,0,0,,,,,,,,,,,,,,,,,,,,,,,,,,,,,,,,,,,,,,,,,,,,,3615274803,2026-02-16T11:12:51,480,480,NO_CHANGE_NO_ADJUSTMENTS,NO_CHANGE,NO_DATA,NO_DATA,NO_CHANGE,0,1390,1410,1,3615274803,2026-02-17T06:45:24,480,480,NO_CHANGE_NO_ADJUSTMENTS,NO_CHANGE,NO_DATA,NO_DATA,NO_CHANGE,0,1390,1410,1,,,,,,,,,,,,,,,,5,3615274803,RUNNING,GENERIC,RUNNING,2,RECOVERY_2,0,4,LOW,FEEDBACK_1,36,328.5,175.20000000000002,219,0.1,1,RECOVERY_2,129031336,53.3,53.0,0,1000,1000,0,0,,1514,1501,29,29,2026-02-17T07:45:24.0,3615274803,HIGH,HIGH_RT_AVAILABLE_SS_UNKNOWN_ACWR_POS,WELL_RECOVERED,94,,0,NONE,1,99,GOOD,100,VERY_GOOD,36,0,NONE,0,NONE,511,0,NONE,0,AFTER_WAKEUP_RESET,1,,94,26,21.443745887853645,18.0,21.443745887853645,1.6,3,20.890190714938992,2,0,6,57,0,95.3,0,6,24.1,20.7,3.4,18.365128696434226,1,0,2026-02-17T00:00:00.0,1,94,HIGH,WELL_RECOVERED,,0,0,511,0,36,100,5,,,0.0,15.7,8.8,6.9,,,,,,,,,,,,,,,,,,,,,,,,,,,,,,,,,,,,,,,,,,,,,,,,,,,,,,,,,,,ACCLIMATIZED,,,,,,55.0,55.0,1,,,,,,,,,,,,,,,,
2026-02-18,2517.0,367.0,2150.0,2517.0,5842,5034,5034,367.0,367.0,2,private,5870,2026-02-17T23:00:00.0,2026-02-18T00:00:00.0,2026-02-18T23:00:00.0,2026-02-19T00:00:00.0,86400000,1139,2908,82353,0,1,0,0,0,0,2,25.9,21.806,8.49738,7.1542,150,10,63,133,62,59,65,97,16380,60,12360,57540,86340,3960,7080,5340,18.97,0.07,14.32,66.64,4.59,8.2,6.18,UNKNOWN,28800,0,68,133,0,61,91,30,30,,,3.0,1717.0,2026-02-18T22:55:41,HIGH,SLEEP_PREPARATION_NOT_STRESS_DATA_AND_INACTIVE,SLEEP_PREPARATION_NOT_STRESS_DATA_AND_INACTIVE,2026-02-17T23:30:19,HIGH,SLEEP_TIME_PASSED_NOT_STRESS_DATA_AND_ACTIVE_AND_EXERCISE,STRESS,2026-02-18T13:41:19,3600000,3060000,-5,STRESS,STRESSFUL_PERIOD,3615274803,2026-02-18T14:35:51,,,,,,,,,,14.0,21.0,9.0,14.0,2026-02-18T16:42:00.0,200,,,,,,,,,,,,,0,0,,,,,,,,,,,,,,,,,,,,,,,,,,,,,,,,,,,,,,,,,,,,,3615274803,2026-02-17T06:45:24,480,480,NO_CHANGE_NO_ADJUSTMENTS,NO_CHANGE,NO_DATA,NO_DATA,NO_CHANGE,0,1390,1410,1,3615274803,2026-02-18T06:50:24,480,480,NO_CHANGE_NO_ADJUSTMENTS,NO_CHANGE,NO_DATA,NO_DATA,NO_CHANGE,0,1390,1410,1,,,,,,,,,,,,,,,,5,3615274803,RUNNING,GENERIC,RUNNING,2,RECOVERY_2,0,0,LOW,FEEDBACK_1,17,328.5,175.20000000000002,219,0.0,1,RECOVERY_2,129031336,53.3,53.0,0,1100,1000,0,0,,1554,1514,43,29,2026-02-18T07:50:24.0,3615274803,HIGH,HIGH_RT_AVAILABLE_SS_UNKNOWN_ACWR_POS,WELL_RECOVERED,94,,0,NONE,1,99,GOOD,100,VERY_GOOD,17,0,NONE,0,NONE,511,0,NONE,0,AFTER_WAKEUP_RESET,1,,94,26,21.443745887853645,18.0,21.443745887853645,1.5,3,20.890190714938992,2,0,6,57,0,88.5,0,6,24.1,20.7,3.4,18.365128696434226,1,0,2026-02-18T00:00:00.0,1,94,HIGH,WELL_RECOVERED,,0,0,511,0,17,100,5,,,0.0,15.4,7.6,7.8,,,,,,,,,,,,,,,,,,,,,,,,,,,,,,,,,,,,,,,,,,,,,,,,,,,,,,,,,,,ACCLIMATIZING,,,,,,55.0,55.0,1,,,,,,,,,,,,,,,,
2026-02-19,2150.0,0.0,2150.0,2150.0,,0,0,0.0,0.0,2,private,5870,2026-02-18T23:00:00.0,2026-02-19T00:00:00.0,2026-02-19T23:00:00.0,2026-02-20T00:00:00.0,86400000,0,0,86400,0,1,0,0,0,0,0,0.0,0.0,0.0,0.0,150,10,73,73,,,-1,,,,,86400,86400,,,,0.0,0.0,0.0,100.0,0.0,0.0,0.0,UNKNOWN,0,0,73,73,0,1,83,82,82,,,3.0,1522.0,2026-02-19T20:00:16,HIGH,NO_DATA,NO_DATA,2026-02-18T23:30:19,HIGH,SLEEP_TIME_PASSED_NOT_STRESS_DATA_AND_INACTIVE,,,,,,,,,,,,,,,,,,,18.0,18.0,18.0,18.0,2026-02-19T07:42:00.0,200,,,,,,,,,,,,,0,0,,,,,,,,,,,,,,,,,,,,,,,,,,,,,,,,,,,,,,,,,,,,,3615274803,2026-02-18T06:50:24,480,480,NO_CHANGE_NO_ADJUSTMENTS,NO_CHANGE,NO_DATA,NO_DATA,NO_CHANGE,0,1390,1410,1,3615274803,2026-02-19T06:55:24,480,480,NO_CHANGE_NO_ADJUSTMENTS,NO_CHANGE,NO_DATA,NO_DATA,NO_CHANGE,0,1390,1410,1,,,,,,,,,,,,,,,,5,3615274803,RUNNING,GENERIC,RUNNING,2,RECOVERY_2,0,0,LOW,FEEDBACK_1,14,328.5,175.20000000000002,219,0.0,1,RECOVERY_2,129031336,53.3,53.0,0,1200,1100,0,0,,1516,1554,53,43,2026-02-19T07:55:24.0,3615274803,HIGH,HIGH_RT_AVAILABLE_SS_UNKNOWN_ACWR_POS,WELL_RECOVERED,94,,0,NONE,1,99,GOOD,100,VERY_GOOD,14,0,NONE,0,NONE,511,0,NONE,0,AFTER_WAKEUP_RESET,1,,94,26,21.443745887853645,18.0,21.443745887853645,1.5,3,20.890190714938992,2,0,6,57,0,88.5,0,6,24.1,20.7,3.4,18.365128696434226,1,0,2026-02-19T00:00:00.0,1,94,HIGH,WELL_RECOVERED,,0,0,511,0,14,100,5,,,0.0,15.0,6.5,8.5,,,,,,,,,,,,,,,,,,,,,,,,,,,,,,,,,,,,,,,,,,,,,,,,,,,,,,,,,,,ACCLIMATIZING,,,,,,55.0,55.0,1,,,,,,,,,,,,,,,,
2026-02-20,3351.0,1201.0,2150.0,3351.0,1152,55440,952,1201.0,1201.0,2,private,5870,2026-02-19T23:00:00.0,2026-02-20T00:00:00.0,2026-02-20T23:00:00.0,2026-02-21T00:00:00.0,86400000,58,759,85583,0,1,1,0,0,164,3,23.059,25.935,7.56529,8.50886,150,10,70,128,63,59,70,93,4560,,12000,69360,85920,480,2460,1620,5.31,0.0,13.97,80.73,0.56,2.86,1.89,UNKNOWN,16560,0,73,125,0,44,87,43,43,,,3.0,1684.0,2026-02-20T22:09:01,HIGH,SLEEP_PREPARATION_NOT_STRESS_DATA_AND_EXERCISE,SLEEP_PREPARATION_NOT_STRESS_DATA_AND_EXERCISE,,,,ACTIVITY,2026-02-20T09:37:22,3600000,23640000,-25,EXERCISE_TRAINING_EFFECT_BELOW_2,EASY_AEROBIC,3615274803,2026-02-20T16:12:11,,,,,,,,,,13.0,20.0,8.0,14.0,2026-02-20T09:33:00.0,200,,,,,,,,,,,,,0,0,,,,,,,,,,,,,,,,,,,,,,,,,,,,,,,,,,,,,,,,,,,,,3615274803,2026-02-19T06:55:24,480,480,NO_CHANGE_NO_ADJUSTMENTS,NO_CHANGE,NO_DATA,NO_DATA,NO_CHANGE,0,1390,1410,1,3615274803,2026-02-20T16:12:11,480,480,NO_CHANGE_NO_ADJUSTMENTS,NO_CHANGE,NO_DATA,NO_DATA,NO_CHANGE,0,1390,1410,1,,,,,,,,,,,,,,,,0,3615274803,,,NONE,0,NO_STATUS_2,0,0,LOW,FEEDBACK_1,21,328.5,175.20000000000002,219,0.0,1,NO_STATUS_2,129031336,53.3,53.0,0,1350,1200,0,0,,1511,1516,79,53,2026-02-20T17:12:11.0,3615274803,HIGH,HIGH_RT_AVAILABLE_SS_UNKNOWN_ACWR_POS,WELL_RECOVERED,94,,0,NONE,1,99,GOOD,100,VERY_GOOD,21,0,NONE,0,NONE,511,0,NONE,0,AFTER_POST_EXERCISE_RESET,1,REACHED_ZERO,94,26,21.443745887853645,18.0,21.443745887853645,1.5,3,20.890190714938992,2,0,6,57,0,89.0,0,6,24.1,20.7,3.4,18.365128696434226,1,0,2026-02-20T00:00:00.0,1,94,HIGH,WELL_RECOVERED,,0,0,511,0,21,100,0,,,83.9,16.6,17.6,-0.9,,,,,,,,590.0,,,,,,,,,,,,,,,,,,,,,,,,,,,,,,,,,,,,,,,,,,,,,,,,de-Haute-Provence - Espace Lumiere Ski,resort_skiing,21973567617,ACCLIMATIZING,,,,,,55.0,55.0,1,,,,,,,,,,,,,,,,
2026-02-21,2191.0,41.0,2150.0,2191.0,3106,2552,2552,41.0,41.0,2,private,4930,2026-02-20T23:00:00.0,2026-02-21T00:00:00.0,2026-02-21T23:00:00.0,2026-02-22T00:00:00.0,86400000,803,418,85179,0,1,0,0,0,0,0,29.281,30.539,9.60663,10.01936,150,10,49,103,61,61,27,89,15120,20100,3000,48120,86340,13140,1740,240,17.51,23.28,3.47,55.73,15.22,2.02,0.28,CALM_AWAKE,38220,0,54,103,2,36,84,50,50,,,3.0,525.0,2026-02-21T21:37:54,HIGH,SLEEP_PREPARATION_NOT_STRESS_DATA_AND_INACTIVE,SLEEP_PREPARATION_NOT_STRESS_DATA_AND_INACTIVE,2026-02-20T23:30:14,HIGH,SLEEP_TIME_PASSED_NOT_STRESS_DATA_AND_EXERCISE,,,,,,,,,,,,,,,,,,,14.0,21.0,6.0,19.0,2026-02-21T16:23:00.0,200,,,,,,,,,,,,,0,0,,,,,,,,,,,,,,,,,,,,,,,,,,,,,,,,,,,,,,,,,,,,,3615274803,2026-02-20T16:12:11,480,480,NO_CHANGE_NO_ADJUSTMENTS,NO_CHANGE,NO_DATA,NO_DATA,NO_CHANGE,0,1390,1410,1,3615274803,2026-02-21T07:45:24,480,480,NO_CHANGE_NO_ADJUSTMENTS,NO_CHANGE,NO_DATA,NO_DATA,NO_CHANGE,0,1390,1410,1,,,,,,,,,,,,,,,,0,3615274803,,,NONE,0,NO_STATUS_2,0,0,LOW,FEEDBACK_1,18,328.5,175.20000000000002,219,0.0,1,NO_STATUS_2,129031336,53.3,53.0,0,1350,1350,0,0,,0,1511,79,79,2026-02-21T08:45:24.0,3615274803,HIGH,HIGH_RT_AVAILABLE_SS_UNKNOWN_ACWR_POS,WELL_RECOVERED,94,,0,NONE,1,99,GOOD,100,VERY_GOOD,18,0,NONE,0,NONE,511,0,NONE,0,AFTER_WAKEUP_RESET,1,,94,26,21.59792227339309,18.0,21.443745887853645,1.5,3,20.890190714938992,2,0,6,58,0,89.0,0,6,24.1,20.7,3.4,18.365128696434226,1,0,2026-02-21T00:00:00.0,1,94,HIGH,WELL_RECOVERED,,0,0,511,0,18,100,0,,,0.0,16.2,15.0,1.2,,,,,,,,,,,,,,,,,,,,,,,,,,,,,,,,,,,,,,,,,,,,,,,,,,,,,,,,,,,ACCLIMATIZED,,,,,,55.0,55.0,1,,,,,,,,,,,,,,,,
2026-02-22,2150.0,0.0,2150.0,2150.0,,,,0.0,0.0,2,private,4570,2026-02-21T23:00:00.0,2026-02-22T00:00:00.0,2026-02-22T23:00:00.0,2026-02-23T00:00:00.0,86400000,0,0,86400,0,1,0,0,0,0,0,0.0,0.0,0.0,0.0,150,10,,,,,-1,,,,,74580,74580,,,,0.0,0.0,0.0,100.0,0.0,0.0,0.0,UNKNOWN,0,0,,,,,,,,,,,-6.0,2026-02-22T20:00:13,HIGH,NO_DATA,NO_DATA,2026-02-21T23:30:24,HIGH,SLEEP_TIME_PASSED_NOT_STRESS_DATA_AND_INACTIVE,,,,,,,,,,,,,,,,,,,,,,,,,,,,,,,,,,,,,0,0,,,,,,,,,,,,,,,,,,,,,,,,,,,,,,,,,,,,,,,,,,,,,3615274803,2026-02-21T07:45:24,480,480,NO_CHANGE_NO_ADJUSTMENTS,NO_CHANGE,NO_DATA,NO_DATA,NO_CHANGE,0,1390,1410,1,3615274803,2026-02-22T06:50:24,480,480,NO_CHANGE_NO_ADJUSTMENTS,NO_CHANGE,NO_DATA,NO_DATA,NO_CHANGE,0,1390,1410,1,,,,,,,,,,,,,,,,0,3615274803,,,NONE,0,NO_STATUS_2,0,0,LOW,FEEDBACK_1,15,328.5,175.20000000000002,219,0.0,1,NO_STATUS_2,129031336,53.3,53.0,0,1350,1350,0,0,,0,0,0,79,2026-02-22T07:50:24.0,3615274803,HIGH,HIGH_RT_AVAILABLE_SS_UNKNOWN_ACWR_POS,WELL_RECOVERED,94,,0,NONE,1,99,GOOD,100,VERY_GOOD,15,0,NONE,0,NONE,511,0,NONE,0,AFTER_WAKEUP_RESET,1,,94,26,21.59792227339309,18.0,21.59792227339309,1.3,3,20.890190714938992,3,0,6,58,0,74.1,0,6,24.1,20.7,3.4,18.365128696434226,1,0,2026-02-22T00:00:00.0,1,94,HIGH,WELL_RECOVERED,,0,0,511,0,15,100,0,,,0.0,15.8,12.9,3.0,,,,,,,,,,,,,,,,,,,,,,,,,,,,,,,,,,,,,,,,,,,,,,,,,,,,,,,,,,,ACCLIMATIZED,75,20.890190714938992,2,,,55.0,55.0,1,,,,,,,,,,,,,,,,
2026-02-23,2788.0,638.0,2150.0,2788.0,4144,4850,3375,638.0,638.0,2,private,4570,2026-02-22T23:00:00.0,2026-02-23T00:00:00.0,2026-02-23T23:00:00.0,2026-02-24T00:00:00.0,86400000,775,2691,78038,4896,1,1,0,0,1,37,19.815,22.967,6.50098,7.5351,150,10,55,165,61,62,41,95,22980,11700,7320,44400,86400,10980,8640,3360,26.6,13.54,8.47,51.39,12.71,10.0,3.89,BALANCED_AWAKE,37320,4680,56,164,7,65,87,22,29,,,3.0,3.0,2026-02-23T21:22:33,HIGH,SLEEP_PREPARATION_STRESSFUL_AND_INTENSIVE_EXERCISE,SLEEP_PREPARATION_STRESSFUL_AND_INTENSIVE_EXERCISE,,,,ACTIVITY,2026-02-23T17:19:10,3600000,2280000,-6,EXERCISE_TRAINING_EFFECT_3,IMPROVING_AEROBIC_BASE,3615274803,2026-02-23T17:57:24,,,,,,,,,,14.0,23.0,8.0,17.0,2026-02-23T23:00:00.0,200,,,,,,,,,,,,,0,0,,,,,,,,,,,,,,,,,,,,,,,,,,,,,,,,,,,,,,,,,,,,,3615274803,2026-02-22T06:50:24,480,480,NO_CHANGE_NO_ADJUSTMENTS,NO_CHANGE,NO_DATA,NO_DATA,NO_CHANGE,0,1390,1410,1,3615274803,2026-02-23T17:57:24,480,480,NO_CHANGE_NO_ADJUSTMENTS,NO_CHANGE,NO_DATA,NO_DATA,NO_CHANGE,0,1390,1410,1,,,,,,,,,,,,,,,,0,3615274803,,,NONE,0,NO_STATUS_2,0,20,LOW,FEEDBACK_1,130,328.5,175.20000000000002,219,0.5,1,NO_STATUS_2,129031336,53.3,53.0,0,1200,1350,0,0,,6,0,0,0,2026-02-23T18:57:24.0,3615274803,MODERATE,MOD_RT_MOD_OR_LOW_SS_UNKNOWN_ACWR_POS,BOOSTED_BY_LIGHTER_TRAINING,68,,0,NONE,1630,56,MODERATE,100,VERY_GOOD,130,0,NONE,0,NONE,511,0,NONE,0,AFTER_POST_EXERCISE_RESET,1,REACHED_ZERO,68,26,21.59792227339309,18.0,21.59792227339309,1.1,3,20.890190714938992,3,0,6,58,0,72.6,0,6,24.1,20.7,3.4,18.365128696434226,1,0,2026-02-23T00:00:00.0,1630,68,MODERATE,BOOSTED_BY_LIGHTER_TRAINING,,0,0,511,0,130,100,0,,,50.7,16.7,18.3,-1.6,,,,,,,,45.0,,,,,,,,,,,,,,,,,,,,,,,,,,,,,,,,,,,,,,,,,,,,,,,,Nat. piscine,lap_swimming,21973567772,DEACCLIMATIZING,75,20.890190714938992,2,,,55.0,55.0,1,,,,,,,,,,,,,,,,
2026-02-24,2951.0,801.0,2150.0,2951.0,9192,8514,8514,801.0,801.0,2,private,4490,2026-02-23T23:00:00.0,2026-02-24T00:00:00.0,2026-02-24T23:00:00.0,2026-02-25T00:00:00.0,86400000,2771,3071,49465,31093,1,1,0,0,7,46,51.048,32.275,16.74803,10.58891,150,10,52,173,55,60,33,97,28200,37260,10080,10800,86340,12180,10620,5400,32.66,43.15,11.67,12.51,14.11,12.3,6.25,BALANCED,44580,30960,53,173,61,63,85,22,27,58,85,3.0,11.0,2026-02-24T22:28:28,HIGH,SLEEP_PREPARATION_STRESSFUL_AND_INTENSIVE_EXERCISE,SLEEP_PREPARATION_STRESSFUL_AND_INTENSIVE_EXERCISE,2026-02-23T23:30:14,HIGH,SLEEP_TIME_PASSED_STRESSFUL_AND_INTENSIVE_EXERCISE,SLEEP,2026-02-23T21:38:24,3600000,32340000,59,NONE,NONE,3615274803,2026-02-24T06:38:22,ACTIVITY,2026-02-24T11:21:51,3600000,3060000,-11,EXERCISE_TRAINING_EFFECT_3,IMPROVING_ANAEROBIC_CAPACITY_AND_SPEED,3615274803,2026-02-24T12:13:09,14.0,22.0,7.0,18.0,2026-02-24T23:00:00.0,200,31858,0,1,1771882704000,1771915102000,1771886304000,1771918702000,0,3960,20880,7020,540,1,0,1,16.0,7.0,23.0,1,17.0,ADULT,60.0,POSITIVE_LONG_AND_REFRESHING,NONE,MOD_EXERCISE_POS_EXCELLENT_OR_GOOD_SLEEP_VIGOROUS_DURING_DAY,EXCELLENT,28800.0,28800.0,FAIR,0.0,15.0,EXCELLENT,0.0,1.0,85,GOOD,22,GOOD,21.0,31.0,6690.18,9875.98,GOOD,0.0,5.0,66,FAIR,30.0,64.0,9557.4,20389.12,12,FAIR,16.0,33.0,5097.28,10513.14,2,3615274803,2026-02-23T17:57:24,480,480,NO_CHANGE_NO_ADJUSTMENTS,NO_CHANGE,NO_DATA,NO_DATA,NO_CHANGE,0,1390,1410,1,3615274803,2026-02-24T12:13:10,480,500,INCREASED,TODAYS_LOAD,NO_CHANGE,NO_DATA,NO_CHANGE,1,1370,1410,1,59,55,8.85,66,348,117,9,85,,50,69,NONE,ONBOARDING_2,2026-02-24T19:28:35.69,50,0,3615274803,,,NONE,0,NO_STATUS_2,0,86,HIGH,FEEDBACK_4,404,328.5,175.20000000000002,219,1.8,1,NO_STATUS_2,129031336,53.3,53.0,0,1150,1200,0,0,,17,6,0,0,2026-02-24T19:54:24.0,3615274803,LOW,LOW_RT_HIGH_SS_GOOD_OR_MOD,HIGH_RECOVERY_NEEDS,26,85,80,GOOD,2861,30,POOR,49,MODERATE,404,0,NONE,0,NONE,511,0,NONE,1,UPDATE_REALTIME_VARIABLES,1,,26,26,21.752098658932535,18.0,21.59792227339309,1.0,3,20.890190714938992,3,0,6,59,0,72.3,0,6,24.1,20.7,3.4,18.365128696434226,1,0,2026-02-24T00:00:00.0,2861,26,LOW,HIGH_RECOVERY_NEEDS,85,0,0,511,0,404,49,0,NONE,,52.1,17.5,23.1,-5.6,55,61,91,,61,91,,76.0,HIIT,hiit,21973567890,,,,,,,,,,,,,,,,,,,,,,,,,,,,,,,,,,,,,,,,,,,,,,,,DEACCLIMATIZING,75,20.890190714938992,2,,,55.0,55.0,1,,,,,,,,,,,,,,,,
2026-02-25,2531.0,381.0,2150.0,2198.0,4573,16904,3766,52.0,381.0,2,private,4960,2026-02-24T23:00:00.0,2026-02-25T00:00:00.0,2026-02-25T23:00:00.0,2026-02-26T00:00:00.0,86400000,1069,865,56340,28126,1,1,0,0,0,0,38.179,48.966,12.52592,16.06496,150,10,51,97,54,59,29,81,31080,36060,6960,11640,85740,21420,9180,480,36.25,42.06,8.12,13.58,24.98,10.71,0.56,BALANCED,46080,28020,52,96,62,61,85,24,28,61,85,3.0,-2.0,2026-02-25T22:33:04,HIGH,SLEEP_PREPARATION_BALANCED_AND_EXERCISE,SLEEP_PREPARATION_BALANCED_AND_EXERCISE,2026-02-24T23:30:16,HIGH,SLEEP_TIME_PASSED_STRESSFUL_AND_INTENSIVE_EXERCISE,SLEEP,2026-02-24T22:00:09,3600000,28980000,61,NONE,NONE,3615274803,2026-02-25T06:14:23,,,,,,,,,,13.0,25.0,7.0,18.0,2026-02-25T23:00:00.0,200,28980,0,1,1771970409000,1771999389000,1771974009000,1772002989000,0,5100,19620,4260,0,1,0,1,16.0,7.0,21.0,0,15.0,ADULT,58.0,POSITIVE_LONG_AND_DEEP,POSITIVE_EXERCISE,MOD_EXERCISE_POS_EXCELLENT_OR_GOOD_SLEEP_VIGOROUS_DURING_DAY,EXCELLENT,28800.0,28800.0,GOOD,0.0,15.0,EXCELLENT,0.0,1.0,86,GOOD,15,FAIR,21.0,31.0,6085.8,8983.8,GOOD,0.0,5.0,68,FAIR,30.0,64.0,8694.0,18547.2,18,GOOD,16.0,33.0,4636.8,9563.4,2,3615274803,2026-02-24T12:13:10,480,500,INCREASED,TODAYS_LOAD,NO_CHANGE,NO_DATA,NO_CHANGE,1,1370,1410,1,3615274803,2026-02-25T16:45:53,480,480,NO_CHANGE_NO_ADJUSTMENTS,NO_CHANGE,NO_CHANGE,NO_DATA,NO_CHANGE,0,1390,1410,1,61,54,8.05,85,327,71,,86,,55,81,NONE,ONBOARDING_2,2026-02-25T16:45:08.709,55,0,3615274803,,,NONE,0,NO_STATUS_2,0,86,HIGH,FEEDBACK_4,410,328.5,175.20000000000002,219,1.8,1,NO_STATUS_2,129031336,53.3,53.0,0,1150,1150,0,0,,0,17,0,0,2026-02-25T17:45:53.0,3615274803,MODERATE,MOD_RT_MOD_SS_GOOD_ACWR_NEG,WELL_RESTED,50,86,82,GOOD,1263,66,MODERATE,47,MODERATE,410,65,MODERATE,0,NONE,511,80,GOOD,1,AFTER_POST_EXERCISE_RESET,1,,50,26,21.752098658932535,18.0,21.752098658932535,1.3,3,20.890190714938992,3,0,6,59,0,70.5,0,6,24.1,20.7,3.4,18.365128696434226,1,0,2026-02-25T00:00:00.0,1263,50,MODERATE,WELL_RESTED,86,80,0,511,65,410,47,0,NONE,,16.1,17.5,22.1,-4.6,55,61,91,,61,91,,46.0,,,,,,,,,,,,,129031336,,,,1150,1150,0,0,0,17,0,0,,,,,,,,,,,,,,,,,,,,333.0,,,,,,,ACCLIMATIZED,75,20.890190714938992,2,,ACCLIMATIZED,55.0,55.0,1,55.0,55.0,1,,,,,,,,,,,,,
2026-02-26,3290.0,1140.0,2150.0,3290.0,14476,15540,14709,1140.0,1140.0,2,private,4930,2026-02-25T23:00:00.0,2026-02-26T00:00:00.0,2026-02-26T23:00:00.0,2026-02-27T00:00:00.0,86400000,4085,3756,51116,27443,1,1,0,0,10,72,99.282,83.909,32.57283,27.5292,150,10,50,157,52,58,36,98,32220,30540,13080,10440,86280,10980,13800,7440,37.34,35.4,15.16,12.1,12.73,15.99,8.62,BALANCED,48540,27300,50,155,70,86,98,12,12,74,98,3.0,23.0,2026-02-26T21:50:53,LOW,SLEEP_PREPARATION_STRESSFUL_AND_INTENSIVE_EXERCISE,SLEEP_PREPARATION_STRESSFUL_AND_INTENSIVE_EXERCISE_AND_BB_LOW,2026-02-25T23:03:50,HIGH,SLEEP_TIME_PASSED_BALANCED_AND_EXERCISE,SLEEP,2026-02-25T22:14:23,3600000,30180000,74,NONE,NONE,3615274803,2026-02-26T06:39:30,ACTIVITY,2026-02-26T11:11:38,3600000,2820000,-11,EXERCISE_TRAINING_EFFECT_3,IMPROVING_AEROBIC_BASE,3615274803,2026-02-26T11:59:19,13.0,26.0,6.0,14.0,2026-02-26T23:00:00.0,200,29820,0,1,1772057663000,1772087843000,1772061263000,1772091443000,0,5520,18120,6180,360,1,0,1,16.0,9.0,22.0,1,15.0,ADULT,57.0,POSITIVE_LONG_AND_DEEP,NONE,MOD_EXERCISE_POS_EXCELLENT_OR_GOOD_SLEEP_MODERATE_DURING_DAY,EXCELLENT,28800.0,28800.0,GOOD,0.0,15.0,EXCELLENT,0.0,1.0,88,GOOD,21,FAIR,21.0,31.0,6262.2,9244.2,GOOD,0.0,5.0,61,GOOD,30.0,64.0,8946.0,19084.8,19,EXCELLENT,16.0,33.0,4771.2,9840.6,2,3615274803,2026-02-25T16:45:53,480,480,NO_CHANGE_NO_ADJUSTMENTS,NO_CHANGE,NO_CHANGE,NO_DATA,NO_CHANGE,0,1390,1410,1,3615274803,2026-02-26T18:27:46,480,510,INCREASED,HIGH_ACWR,NO_CHANGE,NO_DATA,NO_CHANGE,1,1360,1410,1,74,52,8.28,92,302,103,6,88,,69,96,NONE,ONBOARDING_2,2026-02-26T19:28:38.690,69,3,3615274803,RUNNING,GENERIC,RUNNING,2,OVERREACHING_5,0,100,VERY_HIGH,FEEDBACK_5,517,328.5,175.20000000000002,219,2.3,1,OVERREACHING_5,129031336,52.9,53.0,0,1050,1150,0,0,,48,0,0,0,2026-02-26T19:27:46.0,3615274803,LOW,LOW_RT_HIGH_SS_GOOD_OR_MOD,HIGH_RECOVERY_NEEDS,31,88,86,GOOD,2448,36,POOR,29,POOR,517,73,GOOD,0,NONE,511,81,GOOD,1,AFTER_POST_EXERCISE_RESET,1,NEW_EXERCISE,31,26,21.752098658932535,18.0,21.752098658932535,1.3,3,20.890190714938992,2,0,6,59,0,82.5,0,6,24.1,20.7,3.4,18.365128696434226,1,0,2026-02-26T00:00:00.0,2448,31,LOW,HIGH_RECOVERY_NEEDS,88,81,0,511,73,517,29,3,NONE,,67.1,18.7,28.5,-9.9,55,61,91,,61,91,,97.0,Aulnay-sous-Bois Course à pied,running,21996149433,ACTIVITY,2026-02-26T17:55:37,3600000,1920000,-4,EXERCISE_TRAINING_EFFECT_2,MAINTAINING_AEROBIC,3615274803,2026-02-26T18:27:45,129031336,52.9,53.0,0,1050,1150,0,0,48,0,0,0,52.9,,,,,,,,,,,,,,,,,,,,Nat. piscine,lap_swimming,21996149544,,,,DEACCLIMATIZING,,,,,DEACCLIMATIZING,55.0,55.0,1,,,,,129031336,3615274803,1,ONBOARDING,206,,,,,,,
2026-02-27,2741.0,591.0,2150.0,2741.0,7361,7310,7310,591.0,591.0,2,private,5890,2026-02-26T23:00:00.0,2026-02-27T00:00:00.0,2026-02-27T23:00:00.0,2026-02-28T00:00:00.0,86400000,2762,1510,59928,22200,1,1,0,0,4,34,26.207,25.406,8.5981,8.3353,150,10,51,171,57,57,37,98,26820,26460,8280,24780,86340,13260,8580,4980,31.06,30.65,9.59,28.7,15.36,9.94,5.77,BALANCED,39360,22200,55,170,43,40,53,10,15,43,53,3.0,14.0,2026-02-27T22:54:47,MODERATE,SLEEP_PREPARATION_NOT_STRESS_DATA_AND_INTENSIVE_EXERCISE,SLEEP_PREPARATION_NOT_STRESS_DATA_AND_INTENSIVE_EXERCISE,2026-02-27T02:28:05,HIGH,SLEEP_TIME_PASSED_STRESSFUL_AND_INACTIVE,SLEEP,2026-02-27T00:17:45,3600000,22200000,43,NONE,NONE,3615274803,2026-02-27T06:37:33,ACTIVITY,2026-02-27T11:25:37,3600000,2220000,-7,EXERCISE_TRAINING_EFFECT_3,IMPROVING_ANAEROBIC_CAPACITY_AND_SPEED,3615274803,2026-02-27T12:03:26,12.0,21.0,7.0,12.0,2026-02-27T17:39:00.0,200,22140,0,1,1772151465000,1772173665000,1772155065000,1772177265000,0,5880,14100,2160,60,1,0,1,16.0,10.0,21.0,0,21.0,ADULT,59.0,NEGATIVE_NOT_ENOUGH_REM,NEGATIVE_STRESSFUL_DAY,STRESS_NEG_GOOD_OR_WORSE_SLEEP_STRESSFUL_DAY,FAIR,28800.0,28800.0,FAIR,0.0,15.0,EXCELLENT,0.0,1.0,70,FAIR,10,POOR,21.0,31.0,4649.4,6863.4,EXCELLENT,0.0,5.0,64,GOOD,30.0,64.0,6642.0,14169.6,27,EXCELLENT,16.0,33.0,3542.4,7306.2,2,3615274803,2026-02-26T18:27:46,480,510,INCREASED,HIGH_ACWR,NO_CHANGE,NO_DATA,NO_CHANGE,1,1360,1410,1,3615274803,2026-02-27T12:03:26,480,540,HIGHLY_INCREASED,HIGH_ACWR,INCREASING,INCREASING,NO_CHANGE,1,1330,1410,1,43,57,6.15,98,235,36,1,70,56,52,66,UNBALANCED,HRV_UNBALANCED_10,2026-03-02T11:43:24.690,52,3,3615274803,RUNNING,GENERIC,RUNNING,2,OVERREACHING_5,0,100,VERY_HIGH,FEEDBACK_5,667,345.0,184.0,230,2.8,1,OVERREACHING_5,129031336,52.9,53.0,0,1050,1050,0,0,,5,48,0,0,2026-02-27T13:03:26.0,3615274803,POOR,POOR_HRV_UNBALANCED,TIME_TO_SLOW_DOWN,1,70,55,MODERATE,3228,25,POOR,13,POOR,667,64,MODERATE,45,MODERATE,56,84,GOOD,1,AFTER_POST_EXERCISE_RESET,1,NO_CHANGE_SLEEP,1,26,21.752098658932535,18.0,21.752098658932535,1.5,3,20.890190714938992,2,0,6,59,0,87.6,0,6,24.1,20.7,3.4,18.365128696434226,1,0,2026-02-27T00:00:00.0,3228,1,POOR,TIME_TO_SLOW_DOWN,70,84,45,56,64,667,13,3,UNBALANCED,56,42.1,19.2,30.5,-11.3,55,61,91,0.14750671,61,91,0.14750671,56.0,HIIT,hiit,22034149354,,,,,,,,,,,,,,,,,,,,,,,,,,,,,,,,,,,,,,,,,,,,,,,,ACCLIMATIZED,,,,,,55.0,55.0,1,,,,,129031336,3615274803,1,ONBOARDING,262,,,,,,,
2026-02-28,2202.0,52.0,2150.0,2202.0,3055,2506,2506,52.0,52.0,2,private,6190,2026-02-27T23:00:00.0,2026-02-28T00:00:00.0,2026-02-28T23:00:00.0,2026-03-01T00:00:00.0,86400000,879,357,85164,0,1,0,0,0,0,0,25.309,33.859,8.30348,11.1086,150,10,50,108,60,57,45,96,11040,2820,5340,64140,83340,6060,3360,1620,13.25,3.38,6.41,76.96,7.27,4.03,1.94,UNKNOWN,19200,0,55,105,0,25,60,35,35,,,3.0,-9.0,2026-02-28T20:00:13,MODERATE,NO_DATA,NO_DATA,2026-02-27T23:47:47,HIGH,SLEEP_TIME_PASSED_NOT_STRESS_DATA_AND_INTENSIVE_EXERCISE,,,,,,,,,,,,,,,,,,,14.0,22.0,7.0,18.0,2026-02-28T17:43:00.0,200,,,,,,,,,,,,,0,0,,,,,,,,,,,,,,,,,,,,,,,,,,,,,,,,,,,,,,,,,,,,,3615274803,2026-02-27T12:03:26,480,540,HIGHLY_INCREASED,HIGH_ACWR,INCREASING,INCREASING,NO_CHANGE,1,1330,1410,1,3615274803,2026-02-28T06:35:02,480,520,INCREASED,HIGH_ACWR,NO_DATA,NO_DATA,NO_CHANGE,1,1350,1410,1,,,,,,,,,56,,,UNBALANCED,HRV_UNBALANCED_8,2026-03-02T11:43:55.549,,3,3615274803,RUNNING,GENERIC,RUNNING,2,OVERREACHING_5,0,100,VERY_HIGH,FEEDBACK_5,584,346.5,184.8,231,2.5,1,OVERREACHING_5,129031336,52.9,53.0,0,1050,1050,0,0,,0,5,0,0,2026-02-28T12:44:02.0,3615274803,LOW,LOW_HRV_UNBALANCED,LISTEN_TO_YOUR_BODY,25,,0,NONE,1809,51,MODERATE,24,POOR,584,64,MODERATE,42,MODERATE,56,64,MODERATE,0,UPDATE_REALTIME_VARIABLES,1,,25,26,21.752098658932535,18.0,21.752098658932535,1.3,3,20.890190714938992,2,0,6,59,0,78.6,0,6,24.1,20.7,3.4,18.365128696434226,1,0,2026-02-28T00:00:00.0,1809,25,LOW,LISTEN_TO_YOUR_BODY,,64,42,56,64,584,24,3,UNBALANCED,56,0.0,18.8,26.1,-7.4,55,61,91,0.13594055,61,91,0.13594055,,,,,,,,,,,,,,,,,,,,,,,,,,,,,,,,,,,,,,,,,,,,,,,,,,,,ACCLIMATIZED,,,,,,55.0,55.0,1,,,,,129031336,3615274803,1,ONBOARDING,,,,,,,,
2026-03-01,2150.0,0.0,2150.0,2150.0,,0,0,0.0,0.0,2,private,5880,2026-02-28T23:00:00.0,2026-03-01T00:00:00.0,2026-03-01T23:00:00.0,2026-03-02T00:00:00.0,86400000,0,0,86400,0,1,0,0,0,0,0,0.0,0.0,0.0,0.0,150,10,,,,,-1,,,,,82800,82800,,,,0.0,0.0,0.0,100.0,0.0,0.0,0.0,UNKNOWN,0,0,,,,,,,,,,,-8.0,2026-03-01T20:00:13,MODERATE,NO_DATA,NO_DATA,,,,,,,,,,,,,,,,,,,,,,,,,,,,,,,,,,,,,,,,0,0,,,,,,,,,,,,,,,,,,,,,,,,,,,,,,,,,,,,,,,,,,,,,3615274803,2026-02-28T06:35:02,480,520,INCREASED,HIGH_ACWR,NO_DATA,NO_DATA,NO_CHANGE,1,1350,1410,1,3615274803,2026-03-01T06:40:02,480,510,INCREASED,HIGH_ACWR,NO_DATA,NO_DATA,NO_CHANGE,1,1360,1410,1,,,,,,,,,56,,,UNBALANCED,HRV_UNBALANCED_8,2026-03-02T11:44:20.469,,3,3615274803,RUNNING,GENERIC,RUNNING,2,OVERREACHING_5,0,100,VERY_HIGH,FEEDBACK_5,501,348.0,185.60000000000002,232,2.1,1,OVERREACHING_5,129031336,52.9,53.0,0,1000,1050,0,0,,0,0,0,0,2026-03-01T07:40:02.0,3615274803,LOW,LOW_HRV_UNBALANCED,LISTEN_TO_YOUR_BODY,34,,0,NONE,673,82,GOOD,35,POOR,501,68,MODERATE,41,MODERATE,56,55,MODERATE,0,AFTER_WAKEUP_RESET,1,,34,26,21.752098658932535,18.0,21.752098658932535,1.3,3,20.890190714938992,2,0,6,59,0,78.6,0,6,24.1,20.7,3.4,18.365128696434226,1,0,2026-03-01T00:00:00.0,673,34,LOW,LISTEN_TO_YOUR_BODY,,55,41,56,68,501,35,3,UNBALANCED,56,0.0,18.3,22.4,-4.1,55,62,91,0.13072205,62,91,0.13072205,,,,,,,,,,,,,,,,,,,,,,,,,,,,,,,,,,,,,,,,,,,,,,,,,,,,DEACCLIMATIZING,,,,,,55.0,55.0,1,,,,,129031336,3615274803,1,ONBOARDING,,,,,,,,
2026-03-02,2795.0,645.0,2150.0,2795.0,5711,5748,4656,645.0,645.0,2,private,5880,2026-03-01T23:00:00.0,2026-03-02T00:00:00.0,2026-03-02T23:00:00.0,2026-03-03T00:00:00.0,86400000,1085,2594,82524,197,1,1,0,0,2,46,21.982,16.473,7.21194,5.40453,150,10,58,146,60,56,43,92,25980,9300,8880,42240,86400,13320,10080,2580,30.07,10.76,10.28,48.89,15.42,11.67,2.99,BALANCED_AWAKE,44160,0,58,145,0,65,88,23,23,,,3.0,3.0,2026-03-02T20:00:11,MODERATE,SLEEP_PREPARATION_STRESSFUL_AND_EXERCISE,SLEEP_PREPARATION_STRESSFUL_AND_EXERCISE,,,,ACTIVITY,2026-03-02T17:43:40,3600000,2820000,-6,EXERCISE_TRAINING_EFFECT_2,MAINTAINING_AEROBIC_BASE,3615274803,2026-03-02T18:31:43,,,,,,,,,,14.0,22.0,7.0,17.0,2026-03-02T23:00:00.0,200,,,,,,,,,,,,,0,0,,,,,,,,,,,,,,,,,,,,,,,,,,,,,,,,,,,,,,,,,,,,,3615274803,2026-03-01T06:40:02,480,510,INCREASED,HIGH_ACWR,NO_DATA,NO_DATA,NO_CHANGE,1,1360,1410,1,3615274803,2026-03-02T18:31:45,480,500,INCREASED,HIGH_ACWR,NO_DATA,NO_DATA,NO_CHANGE,1,1370,1410,1,,,,,,,,,56,,,LOW,HRV_LOW_1,2026-03-02T11:44:38.916,,3,3615274803,RUNNING,GENERIC,RUNNING,2,OVERREACHING_2,0,93,HIGH,FEEDBACK_4,481,367.5,196.0,245,1.9,1,OVERREACHING_2,129031336,52.9,53.0,0,950,1000,0,0,,0,0,0,0,2026-03-02T19:31:45.0,3615274803,LOW,LOW_HRV_LOW,TAKE_IT_EASY,35,,0,NONE,1398,62,MODERATE,42,MODERATE,481,0,NONE,39,POOR,56,0,NONE,0,AFTER_POST_EXERCISE_RESET,1,REACHED_ZERO,35,26,21.752098658932535,18.0,21.752098658932535,1.5,3,20.890190714938992,2,0,6,59,0,86.3,0,6,24.1,20.7,3.4,18.365128696434226,1,0,2026-03-02T00:00:00.0,1398,35,LOW,TAKE_IT_EASY,,0,39,56,0,481,42,3,LOW,56,36.2,18.7,24.4,-5.6,56,62,90,0.12315369,62,90,0.12315369,45.0,,,,,,,,,,,,,,,,,,,,,,,,,,,,,,,,,,,,,,,,,,,,,,,,Nat. piscine,lap_swimming,22038590340,DEACCLIMATIZING,,,,,,55.0,55.0,1,,,,,129031336,3615274803,1,ONBOARDING,,,,,,,,
2026-03-03,2222.0,72.0,2150.0,2222.0,4086,3378,3378,72.0,72.0,2,private,5850,2026-03-02T23:00:00.0,2026-03-03T00:00:00.0,2026-03-03T23:00:00.0,2026-03-04T00:00:00.0,86400000,1193,509,58495,26203,1,0,0,0,0,0,34.135,29.971,11.19915,9.83301,150,10,47,103,51,56,31,93,37560,34920,4560,9360,86400,21120,13380,3060,43.47,40.42,5.28,10.83,24.44,15.49,3.54,BALANCED,50880,26160,48,99,80,78,100,22,25,77,100,3.0,-2.0,2026-03-03T22:47:56,HIGH,SLEEP_PREPARATION_STRESSFUL_AND_INACTIVE,SLEEP_PREPARATION_STRESSFUL_AND_INACTIVE,2026-03-03T00:18:49,HIGH,SLEEP_TIME_PASSED_STRESSFUL_AND_EXERCISE,SLEEP,2026-03-02T22:56:43,3600000,26400000,77,NONE,NONE,3615274803,2026-03-03T06:37:21,STRESS,2026-03-03T12:27:26,3600000,4380000,-11,STRESS,STRESSFUL_PERIOD,3615274803,2026-03-03T13:43:43,13.0,22.0,8.0,19.0,2026-03-03T23:00:00.0,200,26340,0,1,1772492203000,1772518603000,1772495803000,1772522203000,0,4200,15000,7140,60,1,0,1,16.0,8.0,20.0,0,12.0,ADULT,57.0,POSITIVE_LONG_AND_REFRESHING,NONE,MOD_EXERCISE_POS_EXCELLENT_OR_GOOD_SLEEP_VIGOROUS_DURING_DAY,GOOD,28800.0,28800.0,EXCELLENT,0.0,15.0,EXCELLENT,0.0,1.0,87,GOOD,27,EXCELLENT,21.0,31.0,5531.4,8165.4,EXCELLENT,0.0,5.0,57,EXCELLENT,30.0,64.0,7902.0,16857.6,16,GOOD,16.0,33.0,4214.4,8692.2,2,3615274803,2026-03-02T18:31:45,480,500,INCREASED,HIGH_ACWR,NO_DATA,NO_DATA,NO_CHANGE,1,1370,1410,1,3615274803,2026-03-03T06:37:21,480,500,INCREASED,HIGH_ACWR,NO_CHANGE,NO_CHANGE,NO_CHANGE,1,1370,1410,1,77,51,7.32,70,250,119,1,87,62,75,108,BALANCED,HRV_BALANCED_1,2026-03-03T06:37:44.266,75,7,3615274803,RUNNING,GENERIC,RUNNING,2,PRODUCTIVE_6,0,66,HIGH,FEEDBACK_4,392,369.0,196.8,246,1.5,1,PRODUCTIVE_6,129031336,52.9,53.0,0,950,950,0,0,,0,0,0,0,2026-03-03T07:37:21.0,3615274803,MODERATE,MOD_RT_LOW_SS_GOOD_ACWR_NEG,RECOVERED_AND_READY,58,87,84,GOOD,673,82,GOOD,64,MODERATE,392,0,NONE,78,GOOD,62,0,NONE,1,AFTER_WAKEUP_RESET,1,NO_CHANGE_SLEEP,58,26,21.752098658932535,18.0,21.752098658932535,1.6,3,20.890190714938992,2,0,6,59,0,86.3,0,6,24.1,20.7,3.4,18.365128696434226,1,0,2026-03-03T00:00:00.0,673,58,MODERATE,RECOVERED_AND_READY,87,0,78,62,0,392,64,7,BALANCED,62,0.0,18.3,20.9,-2.6,55,61,89,0.26785278,61,89,0.26785278,,,,,,,,,,,,,,,,,,,,,,,,,,,,,,,,,,,,,,,,,,,,,,,,,,,,ACCLIMATIZED,,,,,,55.0,55.0,1,,,,,129031336,3615274803,1,ONBOARDING,216,,,,,,,
2026-03-04,3314.0,1164.0,2150.0,2821.0,12282,33880,11831,671.0,1164.0,2,private,5500,2026-03-03T23:00:00.0,2026-03-04T00:00:00.0,2026-03-04T23:00:00.0,2026-03-05T00:00:00.0,86400000,3782,2053,52544,28021,1,1,0,0,4,46,97.775,83.044,32.07841,27.24541,150,10,46,161,51,55,32,96,30960,35340,8700,11160,86160,13500,12240,5220,35.93,41.02,10.1,12.95,15.67,14.21,6.06,BALANCED,50160,24840,48,156,86,82,100,18,29,75,100,3.0,21.0,2026-03-04T22:35:33,HIGH,SLEEP_PREPARATION_STRESSFUL_AND_INTENSIVE_EXERCISE,SLEEP_PREPARATION_STRESSFUL_AND_INTENSIVE_EXERCISE,2026-03-04T02:21:07,HIGH,SLEEP_TIME_PASSED_STRESSFUL_AND_INACTIVE,SLEEP,2026-03-03T23:08:21,3600000,24900000,75,NONE,NONE,3615274803,2026-03-04T06:04:06,ACTIVITY,2026-03-04T11:00:57,3600000,2760000,-13,EXERCISE_TRAINING_EFFECT_3,IMPROVING_AEROBIC_BASE,3615274803,2026-03-04T11:47:59,14.0,23.0,7.0,13.0,2026-03-04T23:00:00.0,200,24900,0,1,1772579301000,1772604201000,1772582901000,1772607801000,0,5940,13500,5460,0,1,0,1,15.0,8.0,18.0,0,9.0,ADULT,54.0,POSITIVE_RECOVERING,NONE,GENERAL_POS_EXCELLENT_OR_GOOD_SLEEP,FAIR,28800.0,28800.0,EXCELLENT,0.0,15.0,EXCELLENT,0.0,1.0,85,GOOD,22,GOOD,21.0,31.0,5229.0,7719.0,EXCELLENT,0.0,5.0,54,EXCELLENT,30.0,64.0,7470.0,15936.0,24,EXCELLENT,16.0,33.0,3984.0,8217.0,2,3615274803,2026-03-03T06:37:21,480,500,INCREASED,HIGH_ACWR,NO_CHANGE,NO_CHANGE,NO_CHANGE,1,1370,1410,1,3615274803,2026-03-04T11:48:00,480,480,NO_CHANGE_NO_ADJUSTMENTS,NO_CHANGE,NO_CHANGE,NO_CHANGE,NO_CHANGE,0,1390,1410,1,75,51,6.92,99,225,91,,85,67,74,114,BALANCED,HRV_BALANCED_2,2026-03-04T06:04:35.920,74,7,3615274803,CYCLING,GENERIC,CYCLING,3,PRODUCTIVE_9,0,73,HIGH,FEEDBACK_4,473,418.5,223.20000000000002,279,1.6,1,PRODUCTIVE_9,129031336,52.8,53.0,0,950,950,0,0,,31,0,0,0,2026-03-04T18:35:50.0,3615274803,MODERATE,MOD_RT_MOD_SS_GOOD_ACWR_NEG,WELL_RESTED,50,85,80,GOOD,1472,60,MODERATE,58,MODERATE,473,70,GOOD,100,VERY_GOOD,67,84,GOOD,1,UPDATE_REALTIME_VARIABLES,1,,50,26,21.752098658932535,18.0,21.752098658932535,1.8,3,20.890190714938992,2,0,6,59,0,94.0,0,6,24.1,20.7,3.4,18.365128696434226,1,0,2026-03-04T00:00:00.0,1472,50,MODERATE,WELL_RESTED,85,84,100,67,70,473,58,7,BALANCED,67,59.4,19.3,26.4,-7.1,54,60,88,0.375,60,88,0.375,131.0,Aulnay-sous-Bois Course à pied,running,22057382907,RECOVERY,2026-03-04T21:04:09,3600000,2940000,3,RECOVERY_EVENING,RESTFUL_PERIOD,3615274803,2026-03-04T21:57:36,129031336,52.8,53.0,0,950,950,0,0,31,0,0,0,52.8,,,,,,,,,,,,,,,,,,,493.0,,,,,,,ACCLIMATIZED,,,,,ACCLIMATIZED,56.0,56.0,1,56.0,56.0,1,,129031336,3615274803,1,ONBOARDING,216,,,,,,,
2026-03-05,2519.0,369.0,2150.0,2519.0,5502,4699,4699,369.0,369.0,2,private,6180,2026-03-04T23:00:00.0,2026-03-05T00:00:00.0,2026-03-05T23:00:00.0,2026-03-06T00:00:00.0,86400000,1757,1902,57482,25259,1,1,0,0,21,15,50.278,36.253,16.49541,11.89403,150,10,47,156,51,55,30,94,32940,35820,8040,9600,86400,18120,12120,2700,38.12,41.46,9.31,11.11,20.97,14.03,3.12,BALANCED,51780,25020,49,153,71,75,100,25,25,79,100,3.0,15.0,2026-03-05T22:58:08,HIGH,SLEEP_PREPARATION_BALANCED_AND_EXERCISE,SLEEP_PREPARATION_BALANCED_AND_EXERCISE,2026-03-05T00:24:16,HIGH,SLEEP_TIME_PASSED_STRESSFUL_AND_INTENSIVE_EXERCISE,SLEEP,2026-03-04T22:07:59,3600000,28380000,79,NONE,NONE,3615274803,2026-03-05T06:51:50,ACTIVITY,2026-03-05T11:19:26,3600000,2400000,-7,EXERCISE_TRAINING_EFFECT_2,EASY_AEROBIC,3615274803,2026-03-05T12:00:15,13.0,20.0,6.0,12.0,2026-03-05T22:56:00.0,200,28260,0,1,1772662079000,1772690459000,1772665679000,1772694059000,0,6420,14820,7020,120,1,0,1,15.0,7.0,19.0,0,9.0,ADULT,54.0,POSITIVE_HIGHLY_RECOVERING,POSITIVE_RESTFUL_EVENING,STRESS_POS_EXCELLENT_OR_GOOD_SLEEP_RESTFUL_EVENING,EXCELLENT,28800.0,28800.0,EXCELLENT,0.0,15.0,EXCELLENT,0.0,1.0,97,EXCELLENT,25,EXCELLENT,21.0,31.0,5934.6,8760.6,EXCELLENT,0.0,5.0,52,EXCELLENT,30.0,64.0,8478.0,18086.4,23,EXCELLENT,16.0,33.0,4521.6,9325.8,2,3615274803,2026-03-04T11:48:00,480,480,NO_CHANGE_NO_ADJUSTMENTS,NO_CHANGE,NO_CHANGE,NO_CHANGE,NO_CHANGE,0,1390,1410,1,3615274803,2026-03-05T12:00:17,480,480,NO_CHANGE_NO_ADJUSTMENTS,NO_CHANGE,NO_CHANGE,NO_CHANGE,NO_CHANGE,0,1390,1410,1,79,51,7.85,107,247,117,2,97,69,77,117,BALANCED,HRV_BALANCED_2,2026-03-05T06:51:58.232,77,7,3615274803,RUNNING,GENERIC,RUNNING,2,PRODUCTIVE_6,0,61,OPTIMAL,FEEDBACK_3,428,439.5,234.4,293,1.4,1,PRODUCTIVE_6,129031336,52.8,53.0,0,900,950,0,0,,4,31,0,0,2026-03-05T21:35:50.0,3615274803,HIGH,HIGH_RT_AVAILABLE_SS_HIGHEST,RESTED_AND_READY,75,97,97,VERY_GOOD,359,90,GOOD,71,GOOD,428,69,MODERATE,100,VERY_GOOD,69,81,GOOD,1,UPDATE_REALTIME_VARIABLES,1,,75,26,21.59792227339309,18.0,21.752098658932535,1.6,3,20.890190714938992,2,0,6,58,0,91.1,0,6,24.1,20.7,3.4,18.365128696434226,1,0,2026-03-05T00:00:00.0,359,75,HIGH,RESTED_AND_READY,97,81,100,69,69,428,71,7,BALANCED,69,21.7,19.3,25.7,-6.4,55,60,88,0.41070557,60,88,0.41070557,61.0,HIIT,hiit,22069393567,,,,,,,,,,,,,,,,,,,,,,,,,,,,,,,,,,,,,,,,,,,,,,,,DEACCLIMATIZING,,,,,,56.0,56.0,1,,,,,129031336,3615274803,1,ONBOARDING,184,,,,,,,
2026-03-06,2296.0,146.0,2150.0,2296.0,5256,4351,4351,146.0,146.0,2,private,6120,2026-03-05T23:00:00.0,2026-03-06T00:00:00.0,2026-03-06T23:00:00.0,2026-03-07T00:00:00.0,86400000,1489,1076,61786,22049,1,0,0,0,0,0,46.103,40.596,15.12566,13.3189,150,10,43,116,48,54,28,93,28320,40140,6300,11640,86400,15300,9900,3120,32.78,46.46,7.29,13.47,17.71,11.46,3.61,BALANCED,54120,20640,45,114,76,73,95,22,28,67,95,3.0,2.0,2026-03-06T22:15:35,HIGH,SLEEP_PREPARATION_BALANCED_AND_INACTIVE,SLEEP_PREPARATION_BALANCED_AND_INACTIVE,2026-03-06T00:31:35,HIGH,SLEEP_TIME_PASSED_BALANCED_AND_EXERCISE,,,,,,,,,,,,,,,,,,,14.0,24.0,7.0,14.0,2026-03-06T23:00:00.0,200,20700,0,1,1772756895000,1772777595000,1772760495000,1772781195000,0,4020,12600,4080,0,1,0,1,15.0,7.0,18.0,0,8.0,ADULT,53.0,POSITIVE_RECOVERING,POSITIVE_LATE_BED_TIME,GENERAL_POS_FAIR_OR_POOR_SLEEP,FAIR,28800.0,28800.0,EXCELLENT,0.0,15.0,EXCELLENT,0.0,1.0,74,FAIR,20,FAIR,21.0,31.0,4347.0,6417.0,EXCELLENT,0.0,5.0,61,GOOD,30.0,64.0,6210.0,13248.0,19,EXCELLENT,16.0,33.0,3312.0,6831.0,2,3615274803,2026-03-05T12:00:17,480,480,NO_CHANGE_NO_ADJUSTMENTS,NO_CHANGE,NO_CHANGE,NO_CHANGE,NO_CHANGE,0,1390,1410,1,3615274803,2026-03-06T06:16:32,480,520,INCREASED,NO_CHANGE,INCREASING,NO_CHANGE,NO_CHANGE,1,1350,1410,1,66,48,5.75,67,210,68,,74,78,88,131,BALANCED,HRV_BALANCED_2,2026-03-06T06:16:42.158,88,7,3615274803,RUNNING,GENERIC,RUNNING,2,PRODUCTIVE_2,0,47,OPTIMAL,FEEDBACK_2,328,441.0,235.20000000000002,294,1.1,1,PRODUCTIVE_2,129031336,52.8,53.0,0,900,900,0,0,,0,4,0,0,2026-03-06T07:16:32.0,3615274803,MODERATE,MOD_RT_LOW_SS_MOD,GOOD_SLEEP_HISTORY,71,74,61,MODERATE,1,99,GOOD,86,GOOD,328,72,GOOD,86,GOOD,78,93,VERY_GOOD,1,AFTER_WAKEUP_RESET,1,NO_CHANGE_SLEEP,71,26,21.59792227339309,18.0,21.59792227339309,1.6,3,20.890190714938992,2,0,6,58,0,83.0,0,6,24.1,20.7,3.4,18.365128696434226,1,0,2026-03-06T00:00:00.0,1,71,MODERATE,GOOD_SLEEP_HISTORY,74,93,86,78,72,328,86,7,BALANCED,78,0.0,18.9,22.0,-3.2,54,59,87,0.5892792,59,87,0.5892792,,,,,,,,,,,,,,,,,,,,,,,,,,,,,,,,,,,,,,,,,,,,,,,,,,,,ACCLIMATIZED,,,,,,56.0,56.0,1,,,,,129031336,3615274803,1,ONBOARDING,261,,,,,,,
2026-03-07,2153.0,3.0,2150.0,2153.0,243,198,198,3.0,3.0,2,private,5950,2026-03-06T23:00:00.0,2026-03-07T00:00:00.0,2026-03-07T23:00:00.0,2026-03-08T00:00:00.0,86400000,39,45,57665,28651,1,0,0,0,0,0,0.0,2.566,0.0,0.84186,150,10,45,81,50,52,10,54,240,28560,240,57360,86400,180,60,,0.28,33.06,0.28,66.39,0.21,0.07,0.0,UNKNOWN,420,28620,46,80,72,0,100,28,100,75,100,3.0,-6.0,2026-03-07T20:05:09,MODERATE,NO_DATA,NO_DATA,2026-03-07T02:37:02,HIGH,SLEEP_TIME_PASSED_BALANCED_AND_INACTIVE,SLEEP,2026-03-06T22:37:31,3600000,30000000,75,NONE,NONE,3615274803,2026-03-07T07:09:57,,,,,,,,,,11.0,18.0,10.0,11.0,2026-03-07T10:17:00.0,200,29580,0,1,1772836651000,1772866651000,1772840251000,1772870251000,0,5340,17580,6660,420,1,0,1,15.0,10.0,18.0,0,16.0,ADULT,54.0,POSITIVE_OPTIMAL_STRUCTURE,NONE,RHYTHM_POS_EXCELLENT_SLEEP_EXCELLENT_TIMING,EXCELLENT,28800.0,28800.0,FAIR,0.0,15.0,EXCELLENT,0.0,1.0,91,EXCELLENT,23,EXCELLENT,21.0,31.0,6211.8,9169.8,EXCELLENT,0.0,5.0,59,GOOD,30.0,64.0,8874.0,18931.2,18,EXCELLENT,16.0,33.0,4732.8,9761.4,2,3615274803,2026-03-06T06:16:32,480,520,INCREASED,NO_CHANGE,INCREASING,NO_CHANGE,NO_CHANGE,1,1350,1410,1,3615274803,2026-03-07T07:09:58,480,480,NO_CHANGE_NO_ADJUSTMENTS,NO_CHANGE,NO_CHANGE,NO_CHANGE,NO_CHANGE,0,1390,1410,1,75,50,8.22,89,293,111,7,91,78,77,114,BALANCED,HRV_BALANCED_8,2026-03-07T07:10:49.941,77,4,3615274803,RUNNING,GENERIC,RUNNING,2,MAINTAINING_2,0,33,OPTIMAL,FEEDBACK_2,257,436.5,232.8,291,0.8,1,MAINTAINING_2,129031336,52.8,53.0,0,900,900,0,0,,0,0,0,0,2026-03-07T08:09:58.0,3615274803,HIGH,HIGH_RT_HIGHEST_SS_AVAILABLE,WELL_RECOVERED,85,91,91,VERY_GOOD,0,100,VERY_GOOD,96,GOOD,257,76,GOOD,86,GOOD,78,73,GOOD,1,AFTER_WAKEUP_RESET,1,REACHED_ZERO,85,26,21.59792227339309,18.0,21.59792227339309,1.6,3,20.890190714938992,2,0,6,58,0,83.0,0,6,24.1,20.7,3.4,18.365128696434226,1,0,2026-03-07T00:00:00.0,0,85,HIGH,WELL_RECOVERED,91,73,86,78,76,257,96,4,BALANCED,78,0.0,18.4,18.9,-0.5,54,60,87,0.58332825,60,87,0.58332825,,,,,,,,,,,,,,,,,,,,,,,,,,,,,,,,,,,,,,,,,,,,,,,,,,,,ACCLIMATIZED,,,,,,56.0,56.0,1,,,,,129031336,3615274803,1,ONBOARDING,227,,,,,,,
2026-03-08,6882.0,4732.0,2150.0,6882.0,356,31415,290,4732.0,4732.0,2,private,5950,2026-03-07T23:00:00.0,2026-03-08T00:00:00.0,2026-03-08T23:00:00.0,2026-03-09T00:00:00.0,86400000,12,204,86184,0,1,1,0,0,29,69,119.423,92.78200000000002,39.18077,30.44029,150,10,76,184,56,52,-1,,,,360,47520,47880,,,,0.0,0.0,0.75,99.25,0.0,0.0,0.0,UNKNOWN,360,0,78,176,0,24,85,61,61,,,3.0,12.0,2026-03-08T20:22:53,MODERATE,NO_DATA,NO_DATA,,,,,,,,,,,,,,,,,,,,,,16.0,16.0,16.0,16.0,2026-03-08T08:03:00.0,200,,,,,,,,,,,,,0,0,,,,,,,,,,,,,,,,,,,,,,,,,,,,,,,,,,,,,,,,,,,,,3615274803,2026-03-07T07:09:58,480,480,NO_CHANGE_NO_ADJUSTMENTS,NO_CHANGE,NO_CHANGE,NO_CHANGE,NO_CHANGE,0,1390,1410,1,3615274803,2026-03-08T09:45:14,480,480,NO_CHANGE_NO_ADJUSTMENTS,NO_CHANGE,NO_DATA,NO_DATA,NO_CHANGE,0,1390,1410,1,,,,,,,,,78,,,BALANCED,HRV_BALANCED_5,2026-03-08T06:41:58.615,,0,3499830968,,,NONE,0,NO_STATUS_2,0,25,LOW,FEEDBACK_1,191,421.5,224.8,281,0.6,0,NO_STATUS_2,129031336,52.8,53.0,0,850,900,0,0,,47,0,0,0,2026-03-08T21:21:36.0,3615274803,LOW,LOW_RT_HIGH_SS_UNKNOWN,HIGH_RECOVERY_NEEDS,38,,0,NONE,2514,35,POOR,77,GOOD,436,76,GOOD,86,GOOD,78,80,GOOD,0,UPDATE_REALTIME_VARIABLES,1,,38,26,21.443745887853645,18.0,21.59792227339309,1.8,3,20.890190714938992,2,0,6,57,0,94.5,0,6,24.1,20.7,3.4,18.365128696434226,1,0,2026-03-08T00:00:00.0,2514,38,LOW,HIGH_RECOVERY_NEEDS,,80,86,78,76,436,77,0,BALANCED,78,76.2,19.8,27.1,-7.3,54,60,86,0.59614563,60,86,0.59614563,591.0,,,,,,,,,,,,,,,,,,,,,,,,,,,,,,,,,,,,,,,,,,,,,,,,,,,DEACCLIMATIZING,,,,,,56.0,56.0,1,,,,,129031336,3615274803,1,ONBOARDING,,,,,,,,
2026-03-09,2232.0,82.0,2150.0,2232.0,4330,3554,3554,82.0,82.0,2,private,5950,2026-03-08T23:00:00.0,2026-03-09T00:00:00.0,2026-03-09T23:00:00.0,2026-03-10T00:00:00.0,86400000,1732,434,80662,3572,1,0,0,0,0,0,18.288,17.321,6.0,5.68274,150,10,52,109,55,52,39,87,28860,12540,4560,40260,86220,17940,10080,840,33.47,14.54,5.29,46.69,20.81,11.69,0.97,BALANCED_AWAKE,45960,0,54,105,6,61,92,31,37,,,3.0,3.0,2026-03-09T20:22:28,HIGH,SLEEP_PREPARATION_BALANCED_AND_INACTIVE,SLEEP_PREPARATION_BALANCED_AND_INACTIVE,,,,,,,,,,,,,,,,,,,,,,14.0,23.0,7.0,13.0,2026-03-09T23:00:00.0,200,,,,,,,,,,,,,0,0,,,,,,,,,,,,,,,,,,,,,,,,,,,,,,,,,,,,,,,,,,,,,3615274803,2026-03-08T09:45:14,480,480,NO_CHANGE_NO_ADJUSTMENTS,NO_CHANGE,NO_DATA,NO_DATA,NO_CHANGE,0,1390,1410,1,3615274803,2026-03-09T06:47:28,480,480,NO_CHANGE_NO_ADJUSTMENTS,NO_CHANGE,NO_DATA,NO_DATA,NO_CHANGE,0,1390,1410,1,,,,,,,,,78,,,BALANCED,HRV_BALANCED_2,2026-03-09T06:47:35.208,,7,3615274803,CYCLING,GENERIC,CYCLING,2,PRODUCTIVE_2,0,47,OPTIMAL,FEEDBACK_2,361,490.5,261.6,327,1.1,1,PRODUCTIVE_2,129031336,52.8,53.0,0,850,850,0,0,,0,47,0,0,2026-03-09T07:47:28.0,3615274803,MODERATE,MOD_RT_MOD_SS_UNKNOWN,RECOVERY_IN_PROGRESS,59,,0,NONE,1889,49,MODERATE,86,GOOD,361,77,GOOD,85,GOOD,78,91,VERY_GOOD,0,AFTER_WAKEUP_RESET,1,,59,26,21.443745887853645,18.0,21.59792227339309,1.8,3,20.890190714938992,2,0,6,57,0,94.5,0,6,24.1,20.7,3.4,18.365128696434226,1,0,2026-03-08T00:00:00.0,1889,59,MODERATE,RECOVERY_IN_PROGRESS,,91,85,78,77,361,86,7,BALANCED,78,0.0,19.3,23.2,-3.9,55,60,86,0.59614563,60,86,0.59614563,,,,,,,,,,,,,,,,,,,,,,,,,,,,,,,,,,,,,,,,,,,,,,,,,,,,ACCLIMATIZED,,,,,,56.0,56.0,1,,,,,129031336,3615274803,1,ONBOARDING,,,,,,,,
2026-03-10,2217.0,67.0,2150.0,2217.0,3699,3019,3019,67.0,67.0,2,private,5630,2026-03-09T23:00:00.0,2026-03-10T00:00:00.0,2026-03-10T23:00:00.0,2026-03-11T00:00:00.0,86400000,1154,355,59063,25828,1,0,0,0,0,0,26.701,13.041,8.76017,4.27854,150,10,45,97,50,52,32,92,29100,27960,4260,25080,86400,12840,13500,2760,33.68,32.36,4.93,29.03,14.86,15.62,3.19,BALANCED,35700,25620,46,93,63,68,100,32,32,67,100,3.0,1.0,2026-03-10T22:25:43,HIGH,SLEEP_PREPARATION_STRESSFUL_AND_INACTIVE,SLEEP_PREPARATION_STRESSFUL_AND_INACTIVE,2026-03-10T00:22:37,HIGH,SLEEP_TIME_PASSED_BALANCED_AND_INACTIVE,SLEEP,2026-03-09T22:00:28,3600000,29400000,67,NONE,NONE,3615274803,2026-03-10T06:52:28,STRESS,2026-03-10T13:20:33,3600000,2280000,-5,STRESS,STRESSFUL_PERIOD,3615274803,2026-03-10T14:02:09,13.0,20.0,7.0,19.0,2026-03-10T18:08:00.0,200,29040,0,1,1773093628000,1773123028000,1773097228000,1773126628000,0,4560,17040,7440,360,1,0,1,16.0,11.0,21.0,0,16.0,ADULT,53.0,POSITIVE_OPTIMAL_STRUCTURE,POSITIVE_RESTFUL_EVENING,STRESS_POS_EXCELLENT_OR_GOOD_SLEEP_RESTFUL_EVENING,EXCELLENT,28800.0,28800.0,FAIR,0.0,15.0,EXCELLENT,0.0,1.0,90,EXCELLENT,26,EXCELLENT,21.0,31.0,6098.4,9002.4,EXCELLENT,0.0,5.0,59,EXCELLENT,30.0,64.0,8712.0,18585.6,16,FAIR,16.0,33.0,4646.4,9583.2,2,3615274803,2026-03-09T06:47:28,480,480,NO_CHANGE_NO_ADJUSTMENTS,NO_CHANGE,NO_DATA,NO_DATA,NO_CHANGE,0,1390,1410,1,3615274803,2026-03-10T06:52:29,480,480,NO_CHANGE_NO_ADJUSTMENTS,NO_CHANGE,NO_CHANGE,NO_CHANGE,NO_CHANGE,0,1390,1410,1,67,50,8.07,76,284,124,6,90,80,84,119,BALANCED,HRV_BALANCED_7,2026-03-10T06:52:57.286,84,4,3615274803,CYCLING,GENERIC,CYCLING,2,MAINTAINING_2,0,38,OPTIMAL,FEEDBACK_2,307,477.0,254.4,318,0.9,1,MAINTAINING_2,129031336,52.8,53.0,0,850,850,0,0,,1,0,0,0,2026-03-10T07:52:28.0,3615274803,HIGH,HIGH_RT_AVAILABLE_SS_HIGHEST,RESTED_AND_READY,80,90,90,VERY_GOOD,445,88,GOOD,92,GOOD,307,0,NONE,82,GOOD,80,0,NONE,1,AFTER_WAKEUP_RESET,1,NO_CHANGE_SLEEP,80,26,21.443745887853645,18.0,21.59792227339309,1.8,3,20.890190714938992,2,0,6,57,0,94.5,0,6,24.1,20.7,3.4,18.365128696434226,1,0,2026-03-08T00:00:00.0,445,80,HIGH,RESTED_AND_READY,90,0,82,80,0,307,92,4,BALANCED,80,0.0,18.9,19.9,-1.0,55,60,86,0.63461304,60,86,0.63461304,,,,,,,,,,,,,,,,,,,,,,,,,,,,,,,,,,,,,,,,,,,,,,,,,,,,ACCLIMATIZED,,,,,,56.0,56.0,1,,,,,129031336,3615274803,1,ONBOARDING,185,,,,,,,
2026-03-11,3048.0,898.0,2150.0,3048.0,6915,7565,6425,898.0,898.0,2,private,5250,2026-03-10T23:00:00.0,2026-03-11T00:00:00.0,2026-03-11T23:00:00.0,2026-03-12T00:00:00.0,86400000,2457,2632,80705,606,1,1,0,0,7,68,33.528,27.864,11.0,9.14173,150,10,55,164,56,52,54,93,34920,3960,10320,37020,86220,13140,14580,7200,40.5,4.59,11.97,42.94,15.24,16.91,8.35,STRESSFUL_AWAKE,49200,0,57,160,0,76,90,14,14,,,3.0,-2.0,2026-03-11T21:59:02,LOW,SLEEP_PREPARATION_STRESSFUL_AND_INTENSIVE_EXERCISE,SLEEP_PREPARATION_STRESSFUL_AND_INTENSIVE_EXERCISE_AND_BB_LOW,2026-03-10T23:30:48,HIGH,SLEEP_TIME_PASSED_NOT_STRESS_DATA_AND_INACTIVE,ACTIVITY,2026-03-11T11:19:35,3600000,2340000,-8,EXERCISE_TRAINING_EFFECT_3,IMPROVING_ANAEROBIC_CAPACITY_AND_SPEED,3615274803,2026-03-11T11:59:20,,,,,,,,,,14.0,23.0,6.0,17.0,2026-03-11T23:00:00.0,200,,,,,,,,,,,,,0,0,,,,,,,,,,,,,,,,,,,,,,,,,,,,,,,,,,,,,,,,,,,,,3615274803,2026-03-10T06:52:29,480,480,NO_CHANGE_NO_ADJUSTMENTS,NO_CHANGE,NO_CHANGE,NO_CHANGE,NO_CHANGE,0,1390,1410,1,3615274803,2026-03-11T18:25:55,480,480,NO_CHANGE_NO_ADJUSTMENTS,NO_CHANGE,NO_DATA,NO_DATA,NO_CHANGE,0,1390,1410,1,,,,,,,,,81,,,BALANCED,HRV_BALANCED_8,2026-03-11T06:57:33.805,,7,3615274803,CYCLING,GENERIC,CYCLING,2,PRODUCTIVE_2,0,61,OPTIMAL,FEEDBACK_3,530,540.0,288.0,360,1.4,1,PRODUCTIVE_2,129031336,52.8,53.0,0,850,850,0,0,,0,1,0,0,2026-03-11T19:25:55.0,3615274803,POOR,POOR_RT_HIGH_SS_UNKNOWN,LET_YOUR_BODY_RECOVER,14,,0,NONE,3744,18,POOR,71,GOOD,530,0,NONE,79,GOOD,81,90,VERY_GOOD,0,AFTER_POST_EXERCISE_RESET,1,NEW_EXERCISE,14,26,20.355982095580302,18.0,21.443745887853645,2.0,3,20.890190714938992,2,0,6,56,0,105.8,0,6,24.1,20.7,3.4,18.0,1,0,2026-03-11T00:00:00.0,3744,14,POOR,LET_YOUR_BODY_RECOVER,,90,79,81,0,530,71,7,BALANCED,81,75.7,20.2,27.9,-7.6,55,61,86,0.6499939,61,86,0.6499939,96.0,,,,,,,,,,,,,,,,,,,,,,,,,,,,,,,,,,,,,,,,,,,,,,,,HIIT,hiit,22137277566,ACCLIMATIZED,,,,,,56.0,56.0,1,,,,,129031336,3615274803,1,ONBOARDING,,,,,,,,
2026-03-12,2202.0,52.0,2150.0,2202.0,2691,2192,2192,52.0,52.0,2,private,5420,2026-03-11T23:00:00.0,2026-03-12T00:00:00.0,2026-03-12T23:00:00.0,2026-03-13T00:00:00.0,86400000,646,492,61268,23994,1,0,0,0,0,0,11.464,10.216,3.76115,3.35171,150,10,41,105,54,53,36,93,36900,24360,2280,22860,86400,20400,15300,1200,42.71,28.19,2.64,26.46,23.61,17.71,1.39,STRESSFUL,40680,22860,42,102,53,44,63,14,23,45,59,3.0,-1.0,2026-03-12T20:00:16,MODERATE,SLEEP_PREPARATION_STRESSFUL_AND_INACTIVE,SLEEP_PREPARATION_STRESSFUL_AND_INACTIVE,2026-03-12T22:50:02,HIGH,SLEEP_TIME_PASSED_STRESSFUL_AND_INACTIVE,SLEEP,2026-03-11T22:49:54,3600000,24600000,45,NONE,NONE,3615274803,2026-03-12T05:41:08,,,,,,,,,,13.0,20.0,7.0,9.0,2026-03-12T19:21:00.0,200,24120,0,1,1773269394000,1773293994000,1773272994000,1773297594000,0,6660,12780,4680,480,1,0,1,16.0,9.0,20.0,1,22.0,ADULT,58.0,POSITIVE_DEEP,NONE,RHYTHM_POS_FAIR_OR_POOR_SLEEP_EXCELLENT_TIMING,FAIR,28800.0,28800.0,FAIR,0.0,15.0,EXCELLENT,0.0,1.0,76,FAIR,19,FAIR,21.0,31.0,5065.2,7477.2,GOOD,0.0,5.0,53,EXCELLENT,30.0,64.0,7236.0,15436.8,28,EXCELLENT,16.0,33.0,3859.2,7959.6,2,3615274803,2026-03-11T18:25:55,480,480,NO_CHANGE_NO_ADJUSTMENTS,NO_CHANGE,NO_DATA,NO_DATA,NO_CHANGE,0,1390,1410,1,3615274803,2026-03-12T05:41:09,480,480,NO_CHANGE_NO_ADJUSTMENTS,NO_CHANGE,NO_CHANGE,NO_CHANGE,NO_CHANGE,0,1390,1410,1,45,54,6.7,111,213,78,8,76,75,56,93,BALANCED,HRV_BALANCED_2,2026-03-12T05:41:31.805,56,7,3615274803,CYCLING,GENERIC,CYCLING,2,PRODUCTIVE_2,0,52,OPTIMAL,FEEDBACK_2,448,532.5,284.0,355,1.2,1,PRODUCTIVE_2,129031336,52.8,53.0,0,850,850,0,0,,0,0,0,0,2026-03-12T06:41:08.0,3615274803,LOW,LOW_RT_HIGH_SS_GOOD_OR_MOD,HIGH_RECOVERY_NEEDS,27,76,64,MODERATE,3074,27,POOR,80,GOOD,448,66,MODERATE,94,GOOD,75,90,VERY_GOOD,1,AFTER_WAKEUP_RESET,1,NO_CHANGE_SLEEP,27,26,20.355982095580302,18.0,20.355982095580302,2.0,3,20.890190714938992,2,0,6,56,0,105.8,0,6,24.1,20.7,3.4,18.0,1,0,2026-03-12T00:00:00.0,3074,27,LOW,HIGH_RECOVERY_NEEDS,76,90,94,75,66,448,80,7,BALANCED,75,0.0,19.7,23.9,-4.1,56,61,87,0.5192261,61,87,0.5192261,,,,,,,,,,,,,,,,,,,,,,,,,,,,,,,,,,,,,,,,,,,,,,,,,,,,ACCLIMATIZED,,,,,,56.0,56.0,1,,,,,129031336,3615274803,1,ONBOARDING,194,,,,,,,
2026-03-13,2206.0,56.0,2150.0,2206.0,3501,2878,2878,56.0,56.0,2,private,5150,2026-03-12T23:00:00.0,2026-03-13T00:00:00.0,2026-03-13T23:00:00.0,2026-03-14T00:00:00.0,86400000,990,415,82863,2132,1,0,0,0,0,0,17.055,18.155,5.59547,5.95636,150,10,50,100,52,53,39,90,34920,11940,3720,35820,86400,22440,11460,1020,40.42,13.82,4.31,41.46,25.97,13.26,1.18,BALANCED_AWAKE,50580,0,51,98,9,63,91,28,37,,,3.0,4.0,2026-03-13T20:32:35,HIGH,SLEEP_PREPARATION_BALANCED_AND_INACTIVE,SLEEP_PREPARATION_BALANCED_AND_INACTIVE,2026-03-13T02:25:49,HIGH,SLEEP_TIME_PASSED_NOT_STRESS_DATA_AND_INACTIVE,RECOVERY,2026-03-12T18:57:58,3600000,1260000,3,RECOVERY_BODY_BATTERY_INCREASE,BODY_BATTERY_RECHARGE,3615274803,2026-03-13T06:25:25,,,,,,,,,,14.0,23.0,7.0,16.0,2026-03-13T23:00:00.0,200,,,,,,,,,,,,,0,0,,,,,,,,,,,,,,,,,,,,,,,,,,,,,,,,,,,,,,,,,,,,,3615274803,2026-03-12T05:41:09,480,480,NO_CHANGE_NO_ADJUSTMENTS,NO_CHANGE,NO_CHANGE,NO_CHANGE,NO_CHANGE,0,1390,1410,1,3615274803,2026-03-13T06:42:29,480,480,NO_CHANGE_NO_ADJUSTMENTS,NO_CHANGE,NO_DATA,NO_DATA,NO_CHANGE,0,1390,1410,1,,,,,,,,,,,,,,,,4,3615274803,CYCLING,GENERIC,CYCLING,2,MAINTAINING_6,0,42,OPTIMAL,FEEDBACK_2,373,525.0,280.0,350,1.0,1,MAINTAINING_6,129031336,52.8,53.0,0,850,850,0,0,,0,0,0,0,2026-03-13T08:21:28.0,3615274803,MODERATE,MOD_RT_MOD_SS_UNKNOWN,RECOVERY_IN_PROGRESS,50,,0,NONE,1535,59,MODERATE,88,GOOD,373,66,MODERATE,0,NONE,511,64,MODERATE,0,UPDATE_REALTIME_VARIABLES,1,,50,26,20.355982095580302,18.0,20.355982095580302,2.0,3,20.890190714938992,2,0,6,56,0,105.8,0,6,24.1,20.7,3.4,18.0,1,0,2026-03-13T00:00:00.0,1535,50,MODERATE,RECOVERY_IN_PROGRESS,,64,0,511,66,373,88,4,,,0.0,19.3,20.5,-1.2,,,,,,,,,,,,,,,,,,,,,,,,,,,,,,,,,,,,,,,,,,,,,,,,,,,,,,,,,,,ACCLIMATIZED,,,,,,56.0,56.0,1,,,,,129031336,3615274803,1,ONBOARDING,,,,,,,,
2026-03-14,2187.0,37.0,2150.0,2187.0,897,799,799,37.0,37.0,2,private,4820,2026-03-13T23:00:00.0,2026-03-14T00:00:00.0,2026-03-14T23:00:00.0,2026-03-15T00:00:00.0,86400000,251,145,59036,26968,1,0,0,0,0,0,2.302,2.478,0.75525,0.81299,150,10,44,113,48,53,17,94,8580,30120,1020,46680,86400,3960,3360,1260,9.93,34.86,1.18,54.03,4.58,3.89,1.46,UNKNOWN,12840,26880,46,112,64,16,100,22,22,69,100,3.0,-3.0,2026-03-14T20:00:16,HIGH,NO_DATA,NO_DATA,2026-03-13T23:30:13,HIGH,SLEEP_TIME_PASSED_BALANCED_AND_INACTIVE,SLEEP,2026-03-13T22:24:28,3600000,29100000,69,NONE,NONE,3615274803,2026-03-14T07:17:28,,,,,,,,,,13.0,19.0,7.0,16.0,2026-03-14T23:00:00.0,200,29100,0,1,1773440668000,1773469768000,1773444268000,1773473368000,0,3900,18060,7140,0,1,0,1,15.0,9.0,18.0,0,14.0,ADULT,52.0,POSITIVE_OPTIMAL_STRUCTURE,NONE,RHYTHM_POS_EXCELLENT_SLEEP_GOOD_TIMING,EXCELLENT,28800.0,28800.0,GOOD,0.0,15.0,EXCELLENT,0.0,1.0,91,EXCELLENT,25,EXCELLENT,21.0,31.0,6111.0,9021.0,EXCELLENT,0.0,5.0,62,GOOD,30.0,64.0,8730.0,18624.0,13,FAIR,16.0,33.0,4656.0,9603.0,2,3615274803,2026-03-13T06:42:29,480,480,NO_CHANGE_NO_ADJUSTMENTS,NO_CHANGE,NO_DATA,NO_DATA,NO_CHANGE,0,1390,1410,1,3615274803,2026-03-14T07:17:29,480,480,NO_CHANGE_NO_ADJUSTMENTS,NO_CHANGE,NO_CHANGE,NO_DATA,NO_CHANGE,0,1390,1410,1,69,48,8.08,65,301,119,,91,,86,128,NONE,ONBOARDING_2,2026-03-14T14:55:19.335,86,4,3615274803,CYCLING,GENERIC,CYCLING,2,MAINTAINING_6,0,33,OPTIMAL,FEEDBACK_2,298,516.0,275.2,344,0.8,1,MAINTAINING_6,129031336,52.8,53.0,0,0,850,0,0,,0,0,0,0,2026-03-14T08:17:29.0,3615274803,HIGH,HIGH_RT_HIGHEST_SS_AVAILABLE,WELL_RECOVERED,81,91,91,VERY_GOOD,39,98,GOOD,97,GOOD,298,65,MODERATE,0,NONE,511,64,MODERATE,1,AFTER_WAKEUP_RESET,1,GOOD_SLEEP,81,26,21.135393116774768,18.0,20.355982095580302,1.8,3,20.890190714938992,2,0,6,55,0,99.1,0,6,24.1,20.7,3.4,18.365128696434226,1,0,2026-03-14T00:00:00.0,39,81,HIGH,WELL_RECOVERED,91,64,0,511,65,298,97,4,NONE,,0.0,18.8,17.5,1.3,56,62,88,,62,88,,,,,,,,,,,,,,,,,,,,,,,,,,,,,,,,,,,,,,,,,,,,,,,,,,,,,,,,,,,56.0,56.0,1,,,,,129031336,3615274803,1,ONBOARDING,207,,,,,,,
2026-03-15,3659.0,1509.0,2150.0,3659.0,4931,83077,4085,1509.0,1509.0,2,private,4040,2026-03-14T23:00:00.0,2026-03-15T00:00:00.0,2026-03-15T23:00:00.0,2026-03-16T00:00:00.0,86400000,874,1508,59222,24796,1,1,0,0,45,101,56.916,36.679,18.67323,12.03379,150,10,52,172,55,53,39,93,36120,20340,6120,23700,86280,19440,14160,2520,41.86,23.57,7.09,27.47,22.53,16.41,2.92,STRESSFUL,37740,24840,53,170,44,55,54,5,11,37,53,3.0,24.0,2026-03-15T22:35:37,LOW,SLEEP_PREPARATION_STRESSFUL_AND_INTENSIVE_EXERCISE,SLEEP_PREPARATION_STRESSFUL_AND_INTENSIVE_EXERCISE_AND_BB_LOW,,,,SLEEP,2026-03-15T00:40:28,3600000,21000000,37,NONE,NONE,3615274803,2026-03-15T07:22:28,ACTIVITY,2026-03-15T07:35:13,3600000,11280000,-20,EXERCISE_TRAINING_EFFECT_3,IMPROVING_ANAEROBIC_CAPACITY_AND_SPEED,3615274803,2026-03-15T10:44:44,14.0,25.0,6.0,18.0,2026-03-15T23:00:00.0,200,21000,0,1,1773535228000,1773556228000,1773538828000,1773559828000,0,8100,10620,2280,0,1,0,1,16.0,6.0,19.0,0,23.0,ADULT,58.0,NEGATIVE_NOT_ENOUGH_REM,NONE,STRESS_NEG_GOOD_OR_FAIR_SLEEP_STRESSFUL_EVENING,FAIR,28800.0,28800.0,FAIR,0.0,15.0,EXCELLENT,0.0,1.0,69,FAIR,11,POOR,21.0,31.0,4410.0,6510.0,EXCELLENT,0.0,5.0,51,EXCELLENT,30.0,64.0,6300.0,13440.0,39,EXCELLENT,16.0,33.0,3360.0,6930.0,2,3615274803,2026-03-14T07:17:29,480,480,NO_CHANGE_NO_ADJUSTMENTS,NO_CHANGE,NO_CHANGE,NO_DATA,NO_CHANGE,0,1390,1410,1,3615274803,2026-03-15T10:44:45,480,540,HIGHLY_INCREASED,TODAYS_LOAD_AND_CHRONIC,INCREASING,NO_CHANGE,NO_CHANGE,1,1330,1410,1,37,55,5.83,135,177,38,,69,68,53,88,BALANCED,HRV_BALANCED_3,2026-03-15T07:23:45.677,53,7,3615274803,CYCLING,GENERIC,CYCLING,2,PRODUCTIVE_2,0,61,OPTIMAL,FEEDBACK_3,560,589.5,314.40000000000003,393,1.4,1,PRODUCTIVE_2,129031336,52.8,53.0,0,0,0,0,0,,41,0,0,0,2026-03-15T11:44:45.0,3615274803,POOR,POOR_RT_HIGH_SS_GOOD_OR_MOD,LET_YOUR_BODY_RECOVER,5,69,53,MODERATE,3936,15,POOR,73,GOOD,560,68,MODERATE,100,VERY_GOOD,68,91,VERY_GOOD,1,AFTER_POST_EXERCISE_RESET,1,REACHED_ZERO,5,26,21.135393116774768,18.0,21.135393116774768,1.8,3,20.890190714938992,2,0,6,55,0,116.0,0,6,24.1,20.7,3.4,18.365128696434226,1,0,2026-03-15T00:00:00.0,3936,5,POOR,LET_YOUR_BODY_RECOVER,69,91,100,68,68,560,73,7,BALANCED,68,130.1,21.5,33.6,-12.2,57,62,88,0.3653717,62,88,0.3653717,281.0,Chevrières Cyclisme,cycling,22179401960,,,,,,,,,,,,,,,,,,,,,,,,,,,,,,,,,,,,,,,,,,,,,,,,,,,,,,56.0,56.0,1,,,,,129031336,3615274803,1,ONBOARDING,275,,,,,,,
2026-03-16,2869.0,719.0,2150.0,2869.0,3704,3817,3032,719.0,719.0,2,private,4130,2026-03-15T23:00:00.0,2026-03-16T00:00:00.0,2026-03-16T23:00:00.0,2026-03-17T00:00:00.0,86400000,1011,1545,58500,25344,1,1,0,0,4,50,11.515,7.174,3.77789,2.35367,150,10,50,164,53,53,35,93,25740,27660,6300,26700,86400,11280,10200,4260,29.79,32.01,7.29,30.9,13.06,11.81,4.93,BALANCED,36000,23700,51,159,62,58,68,11,15,60,66,3.0,7.0,2026-03-16T20:47:34,LOW,SLEEP_PREPARATION_NOT_STRESS_DATA_AND_INTENSIVE_EXERCISE,SLEEP_PREPARATION_NOT_STRESS_DATA_AND_HARD_EXERCISE_AND_BB_LOW,2026-03-16T22:57:34,MODERATE,SLEEP_TIME_PASSED_NOT_STRESS_DATA_AND_INTENSIVE_EXERCISE,SLEEP,2026-03-15T21:56:44,3600000,27660000,61,NONE,NONE,3615274803,2026-03-16T05:49:23,ACTIVITY,2026-03-16T17:41:54,3600000,3420000,-5,EXERCISE_TRAINING_EFFECT_2,MAINTAINING_AEROBIC_BASE,3615274803,2026-03-16T18:39:20,14.0,23.0,7.0,17.0,2026-03-16T23:00:00.0,200,27660,0,1,1773611804000,1773639464000,1773615404000,1773643064000,0,4560,17220,5880,0,1,0,1,16.0,8.0,20.0,0,18.0,ADULT,57.0,POSITIVE_LONG_AND_CONTINUOUS,NONE,MOD_EXERCISE_POS_EXCELLENT_OR_GOOD_SLEEP_VIGOROUS_DURING_DAY_OUTDOOR,EXCELLENT,28800.0,28800.0,FAIR,0.0,15.0,EXCELLENT,0.0,1.0,85,GOOD,21,GOOD,21.0,31.0,5808.6,8574.6,EXCELLENT,0.0,5.0,62,GOOD,30.0,64.0,8298.0,17702.4,16,GOOD,16.0,33.0,4425.6,9127.8,2,3615274803,2026-03-15T10:44:45,480,540,HIGHLY_INCREASED,TODAYS_LOAD_AND_CHRONIC,INCREASING,NO_CHANGE,NO_CHANGE,1,1330,1410,1,3615274803,2026-03-16T18:39:21,480,480,NO_CHANGE_NO_ADJUSTMENTS,NO_CHANGE,NO_CHANGE,NO_CHANGE,NO_CHANGE,0,1370,1390,1,61,53,7.68,76,287,98,,85,67,66,97,BALANCED,HRV_BALANCED_2,2026-03-16T05:49:56.555,66,7,3615274803,CYCLING,GENERIC,CYCLING,2,PRODUCTIVE_2,0,61,OPTIMAL,FEEDBACK_3,571,607.5,324.0,405,1.4,1,PRODUCTIVE_2,129031336,52.8,53.0,0,0,0,0,0,,0,0,0,0,2026-03-16T23:21:27.0,3615274803,MODERATE,MOD_RT_MOD_OR_LOW_SS_GOOD_STRESS_HISTORY_NEG,WELL_RESTED,50,85,80,GOOD,1801,51,MODERATE,73,GOOD,571,64,MODERATE,98,GOOD,67,64,MODERATE,1,UPDATE_REALTIME_VARIABLES,1,,50,26,20.190543357642603,18.0,21.135393116774768,2.1,3,20.890190714938992,2,0,6,55,0,124.3,0,6,24.1,20.7,3.4,18.0,1,0,2026-03-16T00:00:00.0,1801,50,MODERATE,WELL_RESTED,85,64,98,67,64,571,73,7,BALANCED,67,46.9,22.1,35.5,-13.5,57,62,88,0.34614563,62,88,0.34614563,37.0,Nat. piscine,lap_swimming,22195000315,,,,,,,,,,,,,,,,,,,,,,,,,,,,,,,,,,,,,,,,,,,,,,,,,,,,,,56.0,56.0,1,,,,,129031336,3615274803,1,ONBOARDING,167,,,,,,,
2026-03-17,2232.0,82.0,2150.0,2232.0,2680,2183,2183,82.0,82.0,2,private,4090,2026-03-16T23:00:00.0,2026-03-17T00:00:00.0,2026-03-17T23:00:00.0,2026-03-18T00:00:00.0,86400000,1357,411,57227,27405,1,0,0,0,0,0,3.293,15.073,1.08038,4.94521,150,10,47,101,54,53,36,90,36720,28920,2700,17400,85740,17640,17280,1800,42.83,33.73,3.15,20.29,20.57,20.15,2.1,STRESSFUL,43920,24420,50,100,63,61,74,13,17,62,74,3.0,2.0,2026-03-17T22:35:09,MODERATE,SLEEP_PREPARATION_STRESSFUL_AND_INACTIVE,SLEEP_PREPARATION_STRESSFUL_AND_INACTIVE,2026-03-17T22:47:47,MODERATE,SLEEP_TIME_PASSED_STRESSFUL_AND_INACTIVE,SLEEP,2026-03-16T22:35:20,3600000,25920000,62,NONE,NONE,3615274803,2026-03-17T05:52:35,,,,,,,,,,14.0,23.0,6.0,16.0,2026-03-17T23:00:00.0,200,25800,0,1,1773700520000,1773726440000,1773704120000,1773730040000,0,3960,18420,3420,120,1,0,1,16.0,9.0,19.0,0,16.0,ADULT,57.0,POSITIVE_LONG_AND_CONTINUOUS,POSITIVE_EXERCISE,RHYTHM_POS_FAIR_OR_POOR_SLEEP_EXCELLENT_TIMING,GOOD,28800.0,28800.0,FAIR,0.0,15.0,EXCELLENT,0.0,1.0,79,FAIR,13,FAIR,21.0,31.0,5418.0,7998.0,GOOD,0.0,5.0,71,FAIR,30.0,64.0,7740.0,16512.0,15,FAIR,16.0,33.0,4128.0,8514.0,2,3615274803,2026-03-16T18:39:21,480,480,NO_CHANGE_NO_ADJUSTMENTS,NO_CHANGE,NO_CHANGE,NO_CHANGE,NO_CHANGE,0,1370,1390,1,3615274803,2026-03-17T05:52:35,460,460,NO_CHANGE_NO_ADJUSTMENTS,NO_CHANGE,NO_CHANGE,NO_CHANGE,NO_CHANGE,0,1390,1410,1,62,54,7.17,66,307,57,2,79,65,69,100,BALANCED,HRV_BALANCED_2,2026-03-17T05:52:47.904,69,7,3615274803,CYCLING,GENERIC,CYCLING,2,PRODUCTIVE_2,0,47,OPTIMAL,FEEDBACK_2,477,601.5,320.8,401,1.1,1,PRODUCTIVE_2,129031336,52.8,53.0,0,0,0,0,0,,0,0,0,0,2026-03-17T13:29:38.0,3615274803,MODERATE,MOD_RT_LOW_SS_MOD_STRESS_HISTORY_NEG,BALANCE_STRESS_AND_RECOVERY,50,79,68,MODERATE,954,74,GOOD,83,GOOD,477,54,MODERATE,83,GOOD,65,69,MODERATE,1,UPDATE_REALTIME_VARIABLES,1,,50,26,20.190543357642603,18.0,20.190543357642603,2.1,3,20.890190714938992,2,0,6,55,0,123.8,0,6,24.1,20.7,3.4,18.0,1,0,2026-03-17T00:00:00.0,954,50,MODERATE,BALANCE_STRESS_AND_RECOVERY,79,69,83,65,54,477,83,7,BALANCED,65,0.0,21.5,30.4,-8.9,57,62,88,0.30767822,62,88,0.30767822,,,,,,,,,,,,,,,,,,,,,,,,,,,,,,,,,,,,,,,,,,,,,,,,,,,,,,,,,,56.0,56.0,1,,,,,129031336,3615274803,1,ALIGNED,191,460,-50,410,180,,,
2026-03-18,2779.0,629.0,2150.0,2779.0,11451,11670,11670,629.0,629.0,2,private,3810,2026-03-17T23:00:00.0,2026-03-18T00:00:00.0,2026-03-18T23:00:00.0,2026-03-19T00:00:00.0,86400000,3811,1203,57623,23763,1,1,0,0,2,46,96.195,99.321,31.56004,32.58563,150,10,49,155,53,53,40,93,43560,25500,7260,9900,86220,20100,18000,5460,50.52,29.58,8.42,11.48,23.31,20.88,6.33,STRESSFUL,52860,23460,50,152,57,64,72,10,10,58,71,3.0,24.0,2026-03-18T20:04:29,LOW,SLEEP_PREPARATION_STRESSFUL_AND_INTENSIVE_EXERCISE,SLEEP_PREPARATION_STRESSFUL_AND_INTENSIVE_EXERCISE_AND_BB_LOW,2026-03-18T22:30:44,LOW,SLEEP_TIME_PASSED_STRESSFUL_AND_INTENSIVE_EXERCISE,SLEEP,2026-03-17T22:10:35,3600000,26400000,57,NONE,NONE,3615274803,2026-03-18T05:51:55,ACTIVITY,2026-03-18T11:08:31,3600000,2640000,-9,EXERCISE_TRAINING_EFFECT_3,IMPROVING_AEROBIC_BASE,3615274803,2026-03-18T11:54:32,14.0,24.0,7.0,17.0,2026-03-18T23:00:00.0,200,26340,0,1,1773785435000,1773811835000,1773789035000,1773815435000,0,7620,13260,5460,60,1,0,1,16.0,9.0,19.0,0,18.0,ADULT,57.0,POSITIVE_LONG_AND_DEEP,NONE,RHYTHM_POS_GOOD_SLEEP_GOOD_TIMING,GOOD,27600.0,27600.0,FAIR,0.0,15.0,EXCELLENT,0.0,1.0,84,GOOD,21,FAIR,21.0,31.0,5531.4,8165.4,EXCELLENT,0.0,5.0,50,EXCELLENT,30.0,64.0,7902.0,16857.6,29,EXCELLENT,16.0,33.0,4214.4,8692.2,2,3615274803,2026-03-17T05:52:35,460,460,NO_CHANGE_NO_ADJUSTMENTS,NO_CHANGE,NO_CHANGE,NO_CHANGE,NO_CHANGE,0,1390,1410,1,3615274803,2026-03-18T11:54:33,460,460,NO_CHANGE_NO_ADJUSTMENTS,NO_CHANGE,NO_CHANGE,NO_CHANGE,NO_CHANGE,0,1390,1410,1,57,53,7.32,127,221,91,1,84,64,61,99,BALANCED,HRV_BALANCED_2,2026-03-18T05:52:12.851,61,7,3615274803,RUNNING,GENERIC,RUNNING,3,PRODUCTIVE_3,0,47,OPTIMAL,FEEDBACK_2,498,625.5,333.6,417,1.1,1,PRODUCTIVE_3,129031336,53.7,54.0,0,0,0,0,0,,34,0,0,0,2026-03-18T12:54:33.0,3615274803,MODERATE,MOD_RT_MOD_SS_GOOD_WORKOUT_COMPLETED,RECOVERY_IN_PROGRESS,55,84,78,GOOD,1280,66,MODERATE,83,GOOD,498,57,MODERATE,79,GOOD,64,72,GOOD,1,AFTER_POST_EXERCISE_RESET,1,REACHED_ZERO,55,26,20.190543357642603,18.0,20.190543357642603,2.0,3,20.890190714938992,2,0,6,55,0,117.0,0,6,24.1,20.7,3.4,18.0,1,0,2026-03-18T00:00:00.0,1280,55,MODERATE,RECOVERY_IN_PROGRESS,84,72,79,64,57,498,83,7,BALANCED,64,36.7,21.9,31.3,-9.4,57,62,88,0.28845215,62,88,0.28845215,65.0,Aulnay-sous-Bois Course à pied,running,22213626893,,,,,,,,,,129031336,53.7,54.0,0,0,0,0,0,34,0,0,0,53.7,,,,,,,,,,,,,,,,,,,,,,,,,,,,,,,,56.0,56.0,1,,,,,129031336,3615274803,1,ALIGNED,170,460,-50,410,180,,,
2026-03-19,2770.0,620.0,2150.0,2770.0,7770,7193,7193,620.0,620.0,2,private,4580,2026-03-18T23:00:00.0,2026-03-19T00:00:00.0,2026-03-19T23:00:00.0,2026-03-20T00:00:00.0,86400000,3109,1481,57778,24032,1,1,0,0,11,33,26.558,25.786,8.71325,8.45997,150,10,48,187,51,52,43,98,40560,27360,7860,10620,86400,13500,14100,12960,46.94,31.67,9.1,12.29,15.62,16.32,15.0,STRESSFUL,52020,23760,49,169,70,77,80,5,5,70,80,3.0,11.0,2026-03-19T22:10:05,VERY_LOW,SLEEP_PREPARATION_STRESSFUL_AND_INTENSIVE_EXERCISE,SLEEP_PREPARATION_STRESSFUL_AND_INTENSIVE_EXERCISE_AND_BB_LOW,2026-03-19T22:40:46,VERY_LOW,SLEEP_TIME_PASSED_STRESSFUL_AND_INTENSIVE_EXERCISE,SLEEP,2026-03-18T22:54:32,3600000,24360000,70,NONE,NONE,3615274803,2026-03-19T05:58:13,ACTIVITY,2026-03-19T11:20:39,3600000,2460000,-7,EXERCISE_TRAINING_EFFECT_3,IMPROVING_ANAEROBIC_CAPACITY_AND_SPEED,3615274803,2026-03-19T12:02:51,13.0,21.0,7.0,15.0,2026-03-19T23:00:00.0,200,24180,0,1,1773874472000,1773898832000,1773878072000,1773902432000,0,3900,15420,4860,180,1,0,1,15.0,9.0,18.0,0,19.0,ADULT,55.0,POSITIVE_CONTINUOUS,NONE,MOD_EXERCISE_POS_EXCELLENT_OR_GOOD_SLEEP_VIGOROUS_DURING_DAY_OUTDOOR,FAIR,27600.0,27600.0,FAIR,0.0,15.0,EXCELLENT,0.0,1.0,80,GOOD,20,FAIR,21.0,31.0,5077.8,7495.8,EXCELLENT,0.0,5.0,64,GOOD,30.0,64.0,7254.0,15475.2,16,GOOD,16.0,33.0,3868.8,7979.4,2,3615274803,2026-03-18T11:54:33,460,460,NO_CHANGE_NO_ADJUSTMENTS,NO_CHANGE,NO_CHANGE,NO_CHANGE,NO_CHANGE,0,1390,1410,1,3615274803,2026-03-19T22:48:04,460,460,NO_CHANGE_NO_ADJUSTMENTS,NO_CHANGE,NO_CHANGE,NO_CHANGE,NO_CHANGE,0,1380,1400,1,70,51,6.72,65,257,81,3,80,68,77,109,BALANCED,HRV_BALANCED_2,2026-03-19T05:58:39.550,77,7,3615274803,RUNNING,GENERIC,RUNNING,3,PRODUCTIVE_3,0,61,OPTIMAL,FEEDBACK_3,680,684.0,364.8,456,1.4,1,PRODUCTIVE_3,129031336,53.7,54.0,0,0,0,0,0,,4,0,0,0,2026-03-19T13:02:51.0,3615274803,POOR,POOR_RT_HIGH_SS_GOOD_OR_MOD,LET_YOUR_BODY_RECOVER,1,80,70,GOOD,3646,19,POOR,70,GOOD,680,56,MODERATE,100,VERY_GOOD,68,74,GOOD,1,AFTER_POST_EXERCISE_RESET,1,REACHED_ZERO,1,26,20.190543357642603,18.0,20.190543357642603,2.1,3,20.890190714938992,2,0,6,55,0,122.5,0,6,24.1,20.7,3.4,18.0,1,0,2026-03-19T00:00:00.0,3646,1,POOR,LET_YOUR_BODY_RECOVER,80,74,100,68,56,680,70,7,BALANCED,68,34.4,22.2,31.8,-9.6,57,62,88,0.3653717,62,88,0.3653717,63.0,HIIT,hiit,22225608789,,,,,,,,,,,,,,,,,,,,,,,,,,,,,,,,,,,,,,,,,,,,,,,,,,,,,,56.0,56.0,1,,,,,129031336,3615274803,1,ALIGNED,197,460,-50,410,180,,,
2026-03-20,2165.0,15.0,2150.0,2165.0,537,437,437,15.0,15.0,2,private,5220,2026-03-19T23:00:00.0,2026-03-20T00:00:00.0,2026-03-20T23:00:00.0,2026-03-21T00:00:00.0,86400000,90,204,62166,23940,1,0,0,0,0,0,10.644,5.376,3.49213,1.76378,150,10,52,109,56,53,26,86,6660,21600,840,57300,86400,3240,2280,1140,7.71,25.0,0.97,66.32,3.75,2.64,1.32,UNKNOWN,6540,22560,54,105,41,0,46,5,46,40,45,3.0,-4.0,2026-03-20T20:00:11,LOW,NO_DATA,NO_DATA,2026-03-20T03:56:07,HIGH,SLEEP_TIME_PASSED_STRESSFUL_AND_INACTIVE,SLEEP,2026-03-20T00:46:51,3600000,23940000,40,NONE,NONE,3615274803,2026-03-20T07:25:56,,,,,,,,,,16.0,20.0,10.0,17.0,2026-03-20T07:38:00.0,200,23760,0,1,1773967611000,1773991551000,1773971211000,1773995151000,0,3600,15060,5100,180,1,0,1,16.0,10.0,20.0,0,30.0,ADULT,59.0,NEGATIVE_NOT_RESTORATIVE,NEGATIVE_STRESSFUL_DAY,RHYTHM_NEG_FAIR_SLEEP_LATE_TIMING,FAIR,27600.0,27600.0,POOR,0.0,15.0,EXCELLENT,0.0,1.0,70,FAIR,21,GOOD,21.0,31.0,4989.6,7365.6,EXCELLENT,0.0,5.0,63,GOOD,30.0,64.0,7128.0,15206.4,15,FAIR,16.0,33.0,3801.6,7840.8,2,3615274803,2026-03-19T22:48:04,460,460,NO_CHANGE_NO_ADJUSTMENTS,NO_CHANGE,NO_CHANGE,NO_CHANGE,NO_CHANGE,0,1380,1400,1,3615274803,2026-03-20T07:25:57,460,490,INCREASED,NO_CHANGE,INCREASING,NO_CHANGE,NO_CHANGE,1,1350,1400,1,40,56,6.6,60,251,85,3,70,67,63,94,BALANCED,HRV_BALANCED_2,2026-03-20T07:26:13.133,63,7,3615274803,RUNNING,GENERIC,RUNNING,3,PRODUCTIVE_3,0,52,OPTIMAL,FEEDBACK_2,573,675.0,360.0,450,1.2,1,PRODUCTIVE_3,129031336,53.7,54.0,0,0,0,0,0,,0,0,0,0,2026-03-20T08:25:56.0,3615274803,POOR,POOR_RT_HIGH_SS_GOOD_OR_MOD,LET_YOUR_BODY_RECOVER,7,70,55,MODERATE,2776,32,POOR,79,GOOD,573,45,MODERATE,96,GOOD,67,72,GOOD,1,AFTER_WAKEUP_RESET,1,NO_CHANGE_SLEEP,7,26,20.025104619704916,18.0,20.190543357642603,2.3,3,20.890190714938992,2,0,6,54,0,122.3,0,6,24.1,20.7,3.4,18.0,1,0,2026-03-20T00:00:00.0,2776,7,POOR,LET_YOUR_BODY_RECOVER,70,72,96,67,45,573,79,7,BALANCED,67,0.0,21.7,27.2,-5.6,57,62,88,0.34614563,62,88,0.34614563,,,,,,,,,,,,,,,,,,,,,,,,,,,,,,,,,,,,,,,,,,,,,,,,,,,,,,,,,,56.0,56.0,1,,,,,129031336,3615274803,1,BEHIND,306,460,-50,410,180,,,
2026-03-21,2909.0,759.0,2150.0,2909.0,10185,12237,12237,759.0,759.0,2,private,4760,2026-03-20T23:00:00.0,2026-03-21T00:00:00.0,2026-03-21T23:00:00.0,2026-03-22T00:00:00.0,86400000,3685,344,82371,0,1,1,0,0,1,58,93.799,92.218,30.77395,30.25525,150,10,50,170,58,54,38,81,10620,2700,5040,68040,86400,7560,2760,300,12.29,3.12,5.83,78.75,8.75,3.19,0.35,UNKNOWN,18360,0,51,170,0,28,63,35,35,,,3.0,6.0,2026-03-21T20:00:13,MODERATE,NO_DATA,NO_DATA,,,,ACTIVITY,2026-03-21T15:17:52,3600000,3420000,-11,EXERCISE_TRAINING_EFFECT_3,IMPROVING_TEMPO,3615274803,2026-03-21T16:15:53,,,,,,,,,,14.0,22.0,7.0,10.0,2026-03-21T15:11:00.0,200,,,,,,,,,,,,,0,0,,,,,,,,,,,,,,,,,,,,,,,,,,,,,,,,,,,,,,,,,,,,,3615274803,2026-03-20T07:25:57,460,490,INCREASED,NO_CHANGE,INCREASING,NO_CHANGE,NO_CHANGE,1,1350,1400,1,3615274803,2026-03-21T16:15:54,460,460,NO_CHANGE_NO_ADJUSTMENTS,NO_CHANGE,NO_DATA,NO_DATA,NO_CHANGE,0,1380,1400,1,,,,,,,,,64,,,BALANCED,HRV_BALANCED_2,2026-03-21T07:06:01.968,,7,3615274803,RUNNING,GENERIC,RUNNING,3,PRODUCTIVE_3,0,57,OPTIMAL,FEEDBACK_3,669,720.0,384.0,480,1.3,1,PRODUCTIVE_3,129031336,54.0,54.0,0,0,0,0,0,,32,0,0,0,2026-03-21T17:15:53.0,3615274803,LOW,LOW_RT_HIGH_SS_UNKNOWN,HIGH_RECOVERY_NEEDS,31,,0,NONE,2242,39,POOR,74,GOOD,669,45,MODERATE,79,GOOD,64,60,MODERATE,0,AFTER_POST_EXERCISE_RESET,1,NO_CHANGE_SLEEP,31,26,20.025104619704916,18.0,20.025104619704916,2.3,3,20.890190714938992,2,0,6,54,0,132.0,0,6,24.1,20.7,3.4,18.0,1,0,2026-03-21T00:00:00.0,2242,31,LOW,HIGH_RECOVERY_NEEDS,,60,79,64,45,669,74,7,BALANCED,64,61.0,22.6,32.1,-9.5,57,62,89,0.28703308,62,89,0.28703308,84.0,,,,,,,,,,,,,129031336,54.0,54.0,0,0,0,0,0,32,0,0,0,54.0,,,,,,,,,,,,,,,,,,,,,,,Chevrières Course à pied,running,22251027233,,,,,,,56.0,56.0,1,,,,,129031336,3615274803,1,NO_LAST_SLEEP_DATA,,460,-50,410,180,,,
2026-03-22,4638.0,2488.0,2150.0,2199.0,739,74250,610,1466.0,2488.0,2,private,5310,2026-03-21T23:00:00.0,2026-03-22T00:00:00.0,2026-03-22T23:00:00.0,2026-03-23T00:00:00.0,86400000,91,690,85619,0,1,1,0,0,40,97,5.007,3.412,1.64272,1.11942,150,10,55,185,58,55,29,68,2880,2700,1140,79680,86400,2520,360,,3.33,3.12,1.32,92.22,2.92,0.42,0.0,UNKNOWN,6720,0,59,178,0,34,87,29,29,,,3.0,27.0,2026-03-22T20:00:11,MODERATE,NO_DATA,NO_DATA,,,,ACTIVITY,2026-03-22T07:36:34,3600000,10320000,-29,EXERCISE_TRAINING_EFFECT_4_GOOD_TIMING,IMPROVING_ANAEROBIC_CAPACITY_AND_SPEED,3615274803,2026-03-22T10:31:41,,,,,,,,,,14.0,21.0,7.0,12.0,2026-03-22T19:19:00.0,200,,,,,,,,,,,,,0,0,,,,,,,,,,,,,,,,,,,,,,,,,,,,,,,,,,,,,,,,,,,,,3615274803,2026-03-21T16:15:54,460,460,NO_CHANGE_NO_ADJUSTMENTS,NO_CHANGE,NO_DATA,NO_DATA,NO_CHANGE,0,1380,1400,1,3615274803,2026-03-22T10:31:42,460,490,INCREASED,TODAYS_LOAD_AND_CHRONIC,NO_DATA,NO_DATA,NO_CHANGE,1,1350,1400,1,,,,,,,,,67,,,BALANCED,HRV_BALANCED_2,2026-03-22T06:52:23.913,,7,3615274803,RUNNING,GENERIC,RUNNING,3,PRODUCTIVE_9,0,86,HIGH,FEEDBACK_4,998,822.0,438.40000000000003,548,1.8,1,PRODUCTIVE_9,129031336,54.0,54.0,0,0,0,0,0,,30,0,0,0,2026-03-22T11:31:42.0,3615274803,POOR,POOR_RT_HIGH_SS_UNKNOWN,LET_YOUR_BODY_RECOVER,1,,0,NONE,4704,10,POOR,50,MODERATE,998,45,MODERATE,95,GOOD,67,55,MODERATE,0,AFTER_POST_EXERCISE_RESET,1,NO_CHANGE_SLEEP,1,26,20.025104619704916,18.0,20.025104619704916,2.3,3,20.890190714938992,2,0,6,54,0,138.0,0,6,24.1,20.7,3.4,18.0,1,0,2026-03-22T00:00:00.0,4704,1,POOR,LET_YOUR_BODY_RECOVER,,55,95,67,45,998,50,7,BALANCED,67,148.8,25.6,48.7,-23.1,56,62,89,0.34259033,62,89,0.34259033,502.0,,,,,,,,,,,,,,,,,,,,,,,,,,,,,,,,,,,,,,,,,,,,2439.0,,,,Chevrières Cyclisme,cycling,22257919035,,,,,,,56.0,56.0,1,,,,,129031336,3615274803,1,NO_LAST_SLEEP_DATA,,460,-50,410,180,,,
2026-03-23,2151.0,1.0,2150.0,2151.0,126,103,103,1.0,1.0,2,private,4860,2026-03-22T23:00:00.0,2026-03-23T00:00:00.0,2026-03-23T23:00:00.0,2026-03-24T00:00:00.0,86400000,42,0,86358,0,1,0,0,0,0,0,3.048,2.868,1.0,0.94094,150,10,78,94,,,-1,,,,300,86100,86400,,,,0.0,0.0,0.35,99.65,0.0,0.0,0.0,UNKNOWN,300,0,78,92,0,0,92,92,92,,,3.0,-4.0,2026-03-23T20:00:19,MODERATE,NO_DATA,NO_DATA,,,,,,,,,,,,,,,,,,,,,,,,,,,,,,,,,,,,,,,,0,0,,,,,,,,,,,,,,,,,,,,,,,,,,,,,,,,,,,,,,,,,,,,,3615274803,2026-03-22T10:31:42,460,490,INCREASED,TODAYS_LOAD_AND_CHRONIC,NO_DATA,NO_DATA,NO_CHANGE,1,1350,1400,1,3615274803,2026-03-23T06:35:38,460,480,INCREASED,HIGH_ACWR_AND_CHRONIC,NO_DATA,NO_DATA,NO_CHANGE,1,1360,1400,1,,,,,,,,,67,,,BALANCED,HRV_BALANCED_2,2026-03-23T06:42:14.348,,7,3615274803,RUNNING,GENERIC,RUNNING,3,PRODUCTIVE_9,0,66,HIGH,FEEDBACK_4,855,813.0,433.6,542,1.5,1,PRODUCTIVE_9,129031336,54.0,54.0,0,0,0,0,0,,0,0,0,0,2026-03-23T19:29:38.0,3615274803,LOW,LOW_RT_HIGH_SS_UNKNOWN,HIGH_RECOVERY_NEEDS,25,,0,NONE,2788,31,POOR,65,MODERATE,855,0,NONE,97,GOOD,67,0,NONE,0,UPDATE_REALTIME_VARIABLES,1,,25,26,20.025104619704916,18.0,20.025104619704916,2.3,3,20.890190714938992,2,0,6,54,0,138.0,0,6,24.1,20.7,3.4,18.0,1,0,2026-03-22T00:00:00.0,2788,25,LOW,HIGH_RECOVERY_NEEDS,,0,97,67,0,855,65,7,BALANCED,67,0.0,25.0,41.8,-16.8,57,62,88,0.34614563,62,88,0.34614563,,,,,,,,,,,,,,,,,,,,,,,,,,,,,,,,,,,,,,,,,,,,,,,,,,,,,,,,,,56.0,56.0,1,,,,,129031336,3615274803,1,NO_LAST_SLEEP_DATA,,460,-50,410,180,,,
2026-03-24,2606.0,456.0,2150.0,2606.0,3716,4157,3026,456.0,456.0,2,private,4860,2026-03-23T23:00:00.0,2026-03-24T00:00:00.0,2026-03-24T23:00:00.0,2026-03-25T00:00:00.0,86400000,1075,1128,80143,4054,1,1,0,0,18,19,9.144,6.589,3.0,2.16175,150,10,54,151,57,56,40,93,28980,12360,6360,38640,86340,16080,10740,2160,33.56,14.32,7.37,44.75,18.62,12.44,2.5,BALANCED_AWAKE,47700,0,55,151,6,69,94,25,31,,,3.0,5.0,2026-03-24T21:05:37,HIGH,SLEEP_PREPARATION_BALANCED_AND_EXERCISE,SLEEP_PREPARATION_BALANCED_AND_EXERCISE,,,,ACTIVITY,2026-03-24T17:52:26,3600000,1980000,-3,EXERCISE_TRAINING_EFFECT_2,EASY_AEROBIC,3615274803,2026-03-24T18:26:26,,,,,,,,,,14.0,25.0,6.0,16.0,2026-03-24T23:00:00.0,200,,,,,,,,,,,,,0,0,,,,,,,,,,,,,,,,,,,,,,,,,,,,,,,,,,,,,,,,,,,,,3615274803,2026-03-23T06:35:38,460,480,INCREASED,HIGH_ACWR_AND_CHRONIC,NO_DATA,NO_DATA,NO_CHANGE,1,1360,1400,1,3615274803,2026-03-24T18:26:27,460,460,NO_CHANGE_NO_ADJUSTMENTS,NO_CHANGE,NO_DATA,NO_DATA,NO_CHANGE,0,1380,1400,1,,,,,,,,,,,,,,,,7,3615274803,RUNNING,GENERIC,RUNNING,3,PRODUCTIVE_9,0,61,OPTIMAL,FEEDBACK_3,775,820.5,437.6,547,1.4,1,PRODUCTIVE_9,129031336,54.0,54.0,0,0,0,0,0,,16,0,0,0,2026-03-24T19:26:27.0,3615274803,MODERATE,MOD_RT_MOD_SS_UNKNOWN,RECOVERY_IN_PROGRESS,55,,0,NONE,1353,64,MODERATE,73,GOOD,775,0,NONE,0,NONE,511,0,NONE,0,AFTER_POST_EXERCISE_RESET,1,NO_CHANGE_SLEEP,55,26,20.025104619704916,18.0,20.025104619704916,2.6,3,20.890190714938992,2,0,6,54,0,141.1,0,6,24.1,20.7,3.4,18.0,1,0,2026-03-24T00:00:00.0,1353,55,MODERATE,RECOVERY_IN_PROGRESS,,0,0,511,0,775,73,7,,,40.0,25.4,41.5,-16.2,,,,,,,,36.0,,,,,,,,,,,,,,,,,,,,,,,,,,,,,,,,,,,,,,,,,,,,,,,,Nat. piscine,lap_swimming,22286635517,,,,,,,56.0,56.0,1,,,,,129031336,3615274803,1,NO_LAST_SLEEP_DATA,,460,-50,410,180,,,
2026-03-25,2673.0,523.0,2150.0,2151.0,85,17590,69,1.0,523.0,2,private,4640,2026-03-24T23:00:00.0,2026-03-25T00:00:00.0,2026-03-25T23:00:00.0,2026-03-26T00:00:00.0,86400000,30,0,62344,24026,1,1,0,0,0,0,0.0,0.0,0.0,0.0,150,10,46,82,51,55,11,32,300,23700,120,62280,86400,300,,,0.35,27.43,0.14,72.08,0.35,0.0,0.0,UNKNOWN,120,24000,48,82,62,0,93,31,93,68,93,3.0,1.0,2026-03-25T22:40:41,HIGH,NO_DATA,NO_DATA,2026-03-24T23:30:13,HIGH,SLEEP_TIME_PASSED_BALANCED_AND_EXERCISE,SLEEP,2026-03-24T21:52:26,3600000,28080000,68,NONE,NONE,3615274803,2026-03-25T05:42:21,,,,,,,,,,15.0,19.0,9.0,15.0,2026-03-25T05:43:00.0,200,27300,0,1,1774389146000,1774417226000,1774392746000,1774420826000,0,5700,15600,6000,780,1,0,1,15.0,9.0,20.0,1,13.0,ADULT,55.0,POSITIVE_LONG_AND_DEEP,POSITIVE_EXERCISE,MOD_EXERCISE_POS_EXCELLENT_OR_GOOD_SLEEP_MODERATE_CLOSE_BED,EXCELLENT,27600.0,27600.0,EXCELLENT,0.0,15.0,GOOD,0.0,1.0,88,GOOD,22,GOOD,21.0,31.0,5733.0,8463.0,GOOD,0.0,5.0,57,EXCELLENT,30.0,64.0,8190.0,17472.0,21,EXCELLENT,16.0,33.0,4368.0,9009.0,2,3615274803,2026-03-24T18:26:27,460,460,NO_CHANGE_NO_ADJUSTMENTS,NO_CHANGE,NO_DATA,NO_DATA,NO_CHANGE,0,1380,1400,1,3615274803,2026-03-25T05:42:22,460,460,NO_CHANGE_NO_ADJUSTMENTS,NO_CHANGE,NO_CHANGE,NO_DATA,NO_CHANGE,0,1380,1400,1,68,51,7.58,95,260,100,13,88,,71,102,NONE,ONBOARDING_2,2026-03-25T05:43:35.654,71,7,3615274803,RUNNING,GENERIC,RUNNING,3,PRODUCTIVE_3,0,52,OPTIMAL,FEEDBACK_2,677,826.5,440.8,551,1.2,1,PRODUCTIVE_3,129031336,54.0,54.0,0,0,0,0,0,,0,0,0,0,2026-03-25T10:29:38.0,3615274803,HIGH,HIGH_RT_AVAILABLE_SS_HIGHEST,RESTED_AND_READY,75,88,86,GOOD,451,88,GOOD,84,GOOD,626,0,NONE,0,NONE,511,0,NONE,1,UPDATE_REALTIME_VARIABLES,1,,75,26,20.025104619704916,18.0,20.025104619704916,2.6,3,20.890190714938992,2,0,6,54,0,141.1,0,6,24.1,20.7,3.4,18.0,1,0,2026-03-25T00:00:00.0,451,75,HIGH,RESTED_AND_READY,88,0,0,511,0,626,84,7,NONE,,16.9,25.2,38.0,-12.8,57,62,87,,62,87,,70.0,,,,,,,,,,,,,,,,,,,,,,,,,,,,,,,,,,,,,,,,,,,,522.0,,,,,,,,,,,,,56.0,56.0,1,,,,,129031336,3615274803,1,ALIGNED,166,460,-50,410,180,,,
2026-03-26,2834.0,684.0,2150.0,2834.0,12311,12493,12493,684.0,684.0,2,private,4640,2026-03-25T23:00:00.0,2026-03-26T00:00:00.0,2026-03-26T23:00:00.0,2026-03-27T00:00:00.0,86400000,3731,1476,81193,0,1,1,0,0,2,45,99.121,97.23,32.52001,31.89961,150,10,54,160,60,57,56,93,37080,3840,9120,36360,86400,12120,17520,7440,42.92,4.44,10.56,42.08,14.03,20.28,8.61,STRESSFUL_AWAKE,50040,0,56,159,0,80,93,13,13,,,3.0,14.0,2026-03-26T22:11:20,LOW,SLEEP_PREPARATION_STRESSFUL_AND_INTENSIVE_EXERCISE,SLEEP_PREPARATION_STRESSFUL_AND_INTENSIVE_EXERCISE_AND_BB_LOW,,,,ACTIVITY,2026-03-26T11:17:07,3600000,2760000,-11,EXERCISE_TRAINING_EFFECT_3,IMPROVING_AEROBIC_BASE,3615274803,2026-03-26T12:04:08,,,,,,,,,,13.0,23.0,7.0,22.0,2026-03-26T23:00:00.0,200,,,,,,,,,,,,,0,0,,,,,,,,,,,,,,,,,,,,,,,,,,,,,,,,,,,,,,,,,,,,,3615274803,2026-03-25T05:42:22,460,460,NO_CHANGE_NO_ADJUSTMENTS,NO_CHANGE,NO_CHANGE,NO_DATA,NO_CHANGE,0,1380,1400,1,3615274803,2026-03-26T12:04:09,460,460,NO_CHANGE_NO_ADJUSTMENTS,NO_CHANGE,NO_DATA,NO_DATA,NO_CHANGE,0,1380,1400,1,,,,,,,,,,,,,,,,7,3615274803,RUNNING,GENERIC,RUNNING,3,PRODUCTIVE_3,0,52,OPTIMAL,FEEDBACK_2,687,846.0,451.20000000000005,564,1.2,1,PRODUCTIVE_3,129031336,54.4,54.0,0,0,0,0,0,,10,0,0,0,2026-03-26T13:04:09.0,3615274803,MODERATE,MOD_RT_MOD_SS_UNKNOWN,RECOVERY_IN_PROGRESS,61,,0,NONE,1338,64,MODERATE,82,GOOD,687,0,NONE,0,NONE,511,86,GOOD,0,AFTER_POST_EXERCISE_RESET,1,REACHED_ZERO,61,26,19.852238793805363,18.0,20.025104619704916,2.6,3,20.890190714938992,2,0,6,53,0,148.6,0,6,24.1,20.7,3.4,18.0,1,0,2026-03-26T00:00:00.0,1338,61,MODERATE,RECOVERY_IN_PROGRESS,,86,0,511,0,687,82,7,,,41.1,25.5,38.4,-12.9,,,,,,,,68.0,,,,,,,,,,,,,129031336,54.4,54.0,0,0,0,0,0,10,0,0,0,54.4,,,,,,,,,,,,,,,,,,,,,,,Aulnay-sous-Bois Course à pied,running,22304882025,,,,,,,56.0,56.0,1,,,,,129031336,3615274803,1,NO_LAST_SLEEP_DATA,,460,-50,410,180,,,
2026-03-27,2399.0,249.0,2150.0,2399.0,6199,5059,5059,249.0,249.0,2,private,5410,2026-03-26T23:00:00.0,2026-03-27T00:00:00.0,2026-03-27T23:00:00.0,2026-03-28T00:00:00.0,86400000,2246,707,59627,23820,1,0,0,0,4,5,30.48,31.097,10.0,10.20243,150,10,46,141,49,56,34,97,39960,32040,6420,7980,86400,20100,17220,2640,46.25,37.08,7.43,9.24,23.26,19.93,3.06,STRESSFUL,54600,23820,47,140,76,74,89,13,15,75,89,3.0,17.0,2026-03-27T20:24:00,MODERATE,SLEEP_PREPARATION_STRESSFUL_AND_INACTIVE,SLEEP_PREPARATION_STRESSFUL_AND_INACTIVE,2026-03-27T01:02:31,HIGH,SLEEP_TIME_PASSED_STRESSFUL_AND_INTENSIVE_EXERCISE,SLEEP,2026-03-26T23:32:08,3600000,23820000,75,NONE,NONE,3615274803,2026-03-27T06:14:27,,,,,,,,,,13.0,20.0,8.0,18.0,2026-03-27T23:00:00.0,200,23820,0,1,1774567928000,1774591748000,1774571528000,1774595348000,0,5940,12600,5280,0,1,0,1,15.0,9.0,19.0,0,10.0,ADULT,54.0,POSITIVE_RECOVERING,POSITIVE_EXERCISE,MOD_EXERCISE_POS_EXCELLENT_OR_GOOD_SLEEP_VIGOROUS_DURING_DAY_OUTDOOR,FAIR,27600.0,27600.0,EXCELLENT,0.0,15.0,EXCELLENT,0.0,1.0,85,GOOD,22,GOOD,21.0,31.0,5002.2,7384.2,EXCELLENT,0.0,5.0,53,EXCELLENT,30.0,64.0,7146.0,15244.8,25,EXCELLENT,16.0,33.0,3811.2,7860.6,2,3615274803,2026-03-26T12:04:09,460,460,NO_CHANGE_NO_ADJUSTMENTS,NO_CHANGE,NO_DATA,NO_DATA,NO_CHANGE,0,1380,1400,1,3615274803,2026-03-27T06:14:27,460,460,NO_CHANGE_NO_ADJUSTMENTS,NO_CHANGE,NO_CHANGE,NO_DATA,NO_CHANGE,0,1380,1400,1,75,49,6.62,99,210,88,,85,,84,128,NONE,ONBOARDING_2,2026-03-27T06:14:52.822,84,7,3615274803,RUNNING,GENERIC,RUNNING,3,PRODUCTIVE_3,0,42,OPTIMAL,FEEDBACK_2,562,828.0,441.6,552,1.0,1,PRODUCTIVE_3,129031336,54.4,54.0,0,0,0,0,0,,47,0,0,0,2026-03-27T08:29:38.0,3615274803,HIGH,HIGH_RT_HIGHEST_SS_AVAILABLE,WELL_RECOVERED,75,85,80,GOOD,239,93,GOOD,90,GOOD,562,62,MODERATE,0,NONE,511,86,GOOD,1,UPDATE_REALTIME_VARIABLES,1,,75,26,19.852238793805363,18.0,19.852238793805363,2.8,3,20.890190714938992,2,0,6,53,0,149.5,0,6,24.1,20.7,3.4,18.0,1,0,2026-03-27T00:00:00.0,239,75,HIGH,WELL_RECOVERED,85,86,0,511,62,562,90,7,NONE,,0.0,24.9,33.0,-8.0,57,62,87,,62,87,,,,,,,,,,,,,,,,,,,,,,,,,,,,,,,,,,,,,,,,,,,,,,,,,,,,,,,,,,,56.0,56.0,1,,,,,129031336,3615274803,1,ALIGNED,231,460,-50,410,180,,,
2026-03-28,2870.0,720.0,2150.0,2870.0,10642,11891,11891,720.0,720.0,2,private,5570,2026-03-27T23:00:00.0,2026-03-28T00:00:00.0,2026-03-28T23:00:00.0,2026-03-29T00:00:00.0,86400000,3787,233,60060,22320,1,1,0,0,0,61,99.215,103.385,32.55085,33.91896,150,10,47,159,52,55,23,84,8040,24420,5040,48900,86400,4740,2940,360,9.31,28.26,5.83,56.6,5.49,3.4,0.42,UNKNOWN,15180,22320,48,158,59,17,69,10,24,58,68,3.0,10.0,2026-03-28T20:00:12,LOW,NO_DATA,NO_DATA,2026-03-28T03:32:46,HIGH,SLEEP_TIME_PASSED_STRESSFUL_AND_INACTIVE,SLEEP,2026-03-28T01:37:27,3600000,22320000,58,NONE,NONE,3615274803,2026-03-28T08:26:02,ACTIVITY,2026-03-28T15:22:57,3600000,3540000,-11,EXERCISE_TRAINING_EFFECT_3,IMPROVING_AEROBIC_BASE,3615274803,2026-03-28T16:24:06,13.0,20.0,7.0,15.0,2026-03-28T15:21:00.0,200,21780,0,1,1774661847000,1774684167000,1774665447000,1774687767000,0,4860,15660,1260,540,1,0,1,16.0,9.0,20.0,1,24.0,ADULT,55.0,NEGATIVE_NOT_ENOUGH_REM,NONE,STRESS_NEG_GOOD_OR_WORSE_SLEEP_STRESSFUL_DAY,FAIR,27600.0,27600.0,FAIR,0.0,15.0,EXCELLENT,0.0,1.0,64,FAIR,6,POOR,21.0,31.0,4573.8,6751.8,GOOD,0.0,5.0,72,FAIR,30.0,64.0,6534.0,13939.2,22,EXCELLENT,16.0,33.0,3484.8,7187.4,2,3615274803,2026-03-27T06:14:27,460,460,NO_CHANGE_NO_ADJUSTMENTS,NO_CHANGE,NO_CHANGE,NO_DATA,NO_CHANGE,0,1380,1400,1,3615274803,2026-03-28T16:24:07,460,510,HIGHLY_INCREASED,CHRONIC,INCREASING,NO_DATA,NO_CHANGE,1,1330,1400,1,58,52,6.05,81,261,21,9,64,,66,102,NONE,ONBOARDING_2,2026-03-28T08:26:21.533,66,7,3615274803,RUNNING,GENERIC,RUNNING,3,PRODUCTIVE_3,0,42,OPTIMAL,FEEDBACK_2,566,846.0,451.20000000000005,564,1.0,1,PRODUCTIVE_3,129031336,54.7,55.0,0,0,0,0,0,,24,0,0,0,2026-03-28T17:24:07.0,3615274803,LOW,LOW_RT_MOD_OR_LOW_SS_MOD_AWAKE_NEG,FOCUS_ON_SLEEP_PATTERNS,33,64,46,MODERATE,1338,64,MODERATE,91,GOOD,566,58,MODERATE,0,NONE,511,80,GOOD,1,AFTER_POST_EXERCISE_RESET,1,REACHED_ZERO,33,26,19.852238793805363,18.0,19.852238793805363,2.8,3,20.890190714938992,2,0,6,53,0,159.5,0,6,24.1,20.7,3.4,18.0,1,0,2026-03-28T00:00:00.0,1338,33,LOW,FOCUS_ON_SLEEP_PATTERNS,64,80,0,511,58,566,91,7,NONE,,50.1,25.5,35.4,-9.9,57,62,87,,62,87,,89.0,Chevrières Course à pied,running,22329029231,,,,,,,,,,129031336,54.7,55.0,0,0,0,0,0,24,0,0,0,54.7,,,,,,,,,,,,,,,,,,,,,,,,,,,,,,,,56.0,56.0,1,,,,,129031336,3615274803,1,BEHIND,343,460,-60,400,170,,,
2026-03-29,3333.0,1183.0,2150.0,3333.0,1545,58503,1258,1183.0,1183.0,2,private,7290,2026-03-28T22:00:00.0,2026-03-29T00:00:00.0,2026-03-29T22:00:00.0,2026-03-30T00:00:00.0,86400000,353,545,77762,7740,1,1,0,0,58,71,17.257,14.003,5.66175,4.59416,150,10,54,181,58,55,24,99,8760,21540,2640,53460,86400,7560,960,240,10.14,24.93,3.06,61.88,8.75,1.11,0.28,CALM_AWAKE,32940,0,55,178,18,45,88,41,47,,,3.0,37.0,2026-03-29T19:00:11,HIGH,SLEEP_PREPARATION_NOT_STRESS_DATA_AND_INTENSIVE_EXERCISE,SLEEP_PREPARATION_NOT_STRESS_DATA_AND_INTENSIVE_EXERCISE,,,,ACTIVITY,2026-03-29T06:37:38,7200000,8820000,-26,EXERCISE_TRAINING_EFFECT_3,IMPROVING_ANAEROBIC_CAPACITY_AND_SPEED,3615274803,2026-03-29T09:06:50,NAP,2026-03-29T13:50:50,7200000,7740000,10,NAP_RECOVERING_BODY_BATTERY_INCREASE,RESTFUL_NAP,3615274803,2026-03-29T16:00:00,17.0,24.0,6.0,16.0,2026-03-29T22:00:00.0,200,,7740,,,,,,,,,,,0,0,,,,,,,,,,,,,,,,,,,,,,,,,,,,,,,,,,,,,,,,,,,,,3615274803,2026-03-28T16:24:07,460,510,HIGHLY_INCREASED,CHRONIC,INCREASING,NO_DATA,NO_CHANGE,1,1330,1400,1,3615274803,2026-03-29T16:00:00,460,400,DECREASED,TODAYS_LOAD_AND_CHRONIC,NO_DATA,NO_DATA,DECREASING,1,1380,1400,1,,,,,,,,,,,,,,,,7,3615274803,RUNNING,GENERIC,RUNNING,3,PRODUCTIVE_3,0,47,OPTIMAL,FEEDBACK_2,709,900.0,480.0,600,1.1,1,PRODUCTIVE_3,129031336,54.7,55.0,0,900,900,0,0,,0,33,0,0,2026-03-29T18:00:43.0,3615274803,LOW,LOW_NAP,IMPROVED_BY_NAPPING,33,,0,NONE,2822,31,POOR,83,GOOD,709,58,MODERATE,0,NONE,511,56,MODERATE,0,UPDATE_REALTIME_VARIABLES,1,NAP,33,26,18.839629212239977,18.0,19.852238793805363,3.0,,,,0,6,53,0,171.3,0,6,24.1,20.7,3.4,18.0,1,0,2026-03-29T00:00:00.0,2822,33,LOW,IMPROVED_BY_NAPPING,,56,0,511,58,709,83,7,,,84.5,26.9,42.4,-15.5,,,,,,,,436.0,,,,,,,,,,,,,,,,,,,,,,,,,,3615274803,7740,2026-03-29T13:50:50,2026-03-29T15:59:50,LONG_DURATION_LOW_NEED,0,120,120,,,,,,,,,,,,,,,Chevrières Cyclisme,cycling,22335023021,ACCLIMATIZED,,,,,,56.0,56.0,1,,,,,129031336,3615274803,1,NO_LAST_SLEEP_DATA,,460,-70,390,160,,,
2026-03-30,2899.0,749.0,2150.0,2899.0,11586,12637,12637,749.0,749.0,2,private,6720,2026-03-29T22:00:00.0,2026-03-30T00:00:00.0,2026-03-30T22:00:00.0,2026-03-31T00:00:00.0,86400000,3930,1013,58177,23280,1,1,0,0,2,49,110.096,104.793,36.12073,34.38091,150,10,45,169,50,54,31,95,34800,33720,7500,10380,86400,19620,12300,2880,40.28,39.03,8.68,12.01,22.71,14.24,3.33,BALANCED,52980,23040,47,166,54,77,98,21,24,49,98,3.0,41.0,2026-03-30T19:03:57,MODERATE,SLEEP_PREPARATION_BALANCED_AND_INTENSIVE_EXERCISE,SLEEP_PREPARATION_BALANCED_AND_INTENSIVE_EXERCISE,2026-03-29T23:19:40,HIGH,SLEEP_TIME_PASSED_RECOVERING_AND_INTENSIVE_EXERCISE,SLEEP,2026-03-29T22:34:50,7200000,23280000,49,NONE,NONE,3615274803,2026-03-30T05:15:02,ACTIVITY,2026-03-30T10:10:31,7200000,2880000,-12,EXERCISE_TRAINING_EFFECT_3,IMPROVING_TEMPO,3615274803,2026-03-30T10:59:53,14.0,23.0,7.0,20.0,2026-03-30T22:00:00.0,200,23220,0,1,1774823690000,1774846970000,1774830890000,1774854170000,0,3780,15360,4080,60,1,0,1,15.0,9.0,18.0,0,13.0,ADULT,55.0,POSITIVE_CONTINUOUS,POSITIVE_EXERCISE,STRESS_POS_FAIR_OR_POOR_SLEEP_RESTFUL_EVENING,FAIR,27600.0,27600.0,GOOD,0.0,15.0,EXCELLENT,0.0,1.0,78,FAIR,18,FAIR,21.0,31.0,4876.2,7198.2,EXCELLENT,0.0,5.0,66,FAIR,30.0,64.0,6966.0,14860.8,16,GOOD,16.0,33.0,3715.2,7662.6,2,3615274803,2026-03-29T16:00:00,460,400,DECREASED,TODAYS_LOAD_AND_CHRONIC,NO_DATA,NO_DATA,DECREASING,1,1380,1400,1,3615274803,2026-03-30T10:59:56,460,460,NO_CHANGE_NO_ADJUSTMENTS,NO_CHANGE,NO_CHANGE,NO_CHANGE,NO_CHANGE,0,1380,1400,1,49,50,6.45,63,256,68,1,78,74,76,114,BALANCED,HRV_BALANCED_2,2026-03-30T05:15:33.833,76,7,3615274803,RUNNING,GENERIC,RUNNING,3,PRODUCTIVE_3,0,52,OPTIMAL,FEEDBACK_2,767,927.0,494.40000000000003,618,1.2,1,PRODUCTIVE_3,129031336,54.9,55.0,0,0,0,0,0,,26,0,0,0,2026-03-30T12:59:55.0,3615274803,LOW,LOW_RT_HIGH_SS_GOOD_OR_MOD,HIGH_RECOVERY_NEEDS,29,78,67,MODERATE,2736,32,POOR,81,GOOD,767,90,GOOD,97,GOOD,74,46,MODERATE,1,AFTER_POST_EXERCISE_RESET,1,NO_CHANGE_SLEEP,29,26,18.839629212239977,18.0,18.839629212239977,3.1,,,,0,6,53,0,178.8,0,6,24.1,20.7,3.4,18.0,1,0,2026-03-30T00:00:00.0,2736,29,LOW,HIGH_RECOVERY_NEEDS,78,46,97,74,90,767,81,7,BALANCED,74,53.2,27.6,44.0,-16.4,57,62,86,0.5,62,86,0.5,71.0,Aulnay-sous-Bois Course à pied,running,22347117146,,,,,,,,,,129031336,54.9,55.0,0,0,0,0,0,26,0,0,0,54.9,,,,,,,,,,,,,,,,,,,,,,,,,,,,,,,,56.0,56.0,1,,,,,129031336,3615274803,1,BEHIND,228,460,-80,380,150,,,
2026-03-31,2848.0,698.0,2150.0,2848.0,5035,5160,4104,698.0,698.0,2,private,7210,2026-03-30T22:00:00.0,2026-03-31T00:00:00.0,2026-03-31T22:00:00.0,2026-04-01T00:00:00.0,86400000,1196,2369,56795,26040,1,1,0,0,7,35,15.863,19.902,5.2044,6.52953,150,10,44,156,48,53,31,98,29460,27840,7980,21120,86400,16440,10080,2940,34.1,32.22,9.24,24.44,19.03,11.67,3.4,BALANCED,39960,25320,45,148,72,79,96,17,17,72,96,3.0,27.0,2026-03-31T19:18:34,MODERATE,SLEEP_PREPARATION_STRESSFUL_AND_EXERCISE,SLEEP_PREPARATION_STRESSFUL_AND_EXERCISE,2026-03-30T22:09:30,HIGH,SLEEP_TIME_PASSED_BALANCED_AND_INTENSIVE_EXERCISE,SLEEP,2026-03-30T22:00:53,7200000,26040000,72,NONE,NONE,3615274803,2026-03-31T05:18:52,ACTIVITY,2026-03-31T16:35:15,7200000,2940000,-5,EXERCISE_TRAINING_EFFECT_2,MAINTAINING_AEROBIC_BASE,3615274803,2026-03-31T17:25:05,14.0,24.0,6.0,10.0,2026-03-31T20:53:00.0,200,25740,0,1,1774908053000,1774934093000,1774915253000,1774941293000,0,3900,15480,6360,300,1,0,1,15.0,8.0,20.0,0,13.0,ADULT,54.0,POSITIVE_OPTIMAL_STRUCTURE,NONE,MOD_EXERCISE_POS_EXCELLENT_OR_GOOD_SLEEP_VIGOROUS_DURING_DAY_OUTDOOR,EXCELLENT,27600.0,27600.0,GOOD,0.0,15.0,EXCELLENT,0.0,1.0,93,EXCELLENT,25,EXCELLENT,21.0,31.0,5405.4,7979.4,EXCELLENT,0.0,5.0,60,GOOD,30.0,64.0,7722.0,16473.6,15,FAIR,16.0,33.0,4118.4,8494.2,2,3615274803,2026-03-30T10:59:56,460,460,NO_CHANGE_NO_ADJUSTMENTS,NO_CHANGE,NO_CHANGE,NO_CHANGE,NO_CHANGE,0,1380,1400,1,3615274803,2026-03-31T17:25:06,460,460,NO_CHANGE_NO_ADJUSTMENTS,NO_CHANGE,NO_CHANGE,NO_CHANGE,NO_CHANGE,0,1380,1400,1,72,48,7.15,65,258,106,5,93,77,88,149,BALANCED,HRV_BALANCED_2,2026-03-31T05:19:43.894,88,7,3615274803,RUNNING,GENERIC,RUNNING,3,PRODUCTIVE_3,0,47,OPTIMAL,FEEDBACK_2,693,928.5,495.20000000000005,619,1.1,1,PRODUCTIVE_3,129031336,54.9,55.0,0,0,0,0,0,,18,0,0,0,2026-03-31T20:29:38.0,3615274803,HIGH,HIGH_RT_AVAILABLE_SS_HIGHEST,RESTED_AND_READY,75,93,93,VERY_GOOD,1042,72,GOOD,86,GOOD,693,92,GOOD,91,GOOD,77,67,MODERATE,1,UPDATE_REALTIME_VARIABLES,1,,75,26,18.839629212239977,18.0,18.839629212239977,3.3,,,,0,6,53,0,184.6,0,6,24.1,20.7,3.4,18.0,1,0,2026-03-31T00:00:00.0,1042,75,HIGH,RESTED_AND_READY,93,67,91,77,92,693,86,7,BALANCED,77,44.7,28.0,44.1,-16.1,57,62,86,0.5625,62,86,0.5625,38.0,Nat. piscine,lap_swimming,22362887135,,,,,,,,,,,,,,,,,,,,,,,,,,,,,,,,,,,,,,,,,,,,,,,,,,,,,,56.0,56.0,1,,,,,129031336,3615274803,1,BEHIND,217,460,-80,380,150,,,
2026-04-01,3296.0,1146.0,2150.0,3296.0,12086,13980,12819,1146.0,1146.0,2,private,7000,2026-03-31T22:00:00.0,2026-04-01T00:00:00.0,2026-04-01T22:00:00.0,2026-04-02T00:00:00.0,86400000,4260,1505,80635,0,1,1,0,0,8,79,106.68,105.222,35.0,34.52165,150,10,48,158,57,53,43,97,27780,9540,10320,38700,86340,15660,9540,2580,32.18,11.05,11.95,44.82,18.14,11.05,2.99,BALANCED_AWAKE,47640,0,50,156,0,69,89,20,20,,,3.0,39.0,2026-04-01T19:00:11,MODERATE,SLEEP_PREPARATION_BALANCED_AND_INTENSIVE_EXERCISE,SLEEP_PREPARATION_BALANCED_AND_INTENSIVE_EXERCISE,2026-03-31T22:16:13,HIGH,SLEEP_TIME_PASSED_NOT_STRESS_DATA_AND_EXERCISE,ACTIVITY,2026-04-01T10:17:16,7200000,2880000,-12,EXERCISE_TRAINING_EFFECT_3,IMPROVING_AEROBIC_BASE,3615274803,2026-04-01T11:06:57,ACTIVITY,2026-04-01T17:17:15,7200000,2400000,-4,EXERCISE_TRAINING_EFFECT_2,EASY_AEROBIC,3615274803,2026-04-01T17:58:06,13.0,25.0,7.0,19.0,2026-04-01T21:59:00.0,200,,,,,,,,,,,,,0,0,,,,,,,,,,,,,,,,,,,,,,,,,,,,,,,,,,,,,,,,,,,,,3615274803,2026-03-31T17:25:06,460,460,NO_CHANGE_NO_ADJUSTMENTS,NO_CHANGE,NO_CHANGE,NO_CHANGE,NO_CHANGE,0,1380,1400,1,3615274803,2026-04-01T17:58:07,460,460,NO_CHANGE_NO_ADJUSTMENTS,NO_CHANGE,NO_DATA,NO_DATA,NO_CHANGE,0,1380,1400,1,,,,,,,,,78,,,BALANCED,HRV_BALANCED_5,2026-04-01T05:56:07.662,,7,3615274803,RUNNING,GENERIC,RUNNING,3,PRODUCTIVE_3,0,52,OPTIMAL,FEEDBACK_2,785,969.0,516.8000000000001,646,1.2,1,PRODUCTIVE_3,129031336,55.1,55.0,0,0,0,0,0,,40,0,0,0,2026-04-01T19:58:07.0,3615274803,MODERATE,MOD_RT_MOD_SS_UNKNOWN,RECOVERY_IN_PROGRESS,60,,0,NONE,1338,64,MODERATE,82,GOOD,785,92,GOOD,88,GOOD,78,86,GOOD,0,AFTER_POST_EXERCISE_RESET,1,NEW_EXERCISE,60,26,18.839629212239977,18.0,18.839629212239977,3.6,,,,0,6,53,0,197.5,0,6,24.1,20.7,3.4,18.0,1,0,2026-04-01T00:00:00.0,1338,60,MODERATE,RECOVERY_IN_PROGRESS,,86,88,78,92,785,82,7,BALANCED,78,93.1,29.5,51.1,-21.6,57,62,86,0.58332825,62,86,0.58332825,109.0,Nat. piscine,lap_swimming,22374842778,,,,,,,,,,129031336,55.1,55.0,0,0,0,0,0,40,0,0,0,55.1,,,,,,,,,,,,,,,,,,,,,,,Aulnay-sous-Bois Course à pied,running,22370387182,,,,,,,56.0,56.0,1,,,,,129031336,3615274803,1,NO_LAST_SLEEP_DATA,,460,-80,380,150,,,
2026-04-02,2197.0,47.0,2150.0,2197.0,3227,2646,2646,47.0,47.0,2,private,7510,2026-04-01T22:00:00.0,2026-04-02T00:00:00.0,2026-04-02T22:00:00.0,2026-04-03T00:00:00.0,86400000,996,249,58372,26783,1,0,0,0,0,0,16.1,12.365,5.28215,4.05676,150,10,48,95,52,52,29,87,34920,41400,4980,5040,86340,25080,8640,1200,40.44,47.95,5.77,5.84,29.05,10.01,1.39,BALANCED,56100,25200,49,93,69,57,86,19,32,67,86,3.0,35.0,2026-04-02T19:00:10,HIGH,SLEEP_PREPARATION_BALANCED_AND_INACTIVE,SLEEP_PREPARATION_BALANCED_AND_INACTIVE,2026-04-01T23:14:17,HIGH,SLEEP_TIME_PASSED_BALANCED_AND_INTENSIVE_EXERCISE,SLEEP,2026-04-01T22:15:05,7200000,25440000,67,NONE,NONE,3615274803,2026-04-02T06:00:37,RECOVERY,2026-04-02T19:09:57,7200000,2640000,0,RECOVERY_EVENING,RESTFUL_PERIOD,3615274803,2026-04-02T19:57:55,14.0,24.0,7.0,18.0,2026-04-02T21:59:00.0,200,25380,0,1,1775081705000,1775107145000,1775088905000,1775114345000,0,7020,12840,5520,60,1,0,1,16.0,8.0,19.0,0,13.0,ADULT,55.0,POSITIVE_LONG_AND_DEEP,POSITIVE_EXERCISE,MOD_EXERCISE_POS_EXCELLENT_OR_GOOD_SLEEP_VIGOROUS_DURING_DAY_OUTDOOR,GOOD,27600.0,27600.0,GOOD,0.0,15.0,EXCELLENT,0.0,1.0,89,GOOD,22,GOOD,21.0,31.0,5329.8,7867.8,EXCELLENT,0.0,5.0,51,EXCELLENT,30.0,64.0,7614.0,16243.2,28,EXCELLENT,16.0,33.0,4060.8,8375.4,2,3615274803,2026-04-01T17:58:07,460,460,NO_CHANGE_NO_ADJUSTMENTS,NO_CHANGE,NO_DATA,NO_DATA,NO_CHANGE,0,1380,1400,1,3615274803,2026-04-02T06:00:38,460,460,NO_CHANGE_NO_ADJUSTMENTS,NO_CHANGE,NO_CHANGE,NO_CHANGE,NO_CHANGE,0,1380,1400,1,67,52,7.05,117,214,92,1,89,78,76,108,BALANCED,HRV_BALANCED_2,2026-04-02T06:08:59.205,76,7,3615274803,RUNNING,GENERIC,RUNNING,3,PRODUCTIVE_3,0,42,OPTIMAL,FEEDBACK_2,672,942.0,502.40000000000003,628,1.0,1,PRODUCTIVE_3,129031336,55.1,55.0,0,0,0,0,0,,20,0,0,0,2026-04-02T17:29:38.0,3615274803,PRIME,PRIME_RT_HIGHEST_SS_AVAILABLE_SLEEP_HISTORY_POS,READY_TO_GO,95,89,88,GOOD,48,98,GOOD,88,GOOD,672,75,GOOD,89,GOOD,78,93,VERY_GOOD,1,UPDATE_REALTIME_VARIABLES,1,,95,26,18.839629212239977,18.0,18.839629212239977,3.6,,,,0,6,53,0,197.5,0,6,24.1,20.7,3.4,18.0,1,0,2026-04-02T00:00:00.0,48,95,PRIME,READY_TO_GO,89,93,89,78,75,672,88,7,BALANCED,78,0.0,28.8,43.8,-15.0,57,62,86,0.58332825,62,86,0.58332825,,,,,,,,,,,,,,,,,,,,,,,,,,,,,,,,,,,,,,,,,,,,,,,,,,,,,,,,,,56.0,56.0,1,,,,,129031336,3615274803,1,BEHIND,227,460,-80,380,150,32,76.0,
2026-04-03,2220.0,70.0,2150.0,2220.0,3841,3128,3128,70.0,70.0,2,private,7090,2026-04-02T22:00:00.0,2026-04-03T00:00:00.0,2026-04-03T22:00:00.0,2026-04-04T00:00:00.0,86400000,849,727,58507,26317,1,0,0,0,0,0,23.667,21.88,7.76476,7.17848,150,10,43,96,49,52,29,94,38160,36900,4140,7140,86340,25320,10440,2400,44.2,42.74,4.79,8.27,29.33,12.09,2.78,BALANCED,53040,26160,45,96,68,79,100,21,21,70,100,3.0,38.0,2026-04-03T21:19:40,MODERATE,SLEEP_PREPARATION_BALANCED_AND_INACTIVE,SLEEP_PREPARATION_BALANCED_AND_INACTIVE,2026-04-03T00:53:59,HIGH,SLEEP_TIME_PASSED_BALANCED_AND_INACTIVE,SLEEP,2026-04-02T21:37:37,7200000,27660000,70,NONE,NONE,3615274803,2026-04-03T05:18:37,,,,,,,,,,13.0,20.0,7.0,11.0,2026-04-03T21:55:00.0,200,27540,0,1,1775165857000,1775193517000,1775173057000,1775200717000,0,4380,17580,5580,120,1,0,1,15.0,9.0,19.0,0,8.0,ADULT,52.0,POSITIVE_HIGHLY_RECOVERING,NONE,STRESS_POS_EXCELLENT_OR_GOOD_SLEEP_RESTFUL_EVENING,EXCELLENT,27600.0,27600.0,EXCELLENT,0.0,15.0,EXCELLENT,0.0,1.0,93,EXCELLENT,20,FAIR,21.0,31.0,5783.4,8537.4,EXCELLENT,0.0,5.0,64,GOOD,30.0,64.0,8262.0,17625.6,16,GOOD,16.0,33.0,4406.4,9088.2,2,3615274803,2026-04-02T06:00:38,460,460,NO_CHANGE_NO_ADJUSTMENTS,NO_CHANGE,NO_CHANGE,NO_CHANGE,NO_CHANGE,0,1380,1400,1,3615274803,2026-04-03T05:18:37,460,460,NO_CHANGE_NO_ADJUSTMENTS,NO_CHANGE,NO_CHANGE,NO_CHANGE,NO_CHANGE,0,1380,1400,1,70,49,7.65,73,293,93,2,93,78,88,117,BALANCED,HRV_BALANCED_7,2026-04-03T05:18:45.133,88,7,3615274803,RUNNING,GENERIC,RUNNING,3,PRODUCTIVE_3,0,38,OPTIMAL,FEEDBACK_2,559,918.0,489.6,612,0.9,1,PRODUCTIVE_3,129031336,55.1,55.0,0,0,0,0,0,,42,0,0,0,2026-04-03T07:18:37.0,3615274803,HIGH,HIGH_RT_HIGHEST_SS_AVAILABLE,WELL_RECOVERED,93,93,93,VERY_GOOD,0,100,VERY_GOOD,95,GOOD,559,79,GOOD,90,GOOD,78,88,GOOD,1,AFTER_WAKEUP_RESET,1,REACHED_ZERO,93,26,18.839629212239977,18.0,18.839629212239977,3.6,,,,0,6,53,0,197.5,0,6,24.1,20.7,3.4,18.0,1,0,2026-04-02T00:00:00.0,0,93,HIGH,WELL_RECOVERED,93,88,90,78,79,559,95,7,BALANCED,78,0.0,28.1,37.5,-9.4,58,63,88,0.5499878,63,88,0.5499878,,,,,,,,,,,,,,,,,,,,,,,,,,,,,,,,,,,,,,,,,,,,,,,,,,,,,,,,,,,,,,,,,129031336,3615274803,1,ALIGNED,208,460,-80,380,150,47,88.0,
2026-04-04,3381.0,1231.0,2150.0,3381.0,1308,67765,1075,1231.0,1231.0,2,private,6440,2026-04-03T22:00:00.0,2026-04-04T00:00:00.0,2026-04-04T22:00:00.0,2026-04-05T00:00:00.0,86400000,185,605,56810,28800,1,1,0,0,35,83,13.771,7.475,4.51804,2.45243,150,10,46,183,48,52,15,99,2820,34680,1680,47220,86400,1140,1380,300,3.26,40.14,1.94,54.65,1.32,1.6,0.35,UNKNOWN,14760,24420,47,178,77,62,94,18,36,72,90,3.0,33.0,2026-04-04T21:10:38,MODERATE,NO_DATA,NO_DATA,2026-04-04T01:19:22,HIGH,SLEEP_TIME_PASSED_BALANCED_AND_INACTIVE,SLEEP,2026-04-03T23:11:37,7200000,24600000,71,NONE,NONE,3615274803,2026-04-04T06:08:56,NAP,2026-04-04T07:01:56,7200000,4200000,4,NAP_RECOVERING_BODY_BATTERY_INCREASE,RESTFUL_NAP,3615274803,2026-04-04T08:23:05,15.0,20.0,6.0,16.0,2026-04-04T14:25:00.0,200,24480,4200,1,1775257897000,1775282497000,1775265097000,1775289697000,0,5280,13980,5220,120,1,0,1,15.0,9.0,18.0,0,12.0,ADULT,52.0,POSITIVE_DEEP,NONE,GENERAL_POS_EXCELLENT_OR_GOOD_SLEEP,FAIR,27600.0,27600.0,EXCELLENT,0.0,15.0,EXCELLENT,0.0,1.0,86,GOOD,21,GOOD,21.0,31.0,5140.8,7588.8,EXCELLENT,0.0,5.0,57,EXCELLENT,30.0,64.0,7344.0,15667.2,22,EXCELLENT,16.0,33.0,3916.8,8078.4,2,3615274803,2026-04-03T05:18:37,460,460,NO_CHANGE_NO_ADJUSTMENTS,NO_CHANGE,NO_CHANGE,NO_CHANGE,NO_CHANGE,0,1380,1400,1,3615274803,2026-04-04T14:19:34,460,400,DECREASED,TODAYS_LOAD_AND_CHRONIC,NO_CHANGE,NO_CHANGE,DECREASING,1,1380,1400,1,71,48,6.8,88,233,87,2,86,81,81,112,BALANCED,HRV_BALANCED_8,2026-04-04T06:09:29.873,81,7,3615274803,RUNNING,GENERIC,RUNNING,3,PRODUCTIVE_3,0,47,OPTIMAL,FEEDBACK_2,715,964.5,514.4,643,1.1,1,PRODUCTIVE_3,129031336,55.1,55.0,0,0,0,0,0,,32,0,0,0,2026-04-04T18:29:38.0,3615274803,MODERATE,MODERATE_NAP,BOOSTED_BY_NAPPING,51,86,82,GOOD,2689,33,POOR,86,GOOD,715,80,GOOD,82,GOOD,81,91,VERY_GOOD,1,UPDATE_REALTIME_VARIABLES,1,,51,26,18.839629212239977,18.0,18.839629212239977,3.6,,,,0,6,53,0,210.8,0,6,24.1,20.7,3.4,18.0,1,0,2026-04-04T00:00:00.0,2689,51,MODERATE,BOOSTED_BY_NAPPING,86,91,82,81,80,715,86,7,BALANCED,81,93.3,29.7,45.5,-15.8,58,63,87,0.625,63,87,0.625,483.0,,,,ACTIVITY,2026-04-04T11:35:16,7200000,9660000,-24,EXERCISE_TRAINING_EFFECT_3,IMPROVING_ANAEROBIC_CAPACITY_AND_SPEED,3615274803,2026-04-04T14:19:32,,,,,,,,,,,,,,3615274803,4200,2026-04-04T07:01:56,2026-04-04T08:11:56,LONG_DURATION_LOW_NEED,0,120,120,,,,,,,,,,,,Chevrières Cyclisme,cycling,22405892862,,,,,,,,,,,,,,,,,129031336,3615274803,1,BEHIND,276,460,-80,380,150,40,81.0,
2026-04-05,2150.0,0.0,2150.0,2150.0,,,,0.0,0.0,2,private,5420,2026-04-04T22:00:00.0,2026-04-05T00:00:00.0,2026-04-05T22:00:00.0,2026-04-06T00:00:00.0,86400000,0,0,86400,0,1,0,0,0,0,0,0.0,0.0,0.0,0.0,150,10,,,,,-1,,,,,86400,86400,,,,0.0,0.0,0.0,100.0,0.0,0.0,0.0,UNKNOWN,0,0,,,,,,,,,,,25.0,2026-04-05T19:00:31,MODERATE,NO_DATA,NO_DATA,,,,,,,,,,,,,,,,,,,,,,,,,,,,,,,,,,,,,,,,0,0,,,,,,,,,,,,,,,,,,,,,,,,,,,,,,,,,,,,,,,,,,,,,3615274803,2026-04-04T14:19:34,460,400,DECREASED,TODAYS_LOAD_AND_CHRONIC,NO_CHANGE,NO_CHANGE,DECREASING,1,1380,1400,1,3615274803,2026-04-05T05:50:38,460,460,NO_CHANGE_NO_ADJUSTMENTS,NO_CHANGE,NO_DATA,NO_DATA,NO_CHANGE,0,1380,1400,1,,,,,,,,,81,,,BALANCED,HRV_BALANCED_5,2026-04-05T05:50:45.110,,7,3615274803,RUNNING,GENERIC,RUNNING,3,PRODUCTIVE_3,0,38,OPTIMAL,FEEDBACK_2,588,943.5,503.20000000000005,629,0.9,1,PRODUCTIVE_3,129031336,55.1,55.0,0,0,0,0,0,,24,0,0,0,2026-04-05T07:50:38.0,3615274803,MODERATE,MOD_RT_MOD_SS_UNKNOWN,RECOVERY_IN_PROGRESS,54,,0,NONE,1888,49,MODERATE,94,GOOD,588,80,GOOD,81,GOOD,81,86,GOOD,0,AFTER_WAKEUP_RESET,1,,54,26,18.839629212239977,18.0,18.839629212239977,3.6,,,,0,6,53,0,210.8,0,6,24.1,20.7,3.4,18.0,1,0,2026-04-04T00:00:00.0,1888,54,MODERATE,RECOVERY_IN_PROGRESS,,86,81,81,80,588,94,7,BALANCED,81,0.0,29.0,39.0,-10.0,58,63,87,0.625,63,87,0.625,,,,,,,,,,,,,,,,,,,,,,,,,,,,,,,,,,,,,,,,,,,,,,,,,,,,,,,,,,,,,,,,,129031336,3615274803,1,NO_LAST_SLEEP_DATA,,460,-80,380,150,,,
2026-04-06,3048.0,898.0,2150.0,3048.0,13782,17731,17731,898.0,898.0,2,private,5420,2026-04-05T22:00:00.0,2026-04-06T00:00:00.0,2026-04-06T22:00:00.0,2026-04-07T00:00:00.0,86400000,4963,849,80588,0,1,1,0,0,1,56,95.576,87.731,31.35696,28.78314,150,10,59,164,55,52,61,97,9540,360,6240,70200,86340,2340,5460,1740,11.05,0.42,7.23,81.31,2.71,6.32,2.02,UNKNOWN,16140,0,61,162,0,33,57,24,24,,,3.0,31.0,2026-04-06T19:00:11,MODERATE,NO_DATA,NO_DATA,,,,ACTIVITY,2026-04-06T16:03:48,7200000,3300000,-9,EXERCISE_TRAINING_EFFECT_3,IMPROVING_AEROBIC_ENDURANCE,3615274803,2026-04-06T17:00:16,,,,,,,,,,13.0,22.0,7.0,22.0,2026-04-06T17:40:00.0,200,,,,,,,,,,,,,0,0,,,,,,,,,,,,,,,,,,,,,,,,,,,,,,,,,,,,,,,,,,,,,3615274803,2026-04-05T05:50:38,460,460,NO_CHANGE_NO_ADJUSTMENTS,NO_CHANGE,NO_DATA,NO_DATA,NO_CHANGE,0,1380,1400,1,3615274803,2026-04-06T17:00:17,460,460,NO_CHANGE_NO_ADJUSTMENTS,NO_CHANGE,NO_DATA,NO_DATA,NO_CHANGE,0,1380,1400,1,,,,,,,,,83,,,BALANCED,HRV_BALANCED_6,2026-04-06T05:55:55.879,,7,3615274803,RUNNING,GENERIC,RUNNING,3,PRODUCTIVE_3,0,42,OPTIMAL,FEEDBACK_2,658,969.0,516.8000000000001,646,1.0,1,PRODUCTIVE_3,129031336,55.3,55.0,0,0,0,0,0,,36,0,0,0,2026-04-06T19:00:17.0,3615274803,MODERATE,MOD_RT_MOD_SS_UNKNOWN,RECOVERY_IN_PROGRESS,54,,0,NONE,1728,53,MODERATE,90,GOOD,658,81,GOOD,78,GOOD,83,82,GOOD,0,AFTER_POST_EXERCISE_RESET,1,REACHED_ZERO,54,26,18.839629212239977,18.0,18.839629212239977,3.8,,,,0,6,53,0,214.0,0,6,24.1,20.7,3.4,18.0,1,0,2026-04-06T00:00:00.0,1728,54,MODERATE,RECOVERY_IN_PROGRESS,,82,78,83,81,658,90,7,BALANCED,83,58.8,29.7,41.8,-12.1,58,63,87,0.6666565,63,87,0.6666565,82.0,,,,,,,,,,,,,129031336,55.3,55.0,0,0,0,0,0,36,0,0,0,55.3,,,,,,,,,,,,,,,,,,,,,,,Chevrières Course à pied,running,22430228168,,,,,,,,,,,,,,129031336,3615274803,1,NO_LAST_SLEEP_DATA,,460,-80,380,150,,,
2026-04-07,2918.0,768.0,2150.0,2918.0,12520,13417,13417,768.0,768.0,2,private,6260,2026-04-06T22:00:00.0,2026-04-07T00:00:00.0,2026-04-07T22:00:00.0,2026-04-08T00:00:00.0,86400000,4227,923,81250,0,1,1,0,0,2,51,106.68,95.622,35.0,31.37205,150,10,53,169,56,53,54,96,37740,3720,8220,36540,86220,14220,16620,6900,43.77,4.31,9.53,42.38,16.49,19.28,8.0,STRESSFUL_AWAKE,49680,0,55,163,0,73,86,13,13,,,3.0,43.0,2026-04-07T21:05:40,LOW,SLEEP_PREPARATION_STRESSFUL_AND_INTENSIVE_EXERCISE,SLEEP_PREPARATION_STRESSFUL_AND_INTENSIVE_EXERCISE_AND_BB_LOW,,,,ACTIVITY,2026-04-07T10:14:34,7200000,2940000,-11,EXERCISE_TRAINING_EFFECT_3,IMPROVING_TEMPO,3615274803,2026-04-07T11:06:28,,,,,,,,,,13.0,23.0,7.0,20.0,2026-04-07T22:00:00.0,200,,,,,,,,,,,,,0,0,,,,,,,,,,,,,,,,,,,,,,,,,,,,,,,,,,,,,,,,,,,,,3615274803,2026-04-06T17:00:17,460,460,NO_CHANGE_NO_ADJUSTMENTS,NO_CHANGE,NO_DATA,NO_DATA,NO_CHANGE,0,1380,1400,1,3615274803,2026-04-07T11:06:29,460,460,NO_CHANGE_NO_ADJUSTMENTS,NO_CHANGE,NO_DATA,NO_DATA,NO_CHANGE,0,1380,1400,1,,,,,,,,,,,,,,,,7,3615274803,RUNNING,GENERIC,RUNNING,3,PRODUCTIVE_3,0,42,OPTIMAL,FEEDBACK_2,695,993.0,529.6,662,1.0,1,PRODUCTIVE_3,129031336,55.3,55.0,0,0,0,0,0,,38,0,0,0,2026-04-07T13:06:29.0,3615274803,MODERATE,MOD_RT_MOD_SS_UNKNOWN,RECOVERY_IN_PROGRESS,58,,0,NONE,1728,53,MODERATE,89,GOOD,695,0,NONE,0,NONE,511,0,NONE,0,AFTER_POST_EXERCISE_RESET,1,NO_CHANGE_SLEEP,58,26,18.839629212239977,18.0,18.839629212239977,3.6,,,,0,6,53,0,214.8,0,6,24.1,20.7,3.4,18.0,1,0,2026-04-07T00:00:00.0,1728,58,MODERATE,RECOVERY_IN_PROGRESS,,0,0,511,0,695,89,7,,,54.5,30.3,43.6,-13.4,,,,,,,,73.0,,,,,,,,,,,,,129031336,55.3,55.0,0,0,0,0,0,38,0,0,0,55.3,,,,,,,,,,,,,,,,,,,,,,,Aulnay-sous-Bois Course à pied,running,22438104612,,,,,,,,,,,,,,129031336,3615274803,1,NO_LAST_SLEEP_DATA,,460,-80,380,150,,,
2026-04-08,2809.0,659.0,2150.0,2809.0,11820,12707,12707,659.0,659.0,2,private,7520,2026-04-07T22:00:00.0,2026-04-08T00:00:00.0,2026-04-08T22:00:00.0,2026-04-09T00:00:00.0,86400000,4081,787,60052,21480,1,1,0,0,3,46,111.564,106.615,36.60236,34.97867,150,10,45,156,51,52,32,93,30060,29700,7380,18960,86100,15180,12120,2760,34.91,34.49,8.57,22.02,17.63,14.08,3.21,BALANCED,45660,21480,47,154,72,64,84,12,21,69,84,3.0,43.0,2026-04-08T21:34:49,MODERATE,SLEEP_PREPARATION_NOT_STRESS_DATA_AND_INTENSIVE_EXERCISE,SLEEP_PREPARATION_NOT_STRESS_DATA_AND_INTENSIVE_EXERCISE,2026-04-08T00:35:25,HIGH,SLEEP_TIME_PASSED_STRESSFUL_AND_INTENSIVE_EXERCISE,SLEEP,2026-04-07T23:27:28,7200000,21480000,69,NONE,NONE,3615274803,2026-04-08T07:10:37,ACTIVITY,2026-04-08T10:19:48,7200000,2700000,-10,EXERCISE_TRAINING_EFFECT_3,IMPROVING_AEROBIC_BASE,3615274803,2026-04-08T11:05:53,13.0,20.0,7.0,12.0,2026-04-08T18:27:00.0,200,21180,0,1,1775604448000,1775625928000,1775611648000,1775633128000,0,4380,14340,2460,300,1,0,1,15.0,8.0,17.0,0,18.0,ADULT,53.0,POSITIVE_DEEP,POSITIVE_EXERCISE,MOD_EXERCISE_POS_FAIR_SLEEP_MOD_TO_VIG_DURING_DAY_OUTDOOR,FAIR,27600.0,27600.0,FAIR,0.0,15.0,EXCELLENT,0.0,1.0,73,FAIR,12,FAIR,21.0,31.0,4447.8,6565.8,EXCELLENT,0.0,5.0,68,FAIR,30.0,64.0,6354.0,13555.2,21,EXCELLENT,16.0,33.0,3388.8,6989.4,2,3615274803,2026-04-07T11:06:29,460,460,NO_CHANGE_NO_ADJUSTMENTS,NO_CHANGE,NO_DATA,NO_DATA,NO_CHANGE,0,1380,1400,1,3615274803,2026-04-08T11:05:54,460,460,NO_CHANGE_NO_ADJUSTMENTS,NO_CHANGE,NO_CHANGE,NO_CHANGE,NO_CHANGE,0,1380,1400,1,69,51,5.88,73,239,41,5,73,85,95,122,BALANCED,HRV_BALANCED_8,2026-04-09T17:21:13.584,95,7,3615274803,RUNNING,GENERIC,RUNNING,3,PRODUCTIVE_3,0,42,OPTIMAL,FEEDBACK_2,679,1002.0,534.4,668,1.0,1,PRODUCTIVE_3,129031336,55.4,55.0,0,0,0,0,0,,43,0,0,0,2026-04-08T13:05:54.0,3615274803,MODERATE,MOD_RT_MOD_SS_MOD,LISTEN_TO_YOUR_BODY,55,73,59,MODERATE,1338,64,MODERATE,90,GOOD,679,0,NONE,78,GOOD,85,0,NONE,1,AFTER_POST_EXERCISE_RESET,1,NO_CHANGE_SLEEP,55,26,18.839629212239977,18.0,18.839629212239977,3.8,,,,0,6,53,0,222.5,0,6,24.1,20.7,3.4,18.0,1,0,2026-04-08T00:00:00.0,1338,55,MODERATE,LISTEN_TO_YOUR_BODY,73,0,78,85,0,679,90,7,BALANCED,85,39.4,30.5,43.0,-12.5,58,63,89,0.6730652,63,89,0.6730652,67.0,Aulnay-sous-Bois Course à pied,running,22468393183,,,,,,,,,,129031336,55.4,55.0,0,0,0,0,0,43,0,0,0,55.4,,,,,,,,,,,,,,,,,,,,,,,,,,,,,,,,,,,,,,,129031336,3615274803,1,BEHIND,266,460,-80,380,150,44,95.0,
2026-04-09,4206.0,2056.0,2150.0,2176.0,885,58726,720,1103.0,2056.0,2,private,8380,2026-04-08T22:00:00.0,2026-04-09T00:00:00.0,2026-04-09T22:00:00.0,2026-04-10T00:00:00.0,86400000,181,565,83035,2619,1,1,0,0,27,81,18.777,18.914,6.16043,6.20538,150,10,54,168,56,53,44,92,6420,4500,1800,70380,83100,1860,2640,1920,7.73,5.42,2.17,84.69,2.24,3.18,2.31,UNKNOWN,10620,2100,55,164,5,24,58,16,21,,,3.0,33.0,2026-04-09T19:00:09,MODERATE,NO_DATA,NO_DATA,2026-04-08T22:25:43,HIGH,SLEEP_TIME_PASSED_NOT_STRESS_DATA_AND_INTENSIVE_EXERCISE,ACTIVITY,2026-04-09T15:14:38,7200000,7500000,-13,EXERCISE_TRAINING_EFFECT_3,IMPROVING_AEROBIC_BASE,3615274803,2026-04-09T17:20:21,,,,,,,,,,17.0,25.0,9.0,17.0,2026-04-09T22:00:00.0,200,,,,,,,,,,,,,0,0,,,,,,,,,,,,,,,,,,,,,,,,,,,,,,,,,,,,,,,,,,,,,3615274803,2026-04-08T11:05:54,460,460,NO_CHANGE_NO_ADJUSTMENTS,NO_CHANGE,NO_CHANGE,NO_CHANGE,NO_CHANGE,0,1380,1400,1,3615274803,2026-04-09T17:20:22,460,460,NO_CHANGE_NO_ADJUSTMENTS,NO_CHANGE,NO_DATA,NO_DATA,NO_CHANGE,0,1380,1400,1,,,,,,,,,,,,,,,,7,3615274803,RUNNING,GENERIC,RUNNING,3,PRODUCTIVE_3,0,47,OPTIMAL,FEEDBACK_2,759,1029.0,548.8000000000001,686,1.1,1,PRODUCTIVE_3,129031336,55.4,55.0,0,0,0,0,0,,32,0,0,0,2026-04-09T19:20:21.0,3615274803,MODERATE,MOD_RT_MOD_SS_UNKNOWN,RECOVERY_IN_PROGRESS,56,,0,NONE,1396,62,MODERATE,86,GOOD,759,0,NONE,0,NONE,511,59,MODERATE,0,AFTER_POST_EXERCISE_RESET,1,REACHED_ZERO,56,26,18.0,18.0,18.839629212239977,4.0,,,,0,6,53,0,224.0,0,6,24.1,20.7,3.4,18.0,1,0,2026-04-09T00:00:00.0,1396,56,MODERATE,RECOVERY_IN_PROGRESS,,59,0,511,0,759,86,7,,,95.5,32.0,50.5,-18.5,,,,,,,,374.0,,,,,,,,,,,,,,,,,,,,,,,,,,,,,,,,,,,,,,,,,,,,2030.0,,,,Chevrières Cyclisme,cycling,22468394826,,,,,,,,,,,,,,129031336,3615274803,1,NO_LAST_SLEEP_DATA,,460,-80,380,150,,,
2026-04-10,2880.0,730.0,2150.0,2880.0,11346,12392,12392,730.0,730.0,2,private,7630,2026-04-09T22:00:00.0,2026-04-10T00:00:00.0,2026-04-10T22:00:00.0,2026-04-11T00:00:00.0,86400000,3983,837,57679,23901,1,1,0,0,2,52,88.392,88.015,29.0,28.87631,150,10,43,150,51,53,40,92,27900,19620,5940,24540,78000,9300,13440,5160,35.77,25.15,7.62,31.46,11.92,17.23,6.62,UNKNOWN,35760,17700,44,148,66,64,84,16,17,67,83,3.0,43.0,2026-04-10T21:13:26,MODERATE,SLEEP_PREPARATION_NOT_STRESS_DATA_AND_INTENSIVE_EXERCISE,SLEEP_PREPARATION_NOT_STRESS_DATA_AND_INTENSIVE_EXERCISE,2026-04-10T21:38:31,MODERATE,SLEEP_TIME_PASSED_NOT_STRESS_DATA_AND_INTENSIVE_EXERCISE,SLEEP,2026-04-09T21:16:21,7200000,26520000,67,NONE,NONE,3615274803,2026-04-10T04:41:36,ACTIVITY,2026-04-10T10:09:36,7200000,3060000,-10,EXERCISE_TRAINING_EFFECT_3,IMPROVING_AEROBIC_BASE,3615274803,2026-04-10T11:03:02,13.0,22.0,7.0,20.0,2026-04-10T21:59:00.0,200,26460,0,1,1775769381000,1775795901000,1775776581000,1775803101000,0,3900,17220,5340,60,1,0,1,15.0,9.0,18.0,0,16.0,ADULT,55.0,POSITIVE_LONG_AND_CONTINUOUS,POSITIVE_EXERCISE,MOD_EXERCISE_POS_EXCELLENT_OR_GOOD_SLEEP_VIGOROUS_DURING_DAY,EXCELLENT,27600.0,27600.0,FAIR,0.0,15.0,EXCELLENT,0.0,1.0,85,GOOD,20,FAIR,21.0,31.0,5556.6,8202.6,EXCELLENT,0.0,5.0,65,FAIR,30.0,64.0,7938.0,16934.4,15,FAIR,16.0,33.0,4233.6,8731.8,2,3615274803,2026-04-09T17:20:22,460,460,NO_CHANGE_NO_ADJUSTMENTS,NO_CHANGE,NO_DATA,NO_DATA,NO_CHANGE,0,1380,1400,1,3615274803,2026-04-10T11:03:03,460,460,NO_CHANGE_NO_ADJUSTMENTS,NO_CHANGE,NO_CHANGE,NO_DATA,NO_CHANGE,0,1380,1400,1,67,51,7.35,65,287,89,1,85,,81,115,NONE,ONBOARDING_2,2026-04-10T04:42:09.757,81,7,3615274803,RUNNING,GENERIC,RUNNING,3,PRODUCTIVE_3,0,47,OPTIMAL,FEEDBACK_2,761,1035.0,552.0,690,1.1,1,PRODUCTIVE_3,129031336,55.5,56.0,0,0,0,0,0,,44,0,0,0,2026-04-10T13:03:03.0,3615274803,MODERATE,MOD_RT_MOD_SS_GOOD,BOOSTED_BY_GOOD_SLEEP,58,85,80,GOOD,1338,64,MODERATE,86,GOOD,761,60,MODERATE,0,NONE,511,59,MODERATE,1,AFTER_POST_EXERCISE_RESET,1,NO_CHANGE_SLEEP,58,26,18.839629212239977,18.0,18.0,3.8,,,,0,6,53,0,227.0,0,6,24.1,20.7,3.4,18.0,1,0,2026-04-10T00:00:00.0,1338,58,MODERATE,BOOSTED_BY_GOOD_SLEEP,85,59,0,511,60,761,86,7,NONE,,44.9,32.3,49.7,-17.4,59,64,90,,64,90,,76.0,Aulnay-sous-Bois Course à pied,running,22475636257,,,,,,,,,,129031336,55.5,56.0,0,0,0,0,0,44,0,0,0,55.5,,,,,,,,,,,,,,,,,,,,,,,,,,,,,,,,,,,,,,,129031336,3615274803,1,ALIGNED,177,460,-80,380,150,55,81.0,
2026-04-11,2203.0,53.0,2150.0,2203.0,4653,3798,3798,53.0,53.0,2,private,8010,2026-04-10T22:00:00.0,2026-04-11T00:00:00.0,2026-04-11T22:00:00.0,2026-04-12T00:00:00.0,86400000,1154,494,56792,27960,1,0,0,0,0,0,42.672,30.084,14.0,9.87008,150,10,46,94,51,53,27,90,19260,34320,8340,24420,86340,10920,7080,1260,22.31,39.75,9.66,28.28,12.65,8.2,1.46,BALANCED,34140,27780,49,91,71,49,88,17,26,70,88,3.0,26.0,2026-04-11T21:14:47,HIGH,SLEEP_PREPARATION_NOT_STRESS_DATA_AND_INACTIVE,SLEEP_PREPARATION_NOT_STRESS_DATA_AND_INACTIVE,2026-04-10T23:40:29,HIGH,SLEEP_TIME_PASSED_STRESSFUL_AND_INTENSIVE_EXERCISE,SLEEP,2026-04-10T22:50:02,7200000,27960000,70,NONE,NONE,3615274803,2026-04-11T07:31:31,,,,,,,,,,13.0,21.0,7.0,15.0,2026-04-11T20:11:00.0,200,27960,0,1,1775861402000,1775889362000,1775868602000,1775896562000,0,2940,17880,7140,0,1,0,1,15.0,10.0,18.0,0,17.0,ADULT,55.0,POSITIVE_LONG_AND_REFRESHING,POSITIVE_LATE_BED_TIME,MOD_EXERCISE_POS_EXCELLENT_OR_GOOD_SLEEP_VIGOROUS_DURING_DAY_OUTDOOR,EXCELLENT,27600.0,27600.0,FAIR,0.0,15.0,EXCELLENT,0.0,1.0,87,GOOD,26,EXCELLENT,21.0,31.0,5871.6,8667.6,EXCELLENT,0.0,5.0,64,GOOD,30.0,64.0,8388.0,17894.4,11,FAIR,16.0,33.0,4473.6,9226.8,2,3615274803,2026-04-10T11:03:03,460,460,NO_CHANGE_NO_ADJUSTMENTS,NO_CHANGE,NO_CHANGE,NO_DATA,NO_CHANGE,0,1380,1400,1,3615274803,2026-04-11T07:31:32,460,460,NO_CHANGE_NO_ADJUSTMENTS,NO_CHANGE,NO_CHANGE,NO_DATA,NO_CHANGE,0,1380,1400,1,70,51,7.77,49,298,119,,87,,83,128,NONE,ONBOARDING_2,2026-04-11T07:45:38.537,83,7,3615274803,RUNNING,GENERIC,RUNNING,3,PRODUCTIVE_3,0,38,OPTIMAL,FEEDBACK_2,632,1005.0,536.0,670,0.9,1,PRODUCTIVE_3,129031336,55.5,56.0,0,0,0,0,0,,23,0,0,0,2026-04-11T09:31:32.0,3615274803,HIGH,HIGH_RT_HIGHEST_SS_AVAILABLE,WELL_RECOVERED,77,87,84,GOOD,110,97,GOOD,93,GOOD,632,0,NONE,0,NONE,511,80,GOOD,1,AFTER_WAKEUP_RESET,1,NO_CHANGE_SLEEP,77,26,18.0,18.0,18.839629212239977,4.0,,,,0,6,53,0,227.0,0,6,24.1,20.7,3.4,18.0,1,0,2026-04-11T00:00:00.0,110,77,HIGH,WELL_RECOVERED,87,80,0,511,0,632,93,7,NONE,,0.0,31.6,42.6,-11.0,59,65,90,,65,90,,,,,,,,,,,,,,,,,,,,,,,,,,,,,,,,,,,,,,,,,,,,,,,,,,,,,,,,,,,,,,,,,,129031336,3615274803,1,BEHIND,283,460,-80,380,150,48,83.0,
2026-04-12,2846.0,696.0,2150.0,2846.0,777,54678,664,696.0,696.0,2,private,7680,2026-04-11T22:00:00.0,2026-04-12T00:00:00.0,2026-04-12T22:00:00.0,2026-04-13T00:00:00.0,86400000,177,487,85736,0,1,1,0,0,73,31,7.756,8.086,2.54462,2.65289,150,10,61,148,57,54,35,97,3780,1800,600,80220,86400,3120,300,360,4.38,2.08,0.69,92.85,3.61,0.35,0.42,UNKNOWN,6180,0,62,147,0,17,88,23,23,,,3.0,22.0,2026-04-12T20:07:03,HIGH,NO_DATA,NO_DATA,2026-04-12T00:07:13,HIGH,SLEEP_TIME_PASSED_NOT_STRESS_DATA_AND_INACTIVE,,,,,,,,,,,,,,,,,,,19.0,25.0,11.0,13.0,2026-04-12T22:00:00.0,200,,,,,,,,,,,,,0,0,,,,,,,,,,,,,,,,,,,,,,,,,,,,,,,,,,,,,,,,,,,,,3615274803,2026-04-11T07:31:32,460,460,NO_CHANGE_NO_ADJUSTMENTS,NO_CHANGE,NO_CHANGE,NO_DATA,NO_CHANGE,0,1380,1400,1,3615274803,2026-04-12T18:55:55,460,460,NO_CHANGE_NO_ADJUSTMENTS,NO_CHANGE,NO_DATA,NO_DATA,NO_CHANGE,0,1380,1400,1,,,,,,,,,,,,,,,,7,3615274803,RUNNING,GENERIC,RUNNING,3,PRODUCTIVE_3,0,33,OPTIMAL,FEEDBACK_2,572,982.5,524.0,655,0.8,1,PRODUCTIVE_3,129031336,55.5,56.0,0,0,0,0,0,,29,0,0,0,2026-04-12T14:56:45.0,3615274803,HIGH,HIGH_RT_AVAILABLE_SS_UNKNOWN,WELL_RECOVERED,75,,0,NONE,384,89,GOOD,96,GOOD,572,0,NONE,0,NONE,511,82,GOOD,0,UPDATE_REALTIME_VARIABLES,1,,75,26,18.0,18.0,18.0,4.1,,,,0,6,53,0,232.1,0,6,24.1,20.7,3.4,18.0,1,0,2026-04-12T00:00:00.0,384,75,HIGH,WELL_RECOVERED,,82,0,511,0,572,96,7,,,47.2,31.9,43.3,-11.3,,,,,,,,180.0,,,,,,,,,,,,,,,,,,,,,,,,,,,,,,,,,,,,,,,,,,,,,,,,,,,,,,,,,,,,,,,,129031336,3615274803,1,NO_LAST_SLEEP_DATA,,460,-80,380,150,,,
2026-04-13,2682.0,532.0,2150.0,2682.0,5444,5415,4436,532.0,532.0,2,private,6300,2026-04-12T22:00:00.0,2026-04-13T00:00:00.0,2026-04-13T22:00:00.0,2026-04-14T00:00:00.0,86400000,1493,1470,59557,23880,1,1,0,0,1,34,26.205,15.354,8.59744,5.0374,150,10,49,166,54,54,30,92,31680,34860,7920,11820,86280,22140,7800,1740,36.72,40.4,9.18,13.7,25.66,9.04,2.02,BALANCED,50640,23820,51,162,57,61,80,19,19,56,80,3.0,37.0,2026-04-13T19:00:17,MODERATE,SLEEP_PREPARATION_BALANCED_AND_EXERCISE,SLEEP_PREPARATION_BALANCED_AND_EXERCISE,,,,SLEEP,2026-04-12T22:54:44,7200000,23880000,55,NONE,NONE,3615274803,2026-04-13T06:07:44,ACTIVITY,2026-04-13T16:48:44,7200000,2160000,-5,EXERCISE_TRAINING_EFFECT_2,EASY_AEROBIC,3615274803,2026-04-13T17:25:48,14.0,24.0,6.0,17.0,2026-04-13T22:00:00.0,200,23580,0,1,1776034484000,1776058364000,1776041684000,1776065564000,0,5100,13440,5040,300,1,0,1,15.0,11.0,20.0,0,16.0,ADULT,58.0,POSITIVE_DEEP,NONE,RHYTHM_POS_GOOD_SLEEP_GOOD_TIMING,FAIR,27600.0,27600.0,FAIR,0.0,15.0,EXCELLENT,0.0,1.0,81,GOOD,21,GOOD,21.0,31.0,4951.8,7309.8,EXCELLENT,0.0,5.0,57,EXCELLENT,30.0,64.0,7074.0,15091.2,22,EXCELLENT,16.0,33.0,3772.8,7781.4,2,3615274803,2026-04-12T18:55:55,460,460,NO_CHANGE_NO_ADJUSTMENTS,NO_CHANGE,NO_DATA,NO_DATA,NO_CHANGE,0,1380,1400,1,3615274803,2026-04-13T17:25:49,460,460,NO_CHANGE_NO_ADJUSTMENTS,NO_CHANGE,NO_CHANGE,NO_CHANGE,NO_CHANGE,0,1390,1410,1,55,54,6.55,85,224,84,5,81,83,76,115,BALANCED,HRV_BALANCED_5,2026-04-13T18:21:14.90,76,7,3615274803,RUNNING,GENERIC,RUNNING,3,PRODUCTIVE_3,0,33,OPTIMAL,FEEDBACK_2,539,973.5,519.2,649,0.8,1,PRODUCTIVE_3,129031336,55.5,56.0,0,0,0,0,0,,31,0,0,0,2026-04-13T19:25:49.0,3615274803,MODERATE,MOD_RT_LOW_SS_GOOD,RECOVERED_AND_READY,70,81,72,GOOD,816,78,GOOD,98,GOOD,539,0,NONE,84,GOOD,83,84,GOOD,1,AFTER_POST_EXERCISE_RESET,1,REACHED_ZERO,70,26,18.0,18.0,18.0,4.0,,,,0,6,53,0,230.1,0,6,24.1,20.7,3.4,18.0,1,0,2026-04-13T00:00:00.0,816,70,MODERATE,RECOVERED_AND_READY,81,84,84,83,0,539,98,7,BALANCED,83,43.7,32.2,43.3,-11.1,59,65,91,0.59614563,65,91,0.59614563,32.0,Nat. piscine,lap_swimming,22514224321,,,,,,,,,,,,,,,,,,,,,,,,,,,,,,,,,,,,,,,,,,,,,,,,,,,,,,,,,,,,,129031336,3615274803,1,BEHIND,253,460,-80,380,150,39,76.0,
2026-04-14,2957.0,807.0,2150.0,2957.0,12301,13718,13718,807.0,807.0,2,private,6130,2026-04-13T22:00:00.0,2026-04-14T00:00:00.0,2026-04-14T22:00:00.0,2026-04-15T00:00:00.0,86400000,4356,623,56420,25001,1,1,0,0,5,51,104.978,101.489,34.4416,33.29692,150,10,47,171,49,53,33,88,30600,29100,4500,22200,86400,13860,13920,2820,35.42,33.68,5.21,25.69,16.04,16.11,3.26,BALANCED,39300,24900,48,169,75,75,93,18,19,74,93,3.0,31.0,2026-04-14T21:14:28,MODERATE,SLEEP_PREPARATION_STRESSFUL_AND_INTENSIVE_EXERCISE,SLEEP_PREPARATION_STRESSFUL_AND_INTENSIVE_EXERCISE,2026-04-14T21:58:48,MODERATE,SLEEP_TIME_PASSED_STRESSFUL_AND_INTENSIVE_EXERCISE,SLEEP,2026-04-13T22:01:48,7200000,24960000,74,NONE,NONE,3615274803,2026-04-14T04:58:29,ACTIVITY,2026-04-14T17:04:20,7200000,3060000,-8,EXERCISE_TRAINING_EFFECT_4,HIGHLY_IMPROVING_LACTATE_THRESHOLD,3615274803,2026-04-14T17:56:08,15.0,43.0,6.0,12.0,2026-04-14T18:06:00.0,200,24941,0,1,1776117708000,1776142709000,1776124908000,1776149909000,0,5520,13860,5580,60,1,0,1,15.0,6.0,19.0,0,11.0,ADULT,53.0,POSITIVE_LONG_AND_DEEP,POSITIVE_EXERCISE,MOD_EXERCISE_POS_EXCELLENT_OR_GOOD_SLEEP_MODERATE_DURING_DAY,GOOD,27600.0,27600.0,EXCELLENT,0.0,15.0,EXCELLENT,0.0,1.0,88,GOOD,22,GOOD,21.0,31.0,5237.61,7731.71,EXCELLENT,0.0,5.0,56,EXCELLENT,30.0,64.0,7482.3,15962.24,22,EXCELLENT,16.0,33.0,3990.56,8230.53,2,3615274803,2026-04-13T17:25:49,460,460,NO_CHANGE_NO_ADJUSTMENTS,NO_CHANGE,NO_CHANGE,NO_CHANGE,NO_CHANGE,0,1390,1410,1,3615274803,2026-04-14T17:56:09,460,460,NO_CHANGE_NO_ADJUSTMENTS,NO_CHANGE,NO_CHANGE,NO_CHANGE,NO_CHANGE,0,1390,1410,1,74,49,6.93,92,231,93,1,88,84,85,124,BALANCED,HRV_BALANCED_6,2026-04-14T05:02:21.387,85,7,3615274803,RUNNING,GENERIC,RUNNING,3,PRODUCTIVE_3,0,38,OPTIMAL,FEEDBACK_2,645,1005.0,536.0,670,0.9,1,PRODUCTIVE_3,129031336,55.6,56.0,0,0,0,0,0,,32,0,0,0,2026-04-14T19:56:09.0,3615274803,MODERATE,MOD_RT_MOD_SS_GOOD_WORKOUT_COMPLETED,RECOVERY_IN_PROGRESS,57,88,86,GOOD,2160,41,MODERATE,92,GOOD,645,0,NONE,84,GOOD,84,72,GOOD,1,AFTER_POST_EXERCISE_RESET,1,REACHED_ZERO,57,26,18.0,18.0,18.0,4.3,,,,0,6,53,0,238.6,0,6,24.1,20.7,3.4,18.0,1,0,2026-04-14T00:00:00.0,2160,57,MODERATE,RECOVERY_IN_PROGRESS,88,72,84,84,0,645,92,7,BALANCED,84,71.8,33.2,47.4,-14.2,59,65,91,0.6153717,65,91,0.6153717,77.0,Chevrières Course à pied,running,22526159255,,,,,,,,,,129031336,55.6,56.0,0,0,0,0,0,32,0,0,0,55.6,,,,,,,,,,,,,,,,,,,,,,,,,,,,,,,,,,,,,,,129031336,3615274803,1,ALIGNED,210,460,-80,380,150,42,85.0,
2026-04-15,2835.0,685.0,2150.0,2835.0,4800,5264,3933,685.0,685.0,2,private,6750,2026-04-14T22:00:00.0,2026-04-15T00:00:00.0,2026-04-15T22:00:00.0,2026-04-16T00:00:00.0,86400000,1144,1977,83279,0,1,1,0,0,2,47,19.13,11.915,6.27625,3.90912,150,10,58,159,61,54,64,96,41760,2460,8100,33960,86280,7740,19140,14880,48.4,2.85,9.39,39.36,8.97,22.18,17.25,VERY_STRESSFUL_AWAKE,52320,0,59,153,2,81,88,7,9,,,3.0,43.0,2026-04-15T19:00:09,LOW,SLEEP_PREPARATION_STRESSFUL_AND_EXERCISE,SLEEP_PREPARATION_STRESSFUL_AND_EXERCISE_AND_BB_LOW,2026-04-14T23:44:11,HIGH,SLEEP_TIME_PASSED_NOT_STRESS_DATA_AND_INTENSIVE_EXERCISE,STRESS,2026-04-15T11:10:04,7200000,3780000,-7,STRESS,STRESSFUL_PERIOD,3615274803,2026-04-15T12:16:27,ACTIVITY,2026-04-15T17:09:19,7200000,2940000,-4,EXERCISE_TRAINING_EFFECT_2,MAINTAINING_AEROBIC_BASE,3615274803,2026-04-15T17:58:51,13.0,23.0,6.0,19.0,2026-04-15T22:00:00.0,200,,,,,,,,,,,,,0,0,,,,,,,,,,,,,,,,,,,,,,,,,,,,,,,,,,,,,,,,,,,,,3615274803,2026-04-14T17:56:09,460,460,NO_CHANGE_NO_ADJUSTMENTS,NO_CHANGE,NO_CHANGE,NO_CHANGE,NO_CHANGE,0,1390,1410,1,3615274803,2026-04-15T17:58:52,460,460,NO_CHANGE_NO_ADJUSTMENTS,NO_CHANGE,NO_DATA,NO_DATA,NO_CHANGE,0,1390,1410,1,,,,,,,,,81,,,BALANCED,HRV_BALANCED_7,2026-04-15T05:58:10.121,,7,3615274803,RUNNING,GENERIC,RUNNING,3,PRODUCTIVE_3,0,38,OPTIMAL,FEEDBACK_2,620,994.5,530.4,663,0.9,1,PRODUCTIVE_3,129031336,55.6,56.0,0,0,0,0,0,,35,0,0,0,2026-04-15T19:58:51.0,3615274803,MODERATE,MOD_RT_MOD_SS_UNKNOWN,RECOVERY_IN_PROGRESS,62,,0,NONE,1164,69,MODERATE,94,GOOD,620,0,NONE,92,GOOD,81,81,GOOD,0,AFTER_POST_EXERCISE_RESET,1,HIGH_STRESS,62,26,18.0,18.0,18.0,4.3,,,,0,6,53,0,238.8,0,6,24.1,20.7,3.4,18.0,1,0,2026-04-15T00:00:00.0,1164,62,MODERATE,RECOVERY_IN_PROGRESS,,81,92,81,0,620,94,7,BALANCED,81,53.7,33.7,48.3,-14.6,60,65,92,0.54629517,65,92,0.54629517,43.0,Nat. piscine,lap_swimming,22538474419,,,,,,,,,,,,,,,,,,,,,,,,,,,,,,,,,,,,,,,,,,,,,,,,,,,,,,,,,,,,,129031336,3615274803,1,NO_LAST_SLEEP_DATA,,460,-80,380,150,,,
2026-04-16,2512.0,362.0,2150.0,2512.0,6362,5187,5187,362.0,362.0,2,private,6560,2026-04-15T22:00:00.0,2026-04-16T00:00:00.0,2026-04-16T22:00:00.0,2026-04-17T00:00:00.0,86400000,1622,2001,59077,23700,1,0,0,0,0,1,18.492,22.397,6.06693,7.3481,150,10,46,120,50,53,48,99,48840,26280,6660,4620,86400,10020,20580,18240,56.53,30.42,7.71,5.35,11.6,23.82,21.11,STRESSFUL,58200,23580,48,117,67,71,76,5,5,66,76,3.0,39.0,2026-04-16T19:57:02,VERY_LOW,SLEEP_PREPARATION_STRESSFUL_AND_INACTIVE,SLEEP_PREPARATION_STRESSFUL_AND_INACTIVE_AND_BB_LOW,2026-04-16T00:35:04,HIGH,SLEEP_TIME_PASSED_STRESSFUL_AND_EXERCISE,SLEEP,2026-04-15T22:25:51,7200000,23700000,66,NONE,NONE,3615274803,2026-04-16T05:10:02,STRESS,2026-04-16T11:44:53,7200000,3060000,-5,STRESS,STRESSFUL_PERIOD,3615274803,2026-04-16T12:38:57,13.0,21.0,7.0,13.0,2026-04-16T22:00:00.0,200,23460,0,1,1776291951000,1776315651000,1776299151000,1776322851000,0,3780,13560,6120,240,1,0,1,15.0,10.0,18.0,0,16.0,ADULT,55.0,POSITIVE_REFRESHING,POSITIVE_STRESSFUL_DAY,STRESS_POS_EXCELLENT_OR_GOOD_SLEEP_VERY_STRESSFUL_DAY,FAIR,27600.0,27600.0,FAIR,0.0,15.0,EXCELLENT,0.0,1.0,81,GOOD,26,EXCELLENT,21.0,31.0,4926.6,7272.6,EXCELLENT,0.0,5.0,58,EXCELLENT,30.0,64.0,7038.0,15014.4,16,GOOD,16.0,33.0,3753.6,7741.8,2,3615274803,2026-04-15T17:58:52,460,460,NO_CHANGE_NO_ADJUSTMENTS,NO_CHANGE,NO_DATA,NO_DATA,NO_CHANGE,0,1390,1410,1,3615274803,2026-04-16T05:10:03,460,460,NO_CHANGE_NO_ADJUSTMENTS,NO_CHANGE,NO_CHANGE,NO_CHANGE,NO_CHANGE,0,1390,1410,1,66,50,6.52,63,226,102,4,81,79,73,101,BALANCED,HRV_BALANCED_8,2026-04-16T05:10:24.380,73,7,3615274803,RUNNING,GENERIC,RUNNING,3,PRODUCTIVE_3,0,29,LOW,FEEDBACK_1,496,966.0,515.2,644,0.7,1,PRODUCTIVE_3,129031336,55.6,56.0,0,0,0,0,0,,59,0,0,0,2026-04-16T12:56:45.0,3615274803,HIGH,HIGH_RT_HIGHEST_SS_AVAILABLE,WELL_RECOVERED,75,81,72,GOOD,278,92,GOOD,100,VERY_GOOD,496,55,MODERATE,96,GOOD,79,86,GOOD,1,UPDATE_REALTIME_VARIABLES,1,,75,26,18.0,18.0,18.0,4.1,,,,0,6,53,0,236.5,0,6,24.1,20.7,3.4,18.0,1,0,2026-04-16T00:00:00.0,278,75,HIGH,WELL_RECOVERED,81,86,96,79,55,496,100,7,BALANCED,79,0.0,32.9,41.4,-8.5,60,65,92,0.5092468,65,92,0.5092468,,,,,,,,,,,,,,,,,,,,,,,,,,,,,,,,,,,,,,,,,,,,,,,,,,,,,,,,,,,,,,,,,129031336,3615274803,1,BEHIND,223,460,-80,380,150,42,73.0,
2026-04-17,4021.0,1871.0,2150.0,2230.0,3106,79512,2553,931.0,1871.0,2,private,6520,2026-04-16T22:00:00.0,2026-04-17T00:00:00.0,2026-04-17T22:00:00.0,2026-04-18T00:00:00.0,86400000,782,524,61360,23734,1,1,0,0,39,73,24.384,25.965,8.0,8.5187,150,10,52,161,56,54,32,93,37500,29580,3720,15600,86400,26820,9540,1140,43.4,34.24,4.31,18.06,31.04,11.04,1.32,STRESSFUL,47580,23220,53,161,40,31,41,5,14,35,40,3.0,38.0,2026-04-17T19:00:30,LOW,SLEEP_PREPARATION_BALANCED_AND_INTENSIVE_EXERCISE,SLEEP_PREPARATION_BALANCED_AND_INTENSIVE_EXERCISE_AND_BB_LOW_MORNING_AND_NOW,2026-04-17T02:31:21,MODERATE,SLEEP_TIME_PASSED_STRESSFUL_AND_INACTIVE,SLEEP,2026-04-16T23:30:03,7200000,21420000,35,NONE,NONE,3615274803,2026-04-17T05:49:26,,,,,,,,,,14.0,23.0,7.0,18.0,2026-04-17T22:00:00.0,200,20520,0,1,1776382203000,1776403623000,1776389403000,1776410823000,0,3720,15540,1260,900,1,0,1,17.0,13.0,20.0,1,22.0,ADULT,60.0,NEGATIVE_NOT_ENOUGH_REM,NEGATIVE_HIGHLY_STRESSFUL_DAY,STRESS_NEG_GOOD_OR_FAIR_SLEEP_VERY_STRESSFUL_DAY,FAIR,27600.0,27600.0,FAIR,0.0,15.0,GOOD,0.0,1.0,63,FAIR,6,POOR,21.0,31.0,4309.2,6361.2,GOOD,0.0,5.0,76,FAIR,30.0,64.0,6156.0,13132.8,18,GOOD,16.0,33.0,3283.2,6771.6,2,3615274803,2026-04-16T05:10:03,460,460,NO_CHANGE_NO_ADJUSTMENTS,NO_CHANGE,NO_CHANGE,NO_CHANGE,NO_CHANGE,0,1390,1410,1,3615274803,2026-04-17T17:49:50,460,520,HIGHLY_INCREASED,CHRONIC,INCREASING,NO_CHANGE,NO_CHANGE,1,1330,1410,1,35,56,5.7,62,259,21,15,63,74,56,76,BALANCED,HRV_BALANCED_3,2026-04-17T05:49:31.881,56,7,3615274803,RUNNING,GENERIC,RUNNING,3,PRODUCTIVE_3,0,33,OPTIMAL,FEEDBACK_2,586,984.0,524.8000000000001,656,0.8,1,PRODUCTIVE_3,129031336,55.6,56.0,0,0,0,0,0,,32,0,0,0,2026-04-17T19:49:50.0,3615274803,LOW,LOW_RT_MOD_OR_LOW_SS_MOD_STRESS_HISTORY_NEG,FIND_TIME_TO_RELAX,35,63,44,MODERATE,1268,66,MODERATE,95,GOOD,586,29,POOR,100,VERY_GOOD,74,72,GOOD,1,AFTER_POST_EXERCISE_RESET,1,,35,26,18.0,18.0,18.0,4.3,,,,0,6,53,0,248.6,0,6,24.1,20.7,3.4,18.0,1,0,2026-04-17T00:00:00.0,1268,35,LOW,FIND_TIME_TO_RELAX,63,72,100,74,29,586,95,7,BALANCED,74,111.4,34.7,51.4,-16.7,60,66,93,0.39814758,66,93,0.39814758,294.0,,,,,,,,,,,,,,,,,,,,,,,,,,,,,,,,,,,,,,,,,,,,1791.0,,,,,,,,,,,,,,,,,,,,129031336,3615274803,1,BEHIND,269,460,-80,380,150,31,56.0,
2026-04-18,3057.0,907.0,2150.0,3057.0,15785,16509,16509,907.0,907.0,2,private,5840,2026-04-17T22:00:00.0,2026-04-18T00:00:00.0,2026-04-18T22:00:00.0,2026-04-19T00:00:00.0,86400000,4192,2534,53788,25886,1,1,0,0,5,58,132.323,124.996,43.41306,41.00919,150,10,48,154,51,54,32,93,25920,33300,9540,17400,86160,9240,12600,4080,30.08,38.65,11.07,20.19,10.72,14.62,4.74,BALANCED,43320,25440,50,152,77,78,89,11,13,79,89,3.0,36.0,2026-04-18T21:37:21,MODERATE,SLEEP_PREPARATION_STRESSFUL_AND_INTENSIVE_EXERCISE,SLEEP_PREPARATION_STRESSFUL_AND_INTENSIVE_EXERCISE,2026-04-17T23:08:05,HIGH,SLEEP_TIME_PASSED_BALANCED_AND_INTENSIVE_EXERCISE,SLEEP,2026-04-17T21:21:26,7200000,28200000,79,NONE,NONE,3615274803,2026-04-18T05:17:12,STRESS,2026-04-18T11:51:42,7200000,2400000,-5,STRESS,STRESSFUL_PERIOD,3615274803,2026-04-18T12:36:00,15.0,25.0,7.0,20.0,2026-04-18T22:00:00.0,200,27420,0,1,1776460886000,1776489086000,1776468086000,1776496286000,0,5820,15540,6060,780,1,0,1,16.0,9.0,20.0,1,11.0,ADULT,55.0,POSITIVE_OPTIMAL_STRUCTURE,NONE,MOD_EXERCISE_POS_EXCELLENT_OR_GOOD_SLEEP_VIGOROUS_DURING_DAY,EXCELLENT,27600.0,27600.0,EXCELLENT,0.0,15.0,GOOD,0.0,1.0,90,EXCELLENT,22,GOOD,21.0,31.0,5758.2,8500.2,FAIR,0.0,5.0,57,EXCELLENT,30.0,64.0,8226.0,17548.8,21,EXCELLENT,16.0,33.0,4387.2,9048.6,2,3615274803,2026-04-17T17:49:50,460,520,HIGHLY_INCREASED,CHRONIC,INCREASING,NO_CHANGE,NO_CHANGE,1,1330,1410,1,3615274803,2026-04-18T17:33:56,460,460,NO_CHANGE_NO_ADJUSTMENTS,NO_CHANGE,NO_CHANGE,NO_CHANGE,NO_CHANGE,0,1390,1410,1,79,51,7.62,97,259,101,13,90,72,72,93,BALANCED,HRV_BALANCED_6,2026-04-18T05:17:58.738,72,7,3615274803,RUNNING,GENERIC,RUNNING,3,PRODUCTIVE_3,0,38,OPTIMAL,FEEDBACK_2,633,990.0,528.0,660,0.9,1,PRODUCTIVE_3,129031336,55.8,56.0,0,0,0,0,0,,28,0,0,0,2026-04-18T19:33:56.0,3615274803,MODERATE,MOD_RT_MOD_OR_LOW_SS_GOOD_STRESS_HISTORY_NEG,WELL_RESTED,56,90,90,VERY_GOOD,1396,62,MODERATE,93,GOOD,633,55,MODERATE,99,GOOD,72,53,MODERATE,1,AFTER_POST_EXERCISE_RESET,1,REACHED_ZERO,56,26,18.0,18.0,18.0,4.5,,,,0,6,53,0,258.3,0,6,24.1,20.7,3.4,18.0,1,0,2026-04-18T00:00:00.0,1396,56,MODERATE,WELL_RESTED,90,53,99,72,55,633,93,7,BALANCED,72,53.5,35.2,51.7,-16.5,61,66,93,0.36109924,66,93,0.36109924,84.0,,,,ACTIVITY,2026-04-18T16:34:49,7200000,3360000,-9,EXERCISE_TRAINING_EFFECT_3,IMPROVING_AEROBIC_BASE,3615274803,2026-04-18T17:33:55,129031336,55.8,56.0,0,0,0,0,0,28,0,0,0,55.8,,,,,,,,,,,,,,,,,,,,Chevrières Course à pied,running,22574085308,,,,,,,,,,,,,,,,,129031336,3615274803,1,ALIGNED,196,460,-80,380,150,74,72.0,
2026-04-19,3288.0,1138.0,2150.0,3288.0,4501,60297,3701,1138.0,1138.0,2,private,6840,2026-04-18T22:00:00.0,2026-04-19T00:00:00.0,2026-04-19T22:00:00.0,2026-04-20T00:00:00.0,86400000,577,2247,56499,27077,1,1,0,0,56,58,36.874,37.431,12.09777,12.28051,150,10,48,172,53,53,40,96,35340,29400,6180,15480,86400,9060,15960,10320,40.9,34.03,7.15,17.92,10.49,18.47,11.94,BALANCED,43980,26940,49,172,73,77,86,9,9,72,86,3.0,25.0,2026-04-19T21:53:55,LOW,SLEEP_PREPARATION_STRESSFUL_AND_INTENSIVE_EXERCISE,SLEEP_PREPARATION_STRESSFUL_AND_INTENSIVE_EXERCISE_AND_BB_LOW,2026-04-18T23:21:43,HIGH,SLEEP_TIME_PASSED_STRESSFUL_AND_INTENSIVE_EXERCISE,SLEEP,2026-04-18T22:21:55,7200000,27060000,72,NONE,NONE,3615274803,2026-04-19T05:53:12,STRESS,2026-04-19T11:54:02,7200000,6660000,-14,STRESS,STRESSFUL_PERIOD,3615274803,2026-04-19T13:48:07,15.0,25.0,8.0,17.0,2026-04-19T22:00:00.0,200,26957,0,1,1776550915000,1776577992000,1776558115000,1776585192000,0,3840,17460,5700,120,1,0,1,16.0,9.0,19.0,0,14.0,ADULT,55.0,POSITIVE_LONG_AND_CONTINUOUS,NONE,RHYTHM_POS_GOOD_SLEEP_EXCELLENT_TIMING,GOOD,27600.0,27600.0,GOOD,0.0,15.0,EXCELLENT,0.0,1.0,86,GOOD,21,GOOD,21.0,31.0,5660.97,8356.67,EXCELLENT,0.0,5.0,65,FAIR,30.0,64.0,8087.1,17252.48,14,FAIR,16.0,33.0,4313.12,8895.81,2,3615274803,2026-04-18T17:33:56,460,460,NO_CHANGE_NO_ADJUSTMENTS,NO_CHANGE,NO_CHANGE,NO_CHANGE,NO_CHANGE,0,1390,1410,1,3615274803,2026-04-19T09:17:37,460,460,NO_CHANGE_NO_ADJUSTMENTS,NO_CHANGE,NO_CHANGE,NO_CHANGE,NO_CHANGE,0,1400,1420,1,72,53,7.49,64,291,95,2,86,72,76,112,BALANCED,HRV_BALANCED_7,2026-04-19T05:53:29.990,76,7,3615274803,RUNNING,GENERIC,RUNNING,3,PRODUCTIVE_3,0,38,OPTIMAL,FEEDBACK_2,650,987.0,526.4,658,0.9,1,PRODUCTIVE_3,129031336,55.8,56.0,0,0,0,0,0,,22,0,0,0,2026-04-19T11:17:37.0,3615274803,MODERATE,MOD_RT_MOD_SS_GOOD_WORKOUT_COMPLETED,RECOVERY_IN_PROGRESS,61,86,82,GOOD,1211,68,MODERATE,91,GOOD,650,62,MODERATE,100,VERY_GOOD,72,72,GOOD,1,AFTER_POST_EXERCISE_RESET,1,,61,26,18.0,18.0,18.0,4.5,,,,0,6,53,0,256.5,0,6,24.1,20.7,3.4,18.0,1,0,2026-04-19T00:00:00.0,1211,61,MODERATE,RECOVERY_IN_PROGRESS,86,72,100,72,62,650,91,7,BALANCED,72,80.5,36.3,55.8,-19.6,61,66,93,0.36109924,66,93,0.36109924,193.0,,,,,,,,,,,,,,,,,,,,,,,,,,,,,,,,,,,,,,,,,,,,,,,,,,,,,,,,,,,,,,,,129031336,3615274803,1,BEHIND,247,460,-80,380,150,50,76.0,
2026-04-20,3448.0,1298.0,2150.0,3448.0,12894,14711,13223,1298.0,1298.0,2,private,6610,2026-04-19T22:00:00.0,2026-04-20T00:00:00.0,2026-04-20T22:00:00.0,2026-04-21T00:00:00.0,86400000,4079,1859,54664,25798,1,1,0,0,7,92,113.511,120.907,37.24114,39.66765,150,10,48,173,53,53,32,92,27540,33360,11460,13980,86340,13620,10200,3720,31.9,38.64,13.27,16.19,15.77,11.81,4.31,BALANCED,47160,25200,49,162,64,61,73,9,12,63,73,3.0,39.0,2026-04-20T21:46:47,MODERATE,SLEEP_PREPARATION_STRESSFUL_AND_INTENSIVE_EXERCISE,SLEEP_PREPARATION_STRESSFUL_AND_INTENSIVE_EXERCISE,2026-04-20T00:48:03,HIGH,SLEEP_TIME_PASSED_STRESSFUL_AND_INTENSIVE_EXERCISE,SLEEP,2026-04-19T22:28:12,7200000,25740000,63,NONE,NONE,3615274803,2026-04-20T05:38:10,ACTIVITY,2026-04-20T10:10:30,7200000,3000000,-10,EXERCISE_TRAINING_EFFECT_3,IMPROVING_AEROBIC_BASE,3615274803,2026-04-20T11:01:16,14.0,25.0,7.0,17.0,2026-04-20T21:01:00.0,200,24598,0,1,1776637692000,1776663490000,1776644892000,1776670690000,1020,3120,15900,5580,180,1,0,1,16.0,8.0,19.0,0,15.0,ADULT,56.0,POSITIVE_REFRESHING,POSITIVE_STRESSFUL_DAY,MOD_EXERCISE_POS_EXCELLENT_OR_GOOD_SLEEP_VIGOROUS_DURING_DAY_OUTDOOR,FAIR,27600.0,27600.0,GOOD,0.0,15.0,EXCELLENT,0.0,1.0,82,GOOD,23,EXCELLENT,21.0,31.0,5165.58,7625.38,EXCELLENT,0.0,5.0,65,FAIR,30.0,64.0,7379.4,15742.72,13,FAIR,16.0,33.0,3935.68,8117.34,2,3615274803,2026-04-19T09:17:37,460,460,NO_CHANGE_NO_ADJUSTMENTS,NO_CHANGE,NO_CHANGE,NO_CHANGE,NO_CHANGE,0,1400,1420,1,3615274803,2026-04-20T17:19:01,460,460,NO_CHANGE_NO_ADJUSTMENTS,NO_CHANGE,NO_CHANGE,NO_CHANGE,NO_CHANGE,0,1400,1420,1,63,53,6.83,52,265,93,3,82,73,76,116,BALANCED,HRV_BALANCED_8,2026-04-20T09:42:20.59,76,7,3615274803,RUNNING,GENERIC,RUNNING,3,PRODUCTIVE_3,0,47,OPTIMAL,FEEDBACK_2,774,1012.5,540.0,675,1.1,1,PRODUCTIVE_3,129031336,56.0,56.0,0,0,0,0,0,,43,0,0,0,2026-04-20T19:19:01.0,3615274803,MODERATE,MOD_RT_MOD_SS_GOOD_WORKOUT_COMPLETED,RECOVERY_IN_PROGRESS,57,82,74,GOOD,1396,62,MODERATE,85,GOOD,774,53,MODERATE,100,VERY_GOOD,73,84,GOOD,1,AFTER_POST_EXERCISE_RESET,1,NEW_EXERCISE,57,26,18.0,18.0,18.0,4.6,,,,0,6,53,0,271.8,0,6,24.1,20.7,3.4,18.0,1,0,2026-04-20T00:00:00.0,1396,57,MODERATE,RECOVERY_IN_PROGRESS,82,84,100,73,53,774,85,7,BALANCED,73,104.5,37.9,62.8,-24.9,61,66,93,0.3796234,66,93,0.3796234,117.0,Aulnay-sous-Bois Course à pied,running,22592059204,,,,,,,,,,129031336,56.0,56.0,0,0,0,0,0,43,0,0,0,56.0,,,,,,,,,,,,,,,,,,,,,,,,,,,,,,,,,,,,,,,129031336,3615274803,1,BEHIND,243,460,-80,380,150,50,76.0,
2026-04-21,2185.0,35.0,2150.0,2185.0,3282,2681,2681,35.0,35.0,2,private,7240,2026-04-20T22:00:00.0,2026-04-21T00:00:00.0,2026-04-21T22:00:00.0,2026-04-22T00:00:00.0,86400000,636,639,85125,0,1,0,0,0,0,0,57.912,47.76,19.0,15.66929,150,10,47,91,58,55,29,86,21780,22920,4020,37680,86400,17160,4200,420,25.21,26.53,4.65,43.61,19.86,4.86,0.49,CALM_AWAKE,48720,0,49,90,4,49,81,36,36,,,3.0,19.0,2026-04-21T19:00:18,HIGH,SLEEP_PREPARATION_RECOVERING_AND_INACTIVE,SLEEP_PREPARATION_RECOVERING_AND_INACTIVE,2026-04-20T22:57:55,HIGH,SLEEP_TIME_PASSED_NOT_STRESS_DATA_AND_INTENSIVE_EXERCISE,RECOVERY,2026-04-21T09:07:29,7200000,2820000,-1,RECOVERY_BODY_BATTERY_NOT_INCREASE,RESTFUL_PERIOD,3615274803,2026-04-21T09:59:01,,,,,,,,,,14.0,23.0,7.0,18.0,2026-04-21T22:00:00.0,200,,,,,,,,,,,,,0,0,,,,,,,,,,,,,,,,,,,,,,,,,,,,,,,,,,,,,,,,,,,,,3615274803,2026-04-20T17:19:01,460,460,NO_CHANGE_NO_ADJUSTMENTS,NO_CHANGE,NO_CHANGE,NO_CHANGE,NO_CHANGE,0,1400,1420,1,3615274803,2026-04-21T05:52:45,460,460,NO_CHANGE_NO_ADJUSTMENTS,NO_CHANGE,NO_DATA,NO_DATA,NO_CHANGE,0,1400,1420,1,,,,,,,,,70,,,BALANCED,HRV_BALANCED_5,2026-04-21T06:42:19.648,,7,3615274803,RUNNING,GENERIC,RUNNING,3,PRODUCTIVE_3,0,42,OPTIMAL,FEEDBACK_2,659,976.5,520.8000000000001,651,1.0,1,PRODUCTIVE_3,129031336,56.0,56.0,0,0,0,0,0,,10,0,0,0,2026-04-21T07:52:45.0,3615274803,MODERATE,MOD_RT_LOW_SS_UNKNOWN_STRESS_HISTORY_NEG,BALANCE_STRESS_AND_RECOVERY,58,,0,NONE,643,83,GOOD,90,GOOD,659,53,MODERATE,87,GOOD,70,76,GOOD,0,AFTER_WAKEUP_RESET,1,,58,26,18.0,18.0,18.0,4.6,,,,0,6,53,0,271.8,0,6,24.1,20.7,3.4,18.0,1,0,2026-04-21T00:00:00.0,643,58,MODERATE,BALANCE_STRESS_AND_RECOVERY,,76,87,70,53,659,90,7,BALANCED,70,0.0,37.0,53.8,-16.8,61,67,94,0.305542,67,94,0.305542,,,,,,,,,,,,,,,,,,,,,,,,,,,,,,,,,,,,,,,,,,,,,,,,,,,,,,,,,,,,,,,,,129031336,3615274803,1,NO_LAST_SLEEP_DATA,,460,-80,380,150,,,
2026-04-22,2843.0,693.0,2150.0,2843.0,9015,8643,7378,693.0,693.0,2,private,6850,2026-04-21T22:00:00.0,2026-04-22T00:00:00.0,2026-04-22T22:00:00.0,2026-04-23T00:00:00.0,86400000,2667,2349,57264,24120,1,1,0,0,4,33,38.98,33.377,12.78871,10.95046,150,10,44,146,47,53,32,99,33000,33240,12480,7680,86400,15420,12540,5040,38.19,38.47,14.44,8.89,17.85,14.51,5.83,BALANCED,54660,24060,46,146,62,82,98,16,16,61,98,3.0,43.0,2026-04-22T19:00:10,MODERATE,SLEEP_PREPARATION_STRESSFUL_AND_EXERCISE,SLEEP_PREPARATION_STRESSFUL_AND_EXERCISE,2026-04-21T23:28:24,HIGH,SLEEP_TIME_PASSED_RECOVERING_AND_INACTIVE,SLEEP,2026-04-21T22:37:44,7200000,24120000,61,NONE,NONE,3615274803,2026-04-22T05:21:10,STRESS,2026-04-22T11:07:30,7200000,3480000,-10,STRESS,STRESSFUL_PERIOD,3615274803,2026-04-22T12:08:58,13.0,23.0,6.0,20.0,2026-04-22T22:00:00.0,200,24120,0,1,1776811064000,1776835184000,1776818264000,1776842384000,0,3180,15000,5940,0,1,0,1,15.0,9.0,19.0,0,8.0,ADULT,52.0,POSITIVE_RECOVERING,POSITIVE_RESTFUL_EVENING,STRESS_POS_EXCELLENT_OR_GOOD_SLEEP_VERY_RESTFUL_DAY,FAIR,27600.0,27600.0,EXCELLENT,0.0,15.0,EXCELLENT,0.0,1.0,84,GOOD,25,EXCELLENT,21.0,31.0,5065.2,7477.2,EXCELLENT,0.0,5.0,62,GOOD,30.0,64.0,7236.0,15436.8,13,FAIR,16.0,33.0,3859.2,7959.6,2,3615274803,2026-04-21T05:52:45,460,460,NO_CHANGE_NO_ADJUSTMENTS,NO_CHANGE,NO_DATA,NO_DATA,NO_CHANGE,0,1400,1420,1,3615274803,2026-04-22T18:00:02,460,460,NO_CHANGE_NO_ADJUSTMENTS,NO_CHANGE,NO_CHANGE,NO_CHANGE,NO_CHANGE,0,1400,1420,1,61,47,6.7,53,250,99,,84,73,92,133,BALANCED,HRV_BALANCED_6,2026-04-22T05:21:31.960,92,7,3615274803,RUNNING,GENERIC,RUNNING,3,PRODUCTIVE_3,0,38,OPTIMAL,FEEDBACK_2,608,957.0,510.40000000000003,638,0.9,1,PRODUCTIVE_3,129031336,56.0,56.0,0,0,0,0,0,,35,0,0,0,2026-04-22T20:00:02.0,3615274803,MODERATE,MOD_RT_LOW_SS_GOOD,RECOVERED_AND_READY,70,84,78,GOOD,758,80,GOOD,93,GOOD,608,75,GOOD,100,VERY_GOOD,73,74,GOOD,1,AFTER_POST_EXERCISE_RESET,1,REACHED_ZERO,70,26,18.0,18.0,18.0,4.6,,,,0,6,53,0,266.0,0,6,24.1,20.7,3.4,18.0,1,0,2026-04-22T00:00:00.0,758,70,MODERATE,RECOVERED_AND_READY,84,74,100,73,75,608,93,7,BALANCED,73,54.8,37.4,53.9,-16.5,62,67,94,0.36109924,67,94,0.36109924,43.0,,,,ACTIVITY,2026-04-22T17:10:48,7200000,2940000,-5,EXERCISE_TRAINING_EFFECT_2,EASY_AEROBIC,3615274803,2026-04-22T18:00:01,,,,,,,,,,,,,,,,,,,,,,,,,,,,,,,,,Nat. piscine,lap_swimming,22621755503,,,,,,,,,,,,,,,,,129031336,3615274803,1,BEHIND,238,460,-80,380,150,44,92.0,
2026-04-23,2971.0,821.0,2150.0,2971.0,12986,14867,14867,821.0,821.0,2,private,7070,2026-04-22T22:00:00.0,2026-04-23T00:00:00.0,2026-04-23T22:00:00.0,2026-04-24T00:00:00.0,86400000,3810,1886,54664,26040,1,1,0,0,2,50,121.096,114.306,39.72966,37.50197,150,10,43,174,47,52,35,96,31920,29280,8820,9240,79260,12840,11880,7200,40.27,36.94,11.13,11.66,16.2,14.99,9.08,BALANCED,44400,25620,43,174,82,86,98,12,12,81,98,3.0,42.0,2026-04-23T20:36:26,LOW,SLEEP_PREPARATION_STRESSFUL_AND_INTENSIVE_EXERCISE,SLEEP_PREPARATION_STRESSFUL_AND_INTENSIVE_EXERCISE_AND_BB_LOW,2026-04-22T23:05:38,HIGH,SLEEP_TIME_PASSED_STRESSFUL_AND_EXERCISE,SLEEP,2026-04-22T22:07:01,7200000,26040000,82,NONE,NONE,3615274803,2026-04-23T06:02:44,ACTIVITY,2026-04-23T10:23:42,7200000,2880000,-12,EXERCISE_TRAINING_EFFECT_3,IMPROVING_TEMPO,3615274803,2026-04-23T11:13:13,13.0,23.0,7.0,9.0,2026-04-23T22:00:00.0,200,25680,0,1,1776895621000,1776921661000,1776902821000,1776928861000,0,5520,14520,5640,360,1,0,1,15.0,8.0,18.0,0,11.0,ADULT,51.0,POSITIVE_OPTIMAL_STRUCTURE,POSITIVE_EXERCISE,MOD_EXERCISE_POS_EXCELLENT_OR_GOOD_SLEEP_MODERATE_DURING_DAY,GOOD,27600.0,27600.0,EXCELLENT,0.0,15.0,EXCELLENT,0.0,1.0,91,EXCELLENT,22,GOOD,21.0,31.0,5392.8,7960.8,EXCELLENT,0.0,5.0,57,EXCELLENT,30.0,64.0,7704.0,16435.2,21,EXCELLENT,16.0,33.0,4108.8,8474.4,2,3615274803,2026-04-22T18:00:02,460,460,NO_CHANGE_NO_ADJUSTMENTS,NO_CHANGE,NO_CHANGE,NO_CHANGE,NO_CHANGE,0,1400,1420,1,3615274803,2026-04-23T11:13:14,460,460,NO_CHANGE_NO_ADJUSTMENTS,NO_CHANGE,NO_CHANGE,NO_CHANGE,NO_CHANGE,0,1400,1420,1,82,47,7.13,92,242,94,6,91,77,94,155,BALANCED,HRV_BALANCED_7,2026-04-23T18:07:35.774,94,7,3615274803,RUNNING,GENERIC,RUNNING,3,PRODUCTIVE_3,0,42,OPTIMAL,FEEDBACK_2,683,973.5,519.2,649,1.0,1,PRODUCTIVE_3,129031336,56.1,56.0,0,0,0,0,0,,40,0,0,0,2026-04-23T20:07:20.0,3615274803,HIGH,HIGH_RT_AVAILABLE_SS_HIGHEST,RESTED_AND_READY,76,91,91,VERY_GOOD,1021,73,GOOD,89,GOOD,683,83,GOOD,100,VERY_GOOD,77,78,GOOD,1,UPDATE_REALTIME_VARIABLES,1,,76,26,18.0,18.0,18.0,4.8,,,,0,6,53,0,274.3,0,6,24.1,20.7,3.4,18.0,1,0,2026-04-23T00:00:00.0,1021,76,HIGH,RESTED_AND_READY,91,78,100,77,83,683,89,7,BALANCED,77,51.2,37.7,53.6,-15.8,62,67,93,0.44230652,67,93,0.44230652,72.0,Aulnay-sous-Bois Course à pied,running,22633891521,,,,,,,,,,129031336,56.1,56.0,0,0,0,0,0,40,0,0,0,56.1,,,,,,,,,,,,,,,,,,,,,,,,,,,,,,,,56.0,56.0,1,56.0,56.0,1,,129031336,3615274803,1,BEHIND,224,460,-80,380,150,44,94.0,
2026-04-24,2225.0,75.0,2150.0,2225.0,3989,3258,3258,75.0,75.0,2,private,8260,2026-04-23T22:00:00.0,2026-04-24T00:00:00.0,2026-04-24T22:00:00.0,2026-04-25T00:00:00.0,86400000,1201,419,61020,23760,1,0,0,0,0,0,23.384,23.686,7.67192,7.771,150,10,44,105,50,51,28,88,26640,32880,4560,22260,86340,17340,8280,1020,30.85,38.08,5.28,25.78,20.08,9.59,1.18,BALANCED,40800,23280,45,94,73,52,84,11,33,73,84,3.0,52.0,2026-04-24T21:34:54,HIGH,SLEEP_PREPARATION_BALANCED_AND_INACTIVE,SLEEP_PREPARATION_BALANCED_AND_INACTIVE,2026-04-24T00:13:50,HIGH,SLEEP_TIME_PASSED_STRESSFUL_AND_INTENSIVE_EXERCISE,SLEEP,2026-04-23T22:44:13,7200000,23760000,73,NONE,NONE,3615274803,2026-04-24T05:37:41,,,,,,,,,,13.0,21.0,6.0,17.0,2026-04-24T17:14:00.0,200,23580,0,1,1776984253000,1777008013000,1776991453000,1777015213000,0,5160,12780,5640,180,1,0,1,15.0,10.0,18.0,0,11.0,ADULT,53.0,POSITIVE_DEEP,POSITIVE_EXERCISE,MOD_EXERCISE_POS_EXCELLENT_OR_GOOD_SLEEP_VIGOROUS_DURING_DAY_OUTDOOR,FAIR,27600.0,27600.0,EXCELLENT,0.0,15.0,EXCELLENT,0.0,1.0,85,GOOD,24,EXCELLENT,21.0,31.0,4951.8,7309.8,EXCELLENT,0.0,5.0,54,EXCELLENT,30.0,64.0,7074.0,15091.2,22,EXCELLENT,16.0,33.0,3772.8,7781.4,2,3615274803,2026-04-23T11:13:14,460,460,NO_CHANGE_NO_ADJUSTMENTS,NO_CHANGE,NO_CHANGE,NO_CHANGE,NO_CHANGE,0,1400,1420,1,3615274803,2026-04-24T05:37:41,460,460,NO_CHANGE_NO_ADJUSTMENTS,NO_CHANGE,NO_CHANGE,NO_CHANGE,NO_CHANGE,0,1400,1420,1,73,50,6.55,86,213,94,3,85,82,87,122,BALANCED,HRV_BALANCED_8,2026-04-24T05:38:11.866,87,7,3615274803,RUNNING,GENERIC,RUNNING,3,PRODUCTIVE_3,0,33,OPTIMAL,FEEDBACK_2,555,943.5,503.20000000000005,629,0.8,1,PRODUCTIVE_3,129031336,56.1,56.0,0,0,0,0,0,,60,0,0,0,2026-04-24T07:37:41.0,3615274803,HIGH,HIGH_RT_HIGHEST_SS_AVAILABLE,WELL_RECOVERED,77,85,80,GOOD,333,91,GOOD,96,GOOD,555,69,MODERATE,92,GOOD,82,87,GOOD,1,AFTER_WAKEUP_RESET,1,NO_CHANGE_SLEEP,77,26,18.0,18.0,18.0,4.8,,,,0,6,53,0,274.3,0,6,24.1,20.7,3.4,18.0,1,0,2026-04-24T00:00:00.0,333,77,HIGH,WELL_RECOVERED,85,87,92,82,69,555,96,7,BALANCED,82,0.0,36.8,45.9,-9.1,61,67,93,0.53845215,67,93,0.53845215,,,,,,,,,,,,,,,,,,,,,,,,,,,,,,,,,,,,,,,,,,,,,,,,,,,,,,,,,,56.0,56.0,1,,,,,129031336,3615274803,1,BEHIND,242,460,-80,380,150,35,87.0,
2026-04-25,3603.0,1453.0,2150.0,2213.0,1929,83991,1630,1221.0,1453.0,2,private,7840,2026-04-24T22:00:00.0,2026-04-25T00:00:00.0,2026-04-25T22:00:00.0,2026-04-26T00:00:00.0,86400000,523,346,85531,0,1,1,0,0,62,102,15.24,17.225,5.0,5.65125,150,10,53,165,55,52,51,93,6720,1020,2700,75900,86340,2820,3120,780,7.78,1.18,3.13,87.91,3.27,3.61,0.9,UNKNOWN,10440,0,56,162,0,19,69,50,50,,,3.0,28.0,2026-04-25T19:12:33,MODERATE,NO_DATA,NO_DATA,2026-04-25T00:16:05,HIGH,SLEEP_TIME_PASSED_NOT_STRESS_DATA_AND_INACTIVE,,,,,,,,,,,,,,,,,,,14.0,23.0,8.0,15.0,2026-04-25T12:56:00.0,200,,,,,,,,,,,,,0,0,,,,,,,,,,,,,,,,,,,,,,,,,,,,,,,,,,,,,,,,,,,,,3615274803,2026-04-24T05:37:41,460,460,NO_CHANGE_NO_ADJUSTMENTS,NO_CHANGE,NO_CHANGE,NO_CHANGE,NO_CHANGE,0,1400,1420,1,3615274803,2026-04-25T05:42:45,460,460,NO_CHANGE_NO_ADJUSTMENTS,NO_CHANGE,NO_DATA,NO_DATA,NO_CHANGE,0,1400,1420,1,,,,,,,,,85,,,BALANCED,HRV_BALANCED_5,2026-04-25T05:43:00.27,,7,3615274803,RUNNING,GENERIC,RUNNING,3,PRODUCTIVE_3,0,42,OPTIMAL,FEEDBACK_2,656,963.0,513.6,642,1.0,1,PRODUCTIVE_3,129031336,56.1,56.0,0,0,0,0,0,,23,0,0,0,2026-04-25T07:42:45.0,3615274803,MODERATE,MOD_RT_LOW_SS_UNKNOWN,GOOD_SLEEP_HISTORY,71,,0,NONE,1,99,GOOD,100,VERY_GOOD,450,69,MODERATE,86,GOOD,85,84,GOOD,0,AFTER_WAKEUP_RESET,1,,71,26,18.0,18.0,18.0,5.0,,,,0,6,53,0,291.3,0,6,24.1,20.7,3.4,18.0,1,0,2026-04-25T00:00:00.0,1,71,MODERATE,GOOD_SLEEP_HISTORY,,84,86,85,69,450,100,7,BALANCED,85,132.3,39.1,58.2,-19.1,61,67,93,0.59614563,67,93,0.59614563,252.0,,,,,,,,,,,,,,,,,,,,,,,,,,,,,,,,,,,,,,,,,,,,1390.0,,,,,,,,,,,,,56.0,56.0,1,,,,,129031336,3615274803,1,NO_LAST_SLEEP_DATA,,460,-80,380,150,,,
2026-04-26,3324.0,1174.0,2150.0,2661.0,6853,34981,7554,1166.0,1174.0,2,private,6660,2026-04-25T22:00:00.0,2026-04-26T00:00:00.0,2026-04-26T22:00:00.0,2026-04-27T00:00:00.0,86400000,2136,1034,83230,0,1,1,0,0,3,85,62.133,60.649,20.38484,19.89797,150,10,60,164,55,52,42,100,10080,3960,2340,69960,86340,5460,2940,1680,11.67,4.59,2.71,81.03,6.32,3.41,1.95,UNKNOWN,16380,0,61,164,0,31,49,18,18,,,3.0,30.0,2026-04-26T20:44:28,MODERATE,NO_DATA,NO_DATA,,,,ACTIVITY,2026-04-26T14:53:28,7200000,1800000,-6,EXERCISE_TRAINING_EFFECT_3,IMPROVING_AEROBIC_BASE,3615274803,2026-04-26T15:24:13,,,,,,,,,,18.0,41.0,8.0,15.0,2026-04-26T21:59:00.0,200,,,,,,,,,,,,,0,0,,,,,,,,,,,,,,,,,,,,,,,,,,,,,,,,,,,,,,,,,,,,,3615274803,2026-04-25T05:42:45,460,460,NO_CHANGE_NO_ADJUSTMENTS,NO_CHANGE,NO_DATA,NO_DATA,NO_CHANGE,0,1400,1420,1,3615274803,2026-04-26T18:21:54,460,500,INCREASED,DAILY_ACTIVITY_AND_CHRONIC,NO_DATA,NO_DATA,NO_CHANGE,1,1360,1420,1,,,,,,,,,87,,,BALANCED,HRV_BALANCED_6,2026-04-26T05:48:01.66,,7,3615274803,RUNNING,GENERIC,RUNNING,3,PRODUCTIVE_3,0,52,OPTIMAL,FEEDBACK_2,836,1009.5,538.4,673,1.2,1,PRODUCTIVE_3,129031336,55.8,56.0,0,0,0,0,0,,46,0,0,0,2026-04-26T17:25:27.0,3615274803,MODERATE,MOD_RT_MOD_SS_UNKNOWN,RECOVERY_IN_PROGRESS,51,,0,NONE,1520,59,MODERATE,81,GOOD,836,60,MODERATE,81,GOOD,87,80,GOOD,0,AFTER_POST_EXERCISE_RESET,1,,51,26,18.0,18.0,18.0,5.0,,,,0,6,52,0,288.6,0,6,24.1,20.7,3.4,18.0,1,0,2026-04-26T00:00:00.0,1520,51,MODERATE,RECOVERY_IN_PROGRESS,,80,81,87,60,836,81,7,BALANCED,87,88.9,40.3,62.6,-22.3,62,67,93,0.63461304,67,93,0.63461304,120.0,,,,,,,,,,,,,129031336,55.8,56.0,0,0,0,0,0,46,0,0,0,55.8,,,,,,,,,,,,,,,,,,,663.0,,,,Chevrières Course à pied,running,22667952725,,,,,,,56.0,56.0,1,,,,,129031336,3615274803,1,NO_LAST_SLEEP_DATA,,460,-80,380,150,,,
2026-04-27,2764.0,614.0,2150.0,2764.0,4616,5720,3770,614.0,614.0,2,private,6680,2026-04-26T22:00:00.0,2026-04-27T00:00:00.0,2026-04-27T22:00:00.0,2026-04-28T00:00:00.0,86400000,1234,1096,57550,26520,1,1,0,0,1,47,17.549,19.849,5.75755,6.51214,150,10,47,169,55,52,35,91,38280,29580,8580,9840,86280,19980,15360,2940,44.37,34.28,9.94,11.4,23.16,17.8,3.41,STRESSFUL,51540,24900,50,169,56,63,74,11,11,56,74,3.0,48.0,2026-04-27T20:19:17,LOW,SLEEP_PREPARATION_STRESSFUL_AND_INTENSIVE_EXERCISE,SLEEP_PREPARATION_STRESSFUL_AND_INTENSIVE_EXERCISE_AND_BB_LOW,2026-04-27T01:06:21,HIGH,SLEEP_TIME_PASSED_NOT_STRESS_DATA_AND_ACTIVE_AND_INTENSIVE_EXERCISE,SLEEP,2026-04-26T22:03:13,7200000,26520000,56,NONE,NONE,3615274803,2026-04-27T05:25:27,ACTIVITY,2026-04-27T16:32:22,7200000,2820000,-6,EXERCISE_TRAINING_EFFECT_3,IMPROVING_AEROBIC_BASE,3615274803,2026-04-27T17:20:10,14.0,23.0,7.0,12.0,2026-04-27T22:00:00.0,200,26220,0,1,1777240993000,1777267513000,1777248193000,1777274713000,0,5460,15480,5280,300,1,0,1,16.0,9.0,20.0,0,17.0,ADULT,58.0,POSITIVE_LONG_AND_DEEP,POSITIVE_EXERCISE,MOD_EXERCISE_POS_EXCELLENT_OR_GOOD_SLEEP_ACTIVE_DAY,EXCELLENT,27600.0,27600.0,FAIR,0.0,15.0,EXCELLENT,0.0,1.0,86,GOOD,20,FAIR,21.0,31.0,5506.2,8128.2,EXCELLENT,0.0,5.0,59,GOOD,30.0,64.0,7866.0,16780.8,21,EXCELLENT,16.0,33.0,4195.2,8652.6,2,3615274803,2026-04-26T18:21:54,460,500,INCREASED,DAILY_ACTIVITY_AND_CHRONIC,NO_DATA,NO_DATA,NO_CHANGE,1,1360,1420,1,3615274803,2026-04-27T17:20:11,460,460,NO_CHANGE_NO_ADJUSTMENTS,NO_CHANGE,NO_CHANGE,NO_CHANGE,NO_CHANGE,1,1400,1420,1,56,55,7.28,91,258,88,5,86,86,72,98,BALANCED,HRV_BALANCED_2,2026-04-27T05:25:35.965,72,7,3615274803,RUNNING,GENERIC,RUNNING,3,PRODUCTIVE_3,0,52,OPTIMAL,FEEDBACK_2,821,1021.5,544.8000000000001,681,1.2,1,PRODUCTIVE_3,129031336,55.8,56.0,0,0,0,0,0,,53,0,0,0,2026-04-27T19:20:11.0,3615274803,MODERATE,MOD_RT_MOD_SS_GOOD_WORKOUT_COMPLETED,RECOVERY_IN_PROGRESS,66,86,82,GOOD,1280,66,MODERATE,82,GOOD,821,0,NONE,83,GOOD,86,0,NONE,1,AFTER_POST_EXERCISE_RESET,1,NO_CHANGE_SLEEP,66,26,18.0,18.0,18.0,5.0,,,,0,6,52,0,288.1,0,6,24.1,20.7,3.4,18.0,1,0,2026-04-27T00:00:00.0,1280,66,MODERATE,RECOVERY_IN_PROGRESS,86,0,83,86,0,821,82,7,BALANCED,86,60.2,40.8,62.3,-21.5,62,67,92,0.6299896,67,92,0.6299896,63.0,Nat. piscine,lap_swimming,22680172288,,,,,,,,,,,,,,,,,,,,,,,,,,,,,,,,,,,,,,,,,,,,,,,,,,,,,,56.0,56.0,1,,,,,129031336,3615274803,1,BEHIND,224,460,-80,380,150,54,72.0,
2026-04-28,2230.0,80.0,2150.0,2230.0,3949,3225,3225,80.0,80.0,2,private,6480,2026-04-27T22:00:00.0,2026-04-28T00:00:00.0,2026-04-28T22:00:00.0,2026-04-29T00:00:00.0,86400000,1040,590,58730,26040,1,0,0,0,0,0,20.005,19.063,6.56332,6.25427,150,10,47,101,51,51,38,93,45480,30540,5040,5280,86340,16860,24660,3960,52.68,35.37,5.84,6.12,19.53,28.56,4.59,STRESSFUL,55080,25980,48,98,78,77,88,10,12,78,88,3.0,58.0,2026-04-28T20:21:52,LOW,SLEEP_PREPARATION_STRESSFUL_AND_EXERCISE,SLEEP_PREPARATION_STRESSFUL_AND_EXERCISE_AND_BB_LOW,2026-04-27T23:46:37,HIGH,SLEEP_TIME_PASSED_STRESSFUL_AND_INTENSIVE_EXERCISE,SLEEP,2026-04-27T22:15:10,7200000,26040000,78,NONE,NONE,3615274803,2026-04-28T06:03:13,,,,,,,,,,13.0,22.0,7.0,15.0,2026-04-28T22:00:00.0,200,26040,0,1,1777328110000,1777354150000,1777335310000,1777361350000,0,3060,17340,5640,0,1,0,1,16.0,11.0,18.0,0,11.0,ADULT,54.0,POSITIVE_LONG_AND_RECOVERING,NONE,RHYTHM_POS_GOOD_SLEEP_EXCELLENT_TIMING,GOOD,27600.0,27600.0,EXCELLENT,0.0,15.0,EXCELLENT,0.0,1.0,84,GOOD,22,GOOD,21.0,31.0,5468.4,8072.4,EXCELLENT,0.0,5.0,67,FAIR,30.0,64.0,7812.0,16665.6,12,FAIR,16.0,33.0,4166.4,8593.2,2,3615274803,2026-04-27T17:20:11,460,460,NO_CHANGE_NO_ADJUSTMENTS,NO_CHANGE,NO_CHANGE,NO_CHANGE,NO_CHANGE,1,1400,1420,1,3615274803,2026-04-28T06:04:19,460,460,NO_CHANGE_NO_ADJUSTMENTS,NO_CHANGE,NO_CHANGE,NO_CHANGE,NO_CHANGE,0,1400,1420,1,78,51,7.23,51,289,94,,84,87,91,130,BALANCED,HRV_BALANCED_2,2026-04-28T06:03:17.165,91,7,3615274803,RUNNING,GENERIC,RUNNING,3,PRODUCTIVE_3,0,42,OPTIMAL,FEEDBACK_2,724,1005.0,536.0,670,1.0,1,PRODUCTIVE_3,129031336,55.8,56.0,0,0,0,0,0,,60,0,0,0,2026-04-28T12:56:44.0,3615274803,HIGH,HIGH_RT_HIGHEST_SS_AVAILABLE,WELL_RECOVERED,75,84,78,GOOD,347,90,GOOD,88,GOOD,724,0,NONE,81,GOOD,87,82,GOOD,1,UPDATE_REALTIME_VARIABLES,1,,75,26,18.0,18.0,18.0,5.0,,,,0,6,52,0,288.1,0,6,24.1,20.7,3.4,18.0,1,0,2026-04-28T00:00:00.0,347,75,HIGH,WELL_RECOVERED,84,82,81,87,0,724,88,7,BALANCED,87,0.0,39.8,53.4,-13.6,62,67,92,0.6499939,67,92,0.6499939,,,,,,,,,,,,,,,,,,,,,,,,,,,,,,,,,,,,,,,,,,,,,,,,,,,,,,,,,,56.0,56.0,1,,,,,129031336,3615274803,1,BEHIND,232,460,-80,380,150,56,91.0,
2026-04-29,2356.0,206.0,2150.0,2356.0,6336,5160,5160,206.0,206.0,2,private,5980,2026-04-28T22:00:00.0,2026-04-29T00:00:00.0,2026-04-29T22:00:00.0,2026-04-30T00:00:00.0,86400000,1624,1591,59125,24060,1,0,0,0,0,0,31.285,32.494,10.26411,10.66076,150,10,46,109,49,52,45,95,43980,25680,6000,10680,86340,5700,24540,13740,50.94,29.74,6.95,12.37,6.6,28.42,15.91,STRESSFUL,51660,24000,47,108,81,88,92,5,5,81,92,3.0,55.0,2026-04-29T21:15:48,VERY_LOW,SLEEP_PREPARATION_STRESSFUL_AND_INACTIVE,SLEEP_PREPARATION_STRESSFUL_AND_INACTIVE_AND_BB_LOW,2026-04-28T23:51:39,HIGH,SLEEP_TIME_PASSED_STRESSFUL_AND_EXERCISE,SLEEP,2026-04-28T22:33:13,7200000,24060000,81,NONE,NONE,3615274803,2026-04-29T05:52:34,STRESS,2026-04-29T08:20:39,7200000,2160000,-6,STRESS,STRESSFUL_PERIOD,3615274803,2026-04-29T08:59:47,13.0,21.0,7.0,13.0,2026-04-29T21:59:00.0,200,23640,0,1,1777415593000,1777439653000,1777422793000,1777446853000,0,4380,14400,4860,420,1,0,1,15.0,10.0,18.0,1,19.0,ADULT,52.0,POSITIVE_DEEP,NONE,RHYTHM_POS_FAIR_OR_POOR_SLEEP_EXCELLENT_TIMING,FAIR,27600.0,27600.0,FAIR,0.0,15.0,EXCELLENT,0.0,1.0,79,FAIR,21,FAIR,21.0,31.0,4964.4,7328.4,EXCELLENT,0.0,5.0,61,GOOD,30.0,64.0,7092.0,15129.6,19,EXCELLENT,16.0,33.0,3782.4,7801.2,2,3615274803,2026-04-28T06:04:19,460,460,NO_CHANGE_NO_ADJUSTMENTS,NO_CHANGE,NO_CHANGE,NO_CHANGE,NO_CHANGE,0,1400,1420,1,3615274803,2026-04-29T05:52:34,460,460,NO_CHANGE_NO_ADJUSTMENTS,NO_CHANGE,NO_CHANGE,NO_CHANGE,NO_CHANGE,0,1400,1420,1,81,49,6.57,73,240,81,7,79,88,97,133,BALANCED,HRV_BALANCED_5,2026-04-29T05:52:50.797,97,7,3615274803,RUNNING,GENERIC,RUNNING,3,PRODUCTIVE_3,0,38,OPTIMAL,FEEDBACK_2,595,975.0,520.0,650,0.9,1,PRODUCTIVE_3,129031336,55.8,56.0,0,0,0,0,0,,46,0,0,0,2026-04-29T07:52:34.0,3615274803,MODERATE,MOD_RT_LOW_SS_MOD,GOOD_SLEEP_HISTORY,69,79,68,MODERATE,1,99,GOOD,95,GOOD,595,60,MODERATE,81,GOOD,88,79,GOOD,1,AFTER_WAKEUP_RESET,1,NO_CHANGE_SLEEP,69,26,18.0,18.0,18.0,4.8,,,,0,6,52,0,280.5,0,6,24.1,20.7,3.4,18.0,1,0,2026-04-29T00:00:00.0,1,69,MODERATE,GOOD_SLEEP_HISTORY,79,79,81,88,60,595,95,7,BALANCED,88,0.0,38.8,45.8,-6.9,62,68,93,0.6499939,68,93,0.6499939,,,,,STRESS,2026-04-29T10:40:04,7200000,6060000,-12,STRESS,STRESSFUL_PERIOD,3615274803,2026-04-29T12:27:25,,,,,,,,,,,,,,,,,,,,,,,,,,,,,,,,,,,,,,,,,,,,,56.0,56.0,1,,,,,129031336,3615274803,1,BEHIND,234,460,-80,380,150,34,97.0,
2026-04-30,2154.0,4.0,2150.0,2154.0,531,432,432,4.0,4.0,2,private,6020,2026-04-29T22:00:00.0,2026-04-30T00:00:00.0,2026-04-30T22:00:00.0,2026-05-01T00:00:00.0,86400000,353,30,62617,23400,1,0,0,0,0,0,12.983,7.438,4.25951,2.44029,150,10,46,90,51,52,14,67,1980,24120,1080,59160,86340,1740,240,,2.29,27.94,1.25,68.52,2.02,0.28,0.0,UNKNOWN,4500,22680,47,88,68,3,73,5,70,68,73,3.0,35.0,2026-04-30T19:00:09,MODERATE,NO_DATA,NO_DATA,2026-04-30T01:26:16,HIGH,SLEEP_TIME_PASSED_STRESSFUL_AND_INACTIVE,SLEEP,2026-04-29T22:55:34,7200000,23400000,68,NONE,NONE,3615274803,2026-04-30T05:38:25,,,,,,,,,,15.0,20.0,9.0,18.0,2026-04-30T06:03:00.0,200,22920,0,1,1777503334000,1777526734000,1777510534000,1777533934000,0,2160,17460,3300,480,1,0,1,16.0,9.0,19.0,0,13.0,ADULT,54.0,POSITIVE_CONTINUOUS,POSITIVE_STRESSFUL_DAY,RHYTHM_POS_FAIR_OR_POOR_SLEEP_GOOD_TIMING,FAIR,27600.0,27600.0,GOOD,0.0,15.0,EXCELLENT,0.0,1.0,77,FAIR,14,FAIR,21.0,31.0,4813.2,7105.2,EXCELLENT,0.0,5.0,76,FAIR,30.0,64.0,6876.0,14668.8,9,FAIR,16.0,33.0,3667.2,7563.6,2,3615274803,2026-04-29T05:52:34,460,460,NO_CHANGE_NO_ADJUSTMENTS,NO_CHANGE,NO_CHANGE,NO_CHANGE,NO_CHANGE,0,1400,1420,1,3615274803,2026-04-30T05:38:25,460,490,INCREASED,CHRONIC,INCREASING,NO_CHANGE,NO_CHANGE,1,1370,1420,1,68,51,6.37,36,291,55,8,77,87,91,150,BALANCED,HRV_BALANCED_6,2026-05-01T14:42:43.741,91,7,3615274803,RUNNING,GENERIC,RUNNING,3,PRODUCTIVE_3,0,29,LOW,FEEDBACK_1,478,942.0,502.40000000000003,628,0.7,1,PRODUCTIVE_3,129031336,55.8,56.0,0,0,0,0,0,,36,0,0,0,2026-04-30T07:38:25.0,3615274803,MODERATE,MOD_RT_LOW_SS_MOD_STRESS_HISTORY_NEG,BALANCE_STRESS_AND_RECOVERY,63,77,65,MODERATE,1,99,GOOD,100,VERY_GOOD,478,42,MODERATE,84,GOOD,87,71,GOOD,1,AFTER_WAKEUP_RESET,1,NO_CHANGE_SLEEP,63,26,18.0,18.0,18.0,4.6,,,,0,6,52,0,275.0,0,6,24.1,20.7,3.4,18.0,1,0,2026-04-30T00:00:00.0,1,63,MODERATE,BALANCE_STRESS_AND_RECOVERY,77,71,84,87,42,478,100,7,BALANCED,87,0.0,37.9,39.2,-1.3,63,68,95,0.60183716,68,95,0.60183716,,,,,,,,,,,,,,,,,,,,,,,,,,,,,,,,,,,,,,,,,,,,,,,,,,,,,,,,,,56.0,56.0,1,,,,,129031336,3615274803,1,BEHIND,250,460,-80,380,150,35,91.0,
2026-05-01,2310.0,160.0,2150.0,2310.0,7904,6877,6877,160.0,160.0,2,private,6020,2026-04-30T22:00:00.0,2026-05-01T00:00:00.0,2026-05-01T22:00:00.0,2026-05-02T00:00:00.0,86400000,1908,1291,83201,0,1,0,0,0,0,0,16.476,13.008,5.40551,4.26772,150,10,44,109,56,53,45,96,28800,7620,12480,37380,86280,15240,11040,2520,33.38,8.83,14.46,43.32,17.66,12.8,2.92,BALANCED_AWAKE,48900,0,48,108,0,65,85,20,20,,,3.0,37.0,2026-05-01T20:06:59,MODERATE,SLEEP_PREPARATION_BALANCED_AND_INACTIVE,SLEEP_PREPARATION_BALANCED_AND_INACTIVE,,,,,,,,,,,,,,,,,,,,,,14.0,26.0,7.0,13.0,2026-05-01T21:59:00.0,200,,,,,,,,,,,,,0,0,,,,,,,,,,,,,,,,,,,,,,,,,,,,,,,,,,,,,,,,,,,,,3615274803,2026-04-30T05:38:25,460,490,INCREASED,CHRONIC,INCREASING,NO_CHANGE,NO_CHANGE,1,1370,1420,1,3615274803,2026-05-01T05:42:44,460,460,NO_CHANGE_NO_ADJUSTMENTS,NO_CHANGE,NO_DATA,NO_DATA,NO_CHANGE,0,1400,1420,1,,,,,,,,,87,,,BALANCED,HRV_BALANCED_7,2026-05-01T14:43:06.109,,5,3615274803,RUNNING,GENERIC,RUNNING,2,RECOVERY_2,0,25,LOW,FEEDBACK_1,385,904.5,482.40000000000003,603,0.6,1,RECOVERY_2,129031336,55.8,56.0,0,0,0,0,0,,5,0,0,0,2026-05-01T07:42:44.0,3615274803,MODERATE,MOD_RT_LOW_SS_UNKNOWN_STRESS_HISTORY_NEG,BALANCE_STRESS_AND_RECOVERY,69,,0,NONE,1,99,GOOD,100,VERY_GOOD,385,42,MODERATE,85,GOOD,87,66,MODERATE,0,AFTER_WAKEUP_RESET,1,,69,26,18.0,18.0,18.0,4.6,,,,0,6,52,0,275.0,0,6,24.1,20.7,3.4,18.0,1,0,2026-05-01T00:00:00.0,1,69,MODERATE,BALANCE_STRESS_AND_RECOVERY,,66,85,87,42,385,100,5,BALANCED,87,0.0,37.0,33.6,3.4,63,68,95,0.60183716,68,95,0.60183716,,,,,,,,,,,,,,,,,,,,,,,,,,,,,,,,,,,,,,,,,,,,,,,,,,,,,,,,,,56.0,56.0,1,,,,,129031336,3615274803,1,NO_LAST_SLEEP_DATA,,460,-80,380,150,,,
2026-05-02,3611.0,1461.0,2150.0,3611.0,7308,48372,8327,1461.0,1461.0,2,private,6210,2026-05-01T22:00:00.0,2026-05-02T00:00:00.0,2026-05-02T22:00:00.0,2026-05-03T00:00:00.0,86400000,2330,965,49145,33960,1,1,0,0,8,104,45.921,47.515,15.06594,15.58891,150,10,49,168,55,53,24,100,15180,41580,3540,26100,86400,9540,4800,840,17.57,48.12,4.1,30.21,11.04,5.56,0.97,BALANCED,26520,33780,51,167,71,40,91,20,31,70,91,3.0,30.0,2026-05-02T19:00:15,HIGH,SLEEP_PREPARATION_NOT_STRESS_DATA_AND_ACTIVE_AND_INTENSIVE_EXERCISE,SLEEP_PREPARATION_NOT_STRESS_DATA_AND_ACTIVE_AND_INTENSIVE_EXERCISE,2026-05-01T23:04:03,HIGH,SLEEP_TIME_PASSED_BALANCED_AND_INACTIVE,SLEEP,2026-05-01T22:30:43,7200000,33960000,70,NONE,NONE,3615274803,2026-05-02T08:47:43,ACTIVITY,2026-05-02T10:35:21,7200000,1620000,-7,EXERCISE_TRAINING_EFFECT_3,IMPROVING_LACTATE_THRESHOLD,3615274803,2026-05-02T11:03:17,15.0,48.0,7.0,15.0,2026-05-02T22:00:00.0,200,33300,0,1,1777674643000,1777708603000,1777681843000,1777715803000,0,3120,22920,7260,660,1,0,1,16.0,10.0,19.0,0,15.0,ADULT,57.0,POSITIVE_LONG_AND_REFRESHING,NONE,RHYTHM_POS_GOOD_SLEEP_EXCELLENT_TIMING,EXCELLENT,27600.0,27600.0,GOOD,0.0,15.0,EXCELLENT,0.0,1.0,85,GOOD,22,GOOD,21.0,31.0,6993.0,10323.0,GOOD,0.0,5.0,69,FAIR,30.0,64.0,9990.0,21312.0,9,FAIR,16.0,33.0,5328.0,10989.0,2,3615274803,2026-05-01T05:42:44,460,460,NO_CHANGE_NO_ADJUSTMENTS,NO_CHANGE,NO_DATA,NO_DATA,NO_CHANGE,0,1400,1420,1,3615274803,2026-05-02T18:24:07,460,520,HIGHLY_INCREASED,DAILY_ACTIVITY_AND_CHRONIC,NO_CHANGE,NO_CHANGE,NO_CHANGE,1,1350,1430,1,70,55,9.25,52,382,121,11,85,85,78,111,BALANCED,HRV_BALANCED_8,2026-05-02T08:48:07.887,78,7,3615274803,RUNNING,GENERIC,RUNNING,3,PRODUCTIVE_3,0,42,OPTIMAL,FEEDBACK_2,696,978.0,521.6,652,1.0,1,PRODUCTIVE_3,129031336,55.9,56.0,0,0,0,0,0,,42,0,0,0,2026-05-02T13:03:17.0,3615274803,POOR,POOR_RT_HIGH_SS_GOOD_OR_MOD,LET_YOUR_BODY_RECOVER,12,85,80,GOOD,4320,10,POOR,88,GOOD,696,50,MODERATE,89,GOOD,85,65,MODERATE,1,AFTER_POST_EXERCISE_RESET,1,NEW_EXERCISE,12,26,18.0,18.0,18.0,4.6,,,,0,6,52,0,282.6,0,6,24.1,20.7,3.4,18.0,1,0,2026-05-02T00:00:00.0,4320,12,POOR,LET_YOUR_BODY_RECOVER,85,65,89,85,50,696,88,7,BALANCED,85,117.5,38.9,45.6,-6.7,63,68,95,0.5648041,68,95,0.5648041,153.0,Chevrières Course à pied,running,22736240315,,,,,,,,,,129031336,55.9,56.0,0,0,0,0,0,42,0,0,0,55.9,,,,,,,,,,,,,,,,,,,,,,,,,,,,,,,,56.0,56.0,1,,,,,129031336,3615274803,1,BEHIND,313,460,-80,380,150,88,78.0,
2026-05-03,2882.0,732.0,2150.0,2882.0,10169,3868,3868,732.0,732.0,2,private,6430,2026-05-02T22:00:00.0,2026-05-03T00:00:00.0,2026-05-03T22:00:00.0,2026-05-04T00:00:00.0,86400000,3431,2900,55677,24392,1,1,0,0,29,56,48.768,40.314,16.0,13.22638,150,10,45,149,49,52,29,93,23640,32460,9420,20820,86340,10920,10020,2700,27.38,37.6,10.91,24.11,12.65,11.61,3.13,BALANCED,41280,24240,46,145,73,78,100,26,26,55,100,3.0,31.0,2026-05-03T21:47:01,HIGH,SLEEP_PREPARATION_STRESSFUL_AND_INTENSIVE_EXERCISE,SLEEP_PREPARATION_STRESSFUL_AND_INTENSIVE_EXERCISE,2026-05-02T22:30:18,HIGH,SLEEP_TIME_PASSED_NOT_STRESS_DATA_AND_ACTIVE_AND_INTENSIVE_EXERCISE,SLEEP,2026-05-03T00:25:17,7200000,24360000,55,NONE,NONE,3615274803,2026-05-03T07:11:49,ACTIVITY,2026-05-03T14:37:30,7200000,5220000,-12,EXERCISE_TRAINING_EFFECT_2,MAINTAINING_AEROBIC_BASE,3615274803,2026-05-03T16:04:38,15.0,26.0,6.0,12.0,2026-05-03T21:52:00.0,200,24332,0,1,1777767917000,1777792309000,1777775117000,1777799509000,0,4980,14220,5160,60,1,0,1,15.0,8.0,19.0,0,9.0,ADULT,52.0,POSITIVE_RECOVERING,POSITIVE_LATE_BED_TIME,HARD_EXERCISE_POS_EXCELLENT_OR_GOOD_SLEEP_HARD_TO_STRENUOUS_DURING_DAY_OUTDOOR,FAIR,27600.0,27600.0,EXCELLENT,0.0,15.0,EXCELLENT,0.0,1.0,86,GOOD,21,GOOD,21.0,31.0,5109.72,7542.92,EXCELLENT,0.0,5.0,58,EXCELLENT,30.0,64.0,7299.6,15572.48,20,EXCELLENT,16.0,33.0,3893.12,8029.56,2,3615274803,2026-05-02T18:24:07,460,520,HIGHLY_INCREASED,DAILY_ACTIVITY_AND_CHRONIC,NO_CHANGE,NO_CHANGE,NO_CHANGE,1,1350,1430,1,3615274803,2026-05-03T16:04:40,460,460,NO_CHANGE_NO_ADJUSTMENTS,NO_CHANGE,NO_CHANGE,NO_CHANGE,NO_CHANGE,0,1420,0,1,55,49,6.76,83,237,86,1,86,86,93,129,BALANCED,HRV_BALANCED_5,2026-05-03T07:12:08.207,93,7,3615274803,RUNNING,GENERIC,RUNNING,3,PRODUCTIVE_3,0,42,OPTIMAL,FEEDBACK_2,666,972.0,518.4,648,1.0,1,PRODUCTIVE_3,129031336,55.9,56.0,0,0,0,0,0,,26,0,0,0,2026-05-03T18:04:40.0,3615274803,LOW,LOW_RT_HIGH_SS_GOOD_OR_MOD,HIGH_RECOVERY_NEEDS,41,86,82,GOOD,2673,33,POOR,90,GOOD,666,76,GOOD,87,GOOD,86,80,GOOD,1,AFTER_POST_EXERCISE_RESET,1,NO_CHANGE_SLEEP,41,26,18.0,18.0,18.0,4.5,,,,0,6,52,0,275.8,0,6,24.1,20.7,3.4,18.0,1,0,2026-05-03T00:00:00.0,2673,41,LOW,HIGH_RECOVERY_NEEDS,86,80,87,86,76,666,90,7,BALANCED,86,51.6,39.2,46.5,-7.2,63,68,95,0.58332825,68,95,0.58332825,130.0,Padel,paddelball,22751997928,,,,,,,,,,,,,,,,,,,,,,,,,,,,,,,,,,,,,,,,,,,,,,,,,,,,,,56.0,56.0,1,,,,,129031336,3615274803,1,BEHIND,348,460,-80,380,150,45,93.0,
2026-05-04,2277.0,127.0,2150.0,2277.0,5284,4322,4322,127.0,127.0,2,private,7180,2026-05-03T22:00:00.0,2026-05-04T00:00:00.0,2026-05-04T22:00:00.0,2026-05-05T00:00:00.0,86400000,1074,1263,59163,24900,1,0,0,0,0,0,24.384,23.531,8.0,7.72014,150,10,43,109,49,51,38,92,40800,26340,6720,12540,86400,16020,20100,4680,47.22,30.49,7.78,14.51,18.54,23.26,5.42,STRESSFUL,49680,24180,45,104,76,81,95,16,21,71,95,3.0,36.0,2026-05-04T19:00:14,MODERATE,SLEEP_PREPARATION_STRESSFUL_AND_INACTIVE,SLEEP_PREPARATION_STRESSFUL_AND_INACTIVE,2026-05-03T22:31:25,HIGH,SLEEP_TIME_PASSED_BALANCED_AND_INTENSIVE_EXERCISE,SLEEP,2026-05-03T22:22:38,7200000,24900000,71,NONE,NONE,3615274803,2026-05-04T05:25:25,,,,,,,,,,13.0,21.0,6.0,10.0,2026-05-04T21:04:00.0,200,23940,0,1,1777846958000,1777871858000,1777854158000,1777879058000,0,3900,15060,4980,960,1,0,1,15.0,9.0,18.0,2,10.0,ADULT,53.0,POSITIVE_RECOVERING,NONE,RHYTHM_POS_FAIR_OR_POOR_SLEEP_EXCELLENT_TIMING,FAIR,27600.0,27600.0,EXCELLENT,0.0,15.0,FAIR,0.0,1.0,79,FAIR,21,GOOD,21.0,31.0,5027.4,7421.4,FAIR,0.0,5.0,63,GOOD,30.0,64.0,7182.0,15321.6,16,GOOD,16.0,33.0,3830.4,7900.2,2,3615274803,2026-05-03T16:04:40,460,460,NO_CHANGE_NO_ADJUSTMENTS,NO_CHANGE,NO_CHANGE,NO_CHANGE,NO_CHANGE,0,1420,0,1,3615274803,2026-05-04T05:25:26,460,460,NO_CHANGE_NO_ADJUSTMENTS,NO_CHANGE,NO_CHANGE,NO_CHANGE,NO_CHANGE,0,1420,0,1,71,49,6.65,65,251,83,16,79,90,93,140,BALANCED,HRV_BALANCED_6,2026-05-04T05:25:43.28,93,7,3615274803,RUNNING,GENERIC,RUNNING,3,PRODUCTIVE_3,0,33,OPTIMAL,FEEDBACK_2,548,940.5,501.6,627,0.8,1,PRODUCTIVE_3,129031336,55.9,56.0,0,0,0,0,0,,28,0,0,0,2026-05-04T07:25:26.0,3615274803,MODERATE,MOD_RT_MOD_SS_MOD,LISTEN_TO_YOUR_BODY,50,79,68,MODERATE,1873,49,MODERATE,96,GOOD,548,75,GOOD,78,GOOD,90,81,GOOD,1,AFTER_WAKEUP_RESET,1,NO_CHANGE_SLEEP,50,26,18.0,18.0,18.0,4.6,,,,0,6,52,0,275.8,0,6,24.1,20.7,3.4,18.0,1,0,2026-05-04T00:00:00.0,1873,50,MODERATE,LISTEN_TO_YOUR_BODY,79,81,78,90,75,548,96,7,BALANCED,90,0.0,38.3,39.8,-1.5,63,68,95,0.6573944,68,95,0.6573944,,,,,,,,,,,,,,,,,,,,,,,,,,,,,,,,,,,,,,,,,,,,,,,,,,,,,,,,,,56.0,56.0,1,,,,,129031336,3615274803,1,BEHIND,230,460,-80,380,150,45,93.0,
2026-05-05,2939.0,789.0,2150.0,2939.0,13688,13731,13731,789.0,789.0,2,private,6990,2026-05-04T22:00:00.0,2026-05-05T00:00:00.0,2026-05-05T22:00:00.0,2026-05-06T00:00:00.0,86400000,4523,1385,59492,21000,1,1,0,0,3,54,117.82,118.119,38.65486,38.75295,150,10,46,152,50,51,36,95,37380,26520,9780,12540,86220,18240,12720,6420,43.35,30.76,11.34,14.54,21.16,14.75,7.45,STRESSFUL,52680,21000,47,149,74,80,95,15,15,61,95,3.0,37.0,2026-05-05T19:00:12,MODERATE,SLEEP_PREPARATION_STRESSFUL_AND_INTENSIVE_EXERCISE,SLEEP_PREPARATION_STRESSFUL_AND_INTENSIVE_EXERCISE,2026-05-05T01:50:28,HIGH,SLEEP_TIME_PASSED_STRESSFUL_AND_INACTIVE,SLEEP,2026-05-04T23:22:25,7200000,21000000,63,NONE,NONE,3615274803,2026-05-05T05:23:27,ACTIVITY,2026-05-05T10:12:05,7200000,3120000,-10,EXERCISE_TRAINING_EFFECT_3,IMPROVING_AEROBIC_BASE,3615274803,2026-05-05T11:05:31,13.0,24.0,8.0,11.0,2026-05-05T21:58:00.0,200,20880,0,1,1777936945000,1777957945000,1777944145000,1777965145000,0,7260,9480,4140,120,1,0,1,15.0,10.0,17.0,0,10.0,ADULT,52.0,POSITIVE_RECOVERING,POSITIVE_LATE_BED_TIME,GENERAL_POS_FAIR_OR_POOR_SLEEP,FAIR,27600.0,27600.0,EXCELLENT,0.0,15.0,EXCELLENT,0.0,1.0,77,FAIR,20,FAIR,21.0,31.0,4384.8,6472.8,EXCELLENT,0.0,5.0,45,EXCELLENT,30.0,64.0,6264.0,13363.2,35,EXCELLENT,16.0,33.0,3340.8,6890.4,2,3615274803,2026-05-04T05:25:26,460,460,NO_CHANGE_NO_ADJUSTMENTS,NO_CHANGE,NO_CHANGE,NO_CHANGE,NO_CHANGE,0,1420,0,1,3615274803,2026-05-05T11:05:32,460,500,INCREASED,CHRONIC,INCREASING,NO_CHANGE,NO_CHANGE,1,1380,0,1,63,50,5.8,121,158,69,2,77,90,89,118,BALANCED,HRV_BALANCED_7,2026-05-05T05:23:45.284,89,7,3615274803,RUNNING,GENERIC,RUNNING,3,PRODUCTIVE_3,0,33,OPTIMAL,FEEDBACK_2,541,940.5,501.6,627,0.8,1,PRODUCTIVE_3,129031336,55.8,56.0,0,0,0,0,0,,24,0,0,0,2026-05-05T16:56:44.0,3615274803,MODERATE,MOD_RT_LOW_SS_MOD_STRESS_HISTORY_NEG,BALANCE_STRESS_AND_RECOVERY,50,77,65,MODERATE,1077,71,GOOD,97,GOOD,541,61,MODERATE,80,GOOD,90,72,GOOD,1,UPDATE_REALTIME_VARIABLES,1,,50,26,18.0,18.0,18.0,4.5,,,,0,6,52,0,281.6,0,6,24.1,20.7,3.4,18.0,1,0,2026-05-05T00:00:00.0,1077,50,MODERATE,BALANCE_STRESS_AND_RECOVERY,77,72,80,90,61,541,97,7,BALANCED,90,42.9,38.4,40.3,-1.8,64,69,95,0.6538391,69,95,0.6538391,74.0,Aulnay-sous-Bois Course à pied,running,22771384906,,,,,,,,,,129031336,55.8,56.0,0,0,0,0,0,24,0,0,0,55.8,,,,,,,,,,,,,,,,,,,,,,,,,,,,,,,,56.0,56.0,1,,,,,129031336,3615274803,1,BEHIND,257,460,-80,380,150,39,89.0,
2026-05-06,2618.0,468.0,2150.0,2618.0,3820,4500,3111,468.0,468.0,2,private,7660,2026-05-05T22:00:00.0,2026-05-06T00:00:00.0,2026-05-06T22:00:00.0,2026-05-07T00:00:00.0,86400000,1002,1168,61490,22740,1,1,0,0,1,32,19.091,16.557,6.26345,5.43209,150,10,45,159,48,51,33,93,39240,31140,7440,8520,86340,19980,16500,2760,45.45,36.07,8.62,9.87,23.14,19.11,3.2,STRESSFUL,55140,22680,46,151,74,77,88,12,12,71,88,3.0,47.0,2026-05-06T21:00:29,LOW,SLEEP_PREPARATION_STRESSFUL_AND_INTENSIVE_EXERCISE,SLEEP_PREPARATION_STRESSFUL_AND_INTENSIVE_EXERCISE_AND_BB_LOW,2026-05-05T23:50:49,HIGH,SLEEP_TIME_PASSED_STRESSFUL_AND_INTENSIVE_EXERCISE,SLEEP,2026-05-05T23:05:31,7200000,22740000,71,NONE,NONE,3615274803,2026-05-06T05:25:59,STRESS,2026-05-06T10:59:54,7200000,2640000,-6,STRESS,STRESSFUL_PERIOD,3615274803,2026-05-06T11:46:51,13.0,20.0,6.0,15.0,2026-05-06T21:59:00.0,200,22200,0,1,1778022331000,1778045071000,1778029531000,1778052271000,0,4800,12900,4500,540,1,0,1,15.0,7.0,18.0,1,9.0,ADULT,52.0,POSITIVE_RECOVERING,POSITIVE_EXERCISE,MOD_EXERCISE_POS_EXCELLENT_OR_GOOD_SLEEP_VIGOROUS_DURING_DAY_OUTDOOR,FAIR,27600.0,27600.0,EXCELLENT,0.0,15.0,EXCELLENT,0.0,1.0,80,GOOD,20,FAIR,21.0,31.0,4662.0,6882.0,EXCELLENT,0.0,5.0,58,EXCELLENT,30.0,64.0,6660.0,14208.0,22,EXCELLENT,16.0,33.0,3552.0,7326.0,2,3615274803,2026-05-05T11:05:32,460,500,INCREASED,CHRONIC,INCREASING,NO_CHANGE,NO_CHANGE,1,1380,0,1,3615274803,2026-05-06T17:52:16,460,500,INCREASED,CHRONIC,INCREASING,NO_CHANGE,NO_CHANGE,1,1380,0,1,71,48,6.17,80,215,75,9,80,90,99,135,BALANCED,HRV_BALANCED_8,2026-05-06T05:26:34.625,99,4,3615274803,RUNNING,GENERIC,RUNNING,2,MAINTAINING_2,0,33,OPTIMAL,FEEDBACK_2,554,942.0,502.40000000000003,628,0.8,1,MAINTAINING_2,129031336,55.8,56.0,0,0,0,0,0,,25,0,0,0,2026-05-06T19:52:16.0,3615274803,MODERATE,MOD_RT_MOD_OR_LOW_SS_GOOD_STRESS_HISTORY_NEG,WELL_RESTED,52,80,70,GOOD,1164,69,MODERATE,96,GOOD,554,60,MODERATE,82,GOOD,90,66,MODERATE,1,AFTER_POST_EXERCISE_RESET,1,REACHED_ZERO,52,26,18.0,18.0,18.0,4.6,,,,0,6,52,0,287.0,0,6,24.1,20.7,3.4,18.0,1,0,2026-05-06T00:00:00.0,1164,52,MODERATE,WELL_RESTED,80,66,82,90,60,554,96,4,BALANCED,90,52.5,38.7,42.0,-3.3,64,69,96,0.6388855,69,96,0.6388855,44.0,,,,ACTIVITY,2026-05-06T17:14:08,7200000,2280000,-5,EXERCISE_TRAINING_EFFECT_3,IMPROVING_AEROBIC_BASE,3615274803,2026-05-06T17:52:15,,,,,,,,,,,,,,,,,,,,,,,,,,,,,,,,,Nat. piscine,lap_swimming,22788273527,,,,,,,,,,56.0,56.0,1,,,,,129031336,3615274803,1,BEHIND,255,460,-80,380,150,28,99.0,
2026-05-07,2921.0,771.0,2150.0,2921.0,12143,12750,12750,771.0,771.0,2,private,7280,2026-05-06T22:00:00.0,2026-05-07T00:00:00.0,2026-05-07T22:00:00.0,2026-05-08T00:00:00.0,86400000,4073,1100,56807,24420,1,1,0,0,5,50,116.102,92.997,38.09121,30.51083,150,10,50,157,53,51,37,93,35760,24900,8040,17460,86160,18060,15240,2460,41.5,28.9,9.33,20.26,20.96,17.69,2.86,STRESSFUL,44460,24240,50,156,51,54,63,9,9,51,63,3.0,43.0,2026-05-07T19:00:08,LOW,SLEEP_PREPARATION_STRESSFUL_AND_INTENSIVE_EXERCISE,SLEEP_PREPARATION_STRESSFUL_AND_INTENSIVE_EXERCISE_AND_BB_LOW,2026-05-07T21:59:06,MODERATE,SLEEP_TIME_PASSED_STRESSFUL_AND_INTENSIVE_EXERCISE,SLEEP,2026-05-06T22:09:15,7200000,24420000,51,NONE,NONE,3615274803,2026-05-07T05:22:35,ACTIVITY,2026-05-07T10:38:24,7200000,3000000,-9,EXERCISE_TRAINING_EFFECT_3,IMPROVING_AEROBIC_BASE,3615274803,2026-05-07T11:29:25,13.0,22.0,7.0,13.0,2026-05-07T19:44:00.0,200,22860,0,1,1778105355000,1778129775000,1778112555000,1778136975000,0,4080,14460,4320,1560,1,0,1,16.0,11.0,18.0,2,19.0,ADULT,57.0,POSITIVE_DEEP,NONE,RHYTHM_POS_FAIR_OR_POOR_SLEEP_GOOD_TIMING,FAIR,27600.0,27600.0,FAIR,0.0,15.0,FAIR,0.0,1.0,73,FAIR,19,FAIR,21.0,31.0,4800.6,7086.6,FAIR,0.0,5.0,63,GOOD,30.0,64.0,6858.0,14630.4,18,GOOD,16.0,33.0,3657.6,7543.8,2,3615274803,2026-05-06T17:52:16,460,500,INCREASED,CHRONIC,INCREASING,NO_CHANGE,NO_CHANGE,1,1380,0,1,3615274803,2026-05-07T11:29:26,460,500,INCREASED,CHRONIC,INCREASING,NO_CHANGE,NO_CHANGE,1,1370,1430,1,51,53,6.35,68,241,72,26,73,84,62,115,BALANCED,HRV_BALANCED_3,2026-05-07T05:22:59.600,62,4,3615274803,RUNNING,GENERIC,RUNNING,2,MAINTAINING_2,0,38,OPTIMAL,FEEDBACK_2,615,946.5,504.8,631,0.9,1,MAINTAINING_2,129031336,55.7,56.0,0,0,0,0,0,,33,0,0,0,2026-05-07T13:29:26.0,3615274803,MODERATE,MOD_RT_MOD_SS_MOD,LISTEN_TO_YOUR_BODY,52,73,59,MODERATE,1507,59,MODERATE,92,GOOD,615,62,MODERATE,95,GOOD,84,68,MODERATE,1,AFTER_POST_EXERCISE_RESET,1,NO_CHANGE_SLEEP,52,26,18.0,18.0,18.0,4.6,,,,0,6,52,0,287.8,0,6,24.1,20.7,3.4,18.0,1,0,2026-05-07T00:00:00.0,1507,52,MODERATE,LISTEN_TO_YOUR_BODY,73,68,95,84,62,615,92,4,BALANCED,84,49.4,39.0,43.1,-4.1,64,70,97,0.5092468,70,97,0.5092468,71.0,Aulnay-sous-Bois Course à pied,running,22797230606,,,,,,,,,,129031336,55.7,56.0,0,0,0,0,0,33,0,0,0,55.7,,,,,,,,,,,,,,,,,,,,,,,,,,,,,,,,56.0,56.0,1,,,,,129031336,3615274803,1,BEHIND,213,460,-80,380,150,39,62.0,
2026-05-08,2943.0,793.0,2150.0,2943.0,12846,13666,13666,793.0,793.0,2,private,7770,2026-05-07T22:00:00.0,2026-05-08T00:00:00.0,2026-05-08T22:00:00.0,2026-05-09T00:00:00.0,86400000,4121,1102,81177,0,1,1,0,0,3,59,104.337,95.784,34.2313,31.4252,150,10,50,151,55,51,46,92,13740,2460,8880,61200,86280,7560,5040,1140,15.92,2.85,10.29,70.93,8.76,5.84,1.32,UNKNOWN,25080,0,62,150,0,28,43,15,15,,,3.0,30.0,2026-05-08T19:00:14,MODERATE,NO_DATA,NO_DATA,2026-05-07T23:02:04,HIGH,SLEEP_TIME_PASSED_NOT_STRESS_DATA_AND_INTENSIVE_EXERCISE,ACTIVITY,2026-05-08T14:13:16,7200000,3600000,-11,EXERCISE_TRAINING_EFFECT_3,IMPROVING_AEROBIC_BASE,3615274803,2026-05-08T15:14:03,,,,,,,,,,13.0,21.0,7.0,12.0,2026-05-08T21:59:00.0,200,,,,,,,,,,,,,0,0,,,,,,,,,,,,,,,,,,,,,,,,,,,,,,,,,,,,,,,,,,,,,3615274803,2026-05-07T11:29:26,460,500,INCREASED,CHRONIC,INCREASING,NO_CHANGE,NO_CHANGE,1,1370,1430,1,3615274803,2026-05-08T15:14:05,460,460,NO_CHANGE_NO_ADJUSTMENTS,NO_CHANGE,NO_DATA,NO_DATA,NO_CHANGE,0,1420,0,1,,,,,,,,,84,,,BALANCED,HRV_BALANCED_6,2026-05-08T06:03:09.878,,4,3615274803,RUNNING,GENERIC,RUNNING,2,MAINTAINING_2,0,42,OPTIMAL,FEEDBACK_2,651,945.0,504.0,630,1.0,1,MAINTAINING_2,129031336,55.8,56.0,0,0,0,0,0,,37,0,0,0,2026-05-08T17:14:05.0,3615274803,MODERATE,MOD_RT_MOD_SS_UNKNOWN,RECOVERY_IN_PROGRESS,55,,0,NONE,1280,66,MODERATE,89,GOOD,651,62,MODERATE,95,GOOD,84,63,MODERATE,0,AFTER_POST_EXERCISE_RESET,1,REACHED_ZERO,55,26,18.0,18.0,18.0,5.0,,,,0,6,52,0,296.8,0,6,24.1,20.7,3.4,18.0,1,0,2026-05-08T00:00:00.0,1280,55,MODERATE,RECOVERY_IN_PROGRESS,,63,95,84,62,651,89,4,BALANCED,84,51.0,39.3,44.2,-4.9,65,70,97,0.5092468,70,97,0.5092468,90.0,,,,,,,,,,,,,129031336,55.8,56.0,0,0,0,0,0,37,0,0,0,55.8,,,,,,,,,,,,,,,,,,,,,,,Chevrières Course à pied,running,22809723223,,,,,,,56.0,56.0,1,,,,,129031336,3615274803,1,NO_LAST_SLEEP_DATA,,460,-80,380,150,,,
2026-05-09,2211.0,61.0,2150.0,2211.0,4937,4048,4048,61.0,61.0,2,private,8790,2026-05-08T22:00:00.0,2026-05-09T00:00:00.0,2026-05-09T22:00:00.0,2026-05-10T00:00:00.0,86400000,1193,599,58388,26220,1,0,0,0,0,0,58.672,43.343,19.24934,14.22014,150,10,47,98,55,51,28,90,29280,39420,8820,8820,86340,21120,7800,360,33.91,45.66,10.22,10.22,24.46,9.03,0.42,BALANCED,52560,24960,50,95,60,48,72,12,27,59,71,3.0,31.0,2026-05-09T19:07:06,MODERATE,SLEEP_PREPARATION_BALANCED_AND_INACTIVE,SLEEP_PREPARATION_BALANCED_AND_INACTIVE,2026-05-09T02:32:24,HIGH,SLEEP_TIME_PASSED_NOT_STRESS_DATA_AND_INACTIVE,SLEEP,2026-05-09T00:57:03,7200000,26220000,60,NONE,NONE,3615274803,2026-05-09T08:18:47,RECOVERY,2026-05-09T09:51:12,7200000,2280000,-1,RECOVERY_BODY_BATTERY_NOT_INCREASE,RESTFUL_PERIOD,3615274803,2026-05-09T10:33:13,14.0,25.0,7.0,12.0,2026-05-09T21:59:00.0,200,26160,0,1,1778288223000,1778314443000,1778295423000,1778321643000,0,6180,14460,5520,60,1,0,1,15.0,10.0,18.0,0,17.0,ADULT,57.0,POSITIVE_LONG_AND_DEEP,POSITIVE_LATE_BED_TIME,MOD_EXERCISE_POS_EXCELLENT_OR_GOOD_SLEEP_VIGOROUS_DURING_DAY,GOOD,27600.0,27600.0,FAIR,0.0,15.0,EXCELLENT,0.0,1.0,83,GOOD,21,GOOD,21.0,31.0,5493.6,8109.6,EXCELLENT,0.0,5.0,55,EXCELLENT,30.0,64.0,7848.0,16742.4,24,EXCELLENT,16.0,33.0,4185.6,8632.8,2,3615274803,2026-05-08T15:14:05,460,460,NO_CHANGE_NO_ADJUSTMENTS,NO_CHANGE,NO_DATA,NO_DATA,NO_CHANGE,0,1420,0,1,3615274803,2026-05-09T08:18:48,460,460,NO_CHANGE_NO_ADJUSTMENTS,NO_CHANGE,NO_CHANGE,NO_CHANGE,NO_CHANGE,0,1420,0,1,60,55,7.27,103,241,92,1,83,81,60,93,BALANCED,HRV_BALANCED_3,2026-05-09T08:19:13.880,60,4,3615274803,RUNNING,GENERIC,RUNNING,2,MAINTAINING_2,0,38,OPTIMAL,FEEDBACK_2,550,907.5,484.0,605,0.9,1,MAINTAINING_2,129031336,55.8,56.0,0,0,0,0,0,,37,0,0,0,2026-05-09T12:56:44.0,3615274803,HIGH,HIGH_RT_HIGHEST_SS_AVAILABLE,WELL_RECOVERED,75,83,76,GOOD,99,97,GOOD,95,GOOD,550,72,GOOD,100,VERY_GOOD,81,59,MODERATE,1,UPDATE_REALTIME_VARIABLES,1,,75,26,18.0,18.0,18.0,5.0,,,,0,6,52,0,296.8,0,6,24.1,20.7,3.4,18.0,1,0,2026-05-08T00:00:00.0,99,75,HIGH,WELL_RECOVERED,83,59,100,81,72,550,95,4,BALANCED,81,0.0,38.4,37.9,0.5,65,70,97,0.45368958,70,97,0.45368958,,,,,,,,,,,,,,,,,,,,,,,,,,,,,,,,,,,,,,,,,,,,,,,,,,,,,,,,,,56.0,56.0,1,,,,,129031336,3615274803,1,NOT_ALIGNED,396,460,-80,380,150,47,60.0,
2026-05-10,3239.0,1089.0,2150.0,3239.0,2517,52709,2050,1089.0,1089.0,2,private,8410,2026-05-09T22:00:00.0,2026-05-10T00:00:00.0,2026-05-10T22:00:00.0,2026-05-11T00:00:00.0,86400000,711,330,63159,22200,1,1,0,0,6,98,31.911,23.778,10.46949,7.80118,150,10,47,175,51,52,30,92,14940,25320,3600,42540,86400,4500,7260,3180,17.29,29.31,4.17,49.24,5.21,8.4,3.68,UNKNOWN,21720,22140,49,170,64,25,89,12,12,63,88,3.0,38.0,2026-05-10T20:04:04,MODERATE,NO_DATA,NO_DATA,2026-05-09T23:33:23,HIGH,SLEEP_TIME_PASSED_BALANCED_AND_INACTIVE,SLEEP,2026-05-09T23:17:47,7200000,22200000,63,NONE,NONE,3615274803,2026-05-10T06:19:29,,,,,,,,,,14.0,24.0,8.0,24.0,2026-05-10T22:00:00.0,200,22200,0,1,1778368667000,1778390867000,1778375867000,1778398067000,0,6420,12240,3540,0,1,0,1,15.0,9.0,19.0,0,12.0,ADULT,54.0,POSITIVE_DEEP,NONE,GENERAL_POS_FAIR_OR_POOR_SLEEP,FAIR,27600.0,27600.0,EXCELLENT,0.0,15.0,EXCELLENT,0.0,1.0,79,FAIR,16,FAIR,21.0,31.0,4662.0,6882.0,GOOD,0.0,5.0,55,EXCELLENT,30.0,64.0,6660.0,14208.0,29,EXCELLENT,16.0,33.0,3552.0,7326.0,2,3615274803,2026-05-09T08:18:48,460,460,NO_CHANGE_NO_ADJUSTMENTS,NO_CHANGE,NO_CHANGE,NO_CHANGE,NO_CHANGE,0,1420,0,1,3615274803,2026-05-10T08:22:44,460,480,INCREASED,TODAYS_LOAD_AND_CHRONIC,NO_CHANGE,NO_CHANGE,NO_CHANGE,1,1400,0,1,63,51,6.17,107,204,59,,79,78,75,104,BALANCED,HRV_BALANCED_8,2026-05-10T06:20:07.273,75,4,3615274803,RUNNING,GENERIC,RUNNING,2,MAINTAINING_4,0,47,OPTIMAL,FEEDBACK_2,731,951.0,507.20000000000005,634,1.1,1,MAINTAINING_4,129031336,55.8,56.0,0,0,0,0,0,,37,0,0,0,2026-05-10T18:56:44.0,3615274803,MODERATE,MOD_RT_MOD_SS_MOD,LISTEN_TO_YOUR_BODY,50,79,68,MODERATE,2168,41,MODERATE,84,GOOD,731,80,GOOD,100,VERY_GOOD,78,76,GOOD,1,UPDATE_REALTIME_VARIABLES,1,,50,26,18.0,18.0,18.0,4.8,,,,0,6,52,0,291.1,0,6,24.1,20.7,3.4,18.0,1,0,2026-05-10T00:00:00.0,2168,50,MODERATE,LISTEN_TO_YOUR_BODY,79,76,100,78,80,731,84,4,BALANCED,78,105.6,40.0,47.6,-7.6,65,71,97,0.38461304,71,97,0.38461304,151.0,,,,,,,,,,,,,,,,,,,,,,,,,,,,,,,,,,,,,,,,,,,,,,,,,,,,,,,,,56.0,56.0,1,,,,,129031336,3615274803,1,BEHIND,262,460,-80,380,150,51,75.0,
2026-05-11,2286.0,136.0,2150.0,2286.0,5127,4175,4175,136.0,136.0,2,private,7240,2026-05-10T22:00:00.0,2026-05-11T00:00:00.0,2026-05-11T22:00:00.0,2026-05-12T00:00:00.0,86400000,1472,900,62968,21060,1,0,0,0,0,0,44.765,22.515,14.68668,7.38681,150,10,49,114,53,52,29,89,28080,35700,6660,15960,86400,17520,9600,960,32.5,41.32,7.71,18.47,20.28,11.11,1.11,BALANCED,49440,21000,50,112,59,49,65,11,22,54,65,3.0,50.0,2026-05-11T19:30:44,MODERATE,SLEEP_PREPARATION_BALANCED_AND_INACTIVE,SLEEP_PREPARATION_BALANCED_AND_INACTIVE,,,,SLEEP,2026-05-10T23:31:29,7200000,21060000,54,NONE,NONE,3615274803,2026-05-11T05:25:13,RECOVERY,2026-05-11T19:55:18,7200000,2940000,2,RECOVERY_EVENING,RESTFUL_PERIOD,3615274803,2026-05-11T20:49:30,14.0,23.0,7.0,10.0,2026-05-11T22:00:00.0,200,21000,0,1,1778455889000,1778476949000,1778463089000,1778484149000,0,3000,15300,2700,60,1,0,1,15.0,11.0,18.0,0,20.0,ADULT,56.0,POSITIVE_CONTINUOUS,NONE,HARD_EXERCISE_POS_FAIR_SLEEP_HARD_TO_STRENUOUS_DURING_DAY_OUTDOOR,FAIR,27600.0,27600.0,FAIR,0.0,15.0,EXCELLENT,0.0,1.0,71,FAIR,13,FAIR,21.0,31.0,4410.0,6510.0,EXCELLENT,0.0,5.0,73,FAIR,30.0,64.0,6300.0,13440.0,14,FAIR,16.0,33.0,3360.0,6930.0,2,3615274803,2026-05-10T08:22:44,460,480,INCREASED,TODAYS_LOAD_AND_CHRONIC,NO_CHANGE,NO_CHANGE,NO_CHANGE,1,1400,0,1,3615274803,2026-05-11T05:25:13,460,510,HIGHLY_INCREASED,CHRONIC,INCREASING,NO_CHANGE,NO_CHANGE,1,1370,0,1,54,53,5.83,50,255,45,1,71,75,71,108,BALANCED,HRV_BALANCED_2,2026-05-11T05:25:48.661,71,4,3615274803,RUNNING,GENERIC,RUNNING,2,MAINTAINING_4,0,38,OPTIMAL,FEEDBACK_2,601,922.5,492.0,615,0.9,1,MAINTAINING_4,129031336,55.8,56.0,0,0,0,0,0,,41,0,0,0,2026-05-11T16:56:44.0,3615274803,MODERATE,MOD_RT_LOW_SS_MOD_AWAKE_NEG,FOCUS_ON_SLEEP_PATTERNS,50,71,56,MODERATE,848,77,GOOD,92,GOOD,601,72,GOOD,89,GOOD,75,70,GOOD,1,UPDATE_REALTIME_VARIABLES,1,,50,26,18.0,18.0,18.0,4.6,,,,0,6,52,0,283.0,0,6,24.1,20.7,3.4,18.0,1,0,2026-05-11T00:00:00.0,848,50,MODERATE,FOCUS_ON_SLEEP_PATTERNS,71,70,89,75,72,601,92,4,BALANCED,75,0.0,39.0,40.8,-1.8,65,71,98,0.32406616,71,98,0.32406616,,,,,,,,,,,,,,,,,,,,,,,,,,,,,,,,,,,,,,,,,,,,,,,,,,,,,,,,,,56.0,56.0,1,,,,,129031336,3615274803,1,BEHIND,267,460,-80,380,150,38,71.0,
2026-05-12,2858.0,708.0,2150.0,2858.0,12980,12341,12341,708.0,708.0,2,private,6820,2026-05-11T22:00:00.0,2026-05-12T00:00:00.0,2026-05-12T22:00:00.0,2026-05-13T00:00:00.0,86400000,4483,1146,53651,27120,1,1,0,0,3,49,115.837,106.186,38.00427,34.83793,150,10,45,145,49,52,26,89,19620,29760,8760,28080,86220,9300,8700,1620,22.76,34.52,10.16,32.57,10.79,10.09,1.88,BALANCED,31260,26880,46,142,78,78,98,20,22,75,98,3.0,46.0,2026-05-12T19:00:17,MODERATE,SLEEP_PREPARATION_NOT_STRESS_DATA_AND_EXERCISE,SLEEP_PREPARATION_NOT_STRESS_DATA_AND_EXERCISE,2026-05-12T01:12:45,HIGH,SLEEP_TIME_PASSED_BALANCED_AND_INACTIVE,SLEEP,2026-05-11T22:09:13,7200000,27120000,76,NONE,NONE,3615274803,2026-05-12T06:27:43,ACTIVITY,2026-05-12T10:35:28,7200000,2940000,-10,EXERCISE_TRAINING_EFFECT_2,MAINTAINING_AEROBIC_BASE,3615274803,2026-05-12T11:25:14,13.0,20.0,6.0,13.0,2026-05-12T21:59:00.0,200,26640,0,1,1778537353000,1778564473000,1778544553000,1778571673000,0,5100,15300,6240,480,1,0,1,15.0,9.0,20.0,1,8.0,ADULT,52.0,POSITIVE_HIGHLY_RECOVERING,POSITIVE_RESTFUL_EVENING,STRESS_POS_EXCELLENT_OR_GOOD_SLEEP_RESTFUL_EVENING,GOOD,27600.0,27600.0,EXCELLENT,0.0,15.0,EXCELLENT,0.0,1.0,90,EXCELLENT,23,EXCELLENT,21.0,31.0,5594.4,8258.4,GOOD,0.0,5.0,57,EXCELLENT,30.0,64.0,7992.0,17049.6,19,EXCELLENT,16.0,33.0,4262.4,8791.2,2,3615274803,2026-05-11T05:25:13,460,510,HIGHLY_INCREASED,CHRONIC,INCREASING,NO_CHANGE,NO_CHANGE,1,1370,0,1,3615274803,2026-05-12T11:25:15,460,460,NO_CHANGE_NO_ADJUSTMENTS,NO_CHANGE,NO_CHANGE,NO_CHANGE,NO_CHANGE,0,1420,0,1,76,49,7.4,85,255,104,8,90,75,89,116,BALANCED,HRV_BALANCED_6,2026-05-12T06:28:12.965,89,4,3615274803,RUNNING,GENERIC,RUNNING,2,MAINTAINING_4,0,33,OPTIMAL,FEEDBACK_2,549,916.5,488.8,611,0.8,1,MAINTAINING_4,129031336,55.9,56.0,0,0,0,0,0,,58,0,0,0,2026-05-12T23:56:44.0,3615274803,HIGH,HIGH_RT_AVAILABLE_SS_HIGHEST,RESTED_AND_READY,75,90,90,VERY_GOOD,359,90,GOOD,95,GOOD,549,77,GOOD,86,GOOD,75,60,MODERATE,1,UPDATE_REALTIME_VARIABLES,1,,75,26,18.0,18.0,18.0,4.5,,,,0,6,52,0,285.3,0,6,24.1,20.7,3.4,18.0,1,0,2026-05-12T00:00:00.0,359,75,HIGH,RESTED_AND_READY,90,60,86,75,77,549,95,4,BALANCED,75,32.4,38.8,39.6,-0.7,66,71,98,0.32406616,71,98,0.32406616,70.0,Aulnay-sous-Bois Course à pied,running,22853340240,,,,,,,,,,129031336,55.9,56.0,0,0,0,0,0,58,0,0,0,55.9,,,,,,,,,,,,,,,,,,,,,,,,,,,,,,,,56.0,56.0,1,,,,,129031336,3615274803,1,BEHIND,235,460,-80,380,150,37,89.0,
2026-05-13,2254.0,104.0,2150.0,2254.0,4935,4039,4039,104.0,104.0,2,private,7440,2026-05-12T22:00:00.0,2026-05-13T00:00:00.0,2026-05-13T22:00:00.0,2026-05-14T00:00:00.0,86400000,1243,895,60262,24000,1,0,0,0,0,0,34.718,25.732,11.39042,8.44226,150,10,46,109,49,52,28,94,27600,33660,4980,20100,86340,16680,9420,1500,31.97,38.99,5.77,23.28,19.32,10.91,1.74,BALANCED,42240,24000,48,109,73,73,95,22,22,72,95,3.0,35.0,2026-05-13T20:08:39,MODERATE,SLEEP_PREPARATION_BALANCED_AND_INACTIVE,SLEEP_PREPARATION_BALANCED_AND_INACTIVE,2026-05-13T02:43:33,HIGH,SLEEP_TIME_PASSED_STRESSFUL_AND_INACTIVE,SLEEP,2026-05-12T22:44:14,7200000,24000000,72,NONE,NONE,3615274803,2026-05-13T05:24:33,,,,,,,,,,13.0,21.0,8.0,11.0,2026-05-13T21:59:00.0,200,24000,0,1,1778625854000,1778649854000,1778633054000,1778657054000,0,4200,13260,6540,0,1,0,1,15.0,10.0,18.0,0,14.0,ADULT,52.0,POSITIVE_REFRESHING,POSITIVE_RESTFUL_EVENING,RHYTHM_POS_GOOD_SLEEP_GOOD_TIMING,FAIR,27600.0,27600.0,GOOD,0.0,15.0,EXCELLENT,0.0,1.0,81,GOOD,27,EXCELLENT,21.0,31.0,5040.0,7440.0,EXCELLENT,0.0,5.0,55,EXCELLENT,30.0,64.0,7200.0,15360.0,18,GOOD,16.0,33.0,3840.0,7920.0,2,3615274803,2026-05-12T11:25:15,460,460,NO_CHANGE_NO_ADJUSTMENTS,NO_CHANGE,NO_CHANGE,NO_CHANGE,NO_CHANGE,0,1420,0,1,3615274803,2026-05-13T05:24:34,460,460,NO_CHANGE_NO_ADJUSTMENTS,NO_CHANGE,NO_CHANGE,NO_CHANGE,NO_CHANGE,0,1420,0,1,72,49,6.67,70,221,109,,81,73,86,121,BALANCED,HRV_BALANCED_7,2026-05-13T05:34:26.501,86,4,3615274803,RUNNING,GENERIC,RUNNING,2,MAINTAINING_4,0,29,LOW,FEEDBACK_1,452,882.0,470.40000000000003,588,0.7,1,MAINTAINING_4,129031336,55.9,56.0,0,0,0,0,0,,12,0,0,0,2026-05-13T07:24:34.0,3615274803,MODERATE,MOD_RT_LOW_SS_GOOD,RECOVERED_AND_READY,69,81,72,GOOD,1,99,GOOD,100,VERY_GOOD,452,73,GOOD,75,GOOD,73,77,GOOD,1,AFTER_WAKEUP_RESET,1,NO_CHANGE_SLEEP,69,26,18.0,18.0,18.0,4.5,,,,0,6,52,0,285.3,0,6,24.1,20.7,3.4,18.0,1,0,2026-05-12T00:00:00.0,1,69,MODERATE,RECOVERED_AND_READY,81,77,75,73,73,452,100,4,BALANCED,73,0.0,37.9,33.9,4.0,66,72,99,0.2685089,72,99,0.2685089,,,,,,,,,,,,,,,,,,,,,,,,,,,,,,,,,,,,,,,,,,,,,,,,,,,,,,,,,,56.0,56.0,1,,,,,129031336,3615274803,1,BEHIND,244,460,-80,380,150,34,86.0,
2026-05-14,2894.0,744.0,2150.0,2202.0,1522,21283,1256,582.0,744.0,2,private,7190,2026-05-13T22:00:00.0,2026-05-14T00:00:00.0,2026-05-14T22:00:00.0,2026-05-15T00:00:00.0,86400000,344,686,58550,26820,1,1,0,0,16,38,34.072,28.68,11.17848,9.40945,150,10,43,156,47,51,23,97,13620,38220,2340,32220,86400,9360,3900,360,15.76,44.24,2.71,37.29,10.83,4.51,0.42,BALANCED,28200,25980,44,155,61,33,82,22,25,58,81,3.0,24.0,2026-05-14T21:23:17,MODERATE,SLEEP_PREPARATION_NOT_STRESS_DATA_AND_ACTIVE_AND_EXERCISE,SLEEP_PREPARATION_NOT_STRESS_DATA_AND_ACTIVE_AND_EXERCISE,2026-05-14T00:21:39,HIGH,SLEEP_TIME_PASSED_BALANCED_AND_INACTIVE,RECOVERY,2026-05-13T22:15:43,7200000,480000,1,RECOVERY_EVENING,RESTFUL_PERIOD,3615274803,2026-05-13T22:26:49,SLEEP,2026-05-14T00:14:33,7200000,26820000,58,NONE,NONE,3615274803,2026-05-14T08:27:43,15.0,40.0,7.0,8.0,2026-05-14T22:00:00.0,200,24900,0,1,1778717673000,1778744493000,1778724873000,1778751693000,1020,3720,15120,6060,900,1,0,1,15.0,10.0,18.0,1,15.0,ADULT,54.0,POSITIVE_LONG_AND_REFRESHING,NONE,GENERAL_POS_EXCELLENT_OR_GOOD_SLEEP,GOOD,27600.0,27600.0,GOOD,0.0,15.0,GOOD,0.0,1.0,82,GOOD,24,EXCELLENT,21.0,31.0,5229.0,7719.0,GOOD,0.0,5.0,61,GOOD,30.0,64.0,7470.0,15936.0,15,FAIR,16.0,33.0,3984.0,8217.0,2,3615274803,2026-05-13T05:24:34,460,460,NO_CHANGE_NO_ADJUSTMENTS,NO_CHANGE,NO_CHANGE,NO_CHANGE,NO_CHANGE,0,1420,0,1,3615274803,2026-05-14T21:03:05,460,460,NO_CHANGE_NO_ADJUSTMENTS,NO_CHANGE,NO_CHANGE,NO_CHANGE,NO_CHANGE,0,1430,10,1,58,47,6.92,62,252,101,15,82,76,76,119,BALANCED,HRV_BALANCED_8,2026-05-14T08:28:20.599,76,5,3615274803,RUNNING,GENERIC,RUNNING,2,RECOVERY_2,0,25,LOW,FEEDBACK_1,365,847.5,452.0,565,0.6,1,RECOVERY_2,129031336,55.9,56.0,0,0,0,0,0,,22,0,0,0,2026-05-14T10:27:44.0,3615274803,MODERATE,MOD_RT_LOW_SS_GOOD,RECOVERED_AND_READY,70,82,74,GOOD,1,99,GOOD,100,VERY_GOOD,365,79,GOOD,89,GOOD,76,78,GOOD,1,AFTER_WAKEUP_RESET,1,NO_CHANGE_SLEEP,70,26,18.0,18.0,18.0,4.5,,,,0,6,52,0,278.5,0,6,24.1,20.7,3.4,18.0,1,0,2026-05-14T00:00:00.0,1,70,MODERATE,RECOVERED_AND_READY,82,78,89,76,79,365,100,5,BALANCED,76,114.0,39.7,45.4,-5.6,66,72,99,0.32406616,72,99,0.32406616,89.0,,,,,,,,,,,,,,,,,,,,,,,,,,,,,,,,,,,,,,,,,,,,692.0,,,,,,,,,,,,,56.0,56.0,1,,,,,129031336,3615274803,1,BEHIND,358,460,-80,380,150,36,76.0,
2026-05-15,2882.0,732.0,2150.0,2882.0,12712,13303,13303,732.0,732.0,2,private,6060,2026-05-14T22:00:00.0,2026-05-15T00:00:00.0,2026-05-15T22:00:00.0,2026-05-16T00:00:00.0,86400000,4379,420,52741,28860,1,1,0,0,3,57,120.321,134.29,39.47539,44.0584,150,10,44,149,49,50,28,87,25440,38820,7620,14520,86400,16380,8040,1020,29.44,44.93,8.82,16.81,18.96,9.31,1.18,BALANCED,43560,28320,46,148,60,61,82,23,24,56,82,3.0,29.0,2026-05-15T21:49:26,MODERATE,SLEEP_PREPARATION_BALANCED_AND_INTENSIVE_EXERCISE,SLEEP_PREPARATION_BALANCED_AND_INTENSIVE_EXERCISE,2026-05-15T00:36:01,HIGH,SLEEP_TIME_PASSED_NOT_STRESS_DATA_AND_ACTIVE_AND_EXERCISE,SLEEP,2026-05-15T00:45:43,7200000,28860000,56,NONE,NONE,3615274803,2026-05-15T08:51:24,ACTIVITY,2026-05-15T15:25:09,7200000,3420000,-11,EXERCISE_TRAINING_EFFECT_3,IMPROVING_AEROBIC_BASE,3615274803,2026-05-15T16:23:18,13.0,23.0,6.0,16.0,2026-05-15T22:00:00.0,200,27660,0,1,1778805943000,1778834803000,1778813143000,1778842003000,0,4200,17460,6000,1200,1,0,1,15.0,6.0,18.0,1,17.0,ADULT,55.0,POSITIVE_LONG_AND_REFRESHING,NONE,MOD_EXERCISE_POS_EXCELLENT_OR_GOOD_SLEEP_ACTIVE_DAY,EXCELLENT,27600.0,27600.0,FAIR,0.0,15.0,GOOD,0.0,1.0,86,GOOD,22,GOOD,21.0,31.0,5808.6,8574.6,GOOD,0.0,5.0,63,GOOD,30.0,64.0,8298.0,17702.4,15,FAIR,16.0,33.0,4425.6,9127.8,2,3615274803,2026-05-14T21:03:05,460,460,NO_CHANGE_NO_ADJUSTMENTS,NO_CHANGE,NO_CHANGE,NO_CHANGE,NO_CHANGE,0,1430,10,1,3615274803,2026-05-15T16:23:19,460,460,NO_CHANGE_NO_ADJUSTMENTS,NO_CHANGE,NO_CHANGE,NO_CHANGE,NO_CHANGE,0,0,20,1,56,49,7.68,70,291,100,20,86,74,68,113,BALANCED,HRV_BALANCED_3,2026-05-15T08:51:44.516,68,5,3615274803,RUNNING,GENERIC,RUNNING,2,RECOVERY_2,0,29,LOW,FEEDBACK_1,398,849.0,452.8,566,0.7,1,RECOVERY_2,129031336,56.0,56.0,0,0,0,0,0,,22,0,0,0,2026-05-15T18:23:19.0,3615274803,MODERATE,MOD_RT_MOD_SS_GOOD_WORKOUT_COMPLETED,RECOVERY_IN_PROGRESS,68,86,82,GOOD,1222,67,MODERATE,100,VERY_GOOD,398,86,GOOD,82,GOOD,74,73,GOOD,1,AFTER_POST_EXERCISE_RESET,1,REACHED_ZERO,68,26,18.0,18.0,18.0,4.6,,,,0,6,51,0,288.0,0,6,24.1,20.7,3.4,18.0,1,0,2026-05-15T00:00:00.0,1222,68,MODERATE,RECOVERY_IN_PROGRESS,86,73,82,74,86,398,100,5,BALANCED,74,47.6,39.9,45.7,-5.8,66,72,99,0.28703308,72,99,0.28703308,87.0,Chevrières Course à pied,running,22891753804,,,,,,,,,,129031336,56.0,56.0,0,0,0,0,0,22,0,0,0,56.0,,,,,,,,,,,,,,,,,,,,,,,,,,,,,,,,56.0,56.0,1,,,,,129031336,3615274803,1,NOT_ALIGNED,406,460,-80,380,150,40,68.0,
2026-05-16,2170.0,20.0,2150.0,2170.0,1201,1005,1005,20.0,20.0,2,private,6730,2026-05-15T22:00:00.0,2026-05-16T00:00:00.0,2026-05-16T22:00:00.0,2026-05-17T00:00:00.0,86400000,243,213,59064,26880,1,0,0,0,0,0,23.609,20.339,7.74573,6.6729,150,10,48,96,52,50,27,90,16620,28800,1980,39000,86400,10560,5220,840,19.24,33.33,2.29,45.14,12.22,6.04,0.97,UNKNOWN,21660,25740,49,96,57,22,75,18,58,57,75,3.0,31.0,2026-05-16T19:00:16,MODERATE,NO_DATA,NO_DATA,2026-05-16T01:59:40,HIGH,SLEEP_TIME_PASSED_BALANCED_AND_INACTIVE,SLEEP,2026-05-16T00:32:18,7200000,26880000,57,NONE,NONE,3615274803,2026-05-16T08:40:37,,,,,,,,,,12.0,19.0,6.0,13.0,2026-05-16T11:57:00.0,200,26580,0,1,1778891538000,1778918418000,1778898738000,1778925618000,0,4260,15300,7020,300,1,0,1,15.0,8.0,18.0,0,18.0,ADULT,56.0,POSITIVE_LONG_AND_REFRESHING,NONE,MOD_EXERCISE_POS_EXCELLENT_OR_GOOD_SLEEP_VIGOROUS_DURING_DAY,EXCELLENT,27600.0,27600.0,FAIR,0.0,15.0,EXCELLENT,0.0,1.0,87,GOOD,26,EXCELLENT,21.0,31.0,5581.8,8239.8,EXCELLENT,0.0,5.0,58,EXCELLENT,30.0,64.0,7974.0,17011.2,16,GOOD,16.0,33.0,4252.8,8771.4,2,3615274803,2026-05-15T16:23:19,460,460,NO_CHANGE_NO_ADJUSTMENTS,NO_CHANGE,NO_CHANGE,NO_CHANGE,NO_CHANGE,0,0,20,1,3615274803,2026-05-16T08:40:38,460,460,NO_CHANGE_NO_ADJUSTMENTS,NO_CHANGE,NO_CHANGE,NO_CHANGE,NO_CHANGE,0,10,30,1,57,52,7.38,71,255,117,5,87,75,64,120,BALANCED,HRV_BALANCED_3,2026-05-16T08:40:40.539,64,5,3615274803,RUNNING,GENERIC,RUNNING,2,RECOVERY_2,0,20,LOW,FEEDBACK_1,310,817.5,436.0,545,0.5,1,RECOVERY_2,129031336,56.0,56.0,0,0,0,0,0,,36,0,0,0,2026-05-16T10:40:38.0,3615274803,HIGH,HIGH_RT_HIGHEST_SS_AVAILABLE,WELL_RECOVERED,83,87,84,GOOD,245,93,GOOD,100,VERY_GOOD,310,82,GOOD,88,GOOD,75,79,GOOD,1,AFTER_WAKEUP_RESET,1,NO_CHANGE_SLEEP,83,26,18.0,18.0,18.0,4.6,,,,0,6,51,0,274.1,0,6,24.1,20.7,3.4,18.0,1,0,2026-05-16T00:00:00.0,245,83,HIGH,WELL_RECOVERED,87,79,88,75,82,310,100,5,BALANCED,75,0.0,39.0,39.2,-0.2,66,71,99,0.3214264,71,99,0.3214264,,,,,,,,,,,,,,,,,,,,,,,,,,,,,,,,,,,,,,,,,,,,,,,,,,,,,,,,,,56.0,56.0,1,,,,,129031336,3615274803,1,BEHIND,376,460,-80,380,150,40,64.0,
2026-05-17,2824.0,674.0,2150.0,2167.0,1999,33288,1736,491.0,674.0,2,private,6180,2026-05-16T22:00:00.0,2026-05-17T00:00:00.0,2026-05-17T22:00:00.0,2026-05-18T00:00:00.0,86400000,636,2504,83260,0,1,1,0,0,14,29,15.24,15.224,5.0,4.99475,150,10,51,160,54,50,40,92,16200,5640,2640,61860,86340,10500,4920,780,18.76,6.53,3.06,71.65,12.16,5.7,0.9,UNKNOWN,24480,0,56,160,0,28,53,25,25,,,3.0,28.0,2026-05-17T20:13:43,HIGH,NO_DATA,NO_DATA,,,,,,,,,,,,,,,,,,,,,,16.0,24.0,7.0,16.0,2026-05-17T22:00:00.0,200,,,,,,,,,,,,,0,0,,,,,,,,,,,,,,,,,,,,,,,,,,,,,,,,,,,,,,,,,,,,,3615274803,2026-05-16T08:40:38,460,460,NO_CHANGE_NO_ADJUSTMENTS,NO_CHANGE,NO_CHANGE,NO_CHANGE,NO_CHANGE,0,10,30,1,3615274803,2026-05-17T20:13:42,460,460,NO_CHANGE_NO_ADJUSTMENTS,NO_CHANGE,NO_DATA,NO_DATA,NO_CHANGE,0,10,30,1,,,,,,,,,75,,,BALANCED,HRV_BALANCED_7,2026-05-17T09:04:16.878,,5,3615274803,RUNNING,GENERIC,RUNNING,2,RECOVERY_2,0,25,LOW,FEEDBACK_1,345,813.0,433.6,542,0.6,1,RECOVERY_2,129031336,56.0,56.0,0,0,0,0,0,,12,0,0,0,2026-05-17T22:13:42.0,3615274803,MODERATE,MOD_RT_MOD_OR_LOW_SS_UNKNOWN_ACWR_POS,BOOSTED_BY_LIGHTER_TRAINING,70,,0,NONE,1020,73,GOOD,100,VERY_GOOD,345,82,GOOD,88,GOOD,75,83,GOOD,0,AFTER_POST_EXERCISE_RESET,1,,70,26,18.0,18.0,18.0,4.6,,,,0,6,51,0,279.0,0,6,24.1,20.7,3.4,18.0,1,0,2026-05-17T00:00:00.0,1020,70,MODERATE,BOOSTED_BY_LIGHTER_TRAINING,,83,88,75,82,345,100,5,BALANCED,75,93.2,40.3,46.9,-6.6,66,72,98,0.30767822,72,98,0.30767822,89.0,,,,,,,,,,,,,129031336,,,,0,0,0,0,12,0,0,0,,,,,,,,,,,,,,,,,,,,657.0,,,,,,,,,,,,,57.0,57.0,1,57.0,57.0,1,,129031336,3615274803,1,NO_LAST_SLEEP_DATA,,460,-80,380,150,,,
2026-05-18,2235.0,85.0,2150.0,2235.0,4393,3594,3594,85.0,85.0,2,private,5230,2026-05-17T22:00:00.0,2026-05-18T00:00:00.0,2026-05-18T22:00:00.0,2026-05-19T00:00:00.0,86400000,1330,481,62029,22560,1,0,0,0,0,0,25.924,19.997,8.50525,6.5607,150,10,48,100,52,50,32,93,30900,34560,5940,14880,86280,16200,11220,3480,35.81,40.06,6.88,17.25,18.78,13.0,4.03,BALANCED,49020,22380,49,99,61,67,83,18,21,54,83,3.0,33.0,2026-05-18T19:00:21,MODERATE,SLEEP_PREPARATION_STRESSFUL_AND_INACTIVE,SLEEP_PREPARATION_STRESSFUL_AND_INACTIVE,2026-05-17T23:25:12,HIGH,SLEEP_TIME_PASSED_NOT_STRESS_DATA_AND_INTENSIVE_EXERCISE,SLEEP,2026-05-17T23:10:43,7200000,22560000,56,NONE,NONE,3615274803,2026-05-18T05:30:21,,,,,,,,,,14.0,22.0,7.0,15.0,2026-05-18T22:00:00.0,200,22080,0,1,1779059443000,1779082003000,1779066643000,1779089203000,0,3540,13440,5100,480,1,0,1,15.0,10.0,18.0,0,16.0,ADULT,56.0,POSITIVE_REFRESHING,POSITIVE_RESTFUL_EVENING,RHYTHM_POS_FAIR_OR_POOR_SLEEP_EXCELLENT_TIMING,FAIR,27600.0,27600.0,GOOD,0.0,15.0,EXCELLENT,0.0,1.0,78,FAIR,23,EXCELLENT,21.0,31.0,4636.8,6844.8,EXCELLENT,0.0,5.0,61,GOOD,30.0,64.0,6624.0,14131.2,16,GOOD,16.0,33.0,3532.8,7286.4,2,3615274803,2026-05-17T20:13:42,460,460,NO_CHANGE_NO_ADJUSTMENTS,NO_CHANGE,NO_DATA,NO_DATA,NO_CHANGE,0,10,30,1,3615274803,2026-05-18T05:30:22,460,460,NO_CHANGE_NO_ADJUSTMENTS,NO_CHANGE,NO_CHANGE,NO_CHANGE,NO_CHANGE,0,10,30,1,56,52,6.13,59,224,85,8,78,75,68,98,BALANCED,HRV_BALANCED_3,2026-05-18T05:30:57.331,68,5,3615274803,RUNNING,GENERIC,RUNNING,2,RECOVERY_2,0,20,LOW,FEEDBACK_1,272,775.5,413.6,517,0.5,1,RECOVERY_2,129031336,56.0,56.0,0,0,0,0,0,,22,0,0,0,2026-05-18T07:30:22.0,3615274803,HIGH,HIGH_RT_HIGHEST_SS_AVAILABLE_ACWR_POS,EXCELLENT_RECOVERY,77,78,67,MODERATE,462,87,GOOD,100,VERY_GOOD,272,0,NONE,86,GOOD,75,84,GOOD,1,AFTER_WAKEUP_RESET,1,NO_CHANGE_SLEEP,77,26,18.0,18.0,18.0,4.5,,,,0,6,51,0,269.6,0,6,24.1,20.7,3.4,18.0,1,0,2026-05-18T00:00:00.0,462,77,HIGH,EXCELLENT_RECOVERY,78,84,86,75,0,272,100,5,BALANCED,75,0.0,39.3,40.2,-0.9,66,72,98,0.30767822,72,98,0.30767822,,,,,,,,,,,,,,,,,,,,,,,,,,,,,,,,,,,,,,,,,,,,,,,,,,,,,,,,,,57.0,57.0,1,,,,,129031336,3615274803,1,BEHIND,258,460,-80,380,150,35,68.0,
2026-05-19,2717.0,567.0,2150.0,2235.0,4037,17473,3356,435.0,567.0,2,private,5070,2026-05-18T22:00:00.0,2026-05-19T00:00:00.0,2026-05-19T22:00:00.0,2026-05-20T00:00:00.0,86400000,1306,2379,60635,22080,1,1,0,0,5,23,30.84,23.349,10.11811,7.66043,150,10,43,158,47,50,31,96,34920,29820,3420,18240,86400,21420,11040,2460,40.42,34.51,3.96,21.11,24.79,12.78,2.85,BALANCED,46140,22020,44,158,76,84,96,13,13,74,96,3.0,37.0,2026-05-19T21:13:23,LOW,SLEEP_PREPARATION_BALANCED_AND_EXERCISE,SLEEP_PREPARATION_BALANCED_AND_EXERCISE_AND_BB_LOW,2026-05-19T21:51:42,LOW,SLEEP_TIME_PASSED_BALANCED_AND_EXERCISE,SLEEP,2026-05-18T22:43:21,7200000,22080000,73,NONE,NONE,3615274803,2026-05-19T04:52:40,,,,,,,,,,13.0,24.0,7.0,19.0,2026-05-19T22:00:00.0,200,22080,0,1,1779144201000,1779166281000,1779151401000,1779173481000,0,3480,14880,3720,0,1,0,1,15.0,10.0,18.0,0,9.0,ADULT,51.0,POSITIVE_RECOVERING,POSITIVE_LATE_BED_TIME,RHYTHM_POS_FAIR_OR_POOR_SLEEP_GOOD_TIMING,FAIR,27600.0,27600.0,EXCELLENT,0.0,15.0,EXCELLENT,0.0,1.0,78,FAIR,17,FAIR,21.0,31.0,4636.8,6844.8,EXCELLENT,0.0,5.0,67,FAIR,30.0,64.0,6624.0,14131.2,16,GOOD,16.0,33.0,3532.8,7286.4,2,3615274803,2026-05-18T05:30:22,460,460,NO_CHANGE_NO_ADJUSTMENTS,NO_CHANGE,NO_CHANGE,NO_CHANGE,NO_CHANGE,0,10,30,1,3615274803,2026-05-19T14:58:27,460,460,NO_CHANGE_NO_ADJUSTMENTS,NO_CHANGE,NO_CHANGE,NO_CHANGE,NO_CHANGE,0,10,30,1,73,47,6.13,58,248,62,,78,75,94,150,BALANCED,HRV_BALANCED_5,2026-05-19T04:53:09.873,94,5,3615274803,RUNNING,GENERIC,RUNNING,2,RECOVERY_2,0,20,LOW,FEEDBACK_1,282,754.5,402.40000000000003,503,0.5,1,RECOVERY_2,129031336,56.0,56.0,0,0,0,0,0,,37,0,0,0,2026-05-19T19:56:44.0,3615274803,HIGH,HIGH_RT_HIGHEST_SS_AVAILABLE,WELL_RECOVERED,75,78,67,MODERATE,212,94,GOOD,100,VERY_GOOD,282,72,GOOD,87,GOOD,75,67,MODERATE,1,UPDATE_REALTIME_VARIABLES,1,,75,26,18.0,18.0,18.0,4.5,,,,0,6,51,0,265.0,0,6,24.1,20.7,3.4,18.0,1,0,2026-05-19T00:00:00.0,212,75,HIGH,WELL_RECOVERED,78,67,87,75,72,282,100,5,BALANCED,75,75.4,40.2,45.2,-5.0,67,72,98,0.30767822,72,98,0.30767822,67.0,,,,,,,,,,,,,129031336,,,,0,0,0,0,37,0,0,0,,,,,,,,,,,,,,,,,,,,482.0,,,,,,,,,,,,,59.0,59.0,1,59.0,59.0,1,,129031336,3615274803,1,BEHIND,227,460,-80,380,150,39,94.0,
2026-05-20,2623.0,473.0,2150.0,2623.0,5211,5402,4261,473.0,473.0,2,private,4760,2026-05-19T22:00:00.0,2026-05-20T00:00:00.0,2026-05-20T22:00:00.0,2026-05-21T00:00:00.0,86400000,1523,1071,61426,22380,1,1,0,0,4,29,44.584,37.914,14.6273,12.43898,150,10,46,149,49,50,38,93,40740,26880,8280,10500,86400,19500,18060,3180,47.15,31.11,9.58,12.15,22.57,20.9,3.68,STRESSFUL,53580,22320,48,149,62,67,73,8,8,62,73,3.0,31.0,2026-05-20T19:00:17,LOW,SLEEP_PREPARATION_STRESSFUL_AND_EXERCISE,SLEEP_PREPARATION_STRESSFUL_AND_EXERCISE_AND_BB_LOW,2026-05-20T00:26:07,HIGH,SLEEP_TIME_PASSED_BALANCED_AND_EXERCISE,SLEEP,2026-05-19T23:06:40,7200000,22380000,62,NONE,NONE,3615274803,2026-05-20T05:36:25,ACTIVITY,2026-05-20T17:16:07,7200000,2580000,-4,EXERCISE_TRAINING_EFFECT_2,EASY_AEROBIC,3615274803,2026-05-20T17:59:29,13.0,21.0,6.0,9.0,2026-05-20T22:00:00.0,200,22320,0,1,1779232000000,1779254380000,1779239200000,1779261580000,0,6240,12840,3240,60,1,0,1,15.0,10.0,18.0,0,16.0,ADULT,55.0,POSITIVE_DEEP,POSITIVE_LATE_BED_TIME,RHYTHM_POS_FAIR_OR_POOR_SLEEP_EXCELLENT_TIMING,FAIR,27600.0,27600.0,FAIR,0.0,15.0,EXCELLENT,0.0,1.0,77,FAIR,15,FAIR,21.0,31.0,4687.2,6919.2,EXCELLENT,0.0,5.0,58,EXCELLENT,30.0,64.0,6696.0,14284.8,28,EXCELLENT,16.0,33.0,3571.2,7365.6,2,3615274803,2026-05-19T14:58:27,460,460,NO_CHANGE_NO_ADJUSTMENTS,NO_CHANGE,NO_CHANGE,NO_CHANGE,NO_CHANGE,0,10,30,1,3615274803,2026-05-20T17:59:32,460,490,INCREASED,NO_CHANGE,INCREASING,NO_CHANGE,NO_CHANGE,1,1420,30,1,62,49,6.2,104,214,54,1,77,73,71,128,BALANCED,HRV_BALANCED_3,2026-05-20T05:36:50.197,71,5,3615274803,RUNNING,GENERIC,RUNNING,2,RECOVERY_2,0,29,LOW,FEEDBACK_1,363,763.5,407.20000000000005,509,0.7,1,RECOVERY_2,129031336,56.0,56.0,0,0,0,0,0,,3,0,0,0,2026-05-20T19:59:31.0,3615274803,MODERATE,MOD_RT_LOW_SS_MOD,GOOD_SLEEP_HISTORY,61,77,65,MODERATE,768,79,GOOD,100,VERY_GOOD,278,71,GOOD,71,GOOD,73,67,MODERATE,1,AFTER_POST_EXERCISE_RESET,1,REACHED_ZERO,61,26,18.0,18.0,18.0,4.5,,,,0,6,51,0,262.1,0,6,24.1,20.7,3.4,18.0,1,0,2026-05-20T00:00:00.0,768,61,MODERATE,GOOD_SLEEP_HISTORY,77,67,71,73,71,278,100,5,BALANCED,73,43.8,40.2,45.0,-4.8,67,73,99,0.25,73,99,0.25,36.0,Nat. piscine,lap_swimming,22951317235,,,,,,,,,,,,,,,,,,,,,,,,,,,,,,,,,,,,,,,,,,,,,,,,,,,,,,59.0,59.0,1,,,,,129031336,3615274803,1,BEHIND,253,460,-80,380,150,29,71.0,
2026-05-21,2150.0,0.0,2150.0,2150.0,77,63,63,0.0,0.0,2,private,4810,2026-05-20T22:00:00.0,2026-05-21T00:00:00.0,2026-05-21T22:00:00.0,2026-05-22T00:00:00.0,86400000,7,15,64238,22140,1,0,0,0,0,0,0.0,2.348,0.0,0.77034,150,10,48,77,52,51,18,60,2040,24000,180,20460,46680,1980,60,,4.37,51.41,0.39,43.83,4.24,0.13,0.0,UNKNOWN,4320,21900,50,77,57,2,65,8,63,56,65,3.0,21.0,2026-05-21T21:17:06,MODERATE,NO_DATA,NO_DATA,2026-05-21T01:05:50,HIGH,SLEEP_TIME_PASSED_STRESSFUL_AND_EXERCISE,SLEEP,2026-05-20T23:12:29,7200000,22140000,56,NONE,NONE,3615274803,2026-05-21T06:02:43,,,,,,,,,,17.0,18.0,8.0,18.0,2026-05-21T06:04:00.0,200,22140,0,1,1779318749000,1779340889000,1779325949000,1779348089000,0,4320,13260,4560,0,1,0,1,15.0,8.0,18.0,0,18.0,ADULT,56.0,POSITIVE_CONTINUOUS,POSITIVE_LATE_BED_TIME,RHYTHM_POS_FAIR_OR_POOR_SLEEP_EXCELLENT_TIMING,FAIR,27600.0,27600.0,FAIR,0.0,15.0,EXCELLENT,0.0,1.0,77,FAIR,21,FAIR,21.0,31.0,4649.4,6863.4,EXCELLENT,0.0,5.0,60,GOOD,30.0,64.0,6642.0,14169.6,20,EXCELLENT,16.0,33.0,3542.4,7306.2,2,3615274803,2026-05-20T17:59:32,460,490,INCREASED,NO_CHANGE,INCREASING,NO_CHANGE,NO_CHANGE,1,1420,30,1,3615274803,2026-05-21T06:02:44,460,500,INCREASED,NO_CHANGE,INCREASING,INCREASING,NO_CHANGE,1,1410,30,1,56,52,6.15,72,221,76,,77,71,67,100,UNBALANCED,HRV_UNBALANCED_12,2026-05-21T06:02:57.619,67,5,3615274803,RUNNING,GENERIC,RUNNING,2,RECOVERY_2,0,25,LOW,FEEDBACK_1,310,724.5,386.40000000000003,483,0.6,1,RECOVERY_2,129031336,56.0,56.0,0,0,0,0,0,,40,0,0,0,2026-05-21T08:02:44.0,3615274803,MODERATE,MOD_HRV_UNBALANCED,LISTEN_TO_YOUR_BODY,68,77,65,MODERATE,45,98,GOOD,100,VERY_GOOD,234,65,MODERATE,61,MODERATE,71,66,MODERATE,1,AFTER_WAKEUP_RESET,1,NO_CHANGE_SLEEP,68,26,18.0,18.0,18.0,4.5,,,,0,6,51,0,248.6,0,6,24.1,20.7,3.4,18.0,1,0,2026-05-21T00:00:00.0,45,68,MODERATE,LISTEN_TO_YOUR_BODY,77,66,61,71,65,234,100,5,UNBALANCED,71,0.0,39.3,38.6,0.7,67,73,98,0.21568298,73,98,0.21568298,,,,,,,,,,,,,,,,,,,,,,,,,,,,,,,,,,,,,,,,,,,,,,,,,,,,,,,,,,59.0,59.0,1,,,,,129031336,3615274803,1,BEHIND,257,460,-80,380,150,27,67.0,
2026-05-22,2150.0,0.0,2150.0,2150.0,,,,0.0,0.0,2,private,7500,2026-05-21T22:00:00.0,2026-05-22T00:00:00.0,2026-05-22T22:00:00.0,2026-05-23T00:00:00.0,86400000,0,0,86400,0,1,0,0,0,0,0,0.0,0.0,0.0,0.0,150,10,,,,,-1,,,,,86160,86160,,,,0.0,0.0,0.0,100.0,0.0,0.0,0.0,UNKNOWN,0,0,,,,,,,,,,,26.0,2026-05-22T19:00:21,MODERATE,NO_DATA,NO_DATA,,,,,,,,,,,,,,,,,,,,,,,,,,,,,,,,,,,,,,,,0,0,,,,,,,,,,,,,,,,,,,,,,,,,,,,,,,,,,,,,,,,,,,,,3615274803,2026-05-21T06:02:44,460,500,INCREASED,NO_CHANGE,INCREASING,INCREASING,NO_CHANGE,1,1410,30,1,3615274803,2026-05-22T05:33:07,460,460,NO_CHANGE_NO_ADJUSTMENTS,NO_CHANGE,NO_DATA,NO_DATA,NO_CHANGE,0,10,30,1,,,,,,,,,72,,,UNBALANCED,HRV_UNBALANCED_12,2026-05-22T05:33:22.233,,5,3615274803,RUNNING,GENERIC,RUNNING,2,RECOVERY_2,0,20,LOW,FEEDBACK_1,256,685.5,365.6,457,0.5,1,RECOVERY_2,129031336,56.0,56.0,0,0,0,0,0,,23,0,0,0,2026-05-22T07:33:06.0,3615274803,MODERATE,MOD_HRV_UNBALANCED,LISTEN_TO_YOUR_BODY,74,,0,NONE,1,99,GOOD,100,VERY_GOOD,190,65,MODERATE,65,MODERATE,72,65,MODERATE,0,AFTER_WAKEUP_RESET,1,,74,26,18.0,18.0,18.0,4.5,,,,0,6,51,0,248.6,0,6,24.1,20.7,3.4,18.0,1,0,2026-05-21T00:00:00.0,1,74,MODERATE,LISTEN_TO_YOUR_BODY,,65,65,72,65,190,100,5,UNBALANCED,72,0.0,38.4,33.1,5.3,68,73,98,0.23002625,73,98,0.23002625,,,,,,,,,,,,,,,,,,,,,,,,,,,,,,,,,,,,,,,,,,,,,,,,,,,,,,,,,,59.0,59.0,1,,,,,129031336,3615274803,1,NO_LAST_SLEEP_DATA,,460,-80,380,150,,,
2026-05-23,2150.0,0.0,2150.0,2150.0,,,,0.0,0.0,2,private,4810,2026-05-22T22:00:00.0,2026-05-23T00:00:00.0,2026-05-23T22:00:00.0,2026-05-24T00:00:00.0,86400000,0,0,86400,0,1,0,0,0,0,0,0.0,0.0,0.0,0.0,150,10,,,,,-1,,,,,86400,86400,,,,0.0,0.0,0.0,100.0,0.0,0.0,0.0,UNKNOWN,0,0,,,,,,,,,,,24.0,2026-05-23T19:00:14,MODERATE,NO_DATA,NO_DATA,,,,,,,,,,,,,,,,,,,,,,,,,,,,,,,,,,,,,,,,0,0,,,,,,,,,,,,,,,,,,,,,,,,,,,,,,,,,,,,,,,,,,,,,3615274803,2026-05-22T05:33:07,460,460,NO_CHANGE_NO_ADJUSTMENTS,NO_CHANGE,NO_DATA,NO_DATA,NO_CHANGE,0,10,30,1,3615274803,2026-05-23T05:37:54,460,460,NO_CHANGE_NO_ADJUSTMENTS,NO_CHANGE,NO_DATA,NO_DATA,NO_CHANGE,0,10,30,1,,,,,,,,,74,,,BALANCED,HRV_BALANCED_4,2026-05-23T05:38:18.528,,5,3615274803,RUNNING,GENERIC,RUNNING,2,RECOVERY_2,0,16,LOW,FEEDBACK_1,210,646.5,344.8,431,0.4,1,RECOVERY_2,129031336,56.0,56.0,0,0,0,0,0,,24,0,0,0,2026-05-23T07:37:54.0,3615274803,HIGH,HIGH_RT_AVAILABLE_SS_UNKNOWN_ACWR_POS,WELL_RECOVERED,84,,0,NONE,1,99,GOOD,100,VERY_GOOD,154,66,MODERATE,79,GOOD,74,65,MODERATE,0,AFTER_WAKEUP_RESET,1,,84,26,18.0,18.0,18.0,4.5,,,,0,6,51,0,248.6,0,6,24.1,20.7,3.4,18.0,1,0,2026-05-21T00:00:00.0,1,84,HIGH,WELL_RECOVERED,,65,79,74,66,154,100,5,BALANCED,74,0.0,37.4,28.3,9.1,67,72,98,0.28845215,72,98,0.28845215,,,,,,,,,,,,,,,,,,,,,,,,,,,,,,,,,,,,,,,,,,,,,,,,,,,,,,,,,,59.0,59.0,1,,,,,129031336,3615274803,1,NO_LAST_SLEEP_DATA,,460,-80,380,150,,,
2026-05-24,2842.0,692.0,2150.0,2842.0,9349,9922,9922,692.0,692.0,2,private,4810,2026-05-23T22:00:00.0,2026-05-24T00:00:00.0,2026-05-24T22:00:00.0,2026-05-25T00:00:00.0,86400000,3421,308,82671,0,1,1,0,0,1,58,67.056,66.48,22.0,21.81102,150,10,56,157,54,51,16,78,240,2400,3840,79800,86280,180,,60,0.28,2.78,4.45,92.49,0.21,0.0,0.07,UNKNOWN,6480,0,57,157,4,13,50,20,24,,,3.0,32.0,2026-05-24T19:00:13,MODERATE,NO_DATA,NO_DATA,,,,ACTIVITY,2026-05-24T13:47:53,7200000,3360000,-12,EXERCISE_TRAINING_EFFECT_3,IMPROVING_AEROBIC_BASE,3615274803,2026-05-24T14:45:06,,,,,,,,,,18.0,24.0,9.0,20.0,2026-05-24T22:00:00.0,200,,,,,,,,,,,,,0,0,,,,,,,,,,,,,,,,,,,,,,,,,,,,,,,,,,,,,,,,,,,,,3615274803,2026-05-23T05:37:54,460,460,NO_CHANGE_NO_ADJUSTMENTS,NO_CHANGE,NO_DATA,NO_DATA,NO_CHANGE,0,10,30,1,3615274803,2026-05-24T14:45:08,460,460,NO_CHANGE_NO_ADJUSTMENTS,NO_CHANGE,NO_DATA,NO_DATA,NO_CHANGE,0,10,30,1,,,,,,,,,74,,,BALANCED,HRV_BALANCED_6,2026-05-24T05:43:14.249,,5,3615274803,RUNNING,GENERIC,RUNNING,2,RECOVERY_2,0,25,LOW,FEEDBACK_1,270,639.0,340.8,426,0.6,1,RECOVERY_2,129031336,55.7,56.0,0,0,0,19,0,ACCLIMATIZING,46,0,0,0,2026-05-24T16:45:08.0,3615274803,MODERATE,MOD_RT_MOD_OR_LOW_SS_UNKNOWN_ACWR_POS,BOOSTED_BY_LIGHTER_TRAINING,66,,0,NONE,1565,58,MODERATE,100,VERY_GOOD,223,0,NONE,78,GOOD,74,0,NONE,0,AFTER_POST_EXERCISE_RESET,1,REACHED_ZERO,66,26,18.0,18.0,18.0,4.1,,,,0,6,51,0,244.5,0,6,24.1,20.7,3.4,18.0,1,0,2026-05-24T00:00:00.0,1565,66,MODERATE,BOOSTED_BY_LIGHTER_TRAINING,,0,78,74,0,223,100,5,BALANCED,74,47.6,37.7,31.1,6.6,67,73,98,0.269989,73,98,0.269989,82.0,,,,,,,,,,,,,129031336,55.7,56.0,0,0,0,19,0,46,0,0,0,55.7,,,,,,,,,,,,,,,,,,,,,,,Chevrières Course à pied,running,22996630963,,,,,ACCLIMATIZING,,59.0,59.0,1,,,,,129031336,3615274803,1,NO_LAST_SLEEP_DATA,,460,-80,380,150,,,
2026-05-25,3337.0,1187.0,2150.0,3337.0,3438,42300,3278,1187.0,1187.0,2,private,5270,2026-05-24T22:00:00.0,2026-05-25T00:00:00.0,2026-05-25T22:00:00.0,2026-05-26T00:00:00.0,86400000,1433,1766,52721,30480,1,1,0,0,3,74,22.995,22.312,7.54429,7.32021,150,10,42,171,47,50,16,85,6780,34380,2220,43020,86400,1980,3540,1260,7.85,39.79,2.57,49.79,2.29,4.1,1.46,UNKNOWN,13260,30120,43,167,76,18,100,24,31,70,100,3.0,32.0,2026-05-25T20:11:05,HIGH,NO_DATA,NO_DATA,,,,SLEEP,2026-05-24T22:31:06,7200000,30480000,70,NONE,NONE,3615274803,2026-05-25T07:47:53,STRESS,2026-05-25T12:06:03,7200000,2460000,-7,STRESS,STRESSFUL_PERIOD,3615274803,2026-05-25T12:50:48,17.0,25.0,8.0,20.0,2026-05-25T22:00:00.0,200,29520,0,1,1779661866000,1779692346000,1779669066000,1779699546000,780,2220,18420,8880,180,1,0,1,15.0,8.0,18.0,0,7.0,ADULT,50.0,POSITIVE_LONG_AND_RECOVERING,POSITIVE_LATE_BED_TIME,MOD_EXERCISE_POS_EXCELLENT_OR_GOOD_SLEEP_VIGOROUS_DURING_DAY_OUTDOOR,EXCELLENT,27600.0,27600.0,EXCELLENT,0.0,15.0,EXCELLENT,0.0,1.0,89,GOOD,30,GOOD,21.0,31.0,6199.2,9151.2,EXCELLENT,0.0,5.0,62,GOOD,30.0,64.0,8856.0,18892.8,8,FAIR,16.0,33.0,4723.2,9741.6,2,3615274803,2026-05-24T14:45:08,460,460,NO_CHANGE_NO_ADJUSTMENTS,NO_CHANGE,NO_DATA,NO_DATA,NO_CHANGE,0,10,30,1,3615274803,2026-05-25T14:02:17,460,460,NO_CHANGE_NO_ADJUSTMENTS,NO_CHANGE,NO_CHANGE,NO_CHANGE,NO_CHANGE,0,20,40,1,70,47,8.2,37,307,148,3,89,81,99,137,BALANCED,HRV_BALANCED_7,2026-05-25T07:48:20.107,99,4,3615274803,RUNNING,GENERIC,RUNNING,2,MAINTAINING_2,0,42,OPTIMAL,FEEDBACK_2,491,682.5,364.0,455,1.0,1,MAINTAINING_2,129031336,55.7,56.0,0,0,0,36,19,ACCLIMATIZING,30,0,0,0,2026-05-25T16:02:17.0,3615274803,LOW,LOW_RT_HIGH_SS_GOOD_OR_MOD,HIGH_RECOVERY_NEEDS,33,89,88,GOOD,3232,25,POOR,88,GOOD,491,0,NONE,100,VERY_GOOD,81,0,NONE,1,AFTER_POST_EXERCISE_RESET,1,,33,26,18.0,18.0,18.0,4.3,,,,0,6,51,0,251.1,0,6,24.1,20.7,3.4,18.0,1,0,2026-05-25T00:00:00.0,3232,33,LOW,HIGH_RECOVERY_NEEDS,89,0,100,81,0,491,88,4,BALANCED,81,82.8,38.8,38.5,0.3,67,72,97,0.42999268,72,97,0.42999268,108.0,,,,,,,,,,,,,,,,,,,,,,,,,,,,,,,,,,,,,,,,,,,,,,,,,,,,,,,,,59.0,59.0,1,,,,,129031336,3615274803,1,BEHIND,285,460,-80,380,150,41,99.0,
2026-05-26,2152.0,2.0,2150.0,2152.0,260,212,212,2.0,2.0,2,private,5090,2026-05-25T22:00:00.0,2026-05-26T00:00:00.0,2026-05-26T22:00:00.0,2026-05-27T00:00:00.0,86400000,37,64,62239,24060,1,0,0,0,0,0,3.048,5.358,1.0,1.75787,150,10,43,89,47,50,11,40,900,25560,300,59520,86280,900,,,1.04,29.62,0.35,68.98,1.04,0.0,0.0,UNKNOWN,2820,23940,44,89,65,4,95,30,92,65,95,3.0,29.0,2026-05-26T19:13:45,MODERATE,NO_DATA,NO_DATA,,,,SLEEP,2026-05-25T22:19:53,7200000,24060000,65,NONE,NONE,3615274803,2026-05-26T05:31:56,,,,,,,,,,15.0,19.0,9.0,12.0,2026-05-26T05:31:00.0,200,23940,0,1,1779747593000,1779771653000,1779754793000,1779778853000,0,3420,15960,4560,120,1,0,1,15.0,10.0,17.0,0,10.0,ADULT,50.0,POSITIVE_RECOVERING,NONE,HARD_EXERCISE_POS_EXCELLENT_OR_GOOD_SLEEP_HARD_TO_STRENUOUS_DURING_DAY_OUTDOOR,FAIR,27600.0,27600.0,EXCELLENT,0.0,15.0,EXCELLENT,0.0,1.0,83,GOOD,19,FAIR,21.0,31.0,5027.4,7421.4,EXCELLENT,0.0,5.0,67,FAIR,30.0,64.0,7182.0,15321.6,14,FAIR,16.0,33.0,3830.4,7900.2,2,3615274803,2026-05-25T14:02:17,460,460,NO_CHANGE_NO_ADJUSTMENTS,NO_CHANGE,NO_CHANGE,NO_CHANGE,NO_CHANGE,0,20,40,1,3615274803,2026-05-26T05:31:57,460,460,NO_CHANGE_NO_ADJUSTMENTS,NO_CHANGE,NO_CHANGE,NO_CHANGE,NO_CHANGE,0,20,40,1,65,47,6.65,57,266,76,2,83,85,110,153,BALANCED,HRV_BALANCED_8,2026-05-26T05:32:15.515,110,4,3615274803,RUNNING,GENERIC,RUNNING,2,MAINTAINING_2,0,38,OPTIMAL,FEEDBACK_2,419,652.5,348.0,435,0.9,1,MAINTAINING_2,129031336,55.7,56.0,0,0,0,36,36,ACCLIMATIZED,30,0,0,0,2026-05-26T07:31:57.0,3615274803,MODERATE,MOD_RT_HIGH_SS_GOOD,BOOSTED_BY_GOOD_SLEEP,59,83,76,GOOD,2303,38,POOR,93,GOOD,419,0,NONE,99,GOOD,85,88,GOOD,1,AFTER_WAKEUP_RESET,1,NO_CHANGE_SLEEP,59,26,18.0,18.0,18.0,4.1,,,,0,6,51,0,242.6,0,6,24.1,20.7,3.4,18.0,1,0,2026-05-26T00:00:00.0,2303,59,MODERATE,BOOSTED_BY_GOOD_SLEEP,83,88,99,85,0,419,93,4,BALANCED,85,0.0,37.8,33.0,4.8,67,73,98,0.48999023,73,98,0.48999023,,,,,,,,,,,,,,,,,,,,,,,,,,,,,,,,,,,,,,,,,,,,,,,,,,,,,,,,,,59.0,59.0,1,,,,,129031336,3615274803,1,BEHIND,220,460,-80,380,150,36,110.0,
2026-05-27,2687.0,537.0,2150.0,2687.0,1632,2294,1338,537.0,537.0,2,private,5090,2026-05-26T22:00:00.0,2026-05-27T00:00:00.0,2026-05-27T22:00:00.0,2026-05-28T00:00:00.0,86400000,405,1621,84374,0,1,1,0,0,3,42,0.0,5.489,0.0,1.80085,150,10,63,164,54,51,70,93,12720,,4200,68880,85800,1860,4320,6540,14.83,0.0,4.9,80.28,2.17,5.03,7.62,UNKNOWN,16920,0,65,157,0,25,67,12,12,,,3.0,31.0,2026-05-27T19:00:16,MODERATE,NO_DATA,NO_DATA,,,,ACTIVITY,2026-05-27T17:14:06,7200000,2700000,-6,EXERCISE_TRAINING_EFFECT_2,MAINTAINING_AEROBIC,3615274803,2026-05-27T17:59:46,,,,,,,,,,13.0,23.0,8.0,12.0,2026-05-27T22:00:00.0,200,,,,,,,,,,,,,0,0,,,,,,,,,,,,,,,,,,,,,,,,,,,,,,,,,,,,,,,,,,,,,3615274803,2026-05-26T05:31:57,460,460,NO_CHANGE_NO_ADJUSTMENTS,NO_CHANGE,NO_CHANGE,NO_CHANGE,NO_CHANGE,0,20,40,1,3615274803,2026-05-27T17:59:49,460,460,NO_CHANGE_NO_ADJUSTMENTS,NO_CHANGE,NO_DATA,NO_DATA,NO_CHANGE,0,20,40,1,,,,,,,,,,,,,,,,4,3615274803,RUNNING,GENERIC,RUNNING,2,MAINTAINING_2,0,42,OPTIMAL,FEEDBACK_2,454,652.5,348.0,435,1.0,1,MAINTAINING_2,129031336,55.7,56.0,0,0,0,36,36,ACCLIMATIZED,55,0,0,0,2026-05-27T19:59:48.0,3615274803,MODERATE,MOD_RT_LOW_SS_UNKNOWN,GOOD_SLEEP_HISTORY,61,,0,NONE,1048,72,GOOD,89,GOOD,454,0,NONE,0,NONE,511,80,GOOD,0,AFTER_POST_EXERCISE_RESET,1,NO_CHANGE_SLEEP,61,26,18.0,18.0,18.0,4.0,,,,0,6,51,0,241.8,0,6,24.1,20.7,3.4,18.0,1,0,2026-05-27T00:00:00.0,1048,61,MODERATE,GOOD_SLEEP_HISTORY,,80,0,511,0,454,89,4,,,33.9,37.7,33.1,4.6,,,,,,,,44.0,,,,,,,,,,,,,,,,,,,,,,,,,,,,,,,,,,,,,,,,,,,,,,,,Nat. piscine,lap_swimming,23034849375,,,,,,,59.0,59.0,1,,,,,129031336,3615274803,1,NO_LAST_SLEEP_DATA,,460,-80,380,150,,,
2026-05-28,2162.0,12.0,2150.0,2162.0,666,542,542,12.0,12.0,2,private,4400,2026-05-27T22:00:00.0,2026-05-28T00:00:00.0,2026-05-28T22:00:00.0,2026-05-29T00:00:00.0,86400000,102,284,64234,21780,1,0,0,0,0,0,8.187,0.0,2.68602,0.0,150,10,44,104,48,50,17,92,5700,25440,1200,54000,86340,4440,1020,240,6.6,29.46,1.39,62.54,5.14,1.18,0.28,UNKNOWN,10800,21540,45,103,70,9,81,11,15,69,80,3.0,25.0,2026-05-28T20:28:13,MODERATE,NO_DATA,NO_DATA,,,,SLEEP,2026-05-27T22:57:46,7200000,21780000,70,NONE,NONE,3615274803,2026-05-28T05:46:08,,,,,,,,,,17.0,24.0,7.0,22.0,2026-05-28T22:00:00.0,200,21600,0,1,1779922666000,1779944446000,1779929866000,1779951646000,0,6840,10680,4080,180,1,0,1,15.0,9.0,18.0,0,16.0,ADULT,51.0,POSITIVE_DEEP,NONE,RHYTHM_POS_FAIR_OR_POOR_SLEEP_EXCELLENT_TIMING,FAIR,27600.0,27600.0,GOOD,0.0,15.0,EXCELLENT,0.0,1.0,77,FAIR,19,FAIR,21.0,31.0,4536.0,6696.0,EXCELLENT,0.0,5.0,49,EXCELLENT,30.0,64.0,6480.0,13824.0,32,EXCELLENT,16.0,33.0,3456.0,7128.0,2,3615274803,2026-05-27T17:59:49,460,460,NO_CHANGE_NO_ADJUSTMENTS,NO_CHANGE,NO_DATA,NO_DATA,NO_CHANGE,0,20,40,1,3615274803,2026-05-28T05:46:09,460,460,NO_CHANGE_NO_ADJUSTMENTS,NO_CHANGE,NO_CHANGE,NO_DATA,NO_CHANGE,0,20,40,1,70,48,6.0,114,178,68,3,77,,103,154,NONE,ONBOARDING_2,2026-05-28T05:46:37.840,103,4,3615274803,RUNNING,GENERIC,RUNNING,2,MAINTAINING_2,0,38,OPTIMAL,FEEDBACK_2,382,622.5,332.0,415,0.9,1,MAINTAINING_2,129031336,55.7,56.0,0,0,0,36,36,ACCLIMATIZED,19,0,0,0,2026-05-28T10:21:28.0,3615274803,HIGH,HIGH_RT_HIGHEST_SS_AVAILABLE,WELL_RECOVERED,75,77,65,MODERATE,187,95,GOOD,94,GOOD,382,0,NONE,0,NONE,511,76,GOOD,1,UPDATE_REALTIME_VARIABLES,1,,75,26,18.0,18.0,18.0,4.1,,,,0,6,51,0,241.6,0,6,24.1,20.7,3.4,18.0,1,0,2026-05-28T00:00:00.0,187,75,HIGH,WELL_RECOVERED,77,76,0,511,0,382,94,4,NONE,,0.0,36.8,28.4,8.5,67,73,98,,73,98,,,,,,,,,,,,,,,,,,,,,,,,,,,,,,,,,,,,,,,,,,,,,,,,,,,,,,,,,,,59.0,59.0,1,,,,,129031336,3615274803,1,BEHIND,239,460,-80,380,150,28,103.0,
2026-05-29,2182.0,32.0,2150.0,2182.0,2761,2275,2275,32.0,32.0,2,private,3660,2026-05-28T22:00:00.0,2026-05-29T00:00:00.0,2026-05-29T22:00:00.0,2026-05-30T00:00:00.0,86400000,83,1010,60287,25020,1,0,0,0,0,0,31.387,27.868,10.29757,9.14304,150,10,43,101,46,49,20,83,8640,30180,3300,44280,86400,3720,4260,660,10.0,34.93,3.82,51.25,4.31,4.93,0.76,UNKNOWN,17100,25020,44,94,79,32,94,15,62,76,93,3.0,26.0,2026-05-29T19:00:16,MODERATE,NO_DATA,NO_DATA,,,,SLEEP,2026-05-28T23:03:08,7200000,25020000,77,NONE,NONE,3615274803,2026-05-29T06:29:27,,,,,,,,,,14.0,20.0,7.0,16.0,2026-05-29T10:21:00.0,200,24840,0,1,1780009388000,1780034408000,1780016588000,1780041608000,0,3660,14460,6720,180,1,0,1,15.0,9.0,18.0,0,11.0,ADULT,51.0,POSITIVE_LONG_AND_REFRESHING,POSITIVE_LATE_BED_TIME,RHYTHM_POS_GOOD_SLEEP_EXCELLENT_TIMING,GOOD,27600.0,27600.0,EXCELLENT,0.0,15.0,EXCELLENT,0.0,1.0,86,GOOD,27,EXCELLENT,21.0,31.0,5216.4,7700.4,EXCELLENT,0.0,5.0,58,EXCELLENT,30.0,64.0,7452.0,15897.6,15,FAIR,16.0,33.0,3974.4,8197.2,2,3615274803,2026-05-28T05:46:09,460,460,NO_CHANGE_NO_ADJUSTMENTS,NO_CHANGE,NO_CHANGE,NO_DATA,NO_CHANGE,0,20,40,1,3615274803,2026-05-29T06:29:27,460,460,NO_CHANGE_NO_ADJUSTMENTS,NO_CHANGE,NO_CHANGE,NO_CHANGE,NO_CHANGE,0,20,40,1,77,46,6.9,61,241,112,3,86,101,95,140,UNBALANCED,HRV_UNBALANCED_5,2026-05-29T06:30:13.992,95,4,3615274803,RUNNING,GENERIC,RUNNING,2,MAINTAINING_2,0,29,LOW,FEEDBACK_1,311,595.5,317.6,397,0.7,1,MAINTAINING_2,129031336,55.7,56.0,0,0,0,33,36,DEACCLIMATIZING,31,0,0,0,2026-05-29T08:29:27.0,3615274803,MODERATE,MOD_HRV_UNBALANCED,LISTEN_TO_YOUR_BODY,69,86,82,GOOD,1,99,GOOD,100,VERY_GOOD,311,0,NONE,59,MODERATE,101,65,MODERATE,1,AFTER_WAKEUP_RESET,1,NO_CHANGE_SLEEP,69,26,18.0,18.0,18.0,4.0,,,,0,6,50,0,229.5,0,6,24.1,20.7,3.4,18.0,1,0,2026-05-29T00:00:00.0,1,69,MODERATE,LISTEN_TO_YOUR_BODY,86,65,59,101,0,311,100,4,UNBALANCED,101,0.0,36.0,24.3,11.6,67,72,98,0.8160248,72,98,0.8160248,,,,,,,,,,,,,,,,,,,,,,,,,,,,,,,,,,,,,,,,,,,,,,,,,,,,,,,,,,59.0,59.0,1,,,,,129031336,3615274803,1,BEHIND,272,460,-80,380,150,40,95.0,
2026-05-30,2150.0,0.0,2150.0,2150.0,,,,0.0,0.0,2,private,3480,2026-05-29T22:00:00.0,2026-05-30T00:00:00.0,2026-05-30T22:00:00.0,2026-05-31T00:00:00.0,86400000,0,0,86400,0,1,0,0,0,0,0,0.0,0.0,0.0,0.0,150,10,,,,,-1,,,,,86280,86280,,,,0.0,0.0,0.0,100.0,0.0,0.0,0.0,UNKNOWN,0,0,,,,,,,,,,,25.0,2026-05-30T21:40:24,HIGH,NO_DATA,NO_DATA,,,,,,,,,,,,,,,,,,,,,,,,,,,,,,,,,,,,,,,,0,0,,,,,,,,,,,,,,,,,,,,,,,,,,,,,,,,,,,,,,,,,,,,,3615274803,2026-05-29T06:29:27,460,460,NO_CHANGE_NO_ADJUSTMENTS,NO_CHANGE,NO_CHANGE,NO_CHANGE,NO_CHANGE,0,20,40,1,3615274803,2026-05-30T06:02:28,460,460,NO_CHANGE_NO_ADJUSTMENTS,NO_CHANGE,NO_DATA,NO_DATA,NO_CHANGE,0,10,30,1,,,,,,,,,101,,,UNBALANCED,HRV_UNBALANCED_6,2026-05-30T06:24:06.763,,5,3615274803,RUNNING,GENERIC,RUNNING,2,RECOVERY_2,0,25,LOW,FEEDBACK_1,256,564.0,300.8,376,0.6,1,RECOVERY_2,129031336,55.7,56.0,0,0,0,30,33,DEACCLIMATIZING,24,0,0,0,2026-05-30T08:02:28.0,3615274803,MODERATE,MOD_HRV_UNBALANCED,LISTEN_TO_YOUR_BODY,71,,0,NONE,1,99,GOOD,100,VERY_GOOD,256,0,NONE,59,MODERATE,101,76,GOOD,0,AFTER_WAKEUP_RESET,1,,71,26,18.0,18.0,18.0,4.0,,,,0,6,50,0,229.5,0,6,24.1,20.7,3.4,18.0,1,0,2026-05-29T00:00:00.0,1,71,MODERATE,LISTEN_TO_YOUR_BODY,,76,59,101,0,256,100,5,UNBALANCED,101,0.0,35.1,20.9,14.3,67,72,98,0.81333923,72,98,0.81333923,,,,,,,,,,,,,,,,,,,,,,,,,,,,,,,,,,,,,,,,,,,,,,,,,,,,,,,,,,59.0,59.0,1,,,,,129031336,3615274803,1,NO_LAST_SLEEP_DATA,,460,-80,380,150,,,
2026-05-31,4165.0,2015.0,2150.0,4165.0,0,60036,0,2015.0,2015.0,2,private,7500,2026-05-30T22:00:00.0,2026-05-31T00:00:00.0,2026-05-31T22:00:00.0,2026-06-01T00:00:00.0,86400000,0,0,86400,0,1,1,0,0,0,0,0.0,0.0,0.0,0.0,150,10,,,,,-1,,,,,86400,86400,,,,0.0,0.0,0.0,100.0,0.0,0.0,0.0,UNKNOWN,0,0,,,,,,,,,,,24.0,2026-05-31T19:00:19,HIGH,NO_DATA,NO_DATA,,,,,,,,,,,,,,,,,,,,,,,,,,,,,,,,,,,,,,,,0,0,,,,,,,,,,,,,,,,,,,,,,,,,,,,,,,,,,,,,,,,,,,,,3615274803,2026-05-30T06:02:28,460,460,NO_CHANGE_NO_ADJUSTMENTS,NO_CHANGE,NO_DATA,NO_DATA,NO_CHANGE,0,10,30,1,3615274803,2026-05-31T15:11:12,460,460,NO_CHANGE_NO_ADJUSTMENTS,NO_CHANGE,NO_DATA,NO_DATA,NO_CHANGE,0,0,20,1,,,,,,,,,101,,,UNBALANCED,HRV_UNBALANCED_6,2026-05-31T05:37:45.443,,5,3615274803,RUNNING,GENERIC,RUNNING,2,RECOVERY_2,0,20,LOW,FEEDBACK_1,207,534.0,284.8,356,0.5,1,RECOVERY_2,129031336,55.7,56.0,0,0,0,27,30,DEACCLIMATIZING,24,0,0,0,2026-05-31T17:11:12.0,3615274803,HIGH,HIGH_HRV_UNBALANCED,LISTEN_TO_YOUR_BODY,76,,0,NONE,1,99,GOOD,100,VERY_GOOD,207,0,NONE,59,MODERATE,101,82,GOOD,0,AFTER_POST_EXERCISE_RESET,1,,76,26,18.0,18.0,18.0,4.0,,,,0,6,50,0,229.5,0,6,24.1,20.7,3.4,18.0,1,0,2026-05-29T00:00:00.0,1,76,HIGH,LISTEN_TO_YOUR_BODY,,82,59,101,0,207,100,5,UNBALANCED,101,0.0,34.3,17.9,16.4,67,73,98,0.8164673,73,98,0.8164673,192.0,,,,,,,,,,,,,,,,,,,,,,,,,,,,,,,,,,,,,,,,,,,,,,,,,,,,,,,,,59.0,59.0,1,,,,,129031336,3615274803,1,NO_LAST_SLEEP_DATA,,460,-80,380,150,,,
2026-06-01,2725.0,575.0,2150.0,2206.0,3270,30170,2663,56.0,575.0,2,private,3480,2026-05-31T22:00:00.0,2026-06-01T00:00:00.0,2026-06-01T22:00:00.0,2026-06-02T00:00:00.0,86400000,494,911,84995,0,1,1,0,0,0,0,10.261,9.698,3.36647,3.18176,150,10,46,91,60,50,46,83,29760,3900,3360,49320,86340,16080,12480,1200,34.47,4.52,3.89,57.12,18.62,14.45,1.39,STRESSFUL_AWAKE,37020,0,50,87,0,56,90,34,34,,,3.0,30.0,2026-06-01T21:09:18,HIGH,SLEEP_PREPARATION_STRESSFUL_AND_EXERCISE,SLEEP_PREPARATION_STRESSFUL_AND_EXERCISE,,,,,,,,,,,,,,,,,,,,,,13.0,20.0,7.0,16.0,2026-06-01T17:24:00.0,200,,,,,,,,,,,,,0,0,,,,,,,,,,,,,,,,,,,,,,,,,,,,,,,,,,,,,,,,,,,,,3615274803,2026-05-31T15:11:12,460,460,NO_CHANGE_NO_ADJUSTMENTS,NO_CHANGE,NO_DATA,NO_DATA,NO_CHANGE,0,0,20,1,3615274803,2026-06-01T06:33:31,460,460,NO_CHANGE_NO_ADJUSTMENTS,NO_CHANGE,NO_DATA,NO_DATA,NO_CHANGE,0,10,30,1,,,,,,,,,,,,,,,,5,3615274803,RUNNING,GENERIC,RUNNING,2,RECOVERY_2,0,20,LOW,FEEDBACK_1,193,517.5,276.0,345,0.5,1,RECOVERY_2,129031336,55.7,56.0,0,0,0,24,27,DEACCLIMATIZING,29,0,0,0,2026-06-01T08:33:31.0,3615274803,HIGH,HIGH_RT_AVAILABLE_SS_UNKNOWN_ACWR_POS,WELL_RECOVERED,81,,0,NONE,610,83,GOOD,100,VERY_GOOD,193,0,NONE,0,NONE,511,0,NONE,0,AFTER_POST_EXERCISE_RESET,1,,81,26,18.291978384103416,18.0,18.0,3.5,,,,0,6,50,0,194.8,0,6,24.1,20.7,3.4,18.0,1,0,2026-06-01T00:00:00.0,610,81,HIGH,WELL_RECOVERED,,0,0,511,0,193,100,5,,,11.2,33.7,16.9,16.8,,,,,,,,98.0,,,,,,,,,,,,,,,,,,,,,,,,,,,,,,,,,,,,,,,,,,,,519.0,,,,,,,,,,,,,59.0,59.0,1,,,,,129031336,3615274803,1,NO_LAST_SLEEP_DATA,,460,-80,380,150,,,
2026-06-02,2150.0,0.0,2150.0,2150.0,,,,0.0,0.0,2,private,3440,2026-06-01T22:00:00.0,2026-06-02T00:00:00.0,2026-06-02T22:00:00.0,2026-06-03T00:00:00.0,86400000,0,0,86400,0,1,0,0,0,0,0,0.0,0.0,0.0,0.0,150,10,,,,,-1,,,,,86400,86400,,,,0.0,0.0,0.0,100.0,0.0,0.0,0.0,UNKNOWN,0,0,,,,,,,,,,,25.0,2026-06-02T19:00:11,HIGH,NO_DATA,NO_DATA,2026-06-02T01:52:54,HIGH,SLEEP_TIME_PASSED_NOT_STRESS_DATA_AND_INACTIVE,,,,,,,,,,,,,,,,,,,,,,,,,,,,,,,,,,,,,0,0,,,,,,,,,,,,,,,,,,,,,,,,,,,,,,,,,,,,,,,,,,,,,3615274803,2026-06-01T06:33:31,460,460,NO_CHANGE_NO_ADJUSTMENTS,NO_CHANGE,NO_DATA,NO_DATA,NO_CHANGE,0,10,30,1,3615274803,2026-06-02T05:47:28,460,460,NO_CHANGE_NO_ADJUSTMENTS,NO_CHANGE,NO_DATA,NO_DATA,NO_CHANGE,0,10,30,1,,,,,,,,,,,,,,,,5,3615274803,RUNNING,GENERIC,RUNNING,2,RECOVERY_2,0,16,LOW,FEEDBACK_1,141,495.0,264.0,330,0.4,1,RECOVERY_2,129031336,55.7,56.0,0,0,0,21,24,DEACCLIMATIZING,24,0,0,0,2026-06-02T07:47:28.0,3615274803,HIGH,HIGH_RT_AVAILABLE_SS_UNKNOWN_ACWR_POS,WELL_RECOVERED,89,,0,NONE,1,99,GOOD,100,VERY_GOOD,141,0,NONE,0,NONE,511,0,NONE,0,AFTER_WAKEUP_RESET,1,,89,26,18.291978384103416,18.0,18.0,3.5,,,,0,6,50,0,194.8,0,6,24.1,20.7,3.4,18.0,1,0,2026-06-01T00:00:00.0,1,89,HIGH,WELL_RECOVERED,,0,0,511,0,141,100,5,,,0.0,32.9,14.5,18.4,,,,,,,,,,,,,,,,,,,,,,,,,,,,,,,,,,,,,,,,,,,,,,,,,,,,,,,,,,,,,,,,,59.0,59.0,1,,,,,129031336,3615274803,1,NO_LAST_SLEEP_DATA,,460,-80,380,150,,,
2026-06-03,3327.0,1177.0,2150.0,3327.0,11716,14354,12952,1177.0,1177.0,2,private,3440,2026-06-02T22:00:00.0,2026-06-03T00:00:00.0,2026-06-03T22:00:00.0,2026-06-04T00:00:00.0,86400000,3816,1975,80609,0,1,1,0,0,8,78,108.378,89.279,35.55709,29.29101,150,10,57,187,54,52,59,96,31380,960,9840,43860,86040,11160,12720,7500,36.47,1.12,11.44,50.98,12.97,14.78,8.72,VERY_STRESSFUL_AWAKE,42180,0,60,186,0,76,87,11,11,,,3.0,52.0,2026-06-03T21:24:20,LOW,SLEEP_PREPARATION_STRESSFUL_AND_INTENSIVE_EXERCISE,SLEEP_PREPARATION_STRESSFUL_AND_INTENSIVE_EXERCISE_AND_BB_LOW,,,,ACTIVITY,2026-06-03T10:23:33,7200000,2820000,-15,EXERCISE_TRAINING_EFFECT_4_GOOD_TIMING,HIGHLY_IMPROVING_VO2MAX,3615274803,2026-06-03T11:13:10,ACTIVITY,2026-06-03T17:15:33,7200000,2400000,-4,EXERCISE_TRAINING_EFFECT_2,MAINTAINING_AEROBIC,3615274803,2026-06-03T17:56:33,13.0,22.0,6.0,14.0,2026-06-03T22:00:00.0,200,,,,,,,,,,,,,0,0,,,,,,,,,,,,,,,,,,,,,,,,,,,,,,,,,,,,,,,,,,,,,3615274803,2026-06-02T05:47:28,460,460,NO_CHANGE_NO_ADJUSTMENTS,NO_CHANGE,NO_DATA,NO_DATA,NO_CHANGE,0,10,30,1,3615274803,2026-06-03T17:56:35,460,490,INCREASED,TODAYS_LOAD_AND_CHRONIC,NO_DATA,NO_DATA,NO_CHANGE,1,1430,40,1,,,,,,,,,,,,,,,,7,3615274803,RUNNING,GENERIC,RUNNING,2,PRODUCTIVE_2,0,57,OPTIMAL,FEEDBACK_3,532,592.5,316.0,395,1.3,1,PRODUCTIVE_2,129031336,55.4,55.0,0,0,0,17,21,DEACCLIMATIZING,70,0,0,0,2026-06-03T19:56:34.0,3615274803,POOR,POOR_RT_HIGH_SS_UNKNOWN,LET_YOUR_BODY_RECOVER,14,,0,NONE,4320,10,POOR,76,GOOD,532,0,NONE,0,NONE,511,0,NONE,0,AFTER_POST_EXERCISE_RESET,1,NEW_EXERCISE,14,26,18.291978384103416,18.0,18.291978384103416,3.5,,,,0,6,50,0,202.3,0,6,24.1,20.7,3.4,18.0,1,0,2026-06-03T00:00:00.0,4320,14,POOR,LET_YOUR_BODY_RECOVER,,0,0,511,0,532,76,7,,,107.5,34.7,27.8,6.9,,,,,,,,113.0,Nat. piscine,lap_swimming,23119085242,,,,,,,,,,129031336,55.4,55.0,0,0,0,17,21,70,0,0,0,55.4,,,,,,,,,,,,,,,,,,,,,,,Aulnay-sous-Bois Course à pied,running,23114349636,,,,,DEACCLIMATIZING,,59.0,59.0,1,,,,,129031336,3615274803,1,NO_LAST_SLEEP_DATA,,460,-80,380,150,,,
2026-06-04,2154.0,4.0,2150.0,2154.0,428,349,349,4.0,4.0,2,private,4270,2026-06-03T22:00:00.0,2026-06-04T00:00:00.0,2026-06-04T22:00:00.0,2026-06-05T00:00:00.0,86400000,54,102,60204,26040,1,0,0,0,0,0,4.127,0.0,1.354,0.0,150,10,49,96,52,53,18,78,2340,25140,840,58020,86340,2100,180,60,2.71,29.12,0.97,67.2,2.43,0.21,0.07,UNKNOWN,2880,25440,49,92,58,4,68,10,65,58,68,3.0,40.0,2026-06-04T19:00:11,MODERATE,NO_DATA,NO_DATA,2026-06-04T00:29:47,HIGH,SLEEP_TIME_PASSED_STRESSFUL_AND_INTENSIVE_EXERCISE,SLEEP,2026-06-03T22:28:33,7200000,26040000,58,NONE,NONE,3615274803,2026-06-04T05:44:05,,,,,,,,,,14.0,21.0,8.0,15.0,2026-06-04T06:18:00.0,200,25200,0,1,1780525713000,1780551753000,1780532913000,1780558953000,0,7020,12960,5220,840,1,0,1,15.0,10.0,20.0,1,17.0,ADULT,54.0,POSITIVE_LONG_AND_DEEP,NONE,HARD_EXERCISE_POS_EXCELLENT_OR_GOOD_SLEEP_HARD_TO_STRENUOUS_DURING_DAY_OUTDOOR,GOOD,27600.0,27600.0,FAIR,0.0,15.0,GOOD,0.0,1.0,83,GOOD,21,FAIR,21.0,31.0,5292.0,7812.0,GOOD,0.0,5.0,51,EXCELLENT,30.0,64.0,7560.0,16128.0,28,EXCELLENT,16.0,33.0,4032.0,8316.0,2,3615274803,2026-06-03T17:56:35,460,490,INCREASED,TODAYS_LOAD_AND_CHRONIC,NO_DATA,NO_DATA,NO_CHANGE,1,1430,40,1,3615274803,2026-06-04T05:44:05,460,460,NO_CHANGE_NO_ADJUSTMENTS,NO_CHANGE,NO_CHANGE,NO_DATA,NO_CHANGE,0,20,40,1,58,52,7.0,117,216,87,14,83,,75,98,NONE,ONBOARDING_2,2026-06-04T05:44:24.253,75,7,3615274803,RUNNING,GENERIC,RUNNING,2,PRODUCTIVE_2,0,47,OPTIMAL,FEEDBACK_2,445,573.0,305.6,382,1.1,1,PRODUCTIVE_2,129031336,55.4,55.0,0,0,0,13,17,DEACCLIMATIZING,36,0,0,0,2026-06-04T14:21:28.0,3615274803,LOW,LOW_RT_HIGH_SS_GOOD_OR_MOD,HIGH_RECOVERY_NEEDS,25,83,76,GOOD,3216,25,POOR,84,GOOD,445,0,NONE,0,NONE,511,0,NONE,1,UPDATE_REALTIME_VARIABLES,1,,25,26,18.291978384103416,18.0,18.291978384103416,3.3,,,,0,6,50,0,194.0,0,6,24.1,20.7,3.4,18.0,1,0,2026-06-04T00:00:00.0,3216,25,LOW,HIGH_RECOVERY_NEEDS,83,0,0,511,0,445,84,7,NONE,,0.0,33.9,23.8,10.0,68,74,101,,74,101,,,,,,,,,,,,,,,,,,,,,,,,,,,,,,,,,,,,,,,,,,,,,,,,,,,,,,,,,,,59.0,59.0,1,,,,,129031336,3615274803,1,BEHIND,245,460,-80,380,150,31,75.0,
2026-06-05,2150.0,0.0,2150.0,2150.0,,,,0.0,0.0,2,private,7500,2026-06-04T22:00:00.0,2026-06-05T00:00:00.0,2026-06-05T22:00:00.0,2026-06-06T00:00:00.0,86400000,0,0,86400,0,1,0,0,0,0,0,0.0,0.0,0.0,0.0,150,10,,,,,-1,,,,,86400,86400,,,,0.0,0.0,0.0,100.0,0.0,0.0,0.0,UNKNOWN,0,0,,,,,,,,,,,26.0,2026-06-05T19:00:11,MODERATE,NO_DATA,NO_DATA,,,,,,,,,,,,,,,,,,,,,,,,,,,,,,,,,,,,,,,,0,0,,,,,,,,,,,,,,,,,,,,,,,,,,,,,,,,,,,,,,,,,,,,,3615274803,2026-06-04T05:44:05,460,460,NO_CHANGE_NO_ADJUSTMENTS,NO_CHANGE,NO_CHANGE,NO_DATA,NO_CHANGE,0,20,40,1,3615274803,2026-06-05T05:47:28,460,460,NO_CHANGE_NO_ADJUSTMENTS,NO_CHANGE,NO_DATA,NO_DATA,NO_CHANGE,0,20,40,1,,,,,,,,,,,,,,,,4,3615274803,RUNNING,GENERIC,RUNNING,2,MAINTAINING_2,0,42,OPTIMAL,FEEDBACK_2,387,546.0,291.2,364,1.0,1,MAINTAINING_2,129031336,55.4,55.0,0,0,0,9,13,DEACCLIMATIZING,24,0,0,0,2026-06-05T09:21:28.0,3615274803,MODERATE,MOD_RT_MOD_SS_UNKNOWN,RECOVERY_IN_PROGRESS,50,,0,NONE,2077,43,MODERATE,88,GOOD,387,0,NONE,0,NONE,511,76,GOOD,0,UPDATE_REALTIME_VARIABLES,1,,50,26,18.291978384103416,18.0,18.291978384103416,3.3,,,,0,6,50,0,194.0,0,6,24.1,20.7,3.4,18.0,1,0,2026-06-04T00:00:00.0,2077,50,MODERATE,RECOVERY_IN_PROGRESS,,76,0,511,0,387,88,4,,,0.0,33.1,20.4,12.6,,,,,,,,,,,,,,,,,,,,,,,,,,,,,,,,,,,,,,,,,,,,,,,,,,,,,,,,,,,,,,,,,59.0,59.0,1,,,,,129031336,3615274803,1,NO_LAST_SLEEP_DATA,,460,-80,380,150,,,
2026-06-06,2375.0,225.0,2150.0,2375.0,491,507,507,225.0,225.0,2,private,3890,2026-06-05T22:00:00.0,2026-06-06T00:00:00.0,2026-06-06T22:00:00.0,2026-06-07T00:00:00.0,86400000,360,1440,84600,0,1,0,0,0,0,12,0.0,0.0,0.0,0.0,150,10,65,144,,,-1,,,,,86400,86400,,,,0.0,0.0,0.0,100.0,0.0,0.0,0.0,UNKNOWN,0,0,70,137,,,,,,,,,24.0,2026-06-06T19:00:15,HIGH,NO_DATA,NO_DATA,,,,,,,,,,,,,,,,,,,,,,,,,,,,,,,,,,,,,,,,0,0,,,,,,,,,,,,,,,,,,,,,,,,,,,,,,,,,,,,,,,,,,,,,3615274803,2026-06-05T05:47:28,460,460,NO_CHANGE_NO_ADJUSTMENTS,NO_CHANGE,NO_DATA,NO_DATA,NO_CHANGE,0,20,40,1,3615274803,2026-06-06T05:52:28,460,460,NO_CHANGE_NO_ADJUSTMENTS,NO_CHANGE,NO_DATA,NO_DATA,NO_CHANGE,0,10,30,1,,,,,,,,,,,,,,,,4,3615274803,RUNNING,GENERIC,RUNNING,2,MAINTAINING_2,0,38,OPTIMAL,FEEDBACK_2,328,517.5,276.0,345,0.9,1,MAINTAINING_2,129031336,55.4,55.0,0,0,0,6,9,DEACCLIMATIZING,24,0,0,0,2026-06-06T13:21:28.0,3615274803,HIGH,HIGH_RT_AVAILABLE_SS_UNKNOWN,WELL_RECOVERED,75,,0,NONE,398,89,GOOD,93,GOOD,328,0,NONE,0,NONE,511,76,GOOD,0,UPDATE_REALTIME_VARIABLES,1,,75,26,18.291978384103416,18.0,18.291978384103416,3.1,,,,0,6,50,0,179.0,0,6,24.1,20.7,3.4,18.0,1,0,2026-06-06T00:00:00.0,398,75,HIGH,WELL_RECOVERED,,76,0,511,0,328,93,4,,,0.0,32.3,17.5,14.8,,,,,,,,,,,,,,,,,,,,,,,,,,,,,,,,,,,,,,,,,,,,,,,,,,,,,,,,,,,,,,,,,59.0,59.0,1,,,,,129031336,3615274803,1,NO_LAST_SLEEP_DATA,,460,-80,380,150,,,
2026-06-07,2150.0,0.0,2150.0,2150.0,,,,0.0,0.0,2,private,3890,2026-06-06T22:00:00.0,2026-06-07T00:00:00.0,2026-06-07T22:00:00.0,2026-06-08T00:00:00.0,86400000,0,0,86400,0,1,0,0,0,0,0,0.0,0.0,0.0,0.0,150,10,,,,,-1,,,,,86400,86400,,,,0.0,0.0,0.0,100.0,0.0,0.0,0.0,UNKNOWN,0,0,,,,,,,,,,,24.0,2026-06-07T21:54:50,HIGH,NO_DATA,NO_DATA,,,,,,,,,,,,,,,,,,,,,,,,,,,,,,,,,,,,,,,,0,0,,,,,,,,,,,,,,,,,,,,,,,,,,,,,,,,,,,,,,,,,,,,,3615274803,2026-06-06T05:52:28,460,460,NO_CHANGE_NO_ADJUSTMENTS,NO_CHANGE,NO_DATA,NO_DATA,NO_CHANGE,0,10,30,1,3615274803,2026-06-07T17:49:21,460,460,NO_CHANGE_NO_ADJUSTMENTS,NO_CHANGE,NO_DATA,NO_DATA,NO_CHANGE,0,10,30,1,,,,,,,,,,,,,,,,4,3615274803,RUNNING,GENERIC,RUNNING,2,MAINTAINING_2,0,42,OPTIMAL,FEEDBACK_2,352,513.0,273.6,342,1.0,1,MAINTAINING_2,129031336,55.4,55.0,0,0,0,3,6,DEACCLIMATIZING,24,0,0,0,2026-06-07T19:49:21.0,3615274803,MODERATE,MOD_RT_MOD_SS_UNKNOWN,RECOVERY_IN_PROGRESS,62,,0,NONE,1439,61,MODERATE,90,GOOD,352,0,NONE,0,NONE,511,0,NONE,0,AFTER_POST_EXERCISE_RESET,1,,62,26,18.291978384103416,18.0,18.291978384103416,3.0,,,,0,6,50,0,164.8,0,6,24.1,20.7,3.4,18.0,1,0,2026-06-07T00:00:00.0,1439,62,MODERATE,RECOVERY_IN_PROGRESS,,0,0,511,0,352,90,4,,,0.0,31.5,15.0,16.5,,,,,,,,,,,,,,,,,,,,,129031336,,,,0,0,3,6,24,0,0,0,,,,,,,,,,,,,,,,,,,,,,,,,,,,,,,DEACCLIMATIZING,,58.0,58.0,1,58.0,58.0,1,,129031336,3615274803,1,NO_LAST_SLEEP_DATA,,460,-80,380,150,,,
2026-06-08,2651.0,501.0,2150.0,2651.0,4300,4754,3502,501.0,501.0,2,private,3890,2026-06-07T22:00:00.0,2026-06-08T00:00:00.0,2026-06-08T22:00:00.0,2026-06-09T00:00:00.0,86400000,630,1762,80335,3673,1,1,0,0,3,40,16.237,21.806,5.3271,7.1542,150,10,50,166,57,54,50,95,35580,7200,8340,35280,86400,16080,13260,6240,41.18,8.33,9.65,40.83,18.61,15.35,7.22,BALANCED_AWAKE,51120,0,52,164,4,72,89,17,21,,,3.0,26.0,2026-06-08T19:50:36,MODERATE,SLEEP_PREPARATION_STRESSFUL_AND_EXERCISE,SLEEP_PREPARATION_STRESSFUL_AND_EXERCISE,,,,STRESS,2026-06-08T11:43:17,7200000,3240000,-7,STRESS,STRESSFUL_PERIOD,3615274803,2026-06-08T12:41:56,ACTIVITY,2026-06-08T16:27:02,7200000,2760000,-6,EXERCISE_TRAINING_EFFECT_2,MAINTAINING_AEROBIC_BASE,3615274803,2026-06-08T17:13:47,14.0,24.0,7.0,17.0,2026-06-08T22:00:00.0,200,,,,,,,,,,,,,0,0,,,,,,,,,,,,,,,,,,,,,,,,,,,,,,,,,,,,,,,,,,,,,3615274803,2026-06-07T17:49:21,460,460,NO_CHANGE_NO_ADJUSTMENTS,NO_CHANGE,NO_DATA,NO_DATA,NO_CHANGE,0,10,30,1,3615274803,2026-06-08T17:13:49,460,460,NO_CHANGE_NO_ADJUSTMENTS,NO_CHANGE,NO_DATA,NO_DATA,NO_CHANGE,0,10,30,1,,,,,,,,,,,,,,,,4,3615274803,RUNNING,GENERIC,RUNNING,2,MAINTAINING_2,0,42,OPTIMAL,FEEDBACK_2,359,508.5,271.2,339,1.0,1,MAINTAINING_2,129031336,55.4,55.0,0,0,0,1,3,DEACCLIMATIZING,10,0,0,0,2026-06-08T19:13:49.0,3615274803,MODERATE,MOD_RT_LOW_SS_UNKNOWN,GOOD_SLEEP_HISTORY,68,,0,NONE,932,75,GOOD,88,GOOD,359,0,NONE,0,NONE,511,0,NONE,0,AFTER_POST_EXERCISE_RESET,1,NO_CHANGE_SLEEP,68,26,18.291978384103416,18.0,18.291978384103416,3.0,,,,0,6,50,0,163.6,0,6,24.1,20.7,3.4,18.0,1,0,2026-06-08T00:00:00.0,932,68,MODERATE,GOOD_SLEEP_HISTORY,,0,0,511,0,359,88,4,,,47.4,31.9,19.6,12.3,,,,,,,,46.0,Nat. piscine,lap_swimming,23177718563,,,,,,,,,,,,,,,,,,,,,,,,,,,,,,,,,,,,,,,,,,,,,,,,,,,,,,58.0,58.0,1,,,,,129031336,3615274803,1,NO_LAST_SLEEP_DATA,,460,-80,380,150,,,
2026-06-09,2866.0,716.0,2150.0,2866.0,11807,13273,13273,716.0,716.0,2,private,3940,2026-06-08T22:00:00.0,2026-06-09T00:00:00.0,2026-06-09T22:00:00.0,2026-06-10T00:00:00.0,86400000,3414,1479,53175,28332,1,1,0,0,1,43,99.001,87.182,32.48064,28.60302,150,10,43,175,48,53,35,93,30780,32820,9960,12660,86220,10740,15480,4560,35.7,38.07,11.55,14.68,12.46,17.95,5.29,BALANCED,47940,25620,43,173,74,75,90,17,20,73,90,3.0,37.0,2026-06-09T19:53:20,MODERATE,SLEEP_PREPARATION_STRESSFUL_AND_INTENSIVE_EXERCISE,SLEEP_PREPARATION_STRESSFUL_AND_INTENSIVE_EXERCISE,2026-06-08T22:30:22,HIGH,SLEEP_TIME_PASSED_STRESSFUL_AND_EXERCISE,SLEEP,2026-06-08T20:58:47,7200000,29340000,73,NONE,NONE,3615274803,2026-06-09T05:18:15,ACTIVITY,2026-06-09T10:20:22,7200000,2580000,-12,EXERCISE_TRAINING_EFFECT_4_GOOD_TIMING,HIGHLY_IMPROVING_LACTATE_THRESHOLD,3615274803,2026-06-09T11:04:35,13.0,23.0,7.0,16.0,2026-06-09T22:00:00.0,200,29340,0,1,1780952327000,1780981667000,1780959527000,1780988867000,0,3180,19740,6420,0,1,0,1,15.0,9.0,20.0,0,16.0,ADULT,53.0,POSITIVE_LONG_AND_CONTINUOUS,POSITIVE_EXERCISE,MOD_EXERCISE_POS_EXCELLENT_OR_GOOD_SLEEP_MODERATE_DURING_DAY,EXCELLENT,27600.0,27600.0,FAIR,0.0,15.0,EXCELLENT,0.0,1.0,87,GOOD,22,GOOD,21.0,31.0,6161.4,9095.4,EXCELLENT,0.0,5.0,67,FAIR,30.0,64.0,8802.0,18777.6,11,FAIR,16.0,33.0,4694.4,9682.2,2,3615274803,2026-06-08T17:13:49,460,460,NO_CHANGE_NO_ADJUSTMENTS,NO_CHANGE,NO_DATA,NO_DATA,NO_CHANGE,0,10,30,1,3615274803,2026-06-09T11:04:36,460,460,NO_CHANGE_NO_ADJUSTMENTS,NO_CHANGE,NO_CHANGE,NO_DATA,NO_CHANGE,0,10,30,1,73,48,8.15,53,329,107,,87,,90,150,NONE,ONBOARDING_2,2026-06-09T05:18:22.267,90,7,3615274803,RUNNING,GENERIC,RUNNING,2,PRODUCTIVE_2,0,61,OPTIMAL,FEEDBACK_3,516,546.0,291.2,364,1.4,1,PRODUCTIVE_2,129031336,55.5,56.0,0,0,0,0,1,,34,0,0,0,2026-06-09T13:04:36.0,3615274803,LOW,LOW_RT_HIGH_SS_GOOD_OR_MOD,HIGH_RECOVERY_NEEDS,29,87,84,GOOD,3069,27,POOR,73,GOOD,516,0,NONE,0,NONE,511,0,NONE,1,AFTER_POST_EXERCISE_RESET,1,REACHED_ZERO,29,26,18.291978384103416,18.0,18.291978384103416,3.1,,,,0,6,50,0,170.8,0,6,24.1,20.7,3.4,18.0,1,0,2026-06-09T00:00:00.0,3069,29,LOW,HIGH_RECOVERY_NEEDS,87,0,0,511,0,516,73,7,NONE,,47.3,32.3,23.6,8.7,69,74,102,,74,102,,61.0,Aulnay-sous-Bois Course à pied,running,23187854180,,,,,,,,,,129031336,55.5,56.0,0,0,0,0,1,34,0,0,0,55.5,,,,,,,,,,,,,,,,,,,,,,,,,,,,,,,,58.0,58.0,1,,,,,129031336,3615274803,1,ALIGNED,183,460,-80,380,150,57,90.0,
2026-06-10,2252.0,102.0,2150.0,2252.0,4442,3625,3625,102.0,102.0,2,private,5520,2026-06-09T22:00:00.0,2026-06-10T00:00:00.0,2026-06-10T22:00:00.0,2026-06-11T00:00:00.0,86400000,850,1079,56032,28439,1,0,0,0,0,1,23.116,18.949,7.58399,6.21686,150,10,44,109,48,51,33,90,37080,35700,4980,8580,86340,19620,12840,4620,42.95,41.35,5.77,9.94,22.72,14.87,5.35,BALANCED,49560,28200,45,108,71,67,87,20,24,70,87,3.0,40.0,2026-06-10T21:00:55,MODERATE,SLEEP_PREPARATION_STRESSFUL_AND_EXERCISE,SLEEP_PREPARATION_STRESSFUL_AND_EXERCISE,2026-06-09T22:55:52,HIGH,SLEEP_TIME_PASSED_STRESSFUL_AND_INTENSIVE_EXERCISE,SLEEP,2026-06-09T21:15:35,7200000,29820000,70,NONE,NONE,3615274803,2026-06-10T05:32:36,STRESS,2026-06-10T11:34:16,7200000,3600000,-8,STRESS,STRESSFUL_PERIOD,3615274803,2026-06-10T12:37:00,14.0,23.0,7.0,17.0,2026-06-10T21:59:00.0,200,28860,0,1,1781039735000,1781069555000,1781046935000,1781076755000,0,3180,19320,6360,960,1,0,1,15.0,9.0,18.0,1,19.0,ADULT,53.0,POSITIVE_LONG_AND_REFRESHING,NONE,HARD_EXERCISE_POS_EXCELLENT_OR_GOOD_SLEEP_HARD_TO_STRENUOUS_DURING_DAY_OUTDOOR,EXCELLENT,27600.0,27600.0,FAIR,0.0,15.0,GOOD,0.0,1.0,83,GOOD,22,GOOD,21.0,31.0,6060.6,8946.6,GOOD,0.0,5.0,67,FAIR,30.0,64.0,8658.0,18470.4,11,FAIR,16.0,33.0,4617.6,9523.8,2,3615274803,2026-06-09T11:04:36,460,460,NO_CHANGE_NO_ADJUSTMENTS,NO_CHANGE,NO_CHANGE,NO_DATA,NO_CHANGE,0,10,30,1,3615274803,2026-06-10T11:04:31,460,460,NO_CHANGE_NO_ADJUSTMENTS,NO_CHANGE,NO_CHANGE,NO_DATA,NO_CHANGE,0,10,30,1,70,48,8.02,53,322,106,16,83,,80,126,NONE,ONBOARDING_2,2026-06-10T05:32:48.298,80,7,3615274803,RUNNING,GENERIC,RUNNING,2,PRODUCTIVE_2,0,57,OPTIMAL,FEEDBACK_3,480,543.0,289.6,362,1.3,1,PRODUCTIVE_2,129031336,55.5,56.0,0,0,0,0,0,,24,0,0,0,2026-06-10T13:04:31.0,3615274803,MODERATE,MOD_RT_MOD_OR_LOW_SS_GOOD_STRESS_HISTORY_NEG,WELL_RESTED,50,83,76,GOOD,1584,57,MODERATE,77,GOOD,480,54,MODERATE,0,NONE,511,84,GOOD,1,AFTER_POST_EXERCISE_RESET,1,,50,26,18.291978384103416,18.0,18.291978384103416,3.1,,,,0,6,50,0,171.0,0,6,24.1,20.7,3.4,18.0,1,0,2026-06-10T00:00:00.0,1584,50,MODERATE,WELL_RESTED,83,84,0,511,54,480,77,7,NONE,,0.0,31.5,20.2,11.3,69,75,102,,75,102,,,,,,,,,,,,,,,,,,,,,,,,,,,,,,,,,,,,,,,,,,,,,,,,,,,,,,,,,,,58.0,58.0,1,,,,,129031336,3615274803,1,ALIGNED,204,460,-80,380,150,60,80.0,
2026-06-11,2193.0,43.0,2150.0,2193.0,1762,1435,1435,43.0,43.0,2,private,5420,2026-06-10T22:00:00.0,2026-06-11T00:00:00.0,2026-06-11T22:00:00.0,2026-06-12T00:00:00.0,86400000,346,472,55874,29708,1,0,0,0,0,0,7.107,11.696,2.33169,3.83727,150,10,39,115,44,49,20,85,16500,32340,2940,34560,86340,11040,4740,720,19.11,37.46,3.41,40.03,12.79,5.49,0.83,UNKNOWN,23100,28680,40,113,77,28,100,25,28,78,100,3.0,32.0,2026-06-11T19:00:13,HIGH,NO_DATA,NO_DATA,2026-06-11T00:19:34,HIGH,SLEEP_TIME_PASSED_STRESSFUL_AND_EXERCISE,SLEEP,2026-06-10T21:38:36,7200000,30060000,78,NONE,NONE,3615274803,2026-06-11T06:37:28,,,,,,,,,,13.0,22.0,6.0,16.0,2026-06-11T21:59:00.0,200,30060,0,1,1781127516000,1781157576000,1781134716000,1781164776000,0,6060,15600,8400,0,1,0,1,15.0,8.0,17.0,0,7.0,ADULT,49.0,POSITIVE_HIGHLY_RECOVERING,NONE,MOD_EXERCISE_POS_EXCELLENT_OR_GOOD_SLEEP_MODERATE_DURING_DAY,EXCELLENT,27600.0,27600.0,EXCELLENT,0.0,15.0,EXCELLENT,0.0,1.0,99,EXCELLENT,28,EXCELLENT,21.0,31.0,6312.6,9318.6,EXCELLENT,0.0,5.0,52,EXCELLENT,30.0,64.0,9018.0,19238.4,20,EXCELLENT,16.0,33.0,4809.6,9919.8,2,3615274803,2026-06-10T11:04:31,460,460,NO_CHANGE_NO_ADJUSTMENTS,NO_CHANGE,NO_CHANGE,NO_DATA,NO_CHANGE,0,10,30,1,3615274803,2026-06-11T06:37:28,460,440,DECREASED,NO_CHANGE,DECREASING,NO_DATA,NO_CHANGE,1,0,20,1,78,44,8.35,101,260,140,,99,,108,157,NONE,ONBOARDING_2,2026-06-11T06:37:59.350,108,7,3615274803,RUNNING,GENERIC,RUNNING,2,PRODUCTIVE_2,0,47,OPTIMAL,FEEDBACK_2,392,528.0,281.6,352,1.1,1,PRODUCTIVE_2,129031336,55.5,56.0,0,0,0,0,0,,25,0,0,0,2026-06-11T08:37:28.0,3615274803,HIGH,HIGH_RT_AVAILABLE_SS_HIGHEST,RESTED_AND_READY,84,99,99,VERY_GOOD,51,98,GOOD,86,GOOD,392,62,MODERATE,0,NONE,511,78,GOOD,1,AFTER_WAKEUP_RESET,1,EXCELLENT_SLEEP,84,26,18.291978384103416,18.0,18.291978384103416,3.1,,,,0,6,50,0,171.0,0,6,24.1,20.7,3.4,18.0,1,0,2026-06-11T00:00:00.0,51,84,HIGH,RESTED_AND_READY,99,78,0,511,62,392,86,7,NONE,,0.0,30.7,17.3,13.4,69,75,102,,75,102,,,,,,,,,,,,,,,,,,,,,,,,,,,,,,,,,,,,,,,,,,,,,,,,,,,,,,,,,,,58.0,58.0,1,,,,,129031336,3615274803,1,BEHIND,229,460,-80,380,150,48,108.0,
2026-06-12,2844.0,694.0,2150.0,2844.0,12232,12396,12396,694.0,694.0,2,private,4690,2026-06-11T22:00:00.0,2026-06-12T00:00:00.0,2026-06-12T22:00:00.0,2026-06-13T00:00:00.0,86400000,3852,1326,52345,28877,1,1,0,0,1,46,92.525,84.702,30.35597,27.78937,150,10,44,167,48,49,37,96,39180,30840,9420,6780,86220,14220,17400,7560,45.44,35.77,10.93,7.86,16.49,20.18,8.77,STRESSFUL,50700,28740,44,160,70,86,98,12,12,71,97,3.0,39.0,2026-06-12T20:54:21,LOW,SLEEP_PREPARATION_STRESSFUL_AND_INTENSIVE_EXERCISE,SLEEP_PREPARATION_STRESSFUL_AND_INTENSIVE_EXERCISE_AND_BB_LOW,2026-06-12T00:11:13,HIGH,SLEEP_TIME_PASSED_NOT_STRESS_DATA_AND_INACTIVE,SLEEP,2026-06-11T21:44:28,7200000,28440000,70,NONE,NONE,3615274803,2026-06-12T05:51:00,ACTIVITY,2026-06-12T10:32:12,7200000,2700000,-12,EXERCISE_TRAINING_EFFECT_3,IMPROVING_AEROBIC_ENDURANCE,3615274803,2026-06-12T11:18:11,13.0,23.0,6.0,17.0,2026-06-12T22:00:00.0,200,27180,0,1,1781214268000,1781242708000,1781221468000,1781249908000,0,4560,16440,6180,1260,1,0,1,15.0,7.0,19.0,1,15.0,ADULT,51.0,POSITIVE_LONG_AND_REFRESHING,NONE,GENERAL_POS_EXCELLENT_OR_GOOD_SLEEP,EXCELLENT,27600.0,27600.0,GOOD,0.0,15.0,GOOD,0.0,1.0,87,GOOD,23,EXCELLENT,21.0,31.0,5707.8,8425.8,FAIR,0.0,5.0,60,GOOD,30.0,64.0,8154.0,17395.2,17,GOOD,16.0,33.0,4348.8,8969.4,2,3615274803,2026-06-11T06:37:28,460,440,DECREASED,NO_CHANGE,DECREASING,NO_DATA,NO_CHANGE,1,0,20,1,3615274803,2026-06-12T11:18:13,460,440,DECREASED,NO_CHANGE,DECREASING_HIGH_QUALITY,NO_CHANGE,NO_CHANGE,1,1430,10,1,70,48,7.55,76,274,103,21,87,92,91,129,BALANCED,HRV_BALANCED_5,2026-06-12T05:51:22.355,91,4,3615274803,RUNNING,GENERIC,RUNNING,2,MAINTAINING_2,0,52,OPTIMAL,FEEDBACK_2,451,553.5,295.2,369,1.2,1,MAINTAINING_2,129031336,55.3,55.0,0,0,0,0,0,,48,0,0,0,2026-06-12T13:18:13.0,3615274803,HIGH,HIGH_RT_AVAILABLE_SS_HIGHEST_SLEEP_HISTORY_POS,ENERGIZED_BY_GOOD_SLEEP,75,87,84,GOOD,1594,57,MODERATE,81,GOOD,451,68,MODERATE,90,GOOD,92,93,VERY_GOOD,1,AFTER_POST_EXERCISE_RESET,1,REACHED_ZERO,75,26,18.291978384103416,18.0,18.291978384103416,3.3,,,,0,6,50,0,178.6,0,6,24.1,20.7,3.4,18.0,1,0,2026-06-12T00:00:00.0,1594,75,HIGH,ENERGIZED_BY_GOOD_SLEEP,87,93,90,92,68,451,81,4,BALANCED,92,40.1,31.0,20.6,10.4,69,75,102,0.5648041,75,102,0.5648041,63.0,Aulnay-sous-Bois Course à pied,running,23221658126,,,,,,,,,,129031336,55.3,55.0,0,0,0,0,0,48,0,0,0,55.3,,,,,,,,,,,,,,,,,,,,,,,,,,,,,,,,58.0,58.0,1,,,,,129031336,3615274803,1,BEHIND,221,460,-80,380,150,57,91.0,
2026-06-13,1879.0,140.0,1739.0,1879.0,5025,4092,4092,140.0,140.0,2,private,5450,2026-06-12T22:00:00.0,2026-06-13T00:00:00.0,2026-06-13T17:25:00.0,2026-06-13T19:25:00.0,69900000,675,1649,35465,32111,1,0,0,0,0,0,27.84,9.874,9.13386,3.2395,150,10,45,112,49,49,27,99,14160,33420,5700,16620,69900,6300,4860,3000,20.26,47.81,8.15,23.78,9.01,6.95,4.29,UNKNOWN,21360,31920,47,110,73,37,84,12,48,72,84,3.0,46.0,2026-06-13T15:16:12,MODERATE,DAY_NOT_STRESS_DATA_AND_INACTIVE,DAY_NOT_STRESS_DATA_AND_INACTIVE,2026-06-12T23:27:31,HIGH,SLEEP_TIME_PASSED_STRESSFUL_AND_INTENSIVE_EXERCISE,SLEEP,2026-06-12T21:37:11,7200000,33480000,72,NONE,NONE,3615274803,2026-06-13T07:31:47,,,,,,,,,,13.0,20.0,6.0,16.0,2026-06-13T13:55:00.0,200,32640,0,1,1781300231000,1781333711000,1781307431000,1781340911000,0,5040,20940,6660,840,1,0,1,15.0,8.0,19.0,1,21.0,ADULT,52.0,POSITIVE_LONG_AND_CONTINUOUS,POSITIVE_EXERCISE,MOD_EXERCISE_POS_EXCELLENT_OR_GOOD_SLEEP_VIGOROUS_DURING_DAY_OUTDOOR,EXCELLENT,27600.0,27600.0,FAIR,0.0,15.0,GOOD,0.0,1.0,83,GOOD,20,FAIR,21.0,31.0,6854.4,10118.4,GOOD,0.0,5.0,64,GOOD,30.0,64.0,9792.0,20889.6,15,FAIR,16.0,33.0,5222.4,10771.2,2,3615274803,2026-06-12T11:18:13,460,440,DECREASED,NO_CHANGE,DECREASING_HIGH_QUALITY,NO_CHANGE,NO_CHANGE,1,1430,10,1,3615274803,2026-06-13T07:31:47,460,430,DECREASED,NO_CHANGE,DECREASING,NO_CHANGE,NO_CHANGE,1,1420,0,1,72,49,9.07,84,349,111,14,83,89,80,115,BALANCED,HRV_BALANCED_2,2026-06-13T09:36:25.610,80,4,3615274803,RUNNING,GENERIC,RUNNING,2,MAINTAINING_2,0,38,OPTIMAL,FEEDBACK_2,352,544.5,290.40000000000003,363,0.9,1,MAINTAINING_2,129031336,55.3,55.0,0,0,0,0,0,,0,0,0,0,2026-06-13T09:31:47.0,3615274803,HIGH,HIGH_RT_HIGHEST_SS_AVAILABLE,WELL_RECOVERED,81,83,76,GOOD,423,88,GOOD,92,GOOD,352,57,MODERATE,96,GOOD,89,91,VERY_GOOD,1,AFTER_WAKEUP_RESET,1,NO_CHANGE_SLEEP,81,26,18.291978384103416,18.0,18.291978384103416,3.1,,,,0,6,50,0,161.3,0,6,24.1,20.7,3.4,18.0,1,0,2026-06-13T00:00:00.0,423,81,HIGH,WELL_RECOVERED,83,91,96,89,57,352,92,4,BALANCED,89,0.0,30.2,17.6,12.6,69,75,102,0.5092468,75,102,0.5092468,,,,,,,,,,,,,,,,,,,,,,,,,,,,,,,,,,,,,,,,,,,,,,,,,,,,,,,,,,58.0,58.0,1,,,,,129031336,3615274803,1,BEHIND,256,460,-80,380,150,55,80.0,
2026-06-14,4243.0,2185.0,2058.0,4243.0,0,68709,0,2185.0,2185.0,2,private,7500,2026-06-13T22:00:00.0,2026-06-14T00:00:00.0,2026-06-14T20:59:00.0,2026-06-14T22:59:00.0,82740000,0,0,82740,0,1,1,0,0,0,0,,,,,150,10,,,,,,,,,,,,,,,,,,,,,,,,,,,,,,,,,,,,,,,,,,,,,,,,,,,,,,,,,,,,,,,,,,,,,,,,,,,,,,,0,0,,,,,,,,,,,,,,,,,,,,,,,,,,,,,,,,,,,,,,,,,,,,,3615274803,2026-06-13T07:31:47,460,430,DECREASED,NO_CHANGE,DECREASING,NO_CHANGE,NO_CHANGE,1,1420,0,1,,,,,,,,,,,,,,,,,,,,,,,,,,,,,4,3615274803,RUNNING,GENERIC,RUNNING,2,MAINTAINING_2,0,33,OPTIMAL,FEEDBACK_2,298,523.5,279.2,349,0.8,1,MAINTAINING_2,129031336,55.3,55.0,0,0,0,0,0,,0,0,0,0,,,,,,,,,,,,,,,,,,,,,,,,,,,,26,18.291978384103416,18.0,18.291978384103416,3.0,,,,0,6,50,0,152.0,0,6,24.1,20.7,3.4,18.0,1,0,2026-06-14T00:00:00.0,,,,,,,,,,,,4,,,0.0,29.5,15.1,14.4,,,,,,,,250.0,,,,,,,,,,,,,,,,,,,,,,,,,,,,,,,,,,,,,,,,,,,,,,,,,,,,,,,,,58.0,58.0,1,,,,,,,,,,,,,,,,
2026-06-15,,,,,,,,,0.0,,,,,,,,,,,,,0,0,0,0,,,,,,,,,,,,,,,,,,,,,,,,,,,,,,,,,,,,,,,,,,,,,,,,,,,,,,,,,,,,,,,,,,,,,,,,,,,,,,,,,,,,,,,0,0,,,,,,,,,,,,,,,,,,,,,,,,,,,,,,,,,,,,,,,,,,,,,,,,,,,,,,,,,,,,,,,,,,,,,,,,,,,,,,,,,,,,,,4,3615274803,RUNNING,GENERIC,RUNNING,2,MAINTAINING_2,0,29,LOW,FEEDBACK_1,244,505.5,269.6,337,0.7,1,MAINTAINING_2,129031336,55.3,55.0,0,0,0,0,0,,0,0,0,0,,,,,,,,,,,,,,,,,,,,,,,,,,,,26,18.291978384103416,18.0,18.291978384103416,3.0,,,,0,6,50,0,152.0,0,6,24.1,20.7,3.4,18.0,1,0,2026-06-15T00:00:00.0,,,,,,,,,,,,4,,,0.0,28.8,13.0,15.8,,,,,,,,,,,,,,,,,,,,,,,,,,,,,,,,,,,,,,,,,,,,,,,,,,,,,,,,,,,,,,,,,58.0,58.0,1,,,,bf983d05-10a3-4c8f-ad3b-004c4f6dffcd,,,,,,,,,,,,
2026-06-16,,,,,,,,,0.0,,,,,,,,,,,,,0,0,0,0,,,,,,,,,,,,,,,,,,,,,,,,,,,,,,,,,,,,,,,,,,,,,,,,,,,,,,,,,,,,,,,,,,,,,,,,,,,,,,,,,,,,,,,0,0,,,,,,,,,,,,,,,,,,,,,,,,,,,,,,,,,,,,,,,,,,,,,,,,,,,,,,,,,,,,,,,,,,,,,,,,,,,,,,,,,,,,,,5,3615274803,RUNNING,GENERIC,RUNNING,2,RECOVERY_2,0,20,LOW,FEEDBACK_1,190,489.0,260.8,326,0.5,1,RECOVERY_2,129031336,55.3,55.0,0,0,0,0,0,,0,0,0,0,,,,,,,,,,,,,,,,,,,,,,,,,,,,26,19.329655381229053,18.0,18.291978384103416,2.8,3,20.890190714938992,2,0,6,50,0,143.0,0,6,24.1,20.7,3.4,18.0,1,0,2026-06-16T00:00:00.0,,,,,,,,,,,,5,,,0.0,28.1,11.1,17.0,,,,,,,,,,,,,,,,,,,,,,,,,,,,,,,,,,,,,,,,,,,,,,,,,,,,,,,,,,,,,,,,,58.0,58.0,1,,,,bf983d05-10a3-4c8f-ad3b-004c4f6dffcd,,,,,,,,,,,,
2026-06-17,,,,,,,,,0.0,,,,,,,,,,,,,0,0,0,0,,,,,,,,,,,,,,,,,,,,,,,,,,,,,,,,,,,,,,,,,,,,,,,,,,,,,,,,,,,,,,,,,,,,,,,,,,,,,,,,,,,,,,,0,0,,,,,,,,,,,,,,,,,,,,,,,,,,,,,,,,,,,,,,,,,,,,,,,,,,,,,,,,,,,,,,,,,,,,,,,,,,,,,,,,,,,,,,5,3615274803,RUNNING,GENERIC,RUNNING,2,RECOVERY_2,0,16,LOW,FEEDBACK_1,135,472.5,252.0,315,0.4,1,RECOVERY_2,129031336,55.3,55.0,0,0,0,0,0,,0,0,0,0,,,,,,,,,,,,,,,,,,,,,,,,,,,,26,19.329655381229053,18.0,19.329655381229053,2.6,3,20.890190714938992,2,0,6,50,0,137.6,0,6,24.1,20.7,3.4,18.0,1,0,2026-06-17T00:00:00.0,,,,,,,,,,,,5,,,0.0,27.4,9.5,17.9,,,,,,,,,,,,,,,,,,,,,,,,,,,,,,,,,,,,,,,,,,,,,,,,,,,,,,,,,,,,,,,,,58.0,58.0,1,,,,bf983d05-10a3-4c8f-ad3b-004c4f6dffcd,,,,,,,,,,,,
2026-06-18,,,,,,,,,0.0,,,,,,,,,,,,,0,0,0,0,,,,,,,,,,,,,,,,,,,,,,,,,,,,,,,,,,,,,,,,,,,,,,,,,,,,,,,,,,,,,,,,,,,,,,,,,,,,,,,,,,,,,,,0,0,,,,,,,,,,,,,,,,,,,,,,,,,,,,,,,,,,,,,,,,,,,,,,,,,,,,,,,,,,,,,,,,,,,,,,,,,,,,,,,,,,,,,,5,3615274803,RUNNING,GENERIC,RUNNING,2,RECOVERY_2,0,8,LOW,FEEDBACK_1,88,456.0,243.20000000000002,304,0.2,1,RECOVERY_2,129031336,55.3,55.0,0,0,0,0,0,,0,0,0,0,,,,,,,,,,,,,,,,,,,,,,,,,,,,26,19.329655381229053,18.0,19.329655381229053,2.5,3,20.890190714938992,2,0,6,50,0,129.3,0,6,24.1,20.7,3.4,18.0,1,0,2026-06-18T00:00:00.0,,,,,,,,,,,,5,,,0.0,26.8,8.2,18.6,,,,,,,,,,,,,,,,,,,,,,,,,,,,,,,,,,,,,,,,,,,,,,,,,,,,,,,,,,,,,,,,,58.0,58.0,1,,,,bf983d05-10a3-4c8f-ad3b-004c4f6dffcd,,,,,,,,,,,,
2026-06-19,2162.0,12.0,2150.0,2162.0,637,519,519,12.0,12.0,2,private,5450,2026-06-18T22:00:00.0,2026-06-19T00:00:00.0,2026-06-19T22:00:00.0,2026-06-20T00:00:00.0,86400000,282,481,84977,660,1,0,0,0,0,0,2.205,4.947,0.72343,1.62303,150,10,55,95,53,50,33,82,2340,2280,900,5340,10860,1560,540,240,21.55,20.99,8.29,49.17,14.36,4.97,2.21,UNKNOWN,5520,0,56,90,0,4,22,18,18,,,3.0,81.0,2026-06-19T21:49:18,MODERATE,NO_DATA,NO_DATA,,,,,,,,,,,,,,,,,,,,,,17.0,23.0,8.0,18.0,2026-06-19T21:59:00.0,200,,,,,,,,,,,,,0,0,,,,,,,,,,,,,,,,,,,,,,,,,,,,,,,,,,,,,,,,,,,,,,,,,,,,,,,,,,3615274803,2026-06-19T18:49:09,460,460,NO_CHANGE_NO_ADJUSTMENTS,NO_CHANGE,NO_DATA,NO_DATA,NO_CHANGE,0,1410,1430,1,,,,,,,,,,,,,,,,1,3615274803,RUNNING,GENERIC,RUNNING,2,DETRAINING,0,4,LOW,FEEDBACK_1,48,436.5,232.8,291,0.1,1,DETRAINING,129031336,55.3,55.0,0,0,0,0,0,,77,0,0,0,,,,,,,,,,,,,,,,,,,,,,,,,,,,26,19.329655381229053,18.0,19.329655381229053,2.3,3,20.890190714938992,2,0,6,50,0,119.5,0,6,24.1,20.7,3.4,18.0,1,0,2026-06-19T00:00:00.0,,,,,,,,,,,,1,,,0.0,26.2,7.0,19.2,,,,,,,,,,,,,,,,,,,,,,,,,,,,,,,,,,,,,,,,,,,,,,,,,,,,,,,,,,,,,,,,,58.0,58.0,1,,,,,,,,,,,,,,,,
2026-06-20,2565.0,415.0,2150.0,2565.0,13794,11242,11242,415.0,415.0,2,private,4970,2026-06-19T22:00:00.0,2026-06-20T00:00:00.0,2026-06-20T22:00:00.0,2026-06-21T00:00:00.0,86400000,768,6173,52819,26640,1,0,0,0,1,2,60.96,48.233,20.0,15.82448,150,10,40,132,48,48,36,99,34500,27420,15060,9360,86340,15720,13140,5640,39.96,31.76,17.44,10.84,18.21,15.22,6.53,STRESSFUL,50820,26160,43,120,73,78,91,13,13,73,91,3.0,27.0,2026-06-20T21:31:22,LOW,SLEEP_PREPARATION_STRESSFUL_AND_ACTIVE_AND_EXERCISE,SLEEP_PREPARATION_STRESSFUL_AND_ACTIVE_AND_EXERCISE_AND_BB_LOW,,,,SLEEP,2026-06-19T21:49:00,7200000,27300000,73,NONE,NONE,3615274803,2026-06-20T06:04:57,STRESS,2026-06-20T11:44:57,7200000,2040000,-5,STRESS,STRESSFUL_PERIOD,3615274803,2026-06-20T12:22:50,13.0,25.0,6.0,20.0,2026-06-20T21:59:00.0,200,26520,0,1,1781905740000,1781933040000,1781912940000,1781940240000,0,4080,17040,5400,780,1,0,1,14.0,7.0,22.0,1,12.0,ADULT,52.0,POSITIVE_HIGHLY_RECOVERING,NONE,GENERAL_POS_EXCELLENT_OR_GOOD_SLEEP,EXCELLENT,27600.0,27600.0,EXCELLENT,0.0,15.0,GOOD,0.0,1.0,90,EXCELLENT,20,FAIR,21.0,31.0,5569.2,8221.2,GOOD,0.0,5.0,64,GOOD,30.0,64.0,7956.0,16972.8,15,FAIR,16.0,33.0,4243.2,8751.6,2,3615274803,2026-06-19T18:49:09,460,460,NO_CHANGE_NO_ADJUSTMENTS,NO_CHANGE,NO_DATA,NO_DATA,NO_CHANGE,0,1410,1430,1,3615274803,2026-06-20T21:26:55,460,460,NO_CHANGE_NO_ADJUSTMENTS,NO_CHANGE,NO_CHANGE,NO_DATA,NO_CHANGE,0,1410,1430,1,73,48,7.37,68,284,90,13,90,,93,139,NONE,ONBOARDING_2,2026-06-20T06:05:06.699,93,1,3615274803,RUNNING,GENERIC,RUNNING,2,DETRAINING,0,4,LOW,FEEDBACK_1,29,412.5,220.0,275,0.1,1,DETRAINING,129031336,55.3,55.0,0,0,0,0,0,,18,0,0,0,2026-06-20T08:04:57.0,3615274803,PRIME,PRIME_RT_HIGHEST_SS_AVAILABLE_ACWR_POS,READY_FOR_ACTION,100,90,90,VERY_GOOD,1,99,GOOD,100,VERY_GOOD,29,0,NONE,0,NONE,511,0,NONE,1,AFTER_WAKEUP_RESET,1,NO_CHANGE_SLEEP,100,26,19.329655381229053,18.0,19.329655381229053,2.3,3,20.890190714938992,2,0,6,50,0,119.8,0,6,24.1,20.7,3.4,18.0,1,0,2026-06-20T00:00:00.0,1,100,PRIME,READY_FOR_ACTION,90,0,0,511,0,29,100,1,NONE,,0.0,25.5,6.0,19.5,70,76,104,,76,104,,,,,,STRESS,2026-06-20T12:24:32,7200000,4140000,-8,STRESS,STRESSFUL_PERIOD,3615274803,2026-06-20T13:37:34,,,,,,,,,,,,,,,,,,,,,,,,,,,,,,,,,,,,,,,,,,,,,58.0,58.0,1,,,,,129031336,3615274803,1,BEHIND,217,460,-80,380,150,51,93.0,
2026-06-21,5603.0,3453.0,2150.0,5603.0,21571,66095,24949,3453.0,3453.0,2,private,5860,2026-06-20T22:00:00.0,2026-06-21T00:00:00.0,2026-06-21T22:00:00.0,2026-06-22T00:00:00.0,86400000,5101,8725,43234,29340,1,1,0,0,28,176,51.832,66.793,17.00525,21.91371,150,10,46,185,50,49,40,100,18000,28020,20640,18300,84960,2100,3660,12240,21.19,32.98,24.29,21.54,2.47,4.31,14.41,BALANCED,37920,28740,47,184,69,77,80,5,5,67,80,3.0,19.0,2026-06-21T19:42:19,VERY_LOW,SLEEP_PREPARATION_NOT_STRESS_DATA_AND_RACE_COMPLETED,SLEEP_PREPARATION_NOT_STRESS_DATA_AND_RACE_COMPLETED_AND_BB_LOW,2026-06-20T23:56:28,HIGH,SLEEP_TIME_PASSED_STRESSFUL_AND_RACE,SLEEP,2026-06-20T22:04:57,7200000,29340000,67,NONE,NONE,3615274803,2026-06-21T06:50:45,STRESS,2026-06-21T10:45:40,7200000,3180000,-8,STRESS,STRESSFUL_PERIOD,3615274803,2026-06-21T11:44:02,14.0,23.0,7.0,20.0,2026-06-21T22:00:00.0,200,27900,0,1,1781993097000,1782022437000,1782000297000,1782029637000,0,5280,16260,6360,1440,1,0,1,14.0,7.0,19.0,2,22.0,ADULT,53.0,POSITIVE_LONG_AND_DEEP,NONE,EVENT_DAY_POS_GOOD_SLEEP,EXCELLENT,27600.0,27600.0,FAIR,0.0,15.0,FAIR,0.0,1.0,82,GOOD,23,EXCELLENT,21.0,31.0,5859.0,8649.0,FAIR,0.0,5.0,58,EXCELLENT,30.0,64.0,8370.0,17856.0,19,EXCELLENT,16.0,33.0,4464.0,9207.0,2,3615274803,2026-06-20T21:26:55,460,460,NO_CHANGE_NO_ADJUSTMENTS,NO_CHANGE,NO_CHANGE,NO_DATA,NO_CHANGE,0,1410,1430,1,3615274803,2026-06-21T21:33:46,460,520,HIGHLY_INCREASED,TODAYS_LOAD_AND_CHRONIC,NO_CHANGE,NO_DATA,NO_CHANGE,1,1350,1430,1,67,50,7.75,88,271,106,24,82,,88,124,NONE,ONBOARDING_2,2026-06-21T06:51:13.291,88,7,3615274803,RUNNING,GENERIC,RUNNING,2,PRODUCTIVE_7,0,80,HIGH,FEEDBACK_4,654,561.0,299.2,374,1.7,1,PRODUCTIVE_7,129031336,55.3,55.0,0,0,0,25,0,ACCLIMATIZING,39,0,0,0,2026-06-21T18:02:26.0,3615274803,POOR,EVENT_DATE_COMPLETED,WELL_DONE,13,82,74,GOOD,5760,10,POOR,55,MODERATE,654,0,NONE,0,NONE,511,90,VERY_GOOD,1,AFTER_POST_EXERCISE_RESET,1,NEW_EXERCISE,13,26,19.329655381229053,18.0,19.329655381229053,2.3,3,20.890190714938992,2,0,6,50,0,132.8,0,6,24.1,20.7,3.4,18.0,1,0,2026-06-21T00:00:00.0,5760,13,POOR,WELL_DONE,82,90,0,511,0,654,55,7,NONE,,0.0,24.9,5.1,19.8,70,76,104,,76,104,,377.0,,,,ACTIVITY,2026-06-21T13:10:37,7200000,10200000,-25,EXERCISE_TRAINING_EFFECT_5,OVERREACHING_VO2MAX,3615274803,2026-06-21T16:02:23,,,,,,,,,,,,,,,,,,,,,,,,,,,,,,,,,Natation en eau libre,open_water_swimming,23332114870,,,,,,,,,,58.0,58.0,1,,,,,129031336,3615274803,1,BEHIND,249,460,-80,380,150,42,88.0,
2026-06-22,2314.0,164.0,2150.0,2314.0,5616,4574,4574,164.0,164.0,2,private,7860,2026-06-21T22:00:00.0,2026-06-22T00:00:00.0,2026-06-22T22:00:00.0,2026-06-23T00:00:00.0,86400000,400,2454,55586,27960,1,0,0,0,0,0,15.438,31.417,5.06496,10.30741,150,10,54,112,57,50,50,93,54720,6660,10140,14580,86100,24180,23940,6600,63.55,7.74,11.78,16.93,28.08,27.8,7.67,VERY_STRESSFUL,45180,26340,55,110,26,23,28,5,8,23,28,3.0,22.0,2026-06-22T21:43:16,LOW,SLEEP_PREPARATION_STRESSFUL_AND_INACTIVE,SLEEP_PREPARATION_STRESSFUL_AND_INACTIVE_AND_BB_LOW,2026-06-22T01:29:56,MODERATE,SLEEP_TIME_PASSED_NOT_STRESS_DATA_AND_ACTIVE_AND_EXERCISE,SLEEP,2026-06-21T22:33:23,7200000,27960000,23,NONE,NONE,3615274803,2026-06-22T06:37:52,,,,,,,,,,14.0,23.0,7.0,10.0,2026-06-22T20:07:00.0,200,27120,0,1,1782081203000,1782109163000,1782088403000,1782116363000,0,3420,19740,3960,840,1,0,1,16.0,10.0,20.0,1,32.0,ADULT,62.0,NEGATIVE_LONG_BUT_NOT_RESTORATIVE,NEGATIVE_VERY_STRENUOUS_EXERCISE,HARD_EXERCISE_NEG_FAIR_OR_POOR_SLEEP_HARD_DURING_DAY,EXCELLENT,27600.0,27600.0,POOR,0.0,15.0,GOOD,0.0,1.0,68,FAIR,15,FAIR,21.0,31.0,5695.2,8407.2,GOOD,0.0,5.0,73,FAIR,30.0,64.0,8136.0,17356.8,13,FAIR,16.0,33.0,4339.2,8949.6,2,3615274803,2026-06-21T21:33:46,460,520,HIGHLY_INCREASED,TODAYS_LOAD_AND_CHRONIC,NO_CHANGE,NO_DATA,NO_CHANGE,1,1350,1430,1,3615274803,2026-06-22T06:37:53,460,460,NO_CHANGE_NO_ADJUSTMENTS,NO_CHANGE,NO_CHANGE,NO_DATA,NO_CHANGE,0,1410,1430,1,23,57,7.53,57,329,66,14,68,,48,78,NONE,ONBOARDING_2,2026-06-22T06:38:18.389,48,7,3615274803,RUNNING,GENERIC,RUNNING,2,PRODUCTIVE_7,0,66,HIGH,FEEDBACK_4,576,546.0,291.2,364,1.5,1,PRODUCTIVE_7,129031336,55.3,55.0,0,0,0,25,25,ACCLIMATIZED,4,0,0,0,2026-06-22T08:37:53.0,3615274803,POOR,POOR_RT_HIGH_SS_GOOD_OR_MOD,LET_YOUR_BODY_RECOVER,1,68,52,MODERATE,5101,10,POOR,64,MODERATE,576,27,POOR,0,NONE,511,79,GOOD,1,AFTER_WAKEUP_RESET,1,NO_CHANGE_SLEEP,1,26,19.329655381229053,18.0,19.329655381229053,2.3,3,20.890190714938992,2,0,6,50,0,132.8,0,6,24.1,20.7,3.4,18.0,1,0,2026-06-22T00:00:00.0,5101,1,POOR,LET_YOUR_BODY_RECOVER,68,79,0,511,27,576,64,7,NONE,,0.0,24.3,4.4,19.9,70,76,105,,76,105,,,,,,,,,,,,,,,,,,,,,,,,,,,,,,,,,,,,,,,,,,,,,,,,,,,,,,,,,,,58.0,58.0,1,,,,,129031336,3615274803,1,BEHIND,266,460,-80,380,150,40,48.0,
2026-06-23,2337.0,187.0,2150.0,2337.0,6859,5599,5599,187.0,187.0,2,private,7640,2026-06-22T22:00:00.0,2026-06-23T00:00:00.0,2026-06-23T22:00:00.0,2026-06-24T00:00:00.0,86400000,1042,2313,59217,23828,1,0,0,0,0,0,42.837,47.797,14.05413,15.68143,150,10,42,110,49,51,36,90,31080,29760,8640,16920,86400,10140,13800,7140,35.97,34.44,10.0,19.58,11.74,15.97,8.26,BALANCED,46920,22560,44,109,78,72,81,8,14,71,81,3.0,24.0,2026-06-23T19:00:13,LOW,SLEEP_PREPARATION_STRESSFUL_AND_INACTIVE,SLEEP_PREPARATION_STRESSFUL_AND_INACTIVE_AND_BB_LOW,2026-06-22T23:47:10,HIGH,SLEEP_TIME_PASSED_STRESSFUL_AND_INACTIVE,SLEEP,2026-06-22T22:44:52,7200000,22800000,73,NONE,NONE,3615274803,2026-06-23T05:05:29,STRESS,2026-06-23T13:04:29,7200000,2940000,-5,STRESS,STRESSFUL_PERIOD,3615274803,2026-06-23T13:56:20,14.0,25.0,7.0,16.0,2026-06-23T22:00:00.0,200,22117,0,1,1782168292000,1782191129000,1782175492000,1782198329000,0,4500,14640,3000,720,1,0,1,15.0,8.0,18.0,1,20.0,ADULT,50.0,POSITIVE_DEEP,POSITIVE_STRESSFUL_DAY,GENERAL_POS_FAIR_OR_POOR_SLEEP,FAIR,27600.0,27600.0,FAIR,0.0,15.0,GOOD,0.0,1.0,74,FAIR,14,FAIR,21.0,31.0,4644.57,6856.27,GOOD,0.0,5.0,66,FAIR,30.0,64.0,6635.1,14154.88,20,EXCELLENT,16.0,33.0,3538.72,7298.61,2,3615274803,2026-06-22T06:37:53,460,460,NO_CHANGE_NO_ADJUSTMENTS,NO_CHANGE,NO_CHANGE,NO_DATA,NO_CHANGE,0,1410,1430,1,3615274803,2026-06-23T05:05:30,460,490,INCREASED,HIGH_ACWR_AND_CHRONIC,INCREASING,NO_CHANGE,NO_CHANGE,1,1380,1430,1,73,49,6.14,75,244,50,12,74,80,104,136,BALANCED,HRV_BALANCED_2,2026-06-23T05:06:05.974,104,7,3615274803,RUNNING,GENERIC,RUNNING,2,PRODUCTIVE_6,0,61,OPTIMAL,FEEDBACK_3,512,526.5,280.8,351,1.4,1,PRODUCTIVE_6,129031336,55.3,55.0,0,0,0,25,25,ACCLIMATIZED,21,0,0,0,2026-06-23T07:05:29.0,3615274803,POOR,POOR_RT_HIGH_SS_GOOD_OR_MOD,LET_YOUR_BODY_RECOVER,1,74,61,MODERATE,3866,16,POOR,71,GOOD,512,27,POOR,91,GOOD,80,58,MODERATE,1,AFTER_WAKEUP_RESET,1,NO_CHANGE_SLEEP,1,26,19.329655381229053,18.0,19.329655381229053,2.1,3,20.890190714938992,2,0,6,50,0,124.6,0,6,24.1,20.7,3.4,18.0,1,0,2026-06-23T00:00:00.0,3866,1,POOR,LET_YOUR_BODY_RECOVER,74,58,91,80,27,512,71,7,BALANCED,80,0.0,23.7,3.8,20.0,70,76,105,0.31895447,76,105,0.31895447,,,,,,,,,,,,,,,,,,,,,,,,,,,,,,,,,,,,,,,,,,,,,,,,,,,,,,,,,,58.0,58.0,1,,,,,129031336,3615274803,1,BEHIND,235,460,-80,380,150,41,104.0,
2026-06-24,2218.0,68.0,2150.0,2218.0,3182,2601,2601,68.0,68.0,2,private,7490,2026-06-23T22:00:00.0,2026-06-24T00:00:00.0,2026-06-24T22:00:00.0,2026-06-25T00:00:00.0,86400000,581,770,59760,25289,1,0,0,0,0,0,15.652,26.687,5.13517,8.75558,150,10,42,103,47,50,35,93,35880,28620,5700,16200,86400,13560,16920,5400,41.53,33.12,6.6,18.75,15.69,19.58,6.25,STRESSFUL,45240,24960,44,101,85,77,99,14,22,87,99,3.0,31.0,2026-06-24T19:00:16,MODERATE,SLEEP_PREPARATION_STRESSFUL_AND_INACTIVE,SLEEP_PREPARATION_STRESSFUL_AND_INACTIVE,2026-06-23T23:05:57,HIGH,SLEEP_TIME_PASSED_STRESSFUL_AND_INACTIVE,SLEEP,2026-06-23T21:43:29,7200000,26280000,86,NONE,NONE,3615274803,2026-06-24T05:23:42,STRESS,2026-06-24T07:35:42,7200000,3780000,-12,STRESS,STRESSFUL_PERIOD,3615274803,2026-06-24T08:43:17,13.0,24.0,6.0,17.0,2026-06-24T18:46:00.0,200,26280,0,1,1782251009000,1782277289000,1782258209000,1782284489000,0,3120,17640,5520,0,1,0,1,15.0,10.0,20.0,0,16.0,ADULT,50.0,POSITIVE_LONG_AND_CONTINUOUS,NONE,RHYTHM_POS_GOOD_SLEEP_EXCELLENT_TIMING,EXCELLENT,27600.0,27600.0,FAIR,0.0,15.0,EXCELLENT,0.0,1.0,84,GOOD,21,GOOD,21.0,31.0,5518.8,8146.8,EXCELLENT,0.0,5.0,67,FAIR,30.0,64.0,7884.0,16819.2,12,FAIR,16.0,33.0,4204.8,8672.4,2,3615274803,2026-06-23T05:05:30,460,490,INCREASED,HIGH_ACWR_AND_CHRONIC,INCREASING,NO_CHANGE,NO_CHANGE,1,1380,1430,1,3615274803,2026-06-24T05:23:43,460,460,NO_CHANGE_NO_ADJUSTMENTS,NO_CHANGE,NO_CHANGE,NO_CHANGE,NO_CHANGE,0,1410,1430,1,86,47,7.3,52,294,92,,84,86,116,184,BALANCED,HRV_BALANCED_2,2026-06-24T05:23:55.770,116,7,3615274803,RUNNING,GENERIC,RUNNING,2,PRODUCTIVE_2,0,57,OPTIMAL,FEEDBACK_3,448,508.5,271.2,339,1.3,1,PRODUCTIVE_2,129031336,55.3,55.0,0,0,0,25,25,ACCLIMATIZED,25,0,0,0,2026-06-24T07:23:43.0,3615274803,LOW,LOW_RT_HIGH_SS_GOOD_OR_MOD,HIGH_RECOVERY_NEEDS,33,84,78,GOOD,2409,37,POOR,77,GOOD,448,35,POOR,100,VERY_GOOD,86,58,MODERATE,1,AFTER_WAKEUP_RESET,1,NO_CHANGE_SLEEP,33,26,19.329655381229053,18.0,19.329655381229053,2.1,3,20.890190714938992,2,0,6,50,0,124.6,0,6,24.1,20.7,3.4,18.0,1,0,2026-06-24T00:00:00.0,2409,33,LOW,HIGH_RECOVERY_NEEDS,84,58,100,86,35,448,77,7,BALANCED,86,0.0,23.2,3.2,19.9,70,76,104,0.42855835,76,104,0.42855835,,,,,,,,,,,,,,,,,,,,,,,,,,,,,,,,,,,,,,,,,,,,,,,,,,,,,,,,,,58.0,58.0,1,,,,,129031336,3615274803,1,ALIGNED,202,460,-80,380,150,55,116.0,
2026-06-25,2208.0,58.0,2150.0,2208.0,2778,2272,2272,58.0,58.0,2,private,6630,2026-06-24T22:00:00.0,2026-06-25T00:00:00.0,2026-06-25T22:00:00.0,2026-06-26T00:00:00.0,86400000,557,631,85212,0,1,0,0,0,0,0,21.354,12.183,7.00591,3.99705,150,10,54,101,55,51,57,90,37260,1980,5100,42000,86340,10680,22320,4260,43.15,2.29,5.91,48.64,12.37,25.85,4.93,VERY_STRESSFUL_AWAKE,44340,0,55,100,0,68,89,21,21,,,3.0,31.0,2026-06-25T20:29:27,MODERATE,SLEEP_PREPARATION_STRESSFUL_AND_INACTIVE,SLEEP_PREPARATION_STRESSFUL_AND_INACTIVE,2026-06-25T03:10:03,HIGH,SLEEP_TIME_PASSED_NOT_STRESS_DATA_AND_INACTIVE,,,,,,,,,,,,,,,,,,,13.0,22.0,7.0,11.0,2026-06-25T19:03:00.0,200,,,,,,,,,,,,,0,0,,,,,,,,,,,,,,,,,,,,,,,,,,,,,,,,,,,,,,,,,,,,,3615274803,2026-06-24T05:23:43,460,460,NO_CHANGE_NO_ADJUSTMENTS,NO_CHANGE,NO_CHANGE,NO_CHANGE,NO_CHANGE,0,1410,1430,1,3615274803,2026-06-25T05:54:57,460,460,NO_CHANGE_NO_ADJUSTMENTS,NO_CHANGE,NO_DATA,NO_DATA,NO_CHANGE,0,1410,1430,1,,,,,,,,,86,,,BALANCED,HRV_BALANCED_2,2026-06-25T05:56:51.215,,7,3615274803,RUNNING,GENERIC,RUNNING,2,PRODUCTIVE_2,0,47,OPTIMAL,FEEDBACK_2,384,493.5,263.2,329,1.1,1,PRODUCTIVE_2,129031336,55.3,55.0,0,0,0,25,25,ACCLIMATIZED,31,0,0,0,2026-06-25T07:54:57.0,3615274803,MODERATE,MOD_RT_LOW_SS_UNKNOWN_STRESS_HISTORY_NEG,BALANCE_STRESS_AND_RECOVERY,52,,0,NONE,968,74,GOOD,84,GOOD,384,35,POOR,100,VERY_GOOD,86,71,GOOD,0,AFTER_WAKEUP_RESET,1,,52,26,19.329655381229053,18.0,19.329655381229053,2.0,3,20.890190714938992,2,0,6,50,0,118.3,0,6,24.1,20.7,3.4,18.0,1,0,2026-06-25T00:00:00.0,968,52,MODERATE,BALANCE_STRESS_AND_RECOVERY,,71,100,86,35,384,84,7,BALANCED,86,0.0,22.6,2.8,19.9,70,76,105,0.42240906,76,105,0.42240906,,,,,,,,,,,,,,,,,,,,,,,,,,,,,,,,,,,,,,,,,,,,,,,,,,,,,,,,,,58.0,58.0,1,,,,,129031336,3615274803,1,NO_LAST_SLEEP_DATA,,460,-80,380,150,,,
2026-06-26,2226.0,76.0,2150.0,2226.0,2501,2053,2053,76.0,76.0,2,private,5860,2026-06-25T22:00:00.0,2026-06-26T00:00:00.0,2026-06-26T22:00:00.0,2026-06-27T00:00:00.0,86400000,380,970,85050,0,1,0,0,0,0,0,40.668,33.336,13.34252,10.93701,150,10,61,121,54,52,63,91,28500,300,3300,54240,86340,5880,15540,7080,33.01,0.35,3.82,62.82,6.81,18.0,8.2,VERY_STRESSFUL_AWAKE,32100,0,62,118,0,50,72,15,15,,,3.0,28.0,2026-06-26T21:33:54,MODERATE,SLEEP_PREPARATION_STRESSFUL_AND_INACTIVE,SLEEP_PREPARATION_STRESSFUL_AND_INACTIVE,2026-06-25T22:30:17,HIGH,SLEEP_TIME_PASSED_STRESSFUL_AND_INACTIVE,STRESS,2026-06-26T10:37:46,7200000,2220000,-5,STRESS,STRESSFUL_PERIOD,3615274803,2026-06-26T11:18:52,STRESS,2026-06-26T11:25:56,7200000,3360000,-6,STRESS,STRESSFUL_PERIOD,3615274803,2026-06-26T12:24:51,14.0,26.0,7.0,26.0,2026-06-26T21:59:00.0,200,,,,,,,,,,,,,0,0,,,,,,,,,,,,,,,,,,,,,,,,,,,,,,,,,,,,,,,,,,,,,3615274803,2026-06-25T05:54:57,460,460,NO_CHANGE_NO_ADJUSTMENTS,NO_CHANGE,NO_DATA,NO_DATA,NO_CHANGE,0,1410,1430,1,3615274803,2026-06-26T05:59:57,460,460,NO_CHANGE_NO_ADJUSTMENTS,NO_CHANGE,NO_DATA,NO_DATA,NO_CHANGE,0,1410,1430,1,,,,,,,,,86,,,BALANCED,HRV_BALANCED_2,2026-06-26T06:21:47.901,,4,3615274803,RUNNING,GENERIC,RUNNING,2,MAINTAINING_3,0,42,OPTIMAL,FEEDBACK_2,320,477.0,254.4,318,1.0,1,MAINTAINING_3,129031336,55.3,55.0,0,0,0,25,25,ACCLIMATIZED,29,0,0,0,2026-06-26T07:59:57.0,3615274803,MODERATE,MOD_RT_LOW_SS_UNKNOWN_STRESS_HISTORY_NEG,BALANCE_STRESS_AND_RECOVERY,72,,0,NONE,1,99,GOOD,91,GOOD,320,39,POOR,100,VERY_GOOD,86,78,GOOD,0,AFTER_WAKEUP_RESET,1,,72,26,20.318089690034686,18.0,19.329655381229053,1.8,3,20.890190714938992,2,0,6,50,0,108.8,0,6,24.1,20.7,3.4,18.365128696434226,1,0,2026-06-26T00:00:00.0,1,72,MODERATE,BALANCE_STRESS_AND_RECOVERY,,78,100,86,39,320,91,4,BALANCED,86,0.0,22.1,2.4,19.7,70,76,105,0.42240906,76,105,0.42240906,,,,,,,,,,,,,,,,,,,,,,,,,,,,,,,,,,,,,,,,,,,,,,,,,,,,,,,,,,58.0,58.0,1,,,,,129031336,3615274803,1,NO_LAST_SLEEP_DATA,,460,-80,380,150,,,
2026-06-27,2939.0,789.0,2150.0,2939.0,11785,13381,13381,789.0,789.0,2,private,5190,2026-06-26T22:00:00.0,2026-06-27T00:00:00.0,2026-06-27T22:00:00.0,2026-06-28T00:00:00.0,86400000,3246,1869,48045,33240,1,1,0,0,7,52,53.596,56.191,17.58399,18.43537,150,10,46,170,50,52,25,88,12180,33480,6900,33480,86040,6060,4140,1980,14.16,38.91,8.02,38.91,7.04,4.81,2.3,UNKNOWN,19380,33180,48,169,67,42,81,14,40,66,81,3.0,33.0,2026-06-27T19:15:41,MODERATE,NO_DATA,NO_DATA,2026-06-27T00:13:32,HIGH,SLEEP_TIME_PASSED_STRESSFUL_AND_INACTIVE,SLEEP,2026-06-26T22:54:56,7200000,33240000,66,NONE,NONE,3615274803,2026-06-27T08:11:35,ACTIVITY,2026-06-27T13:47:12,7200000,3060000,-11,EXERCISE_TRAINING_EFFECT_3,IMPROVING_LACTATE_THRESHOLD,3615274803,2026-06-27T14:39:33,13.0,22.0,8.0,19.0,2026-06-27T14:43:00.0,200,33180,0,1,1782514496000,1782547736000,1782521696000,1782554936000,0,3900,21780,7500,60,1,0,1,15.0,11.0,20.0,0,22.0,ADULT,55.0,POSITIVE_LONG_AND_REFRESHING,NONE,GENERAL_POS_EXCELLENT_OR_GOOD_SLEEP,EXCELLENT,27600.0,27600.0,FAIR,0.0,15.0,EXCELLENT,0.0,1.0,83,GOOD,23,EXCELLENT,21.0,31.0,6967.8,10285.8,EXCELLENT,0.0,5.0,66,FAIR,30.0,64.0,9954.0,21235.2,12,FAIR,16.0,33.0,5308.8,10949.4,2,3615274803,2026-06-26T05:59:57,460,460,NO_CHANGE_NO_ADJUSTMENTS,NO_CHANGE,NO_DATA,NO_DATA,NO_CHANGE,0,1410,1430,1,3615274803,2026-06-27T14:39:36,460,460,NO_CHANGE_NO_ADJUSTMENTS,NO_CHANGE,NO_CHANGE,NO_CHANGE,NO_CHANGE,0,1410,1430,1,66,50,9.22,65,363,125,1,83,84,81,130,BALANCED,HRV_BALANCED_8,2026-06-27T14:41:37.118,81,4,3615274803,RUNNING,GENERIC,RUNNING,2,MAINTAINING_4,0,52,OPTIMAL,FEEDBACK_2,428,508.5,271.2,339,1.2,1,MAINTAINING_4,129031336,55.0,55.0,0,0,0,48,25,ACCLIMATIZING,31,0,0,0,2026-06-27T23:27:35.0,3615274803,MODERATE,MOD_RT_HIGH_SS_GOOD_WORKOUT_COMPLETED,HIGH_RECOVERY_NEEDS,51,83,76,GOOD,2243,39,POOR,80,GOOD,428,0,NONE,100,VERY_GOOD,84,0,NONE,1,UPDATE_REALTIME_VARIABLES,1,,51,26,20.318089690034686,18.0,20.318089690034686,1.8,3,20.890190714938992,2,0,6,50,0,117.5,0,6,24.1,20.7,3.4,18.365128696434226,1,0,2026-06-27T00:00:00.0,2243,51,MODERATE,HIGH_RECOVERY_NEEDS,83,0,100,84,0,428,80,4,BALANCED,84,63.4,23.1,11.1,12.0,70,76,105,0.3879242,76,105,0.3879242,71.0,Chevrières Course à pied,running,23397450449,,,,,,,,,,129031336,55.0,55.0,0,0,0,48,25,31,0,0,0,55.0,,,,,,,,,,,,,,,,,,,,,,,,,,,,,,ACCLIMATIZING,,58.0,58.0,1,,,,,129031336,3615274803,1,BEHIND,331,460,-80,380,150,73,81.0,
2026-06-28,3301.0,1151.0,2150.0,2176.0,553,64991,561,932.0,1151.0,2,private,5850,2026-06-27T22:00:00.0,2026-06-28T00:00:00.0,2026-06-28T22:00:00.0,2026-06-29T00:00:00.0,86400000,339,550,84466,1045,1,1,0,0,46,83,3.048,0.0,1.0,0.0,150,10,57,154,56,53,29,46,1380,1140,,83820,86340,1380,,,1.6,1.32,0.0,97.08,1.6,0.0,0.0,UNKNOWN,1500,1020,57,154,1,0,28,27,28,,,3.0,24.0,2026-06-28T19:00:16,HIGH,NO_DATA,NO_DATA,,,,,,,,,,,,,,,,,,,,,,21.0,27.0,13.0,17.0,2026-06-28T22:00:00.0,200,,,,,,,,,,,,,0,0,,,,,,,,,,,,,,,,,,,,,,,,,,,,,,,,,,,,,,,,,,,,,3615274803,2026-06-27T14:39:36,460,460,NO_CHANGE_NO_ADJUSTMENTS,NO_CHANGE,NO_CHANGE,NO_CHANGE,NO_CHANGE,0,1410,1430,1,3615274803,2026-06-28T09:03:23,460,460,NO_CHANGE_NO_ADJUSTMENTS,NO_CHANGE,NO_DATA,NO_DATA,NO_CHANGE,0,1410,1430,1,,,,,,,,,83,,,BALANCED,HRV_BALANCED_2,2026-06-28T09:02:27.546,,7,3615274803,RUNNING,GENERIC,RUNNING,2,PRODUCTIVE_2,0,57,OPTIMAL,FEEDBACK_3,492,532.5,284.0,355,1.3,1,PRODUCTIVE_2,129031336,55.0,55.0,0,0,0,48,48,ACCLIMATIZED,14,0,0,0,2026-06-28T11:03:23.0,3615274803,MODERATE,MOD_RT_MOD_SS_UNKNOWN,RECOVERY_IN_PROGRESS,59,,0,NONE,1548,58,MODERATE,89,GOOD,347,0,NONE,100,VERY_GOOD,83,76,GOOD,0,AFTER_POST_EXERCISE_RESET,1,,59,26,19.329655381229053,18.0,20.318089690034686,2.0,3,20.890190714938992,2,0,6,50,0,126.5,0,6,24.1,20.7,3.4,18.0,1,0,2026-06-28T00:00:00.0,1548,59,MODERATE,RECOVERY_IN_PROGRESS,,76,100,83,0,347,89,7,BALANCED,83,92.2,24.7,22.7,2.0,70,76,105,0.37068176,76,105,0.37068176,204.0,,,,,,,,,,,,,,,,,,,,,,,,,,,,,,,,,,,,,,,,,,,,1125.0,,,,,,,,,,,,,58.0,58.0,1,,,,,129031336,3615274803,1,NO_LAST_SLEEP_DATA,,460,-80,380,150,,,
2026-06-29,2607.0,457.0,2150.0,2607.0,7156,6515,5848,457.0,457.0,2,private,5850,2026-06-28T22:00:00.0,2026-06-29T00:00:00.0,2026-06-29T22:00:00.0,2026-06-30T00:00:00.0,86400000,1232,2063,54504,28601,1,1,0,0,8,23,45.906,34.999,15.06102,11.48261,150,10,46,151,51,52,38,90,34320,29880,10260,11880,86340,12900,14640,6780,39.75,34.61,11.88,13.76,14.94,16.96,7.85,BALANCED,48360,26100,47,149,59,71,85,14,16,58,85,3.0,28.0,2026-06-29T21:50:52,MODERATE,SLEEP_PREPARATION_STRESSFUL_AND_EXERCISE,SLEEP_PREPARATION_STRESSFUL_AND_EXERCISE,,,,SLEEP,2026-06-28T21:42:35,7200000,27420000,58,NONE,NONE,3615274803,2026-06-29T05:47:03,ACTIVITY,2026-06-29T16:40:08,7200000,3300000,-4,EXERCISE_TRAINING_EFFECT_2,EASY_AEROBIC,3615274803,2026-06-29T17:35:54,14.0,26.0,7.0,18.0,2026-06-29T21:59:00.0,200,27420,0,1,1782682955000,1782710375000,1782690155000,1782717575000,0,5820,15540,6060,0,1,0,1,15.0,9.0,18.0,0,16.0,ADULT,54.0,POSITIVE_OPTIMAL_STRUCTURE,NONE,RHYTHM_POS_EXCELLENT_SLEEP_GOOD_TIMING,EXCELLENT,27600.0,27600.0,GOOD,0.0,15.0,EXCELLENT,0.0,1.0,91,EXCELLENT,22,GOOD,21.0,31.0,5758.2,8500.2,EXCELLENT,0.0,5.0,57,EXCELLENT,30.0,64.0,8226.0,17548.8,21,EXCELLENT,16.0,33.0,4387.2,9048.6,2,3615274803,2026-06-28T09:03:23,460,460,NO_CHANGE_NO_ADJUSTMENTS,NO_CHANGE,NO_DATA,NO_DATA,NO_CHANGE,0,1410,1430,1,3615274803,2026-06-29T17:35:55,460,460,NO_CHANGE_NO_ADJUSTMENTS,NO_CHANGE,NO_CHANGE,NO_CHANGE,NO_CHANGE,0,1410,1430,1,58,51,7.62,97,259,101,,91,95,82,117,BALANCED,HRV_BALANCED_6,2026-06-29T05:47:16.941,82,7,3615274803,RUNNING,GENERIC,RUNNING,2,PRODUCTIVE_2,0,52,OPTIMAL,FEEDBACK_2,450,537.0,286.40000000000003,358,1.2,1,PRODUCTIVE_2,129031336,55.0,55.0,0,0,0,48,48,ACCLIMATIZED,19,0,0,0,2026-06-29T19:35:55.0,3615274803,HIGH,HIGH_RT_AVAILABLE_SS_HIGHEST,RESTED_AND_READY,80,91,91,VERY_GOOD,807,78,GOOD,92,GOOD,320,0,NONE,90,GOOD,95,76,GOOD,1,AFTER_POST_EXERCISE_RESET,1,REACHED_ZERO,80,26,19.329655381229053,18.0,19.329655381229053,2.1,3,20.890190714938992,2,0,6,50,0,130.3,0,6,24.1,20.7,3.4,18.0,1,0,2026-06-29T00:00:00.0,807,80,HIGH,RESTED_AND_READY,91,76,90,95,0,320,92,7,BALANCED,95,35.6,25.0,24.5,0.5,68,75,107,0.5625,75,107,0.5625,33.0,Nat. piscine,lap_swimming,23420749098,,,,,,,,,,,,,,,,,,,,,,,,,,,,,,,,,,,,,,,,,,,,,,,,,,,,,,58.0,58.0,1,,,,,129031336,3615274803,1,BEHIND,211,460,-80,380,150,48,82.0,
2026-06-30,2279.0,129.0,2150.0,2279.0,5312,4335,4335,129.0,129.0,2,private,5980,2026-06-29T22:00:00.0,2026-06-30T00:00:00.0,2026-06-30T22:00:00.0,2026-07-01T00:00:00.0,86400000,824,1706,56696,27174,1,0,0,0,0,0,35.736,31.2,11.72441,10.23622,150,10,43,105,48,52,34,93,32040,30240,7380,16680,86340,14700,13500,3840,37.11,35.02,8.55,19.32,17.03,15.64,4.45,BALANCED,42540,27120,45,102,69,68,85,16,17,71,85,3.0,35.0,2026-06-30T19:35:45,MODERATE,SLEEP_PREPARATION_STRESSFUL_AND_EXERCISE,SLEEP_PREPARATION_STRESSFUL_AND_EXERCISE,2026-06-29T23:09:13,HIGH,SLEEP_TIME_PASSED_STRESSFUL_AND_EXERCISE,SLEEP,2026-06-29T21:22:54,7200000,29400000,71,NONE,NONE,3615274803,2026-06-30T06:08:35,,,,,,,,,,13.0,23.0,7.0,19.0,2026-06-30T21:59:00.0,200,28920,0,1,1782768174000,1782797574000,1782775374000,1782804774000,0,4080,18600,6240,480,1,0,1,16.0,10.0,19.0,0,17.0,ADULT,53.0,POSITIVE_LONG_AND_CONTINUOUS,POSITIVE_EXERCISE,MOD_EXERCISE_POS_EXCELLENT_OR_GOOD_SLEEP_MODERATE_DURING_DAY,EXCELLENT,27600.0,27600.0,FAIR,0.0,15.0,EXCELLENT,0.0,1.0,87,GOOD,22,GOOD,21.0,31.0,6073.2,8965.2,EXCELLENT,0.0,5.0,64,GOOD,30.0,64.0,8676.0,18508.8,14,FAIR,16.0,33.0,4627.2,9543.6,2,3615274803,2026-06-29T17:35:55,460,460,NO_CHANGE_NO_ADJUSTMENTS,NO_CHANGE,NO_CHANGE,NO_CHANGE,NO_CHANGE,0,1410,1430,1,3615274803,2026-06-30T06:12:25,460,460,NO_CHANGE_NO_ADJUSTMENTS,NO_CHANGE,NO_CHANGE,NO_CHANGE,NO_CHANGE,0,1430,10,1,71,48,8.03,68,310,104,8,87,89,81,122,BALANCED,HRV_BALANCED_7,2026-06-30T06:09:40.726,81,4,3615274803,RUNNING,GENERIC,RUNNING,2,MAINTAINING_4,0,47,OPTIMAL,FEEDBACK_2,416,549.0,292.8,366,1.1,1,MAINTAINING_4,129031336,55.0,55.0,0,0,0,48,48,ACCLIMATIZED,23,0,0,0,2026-06-30T20:27:35.0,3615274803,PRIME,PRIME_RT_HIGHEST_SS_AVAILABLE_SLEEP_HISTORY_POS,READY_TO_GO,95,87,84,GOOD,226,94,GOOD,96,GOOD,300,0,NONE,100,VERY_GOOD,89,91,VERY_GOOD,1,UPDATE_REALTIME_VARIABLES,1,,95,26,19.503849852087825,18.0,19.329655381229053,2.0,3,20.890190714938992,2,0,6,51,0,126.5,0,6,24.1,20.7,3.4,18.0,1,0,2026-06-30T00:00:00.0,226,95,PRIME,READY_TO_GO,87,91,100,89,0,300,96,4,BALANCED,89,0.0,24.4,21.0,3.4,68,75,108,0.46211243,75,108,0.46211243,,,,,,,,,,,,,,,,,,,,,,,,,,,,,,,,,,,,,,,,,,,,,,,,,,,,,,,,,,58.0,58.0,1,,,,,129031336,3615274803,1,ALIGNED,207,460,-80,380,150,60,81.0,
2026-07-01,2886.0,736.0,2150.0,2886.0,13315,14189,14189,736.0,736.0,2,private,5920,2026-06-30T22:00:00.0,2026-07-01T00:00:00.0,2026-07-01T22:00:00.0,2026-07-02T00:00:00.0,86400000,4621,877,57742,23160,1,1,0,0,3,57,99.179,101.79,32.53904,33.39567,150,10,44,141,47,52,34,87,36120,27360,8520,13920,85920,18240,15120,2760,42.04,31.84,9.92,16.2,21.23,17.6,3.21,STRESSFUL,49020,22980,45,140,76,80,91,13,13,74,90,3.0,45.0,2026-07-01T20:38:44,LOW,SLEEP_PREPARATION_STRESSFUL_AND_INTENSIVE_EXERCISE,SLEEP_PREPARATION_STRESSFUL_AND_INTENSIVE_EXERCISE_AND_BB_LOW,2026-07-01T00:21:13,HIGH,SLEEP_TIME_PASSED_STRESSFUL_AND_EXERCISE,SLEEP,2026-06-30T23:18:35,7200000,23160000,74,NONE,NONE,3615274803,2026-07-01T05:46:59,ACTIVITY,2026-07-01T10:19:54,7200000,3180000,-13,EXERCISE_TRAINING_EFFECT_3,IMPROVING_AEROBIC_BASE,3615274803,2026-07-01T11:19:31,13.0,24.0,6.0,10.0,2026-07-01T21:59:00.0,200,23160,0,1,1782861515000,1782884675000,1782868715000,1782891875000,0,4860,14940,3360,0,1,0,1,15.0,9.0,18.0,0,9.0,ADULT,50.0,POSITIVE_RECOVERING,NONE,MOD_EXERCISE_POS_EXCELLENT_OR_GOOD_SLEEP_VIGOROUS_DURING_DAY,FAIR,27600.0,27600.0,EXCELLENT,0.0,15.0,EXCELLENT,0.0,1.0,81,GOOD,15,FAIR,21.0,31.0,4863.6,7179.6,EXCELLENT,0.0,5.0,65,FAIR,30.0,64.0,6948.0,14822.4,21,EXCELLENT,16.0,33.0,3705.6,7642.8,2,3615274803,2026-06-30T06:12:25,460,460,NO_CHANGE_NO_ADJUSTMENTS,NO_CHANGE,NO_CHANGE,NO_CHANGE,NO_CHANGE,0,1430,10,1,3615274803,2026-07-01T11:19:32,460,460,NO_CHANGE_NO_ADJUSTMENTS,NO_CHANGE,NO_CHANGE,NO_CHANGE,NO_CHANGE,0,1430,10,1,74,47,6.43,81,249,56,,81,85,99,138,BALANCED,HRV_BALANCED_8,2026-07-01T05:47:13.984,99,4,3615274803,RUNNING,GENERIC,RUNNING,2,MAINTAINING_3,0,42,OPTIMAL,FEEDBACK_2,401,570.0,304.0,380,1.0,1,MAINTAINING_3,129031336,55.4,55.0,0,0,0,44,48,DEACCLIMATIZING,41,0,0,0,2026-07-01T13:19:32.0,3615274803,MODERATE,MOD_RT_MOD_SS_GOOD_WORKOUT_COMPLETED,RECOVERY_IN_PROGRESS,58,81,72,GOOD,1222,67,MODERATE,97,GOOD,299,56,MODERATE,100,VERY_GOOD,85,86,GOOD,1,AFTER_POST_EXERCISE_RESET,1,REACHED_ZERO,58,26,19.503849852087825,18.0,19.503849852087825,2.0,3,20.890190714938992,2,0,6,51,0,131.1,0,6,24.1,20.7,3.4,18.0,1,0,2026-07-01T00:00:00.0,1222,58,MODERATE,RECOVERY_IN_PROGRESS,81,86,100,85,56,299,97,4,BALANCED,85,33.9,24.6,22.9,1.8,68,75,110,0.39285278,75,110,0.39285278,75.0,Aulnay-sous-Bois Course à pied,running,23440659679,,,,,,,,,,129031336,55.4,55.0,0,0,0,44,48,41,0,0,0,55.4,,,,,,,,,,,,,,,,,,,,,,,,,,,,,,DEACCLIMATIZING,,58.0,58.0,1,,,,,129031336,3615274803,1,BEHIND,271,460,-80,380,150,42,99.0,
2026-07-02,2622.0,472.0,2150.0,2244.0,4254,16219,3482,305.0,472.0,2,private,6660,2026-07-01T22:00:00.0,2026-07-02T00:00:00.0,2026-07-02T22:00:00.0,2026-07-03T00:00:00.0,86400000,968,2807,55328,27297,1,1,0,0,1,11,31.302,9.098,10.26969,2.98491,150,10,43,130,46,50,29,89,23100,30360,3960,28920,86340,9000,13020,1080,26.75,35.16,4.59,33.5,10.42,15.08,1.25,BALANCED,32340,25080,44,130,87,68,94,13,21,79,93,3.0,36.0,2026-07-02T19:55:51,MODERATE,SLEEP_PREPARATION_NOT_STRESS_DATA_AND_EXERCISE,SLEEP_PREPARATION_NOT_STRESS_DATA_AND_EXERCISE,2026-07-01T23:55:55,HIGH,SLEEP_TIME_PASSED_STRESSFUL_AND_INTENSIVE_EXERCISE,SLEEP,2026-07-01T22:28:31,7200000,25200000,79,NONE,NONE,3615274803,2026-07-02T05:46:03,,,,,,,,,,14.0,22.0,6.0,17.0,2026-07-02T22:00:00.0,200,23640,0,1,1782944911000,1782970111000,1782952111000,1782977311000,0,3900,14520,5220,1560,1,0,1,14.0,7.0,21.0,1,15.0,ADULT,50.0,POSITIVE_REFRESHING,POSITIVE_LATE_BED_TIME,MOD_EXERCISE_POS_EXCELLENT_OR_GOOD_SLEEP_VIGOROUS_DURING_DAY_OUTDOOR,FAIR,27600.0,27600.0,GOOD,0.0,15.0,GOOD,0.0,1.0,80,GOOD,22,GOOD,21.0,31.0,4964.4,7328.4,GOOD,0.0,5.0,61,GOOD,30.0,64.0,7092.0,15129.6,16,GOOD,16.0,33.0,3782.4,7801.2,2,3615274803,2026-07-01T11:19:32,460,460,NO_CHANGE_NO_ADJUSTMENTS,NO_CHANGE,NO_CHANGE,NO_CHANGE,NO_CHANGE,0,1430,10,1,3615274803,2026-07-02T19:55:50,460,460,NO_CHANGE_NO_ADJUSTMENTS,NO_CHANGE,NO_CHANGE,NO_CHANGE,NO_CHANGE,0,1430,10,1,79,46,6.57,65,242,87,26,80,88,101,138,BALANCED,HRV_BALANCED_5,2026-07-02T05:46:22.725,101,4,3615274803,RUNNING,GENERIC,RUNNING,2,MAINTAINING_3,0,42,OPTIMAL,FEEDBACK_2,387,561.0,299.2,374,1.0,1,MAINTAINING_3,129031336,55.4,55.0,0,0,0,40,44,DEACCLIMATIZING,25,0,0,0,2026-07-02T21:55:50.0,3615274803,MODERATE,MOD_RT_LOW_SS_GOOD,RECOVERED_AND_READY,68,80,70,GOOD,600,84,GOOD,96,GOOD,300,58,MODERATE,100,VERY_GOOD,88,76,GOOD,1,AFTER_POST_EXERCISE_RESET,1,,68,26,19.329655381229053,18.0,19.503849852087825,2.1,3,20.890190714938992,2,0,6,50,0,133.0,0,6,24.1,20.7,3.4,18.0,1,0,2026-07-02T00:00:00.0,600,68,MODERATE,RECOVERED_AND_READY,80,76,100,88,58,300,96,4,BALANCED,88,48.5,25.2,26.5,-1.3,68,75,110,0.43569946,75,110,0.43569946,60.0,,,,,,,,,,,,,,,,,,,,,,,,,,,,,,,,,,,,,,,,,,,,378.0,,,,,,,,,,,,,58.0,58.0,1,,,,,129031336,3615274803,1,BEHIND,238,460,-80,380,150,34,101.0,
2026-07-03,2270.0,120.0,2150.0,2270.0,4881,3975,3975,120.0,120.0,2,private,6420,2026-07-02T22:00:00.0,2026-07-03T00:00:00.0,2026-07-03T22:00:00.0,2026-07-04T00:00:00.0,86400000,635,1618,57984,26163,1,0,0,0,0,0,16.0,19.793,5.24934,6.49377,150,10,41,116,46,49,28,93,28860,33900,4680,18960,86400,18000,9300,1560,33.4,39.24,5.42,21.94,20.83,10.76,1.81,BALANCED,41340,26100,42,109,78,64,99,21,35,84,99,3.0,31.0,2026-07-03T19:00:21,HIGH,SLEEP_PREPARATION_BALANCED_AND_INTENSIVE_EXERCISE,SLEEP_PREPARATION_BALANCED_AND_INTENSIVE_EXERCISE,2026-07-03T00:39:30,HIGH,SLEEP_TIME_PASSED_STRESSFUL_AND_EXERCISE,SLEEP,2026-07-02T21:25:03,7200000,28260000,84,NONE,NONE,3615274803,2026-07-03T05:48:35,,,,,,,,,,12.0,21.0,6.0,18.0,2026-07-03T17:54:00.0,200,27720,0,1,1783027503000,1783055763000,1783034703000,1783062963000,0,6600,15000,6120,540,1,0,1,15.0,10.0,18.0,1,15.0,ADULT,49.0,POSITIVE_OPTIMAL_STRUCTURE,NONE,MOD_EXERCISE_POS_EXCELLENT_OR_GOOD_SLEEP_MODERATE_CLOSE_BED,EXCELLENT,27600.0,27600.0,GOOD,0.0,15.0,EXCELLENT,0.0,1.0,91,EXCELLENT,22,GOOD,21.0,31.0,5821.2,8593.2,GOOD,0.0,5.0,54,EXCELLENT,30.0,64.0,8316.0,17740.8,24,EXCELLENT,16.0,33.0,4435.2,9147.6,2,3615274803,2026-07-02T19:55:50,460,460,NO_CHANGE_NO_ADJUSTMENTS,NO_CHANGE,NO_CHANGE,NO_CHANGE,NO_CHANGE,0,1430,10,1,3615274803,2026-07-03T07:19:34,460,460,NO_CHANGE_NO_ADJUSTMENTS,NO_CHANGE,NO_CHANGE,NO_CHANGE,NO_CHANGE,0,1430,10,1,84,46,7.7,110,250,102,9,91,91,102,145,BALANCED,HRV_BALANCED_6,2026-07-03T05:48:59.685,102,4,3615274803,RUNNING,GENERIC,RUNNING,2,MAINTAINING_3,0,47,OPTIMAL,FEEDBACK_2,457,576.0,307.20000000000005,384,1.1,1,MAINTAINING_3,129031336,55.4,55.0,0,0,0,36,40,DEACCLIMATIZING,21,0,0,0,2026-07-03T18:27:35.0,3615274803,HIGH,HIGH_RT_AVAILABLE_SS_HIGHEST,RESTED_AND_READY,75,91,91,VERY_GOOD,844,77,GOOD,87,GOOD,385,57,MODERATE,100,VERY_GOOD,91,70,GOOD,1,UPDATE_REALTIME_VARIABLES,1,,75,26,19.329655381229053,18.0,19.329655381229053,2.1,3,20.890190714938992,2,0,6,50,0,133.0,0,6,24.1,20.7,3.4,18.0,1,0,2026-07-03T00:00:00.0,844,75,HIGH,RESTED_AND_READY,91,70,100,91,57,385,87,4,BALANCED,91,0.0,24.6,22.7,1.8,68,75,110,0.4785614,75,110,0.4785614,,,,,,,,,,,,,,129031336,,,,0,0,36,40,21,0,0,0,,,,,,,,,,,,,,,,,,,,,,,,,,,,,,,DEACCLIMATIZING,,59.0,59.0,1,59.0,59.0,1,,129031336,3615274803,1,ALIGNED,201,460,-80,380,150,53,102.0,
2026-07-04,3302.0,1152.0,2150.0,3302.0,18029,19516,19516,1152.0,1152.0,2,private,6120,2026-07-03T22:00:00.0,2026-07-04T00:00:00.0,2026-07-04T22:00:00.0,2026-07-05T00:00:00.0,86400000,6180,1640,53740,24840,1,1,0,0,1,92,141.507,141.722,46.42618,46.49672,150,10,47,160,52,49,33,93,20280,27540,5100,33420,86340,8820,7500,3960,23.49,31.9,5.91,38.71,10.22,8.69,4.59,UNKNOWN,28380,24540,50,159,34,56,86,19,19,34,86,3.0,44.0,2026-07-04T19:00:12,MODERATE,SLEEP_PREPARATION_NOT_STRESS_DATA_AND_INTENSIVE_EXERCISE,SLEEP_PREPARATION_NOT_STRESS_DATA_AND_INTENSIVE_EXERCISE,2026-07-03T23:49:33,HIGH,SLEEP_TIME_PASSED_BALANCED_AND_INTENSIVE_EXERCISE,SLEEP,2026-07-04T00:20:35,7200000,24840000,32,NONE,NONE,3615274803,2026-07-04T08:23:35,ACTIVITY,2026-07-04T09:13:41,7200000,5400000,-23,EXERCISE_TRAINING_EFFECT_3,IMPROVING_AEROBIC_ENDURANCE,3615274803,2026-07-04T10:44:21,18.0,44.0,7.0,15.0,2026-07-04T21:59:00.0,200,24540,0,1,1783124435000,1783149275000,1783131635000,1783156475000,0,4260,14760,5520,300,1,0,1,16.0,8.0,19.0,0,17.0,ADULT,55.0,POSITIVE_CONTINUOUS,POSITIVE_LATE_BED_TIME,MOD_EXERCISE_POS_EXCELLENT_OR_GOOD_SLEEP_VIGOROUS_DURING_DAY,FAIR,27600.0,27600.0,FAIR,0.0,15.0,EXCELLENT,0.0,1.0,82,GOOD,22,EXCELLENT,21.0,31.0,5153.4,7607.4,EXCELLENT,0.0,5.0,60,GOOD,30.0,64.0,7362.0,15705.6,17,GOOD,16.0,33.0,3926.4,8098.2,2,3615274803,2026-07-03T07:19:34,460,460,NO_CHANGE_NO_ADJUSTMENTS,NO_CHANGE,NO_CHANGE,NO_CHANGE,NO_CHANGE,0,1430,10,1,3615274803,2026-07-04T10:44:24,460,460,NO_CHANGE_NO_ADJUSTMENTS,NO_CHANGE,NO_CHANGE,NO_CHANGE,NO_CHANGE,0,1430,10,1,32,52,6.82,71,246,92,5,82,90,77,107,BALANCED,HRV_BALANCED_7,2026-07-04T08:23:50.55,77,7,3615274803,RUNNING,GENERIC,RUNNING,2,PRODUCTIVE_2,0,61,OPTIMAL,FEEDBACK_3,577,610.5,325.6,407,1.4,1,PRODUCTIVE_2,129031336,55.1,55.0,0,0,0,30,36,DEACCLIMATIZING,92,0,0,0,2026-07-04T12:44:24.0,3615274803,LOW,LOW_RT_MOD_OR_LOW_SS_GOOD_AWAKE_NEG,FOCUS_ON_SLEEP_PATTERNS,38,82,74,GOOD,2191,40,MODERATE,74,GOOD,519,70,GOOD,100,VERY_GOOD,90,84,GOOD,1,AFTER_POST_EXERCISE_RESET,1,REACHED_ZERO,38,26,19.329655381229053,18.0,19.329655381229053,2.3,3,20.890190714938992,2,0,6,50,0,148.3,0,6,24.1,20.7,3.4,18.0,1,0,2026-07-04T00:00:00.0,2191,38,LOW,FOCUS_ON_SLEEP_PATTERNS,82,84,100,90,70,519,74,7,BALANCED,90,85.6,26.0,31.7,-5.7,69,75,110,0.46427917,75,110,0.46427917,135.0,Chevrières Course à pied,running,23474787280,,,,,,,,,,129031336,55.1,55.0,0,0,0,30,36,92,0,0,0,55.1,,,,,,,,,,,,,,,,,,,,,,,,,,,,,,DEACCLIMATIZING,,59.0,59.0,1,,,,,129031336,3615274803,1,BEHIND,347,460,-80,380,150,49,77.0,
2026-07-05,2153.0,3.0,2150.0,2153.0,475,387,387,3.0,3.0,2,private,7310,2026-07-04T22:00:00.0,2026-07-05T00:00:00.0,2026-07-05T22:00:00.0,2026-07-06T00:00:00.0,86400000,33,134,57373,28860,1,0,0,0,0,0,3.048,2.812,1.0,0.92257,150,10,44,88,50,49,18,81,8220,31920,780,45420,86340,7200,960,60,9.52,36.97,0.9,52.61,8.34,1.11,0.07,UNKNOWN,12240,28680,47,83,72,7,87,15,29,69,87,3.0,34.0,2026-07-05T19:00:12,MODERATE,NO_DATA,NO_DATA,2026-07-05T01:53:52,HIGH,SLEEP_TIME_PASSED_STRESSFUL_AND_INACTIVE,SLEEP,2026-07-05T00:30:21,7200000,28860000,69,NONE,NONE,3615274803,2026-07-05T08:49:41,,,,,,,,,,17.0,26.0,8.0,9.0,2026-07-05T21:26:00.0,200,28380,0,1,1783211421000,1783240281000,1783218621000,1783247481000,0,3780,18000,6600,480,1,0,1,15.0,10.0,19.0,0,19.0,ADULT,53.0,POSITIVE_LONG_AND_REFRESHING,POSITIVE_EXERCISE,MOD_EXERCISE_POS_EXCELLENT_OR_GOOD_SLEEP_VIGOROUS_DURING_DAY_OUTDOOR,EXCELLENT,27600.0,27600.0,FAIR,0.0,15.0,EXCELLENT,0.0,1.0,87,GOOD,23,EXCELLENT,21.0,31.0,5959.8,8797.8,EXCELLENT,0.0,5.0,63,GOOD,30.0,64.0,8514.0,18163.2,13,FAIR,16.0,33.0,4540.8,9365.4,2,3615274803,2026-07-04T10:44:24,460,460,NO_CHANGE_NO_ADJUSTMENTS,NO_CHANGE,NO_CHANGE,NO_CHANGE,NO_CHANGE,0,1430,10,1,3615274803,2026-07-05T08:49:42,460,460,NO_CHANGE_NO_ADJUSTMENTS,NO_CHANGE,NO_CHANGE,NO_CHANGE,NO_CHANGE,0,0,20,1,69,50,7.88,63,300,110,8,87,89,87,117,BALANCED,HRV_BALANCED_2,2026-07-05T08:50:14.352,87,7,3615274803,RUNNING,GENERIC,RUNNING,2,PRODUCTIVE_2,0,52,OPTIMAL,FEEDBACK_2,488,594.0,316.8,396,1.2,1,PRODUCTIVE_2,129031336,55.1,55.0,0,0,0,25,30,DEACCLIMATIZING,31,0,0,0,2026-07-05T23:27:35.0,3615274803,HIGH,HIGH_RT_HIGHEST_SS_AVAILABLE,WELL_RECOVERED,75,87,84,GOOD,109,97,GOOD,81,GOOD,445,65,MODERATE,100,VERY_GOOD,89,80,GOOD,1,UPDATE_REALTIME_VARIABLES,1,,75,26,19.329655381229053,18.0,19.329655381229053,2.1,3,20.890190714938992,2,0,6,50,0,138.6,0,6,24.1,20.7,3.4,18.0,1,0,2026-07-05T00:00:00.0,109,75,HIGH,WELL_RECOVERED,87,80,100,89,65,445,81,7,BALANCED,89,0.0,25.4,27.2,-1.8,69,75,110,0.44999695,75,110,0.44999695,,,,,,,,,,,,,,,,,,,,,,,,,,,,,,,,,,,,,,,,,,,,,,,,,,,,,,,,,,59.0,59.0,1,,,,,129031336,3615274803,1,NOT_ALIGNED,391,460,-80,380,150,46,87.0,
2026-07-06,3295.0,1145.0,2150.0,2480.0,12845,28212,10689,861.0,1145.0,2,private,7310,2026-07-05T22:00:00.0,2026-07-06T00:00:00.0,2026-07-06T22:00:00.0,2026-07-07T00:00:00.0,86400000,1660,7888,54240,22612,1,1,0,0,28,32,30.48,31.242,10.0,10.25,150,10,45,143,49,48,41,96,30240,25080,13080,18000,86400,8460,10560,11220,35.0,29.03,15.14,20.83,9.79,12.22,12.99,BALANCED,45780,22620,47,140,61,81,88,9,11,57,87,3.0,45.0,2026-07-06T19:57:44,LOW,SLEEP_PREPARATION_STRESSFUL_AND_EXERCISE,SLEEP_PREPARATION_STRESSFUL_AND_EXERCISE_AND_BB_LOW,2026-07-06T21:50:57,LOW,SLEEP_TIME_PASSED_STRESSFUL_AND_EXERCISE,SLEEP,2026-07-05T22:47:41,7200000,21780000,58,NONE,NONE,3615274803,2026-07-06T05:04:08,STRESS,2026-07-06T08:33:53,7200000,2400000,-7,STRESS,STRESSFUL_PERIOD,3615274803,2026-07-06T09:16:30,15.0,24.0,6.0,17.0,2026-07-06T22:00:00.0,200,21600,0,1,1783291661000,1783313441000,1783298861000,1783320641000,0,6900,11340,3360,180,1,0,1,15.0,11.0,19.0,0,13.0,ADULT,52.0,POSITIVE_DEEP,NONE,GENERAL_POS_FAIR_OR_POOR_SLEEP,FAIR,27600.0,27600.0,GOOD,0.0,15.0,EXCELLENT,0.0,1.0,77,FAIR,16,FAIR,21.0,31.0,4536.0,6696.0,EXCELLENT,0.0,5.0,53,EXCELLENT,30.0,64.0,6480.0,13824.0,32,EXCELLENT,16.0,33.0,3456.0,7128.0,2,3615274803,2026-07-05T08:49:42,460,460,NO_CHANGE_NO_ADJUSTMENTS,NO_CHANGE,NO_CHANGE,NO_CHANGE,NO_CHANGE,0,0,20,1,3615274803,2026-07-06T10:13:25,460,460,NO_CHANGE_NO_ADJUSTMENTS,NO_CHANGE,NO_CHANGE,NO_CHANGE,NO_CHANGE,0,0,20,1,58,49,6.0,115,189,56,3,77,89,78,112,BALANCED,HRV_BALANCED_2,2026-07-06T05:06:41.105,78,7,3615274803,RUNNING,GENERIC,RUNNING,2,PRODUCTIVE_2,0,57,OPTIMAL,FEEDBACK_3,534,615.0,328.0,410,1.3,1,PRODUCTIVE_2,129031336,55.1,55.0,0,0,0,20,25,DEACCLIMATIZING,49,0,0,0,2026-07-06T12:13:24.0,3615274803,MODERATE,MOD_RT_LOW_SS_MOD,GOOD_SLEEP_HISTORY,68,77,65,MODERATE,501,86,GOOD,84,GOOD,417,70,GOOD,100,VERY_GOOD,89,80,GOOD,1,AFTER_POST_EXERCISE_RESET,1,,68,26,19.329655381229053,18.0,19.329655381229053,2.1,3,20.890190714938992,2,0,6,50,0,131.6,0,6,24.1,20.7,3.4,18.0,1,0,2026-07-06T00:00:00.0,501,68,MODERATE,GOOD_SLEEP_HISTORY,77,80,100,89,70,417,84,7,BALANCED,89,43.5,25.8,29.5,-3.7,69,76,110,0.4411621,76,110,0.4411621,109.0,,,,STRESS,2026-07-06T12:37:08,7200000,2940000,-6,STRESS,STRESSFUL_PERIOD,3615274803,2026-07-06T13:29:40,129031336,,,,0,0,20,25,49,0,0,0,,,,,,,,,,,,,,,,,,,,815.0,,,,,,,,,,,DEACCLIMATIZING,,58.0,58.0,1,58.0,58.0,1,,129031336,3615274803,1,BEHIND,229,460,-80,380,150,32,78.0,
2026-07-07,2227.0,77.0,2150.0,2227.0,4128,3374,3374,77.0,77.0,2,private,7780,2026-07-06T22:00:00.0,2026-07-07T00:00:00.0,2026-07-07T22:00:00.0,2026-07-08T00:00:00.0,86400000,704,1095,59993,24608,1,0,0,0,0,0,28.213,30.287,9.25623,9.93668,150,10,45,105,49,48,36,90,41400,32280,4500,8220,86400,20880,17700,2820,47.92,37.36,5.21,9.51,24.17,20.49,3.26,STRESSFUL,53700,24480,46,105,70,62,78,11,19,69,78,3.0,35.0,2026-07-07T19:00:06,MODERATE,SLEEP_PREPARATION_STRESSFUL_AND_INACTIVE,SLEEP_PREPARATION_STRESSFUL_AND_INACTIVE,2026-07-07T21:50:22,MODERATE,SLEEP_TIME_PASSED_STRESSFUL_AND_INACTIVE,SLEEP,2026-07-06T21:46:08,7200000,25440000,69,NONE,NONE,3615274803,2026-07-07T06:08:35,,,,,,,,,,14.0,24.0,7.0,20.0,2026-07-07T22:00:00.0,200,24720,0,1,1783374368000,1783399808000,1783381568000,1783407008000,0,4620,14940,5160,720,1,0,1,15.0,10.0,18.0,1,15.0,ADULT,52.0,POSITIVE_LONG_AND_DEEP,POSITIVE_STRESSFUL_DAY,MOD_EXERCISE_POS_EXCELLENT_OR_GOOD_SLEEP_VIGOROUS_DURING_DAY,GOOD,27600.0,27600.0,GOOD,0.0,15.0,GOOD,0.0,1.0,83,GOOD,21,GOOD,21.0,31.0,5191.2,7663.2,GOOD,0.0,5.0,60,GOOD,30.0,64.0,7416.0,15820.8,19,EXCELLENT,16.0,33.0,3955.2,8157.6,2,3615274803,2026-07-06T10:13:25,460,460,NO_CHANGE_NO_ADJUSTMENTS,NO_CHANGE,NO_CHANGE,NO_CHANGE,NO_CHANGE,0,0,20,1,3615274803,2026-07-07T06:08:35,460,460,NO_CHANGE_NO_ADJUSTMENTS,NO_CHANGE,NO_CHANGE,NO_CHANGE,NO_CHANGE,0,0,20,1,69,49,6.87,77,249,86,12,83,89,82,121,BALANCED,HRV_BALANCED_2,2026-07-07T06:09:06.979,82,7,3615274803,RUNNING,GENERIC,RUNNING,2,PRODUCTIVE_2,0,42,OPTIMAL,FEEDBACK_2,432,601.5,320.8,401,1.0,1,PRODUCTIVE_2,129031336,55.1,55.0,0,0,0,15,20,DEACCLIMATIZING,23,0,0,0,2026-07-07T08:08:35.0,3615274803,MODERATE,MOD_RT_MOD_OR_LOW_SS_GOOD_STRESS_HISTORY_NEG,WELL_RESTED,65,83,76,GOOD,446,88,GOOD,85,GOOD,418,43,MODERATE,100,VERY_GOOD,89,70,GOOD,1,AFTER_WAKEUP_RESET,1,NO_CHANGE_SLEEP,65,26,19.329655381229053,18.0,19.329655381229053,2.1,3,20.890190714938992,2,0,6,50,0,131.6,0,6,24.1,20.7,3.4,18.0,1,0,2026-07-07T00:00:00.0,446,65,MODERATE,WELL_RESTED,83,70,100,89,43,418,85,7,BALANCED,89,0.0,25.2,25.3,-0.1,69,75,110,0.44999695,75,110,0.44999695,,,,,,,,,,,,,,,,,,,,,,,,,,,,,,,,,,,,,,,,,,,,,,,,,,,,,,,,,,58.0,58.0,1,,,,,129031336,3615274803,1,ALIGNED,198,460,-80,380,150,43,82.0,
2026-07-08,2887.0,737.0,2150.0,2887.0,16120,14944,14944,737.0,737.0,2,private,7420,2026-07-07T22:00:00.0,2026-07-08T00:00:00.0,2026-07-08T22:00:00.0,2026-07-09T00:00:00.0,86400000,4252,2515,54133,25500,1,1,0,0,4,49,95.131,87.162,31.21096,28.59646,150,10,39,148,44,48,40,99,37620,26640,13740,8280,86280,5700,23400,8520,43.6,30.88,15.92,9.6,6.61,27.12,9.87,STRESSFUL,52560,25440,40,147,82,94,100,7,7,82,100,3.0,38.0,2026-07-08T19:00:14,LOW,SLEEP_PREPARATION_STRESSFUL_AND_INTENSIVE_EXERCISE,SLEEP_PREPARATION_STRESSFUL_AND_INTENSIVE_EXERCISE_AND_BB_LOW,2026-07-07T23:09:46,HIGH,SLEEP_TIME_PASSED_STRESSFUL_AND_INACTIVE,SLEEP,2026-07-07T22:09:35,7200000,25500000,82,NONE,NONE,3615274803,2026-07-08T05:16:05,ACTIVITY,2026-07-08T10:22:16,7200000,2880000,-11,EXERCISE_TRAINING_EFFECT_3,IMPROVING_AEROBIC_BASE,3615274803,2026-07-08T11:10:51,13.0,20.0,6.0,16.0,2026-07-08T22:00:00.0,200,24420,0,1,1783462175000,1783487675000,1783469375000,1783494875000,0,7080,12420,4920,1080,1,0,1,14.0,6.0,17.0,1,5.0,ADULT,47.0,POSITIVE_RECOVERING,NONE,GENERAL_POS_EXCELLENT_OR_GOOD_SLEEP,FAIR,27600.0,27600.0,EXCELLENT,0.0,15.0,GOOD,0.0,1.0,84,GOOD,20,FAIR,21.0,31.0,5128.2,7570.2,GOOD,0.0,5.0,51,EXCELLENT,30.0,64.0,7326.0,15628.8,29,EXCELLENT,16.0,33.0,3907.2,8058.6,2,3615274803,2026-07-07T06:08:35,460,460,NO_CHANGE_NO_ADJUSTMENTS,NO_CHANGE,NO_CHANGE,NO_CHANGE,NO_CHANGE,0,0,20,1,3615274803,2026-07-08T11:10:53,460,460,NO_CHANGE_NO_ADJUSTMENTS,NO_CHANGE,NO_CHANGE,NO_CHANGE,NO_CHANGE,0,0,20,1,82,44,6.78,118,207,82,18,84,91,119,160,BALANCED,HRV_BALANCED_7,2026-07-08T05:16:29.712,119,4,3615274803,RUNNING,GENERIC,RUNNING,2,MAINTAINING_4,0,42,OPTIMAL,FEEDBACK_2,439,609.0,324.8,406,1.0,1,MAINTAINING_4,129031336,54.7,55.0,0,0,0,17,15,ACCLIMATIZING,45,0,0,0,2026-07-08T13:10:53.0,3615274803,MODERATE,MOD_RT_MOD_OR_LOW_SS_GOOD_STRESS_HISTORY_NEG,WELL_RESTED,59,84,78,GOOD,1416,62,MODERATE,83,GOOD,439,55,MODERATE,99,GOOD,91,72,GOOD,1,AFTER_POST_EXERCISE_RESET,1,REACHED_ZERO,59,26,19.329655381229053,18.0,19.329655381229053,2.1,3,20.890190714938992,2,0,6,50,0,132.8,0,6,24.1,20.7,3.4,18.0,1,0,2026-07-08T00:00:00.0,1416,59,MODERATE,WELL_RESTED,84,72,99,91,55,439,83,4,BALANCED,91,36.5,25.5,26.9,-1.4,69,76,110,0.47058105,76,110,0.47058105,68.0,Aulnay-sous-Bois Course à pied,running,23521738301,,,,,,,,,,129031336,54.7,55.0,0,0,0,17,15,45,0,0,0,54.7,,,,,,,,,,,,,,,,,,,,,,,,,,,,,,ACCLIMATIZING,,58.0,58.0,1,,,,,129031336,3615274803,1,BEHIND,222,460,-80,380,150,40,119.0,
2026-07-09,2239.0,89.0,2150.0,2239.0,5230,4259,4259,89.0,89.0,2,private,8290,2026-07-08T22:00:00.0,2026-07-09T00:00:00.0,2026-07-09T22:00:00.0,2026-07-10T00:00:00.0,86400000,745,1440,66215,18000,1,0,0,0,0,0,36.576,35.891,12.0,11.77526,150,10,49,95,53,49,43,88,49200,22920,6180,8040,86340,20640,23400,5160,56.98,26.55,7.16,9.31,23.91,27.1,5.98,STRESSFUL,60420,17880,51,92,46,46,52,6,6,44,50,3.0,40.0,2026-07-09T19:38:49,VERY_LOW,SLEEP_PREPARATION_STRESSFUL_AND_INACTIVE,SLEEP_PREPARATION_STRESSFUL_AND_INACTIVE_AND_BB_LOW,2026-07-09T21:56:01,VERY_LOW,SLEEP_TIME_PASSED_STRESSFUL_AND_INACTIVE,SLEEP,2026-07-08T23:55:51,7200000,18000000,45,NONE,NONE,3615274803,2026-07-09T05:17:32,STRESS,2026-07-09T06:24:32,7200000,2280000,-5,STRESS,STRESSFUL_PERIOD,3615274803,2026-07-09T07:07:55,14.0,23.0,7.0,20.0,2026-07-09T22:00:00.0,200,17700,0,1,1783554951000,1783572951000,1783562151000,1783580151000,0,3600,12900,1200,300,1,0,1,17.0,12.0,19.0,0,25.0,ADULT,56.0,NEGATIVE_SHORT_AND_NONRECOVERING,NEGATIVE_HIGHLY_STRESSFUL_DAY,STRESS_NEG_POOR_SLEEP_VERY_STRESSFUL_DAY,POOR,27600.0,27600.0,FAIR,0.0,15.0,EXCELLENT,0.0,1.0,58,POOR,7,POOR,21.0,31.0,3717.0,5487.0,EXCELLENT,0.0,5.0,73,FAIR,30.0,64.0,5310.0,11328.0,20,EXCELLENT,16.0,33.0,2832.0,5841.0,2,3615274803,2026-07-08T11:10:53,460,460,NO_CHANGE_NO_ADJUSTMENTS,NO_CHANGE,NO_CHANGE,NO_CHANGE,NO_CHANGE,0,0,20,1,3615274803,2026-07-09T05:17:33,460,520,HIGHLY_INCREASED,NO_CHANGE,INCREASING,NO_CHANGE,NO_CHANGE,1,1380,20,1,45,53,4.92,60,215,20,5,58,89,84,110,BALANCED,HRV_BALANCED_2,2026-07-09T05:18:05.541,84,4,3615274803,RUNNING,GENERIC,RUNNING,2,MAINTAINING_4,0,38,OPTIMAL,FEEDBACK_2,360,595.5,317.6,397,0.9,1,MAINTAINING_4,129031336,54.7,55.0,0,0,0,17,17,ACCLIMATIZED,28,0,0,0,2026-07-09T07:17:33.0,3615274803,LOW,LOW_RT_MOD_OR_LOW_SS_POOR,FIND_TIME_TO_RELAX,39,58,39,POOR,606,84,GOOD,91,GOOD,360,44,MODERATE,100,VERY_GOOD,89,77,GOOD,1,AFTER_WAKEUP_RESET,1,NO_CHANGE_SLEEP,39,26,19.329655381229053,18.0,19.329655381229053,2.1,3,20.890190714938992,2,0,6,50,0,132.8,0,6,24.1,20.7,3.4,18.0,1,0,2026-07-09T00:00:00.0,606,39,LOW,FIND_TIME_TO_RELAX,58,77,100,89,44,360,91,4,BALANCED,89,0.0,24.9,23.1,1.8,69,76,111,0.43569946,76,111,0.43569946,,,,,,,,,,,,,,,,,,,,,,,,,,,,,,,,,,,,,,,,,,,,,,,,,,,,,,,,,,58.0,58.0,1,,,,,129031336,3615274803,1,BEHIND,265,460,-80,380,150,25,84.0,
2026-07-10,2245.0,95.0,2150.0,2245.0,5548,4518,4518,95.0,95.0,2,private,7990,2026-07-09T22:00:00.0,2026-07-10T00:00:00.0,2026-07-10T22:00:00.0,2026-07-11T00:00:00.0,86400000,826,1424,55770,28380,1,0,0,0,0,0,50.248,34.999,16.48556,11.48261,150,10,44,100,48,49,41,92,44580,29220,6660,5940,86400,12060,24600,7920,51.6,33.82,7.71,6.88,13.96,28.47,9.17,STRESSFUL,52500,27960,45,96,77,75,81,6,8,75,81,3.0,40.0,2026-07-10T20:29:55,LOW,SLEEP_PREPARATION_STRESSFUL_AND_INACTIVE,SLEEP_PREPARATION_STRESSFUL_AND_INACTIVE_AND_BB_LOW,2026-07-10T01:18:36,HIGH,SLEEP_TIME_PASSED_STRESSFUL_AND_INACTIVE,SLEEP,2026-07-09T22:48:32,7200000,28380000,75,NONE,NONE,3615274803,2026-07-10T07:18:35,,,,,,,,,,13.0,22.0,6.0,16.0,2026-07-10T22:00:00.0,200,27120,0,1,1783637312000,1783665692000,1783644512000,1783672892000,0,7440,14340,5340,1260,1,0,1,15.0,8.0,19.0,1,21.0,ADULT,51.0,POSITIVE_LONG_AND_DEEP,NONE,GENERAL_POS_EXCELLENT_OR_GOOD_SLEEP,EXCELLENT,27600.0,27600.0,FAIR,0.0,15.0,GOOD,0.0,1.0,83,GOOD,20,FAIR,21.0,31.0,5695.2,8407.2,GOOD,0.0,5.0,53,EXCELLENT,30.0,64.0,8136.0,17356.8,27,EXCELLENT,16.0,33.0,4339.2,8949.6,2,3615274803,2026-07-09T05:17:33,460,520,HIGHLY_INCREASED,NO_CHANGE,INCREASING,NO_CHANGE,NO_CHANGE,1,1380,20,1,3615274803,2026-07-10T07:18:36,460,480,INCREASED,NO_CHANGE,INCREASING,NO_CHANGE,NO_CHANGE,1,1420,20,1,75,48,7.53,124,239,89,21,83,87,90,140,BALANCED,HRV_BALANCED_5,2026-07-10T07:19:08.288,90,4,3615274803,RUNNING,GENERIC,RUNNING,2,MAINTAINING_3,0,29,LOW,FEEDBACK_1,286,580.5,309.6,387,0.7,1,MAINTAINING_3,129031336,54.7,55.0,0,0,0,14,17,DEACCLIMATIZING,32,0,0,0,2026-07-10T09:18:36.0,3615274803,MODERATE,MOD_RT_MOD_OR_LOW_SS_GOOD_STRESS_HISTORY_NEG,WELL_RESTED,62,83,76,GOOD,1,99,GOOD,99,GOOD,286,48,MODERATE,100,VERY_GOOD,87,49,MODERATE,1,AFTER_WAKEUP_RESET,1,NO_CHANGE_SLEEP,62,26,19.329655381229053,18.0,19.329655381229053,2.1,3,20.890190714938992,2,0,6,50,0,132.8,0,6,24.1,20.7,3.4,18.0,1,0,2026-07-10T00:00:00.0,1,62,MODERATE,WELL_RESTED,83,49,100,87,48,286,99,4,BALANCED,87,0.0,24.3,19.8,4.5,70,77,112,0.39285278,77,112,0.39285278,,,,,,,,,,,,,,,,,,,,,,,,,,,,,,,,,,,,,,,,,,,,,,,,,,,,,,,,,,58.0,58.0,1,,,,,129031336,3615274803,1,BEHIND,285,460,-80,380,150,40,90.0,
2026-07-11,4118.0,1968.0,2150.0,2212.0,2115,88882,1969,1615.0,1968.0,2,private,7510,2026-07-10T22:00:00.0,2026-07-11T00:00:00.0,2026-07-11T22:00:00.0,2026-07-12T00:00:00.0,86400000,642,954,67824,16980,1,1,0,0,40,148,12.207,10.529,4.00492,3.4544,150,10,44,176,48,49,31,94,14280,18540,2460,51060,86340,3000,9180,2100,16.54,21.47,2.85,59.14,3.47,10.63,2.43,UNKNOWN,18300,16980,47,172,65,13,70,5,5,64,69,3.0,28.0,2026-07-11T19:00:37,LOW,NO_DATA,NO_DATA,2026-07-11T02:20:51,HIGH,SLEEP_TIME_PASSED_STRESSFUL_AND_INACTIVE,SLEEP,2026-07-11T00:32:35,7200000,16980000,65,NONE,NONE,3615274803,2026-07-11T06:00:02,,,,,,,,,,13.0,24.0,7.0,13.0,2026-07-11T21:54:00.0,200,16980,0,1,1783729955000,1783746935000,1783737155000,1783754135000,0,4020,12960,0,0,1,0,1,15.0,9.0,17.0,0,8.0,ADULT,50.0,NEGATIVE_SHORT_AND_POOR_STRUCTURE,NEGATIVE_STRESSFUL_DAY,STRESS_NEG_POOR_SLEEP_VERY_STRESSFUL_DAY,POOR,27600.0,27600.0,EXCELLENT,0.0,15.0,EXCELLENT,0.0,1.0,52,POOR,0,POOR,21.0,31.0,3565.8,5263.8,EXCELLENT,0.0,5.0,76,FAIR,30.0,64.0,5094.0,10867.2,24,EXCELLENT,16.0,33.0,2716.8,5603.4,2,3615274803,2026-07-10T07:18:36,460,480,INCREASED,NO_CHANGE,INCREASING,NO_CHANGE,NO_CHANGE,1,1420,20,1,3615274803,2026-07-11T09:40:24,460,520,HIGHLY_INCREASED,TODAYS_LOAD_AND_CHRONIC,INCREASING,NO_CHANGE,NO_CHANGE,1,1370,10,1,65,48,4.72,67,216,,,52,92,114,140,BALANCED,HRV_BALANCED_6,2026-07-11T06:01:31.38,114,4,3615274803,RUNNING,GENERIC,RUNNING,2,MAINTAINING_3,0,52,OPTIMAL,FEEDBACK_2,547,651.0,347.20000000000005,434,1.2,1,MAINTAINING_3,129031336,54.7,55.0,0,0,0,30,14,ACCLIMATIZING,53,0,0,0,2026-07-11T13:15:21.0,3615274803,POOR,POOR_RT_HIGH_SS_POOR,TIME_TO_RECHARGE,14,52,36,POOR,2606,34,POOR,80,GOOD,547,41,MODERATE,100,VERY_GOOD,92,61,MODERATE,1,UPDATE_REALTIME_VARIABLES,1,,14,26,19.329655381229053,18.0,19.329655381229053,2.3,3,20.890190714938992,2,0,6,50,0,157.5,0,6,24.1,20.7,3.4,18.0,1,0,2026-07-11T00:00:00.0,2606,14,POOR,TIME_TO_RECHARGE,52,61,100,92,41,547,80,4,BALANCED,92,175.8,27.9,42.1,-14.1,70,77,111,0.47058105,77,111,0.47058105,270.0,,,,,,,,,,,,,129031336,,,,0,0,30,14,53,0,0,0,,,,,,,,,,,,,,,,,,,,1906.0,,,,,,,,,,,ACCLIMATIZING,,56.0,56.0,1,56.0,56.0,1,,129031336,3615274803,1,BEHIND,294,460,-80,380,150,19,114.0,
2026-07-12,2729.0,579.0,2150.0,2729.0,9402,8547,8547,579.0,579.0,2,private,6440,2026-07-11T22:00:00.0,2026-07-12T00:00:00.0,2026-07-12T22:00:00.0,2026-07-13T00:00:00.0,86400000,2155,4730,53150,26365,1,0,0,0,3,5,18.288,17.299,6.0,5.67552,150,10,46,138,53,49,45,97,35040,22440,11520,17340,86340,10080,14220,10740,40.58,25.99,13.34,20.08,11.67,16.47,12.44,STRESSFUL,47340,21660,49,136,44,42,47,5,7,42,47,3.0,34.0,2026-07-12T21:45:49,LOW,SLEEP_PREPARATION_STRESSFUL_AND_ACTIVE_AND_EXERCISE,SLEEP_PREPARATION_STRESSFUL_AND_ACTIVE_AND_EXERCISE_AND_BB_LOW,,,,SLEEP,2026-07-12T00:17:02,7200000,24120000,42,NONE,NONE,3615274803,2026-07-12T07:33:35,STRESS,2026-07-12T13:08:40,7200000,8520000,-10,STRESS_LONG,NEED_A_LITTLE_BREAK,3615274803,2026-07-12T15:33:51,14.0,25.0,6.0,16.0,2026-07-12T21:59:00.0,200,23580,0,1,1783815422000,1783839542000,1783822622000,1783846742000,420,3360,14880,5340,120,1,0,1,15.0,6.0,19.0,0,22.0,ADULT,57.0,POSITIVE_CONTINUOUS,POSITIVE_LATE_BED_TIME,HARD_EXERCISE_POS_FAIR_SLEEP_HARD_TO_STRENUOUS_DURING_DAY_OUTDOOR,FAIR,27600.0,27600.0,FAIR,0.0,15.0,EXCELLENT,0.0,1.0,77,FAIR,23,EXCELLENT,21.0,31.0,4951.8,7309.8,EXCELLENT,0.0,5.0,63,GOOD,30.0,64.0,7074.0,15091.2,14,FAIR,16.0,33.0,3772.8,7781.4,2,3615274803,2026-07-11T09:40:24,460,520,HIGHLY_INCREASED,TODAYS_LOAD_AND_CHRONIC,INCREASING,NO_CHANGE,NO_CHANGE,1,1370,10,1,3615274803,2026-07-12T18:06:29,460,500,INCREASED,NO_CHANGE,INCREASING,NO_CHANGE,NO_CHANGE,1,1400,20,1,42,53,6.55,56,248,89,2,77,90,72,104,BALANCED,HRV_BALANCED_2,2026-07-12T07:34:16.654,72,4,3615274803,RUNNING,GENERIC,RUNNING,2,MAINTAINING_3,0,42,OPTIMAL,FEEDBACK_2,456,636.0,339.20000000000005,424,1.0,1,MAINTAINING_3,129031336,54.7,55.0,0,0,0,30,30,ACCLIMATIZED,26,0,0,0,2026-07-12T09:33:36.0,3615274803,LOW,LOW_RT_MOD_OR_LOW_SS_MOD_SLEEP_HISTORY_NEG,FOCUS_ON_SLEEP_QUALITY,30,77,65,MODERATE,1387,63,MODERATE,88,GOOD,456,40,MODERATE,100,VERY_GOOD,90,43,MODERATE,1,AFTER_WAKEUP_RESET,1,NO_CHANGE_SLEEP,30,26,19.155460910370273,18.0,19.329655381229053,2.3,3,20.890190714938992,2,0,6,49,0,158.3,0,6,24.1,20.7,3.4,18.0,1,0,2026-07-12T00:00:00.0,1387,30,LOW,FOCUS_ON_SLEEP_QUALITY,77,43,100,90,40,456,88,4,BALANCED,90,0.0,27.2,36.0,-8.8,71,77,111,0.4411621,77,111,0.4411621,,,,,,,,,,,,,,,,,,,,,,,,,,,,,,,,,,,,,,,,,,,,,,,,,,,,,,,,,,56.0,56.0,1,,,,,129031336,3615274803,1,BEHIND,338,460,-80,380,150,36,72.0,
2026-07-13,3317.0,1167.0,2150.0,2219.0,4077,79723,3554,931.0,1167.0,2,private,6740,2026-07-12T22:00:00.0,2026-07-13T00:00:00.0,2026-07-13T22:00:00.0,2026-07-14T00:00:00.0,86400000,832,1540,54448,29580,1,1,0,0,54,18,13.731,13.646,4.50492,4.47703,150,10,45,135,50,49,21,95,9600,32580,3240,40980,86400,6360,2940,300,11.11,37.71,3.75,47.43,7.36,3.4,0.35,UNKNOWN,16140,29280,47,135,77,16,77,7,25,72,77,3.0,28.0,2026-07-13T19:59:37,MODERATE,NO_DATA,NO_DATA,2026-07-12T23:36:52,HIGH,SLEEP_TIME_PASSED_STRESSFUL_AND_ACTIVE_AND_EXERCISE,SLEEP,2026-07-12T21:22:35,7200000,28260000,72,NONE,NONE,3615274803,2026-07-13T06:08:35,,,,,,,,,,15.0,25.0,6.0,15.0,2026-07-13T22:00:00.0,200,26280,0,1,1783891355000,1783919615000,1783898555000,1783926815000,0,3420,17160,5700,1980,1,0,1,15.0,6.0,21.0,1,19.0,ADULT,53.0,POSITIVE_LONG_AND_REFRESHING,NONE,MOD_EXERCISE_POS_EXCELLENT_OR_GOOD_SLEEP_ACTIVE_DAY,EXCELLENT,27600.0,27600.0,FAIR,0.0,15.0,FAIR,0.0,1.0,80,GOOD,22,GOOD,21.0,31.0,5518.8,8146.8,FAIR,0.0,5.0,65,FAIR,30.0,64.0,7884.0,16819.2,13,FAIR,16.0,33.0,4204.8,8672.4,2,3615274803,2026-07-12T18:06:29,460,500,INCREASED,NO_CHANGE,INCREASING,NO_CHANGE,NO_CHANGE,1,1400,20,1,3615274803,2026-07-13T09:39:11,460,460,NO_CHANGE_NO_ADJUSTMENTS,NO_CHANGE,NO_CHANGE,NO_CHANGE,NO_CHANGE,0,0,20,1,72,50,7.3,57,286,95,33,80,93,97,138,BALANCED,HRV_BALANCED_8,2026-07-13T06:09:05.423,97,4,3615274803,RUNNING,GENERIC,RUNNING,2,MAINTAINING_4,0,42,OPTIMAL,FEEDBACK_2,438,639.0,340.8,426,1.0,1,MAINTAINING_4,129031336,54.7,55.0,0,0,0,31,30,ACCLIMATIZING,35,0,0,0,2026-07-13T11:39:11.0,3615274803,MODERATE,MOD_RT_MOD_OR_LOW_SS_GOOD_STRESS_HISTORY_NEG,WELL_RESTED,68,80,70,GOOD,0,100,VERY_GOOD,90,GOOD,438,36,POOR,99,GOOD,93,52,MODERATE,1,AFTER_POST_EXERCISE_RESET,1,,68,26,19.155460910370273,18.0,19.155460910370273,2.3,3,20.890190714938992,2,0,6,49,0,161.3,0,6,24.1,20.7,3.4,18.0,1,0,2026-07-13T00:00:00.0,0,68,MODERATE,WELL_RESTED,80,52,99,93,36,438,90,4,BALANCED,93,87.6,28.7,43.4,-14.7,71,77,111,0.48529053,77,111,0.48529053,246.0,,,,,,,,,,,,,,,,,,,,,,,,,,,,,,,,,,,,,,,,,,,,1098.0,,,,,,,,,,,,,56.0,56.0,1,,,,,129031336,3615274803,1,ALIGNED,198,460,-80,380,150,49,97.0,
2026-07-14,3224.0,1074.0,2150.0,3224.0,19880,18571,21269,1074.0,1074.0,2,private,6470,2026-07-13T22:00:00.0,2026-07-14T00:00:00.0,2026-07-14T22:00:00.0,2026-07-15T00:00:00.0,86400000,6957,1306,47654,30483,1,1,0,0,4,108,151.411,153.378,49.67552,50.32087,150,10,42,140,47,49,26,93,14520,31980,3720,36000,86220,3420,6300,4800,16.84,37.09,4.31,41.75,3.97,7.31,5.57,UNKNOWN,20040,30180,44,138,75,60,100,16,16,82,100,3.0,43.0,2026-07-14T20:56:34,MODERATE,SLEEP_PREPARATION_NOT_STRESS_DATA_AND_INTENSIVE_EXERCISE,SLEEP_PREPARATION_NOT_STRESS_DATA_AND_INTENSIVE_EXERCISE,,,,SLEEP,2026-07-13T21:00:35,7200000,33960000,82,NONE,NONE,3615274803,2026-07-14T06:27:21,ACTIVITY,2026-07-14T08:55:26,7200000,6540000,-21,EXERCISE_TRAINING_EFFECT_3,IMPROVING_AEROBIC_BASE,3615274803,2026-07-14T10:46:18,18.0,37.0,7.0,17.0,2026-07-14T21:59:00.0,200,32386,0,1,1783976435000,1784010441000,1783983635000,1784017641000,0,3480,22200,6720,1620,1,0,1,14.0,7.0,21.0,2,9.0,ADULT,50.0,POSITIVE_LONG_AND_RECOVERING,NONE,MOD_EXERCISE_POS_EXCELLENT_OR_GOOD_SLEEP_VIGOROUS_DURING_DAY_OUTDOOR,EXCELLENT,27600.0,27600.0,EXCELLENT,0.0,15.0,FAIR,0.0,1.0,84,GOOD,21,FAIR,21.0,31.0,6801.06,10039.66,FAIR,0.0,5.0,69,FAIR,30.0,64.0,9715.8,20727.04,11,FAIR,16.0,33.0,5181.76,10687.38,2,3615274803,2026-07-13T09:39:11,460,460,NO_CHANGE_NO_ADJUSTMENTS,NO_CHANGE,NO_CHANGE,NO_CHANGE,NO_CHANGE,0,0,20,1,3615274803,2026-07-14T10:46:19,460,440,DECREASED,NO_CHANGE,DECREASING,NO_CHANGE,NO_CHANGE,1,0,20,1,82,47,9.0,58,370,112,27,84,96,102,149,BALANCED,HRV_BALANCED_5,2026-07-14T06:27:36.928,102,4,3615274803,RUNNING,GENERIC,RUNNING,2,MAINTAINING_4,0,42,OPTIMAL,FEEDBACK_2,465,651.0,347.20000000000005,434,1.0,1,MAINTAINING_4,129031336,54.7,55.0,0,0,0,36,31,ACCLIMATIZING,45,0,0,0,2026-07-14T20:27:35.0,3615274803,HIGH,HIGH_RT_AVAILABLE_SS_HIGHEST,RESTED_AND_READY,75,84,78,GOOD,862,77,GOOD,88,GOOD,465,0,NONE,94,GOOD,96,68,MODERATE,1,UPDATE_REALTIME_VARIABLES,1,,75,26,19.155460910370273,18.0,19.155460910370273,2.3,3,20.890190714938992,2,0,6,49,0,179.3,0,6,24.1,20.7,3.4,18.0,1,0,2026-07-14T00:00:00.0,862,75,HIGH,RESTED_AND_READY,84,68,94,96,0,465,88,4,BALANCED,96,71.4,29.7,47.4,-17.7,71,77,111,0.5294037,77,111,0.5294037,162.0,Chevrières Course à pied,running,23592767205,,,,,,,,,,129031336,54.7,55.0,0,0,0,36,31,45,0,0,0,54.7,,,,,,,,,,,,,,,,,,,,,,,,,,,,,,ACCLIMATIZING,,56.0,56.0,1,,,,,129031336,3615274803,1,BEHIND,224,460,-80,380,150,74,102.0,
2026-07-15,2273.0,123.0,2150.0,2273.0,5407,4403,4403,123.0,123.0,2,private,7820,2026-07-14T22:00:00.0,2026-07-15T00:00:00.0,2026-07-15T22:00:00.0,2026-07-16T00:00:00.0,86400000,611,1824,58747,25218,1,0,0,0,0,0,27.432,18.165,9.0,5.95965,150,10,45,107,50,50,42,97,43980,27360,5040,9960,86340,12300,23460,8220,50.94,31.69,5.84,11.54,14.25,27.17,9.52,STRESSFUL,51780,24600,45,106,62,70,78,8,8,62,78,3.0,41.0,2026-07-15T19:00:09,LOW,SLEEP_PREPARATION_STRESSFUL_AND_INACTIVE,SLEEP_PREPARATION_STRESSFUL_AND_INACTIVE_AND_BB_LOW,2026-07-14T23:28:39,HIGH,SLEEP_TIME_PASSED_NOT_STRESS_DATA_AND_INTENSIVE_EXERCISE,SLEEP,2026-07-14T21:59:18,7200000,25260000,62,NONE,NONE,3615274803,2026-07-15T05:13:25,STRESS,2026-07-15T06:29:05,7200000,2880000,-8,STRESS,STRESSFUL_PERIOD,3615274803,2026-07-15T07:22:18,13.0,24.0,6.0,19.0,2026-07-15T21:59:00.0,200,25200,0,1,1784066358000,1784091618000,1784073558000,1784098818000,0,4860,15060,5280,60,1,0,1,14.0,7.0,18.0,0,18.0,ADULT,52.0,POSITIVE_LONG_AND_DEEP,POSITIVE_EXERCISE,MOD_EXERCISE_POS_EXCELLENT_OR_GOOD_SLEEP_VIGOROUS_DURING_DAY_OUTDOOR,GOOD,27600.0,27600.0,FAIR,0.0,15.0,EXCELLENT,0.0,1.0,83,GOOD,21,GOOD,21.0,31.0,5292.0,7812.0,EXCELLENT,0.0,5.0,60,GOOD,30.0,64.0,7560.0,16128.0,19,EXCELLENT,16.0,33.0,4032.0,8316.0,2,3615274803,2026-07-14T10:46:19,460,440,DECREASED,NO_CHANGE,DECREASING,NO_CHANGE,NO_CHANGE,1,0,20,1,3615274803,2026-07-15T05:13:26,460,460,NO_CHANGE_NO_ADJUSTMENTS,NO_CHANGE,NO_CHANGE,NO_CHANGE,NO_CHANGE,0,0,20,1,62,50,7.0,81,251,88,1,83,93,95,137,BALANCED,HRV_BALANCED_6,2026-07-15T05:13:51.134,95,4,3615274803,RUNNING,GENERIC,RUNNING,2,MAINTAINING_4,0,38,OPTIMAL,FEEDBACK_2,392,633.0,337.6,422,0.9,1,MAINTAINING_4,129031336,54.7,55.0,0,0,0,36,36,ACCLIMATIZED,31,0,0,0,2026-07-15T07:13:26.0,3615274803,HIGH,HIGH_RT_HIGHEST_SS_AVAILABLE,WELL_RECOVERED,84,83,76,GOOD,217,94,GOOD,94,GOOD,392,0,NONE,100,VERY_GOOD,93,75,GOOD,1,AFTER_WAKEUP_RESET,1,NO_CHANGE_SLEEP,84,26,19.155460910370273,18.0,19.155460910370273,2.3,3,20.890190714938992,2,0,6,49,0,166.3,0,6,24.1,20.7,3.4,18.0,1,0,2026-07-15T00:00:00.0,217,84,HIGH,WELL_RECOVERED,83,75,100,93,0,392,94,4,BALANCED,93,0.0,29.0,40.6,-11.6,71,78,113,0.46427917,78,113,0.46427917,,,,,,,,,,,,,,,,,,,,,,,,,,,,,,,,,,,,,,,,,,,,,,,,,,,,,,,,,,56.0,56.0,1,,,,,129031336,3615274803,1,ALIGNED,210,460,-80,380,150,46,95.0,
2026-07-16,2699.0,549.0,2150.0,2292.0,6313,26390,5160,142.0,549.0,2,private,7580,2026-07-15T22:00:00.0,2026-07-16T00:00:00.0,2026-07-16T22:00:00.0,2026-07-17T00:00:00.0,86400000,358,2718,56324,27000,1,1,0,0,0,0,64.135,51.609,21.04167,16.93209,150,10,41,106,45,49,33,93,39300,32760,7800,6540,86400,19560,16500,3240,45.49,37.92,9.03,7.57,22.64,19.1,3.75,BALANCED,53220,26640,42,106,87,76,95,8,19,85,95,3.0,68.0,2026-07-16T20:02:33,MODERATE,SLEEP_PREPARATION_STRESSFUL_AND_EXERCISE,SLEEP_PREPARATION_STRESSFUL_AND_EXERCISE,2026-07-16T00:22:52,HIGH,SLEEP_TIME_PASSED_STRESSFUL_AND_INACTIVE,SLEEP,2026-07-15T22:45:25,7200000,27000000,85,NONE,NONE,3615274803,2026-07-16T07:18:35,,,,,,,,,,13.0,27.0,6.0,11.0,2026-07-16T22:00:00.0,200,27000,0,1,1784155525000,1784182525000,1784162725000,1784189725000,0,4800,16440,5760,0,1,0,1,15.0,8.0,19.0,0,8.0,ADULT,49.0,POSITIVE_HIGHLY_RECOVERING,POSITIVE_LATE_BED_TIME,GENERAL_POS_EXCELLENT_OR_GOOD_SLEEP,EXCELLENT,27600.0,27600.0,EXCELLENT,0.0,15.0,EXCELLENT,0.0,1.0,95,EXCELLENT,21,GOOD,21.0,31.0,5670.0,8370.0,EXCELLENT,0.0,5.0,61,GOOD,30.0,64.0,8100.0,17280.0,18,GOOD,16.0,33.0,4320.0,8910.0,2,3615274803,2026-07-15T05:13:26,460,460,NO_CHANGE_NO_ADJUSTMENTS,NO_CHANGE,NO_CHANGE,NO_CHANGE,NO_CHANGE,0,0,20,1,3615274803,2026-07-16T07:18:54,460,460,NO_CHANGE_NO_ADJUSTMENTS,NO_CHANGE,NO_CHANGE,NO_CHANGE,NO_CHANGE,0,0,20,1,85,45,7.5,80,274,96,,95,97,118,156,BALANCED,HRV_BALANCED_7,2026-07-16T07:19:25.290,118,4,3615274803,RUNNING,GENERIC,RUNNING,2,MAINTAINING_4,0,33,OPTIMAL,FEEDBACK_2,352,624.0,332.8,416,0.8,1,MAINTAINING_4,129031336,54.7,55.0,0,0,0,32,36,DEACCLIMATIZING,297,0,0,0,2026-07-16T09:18:54.0,3615274803,HIGH,HIGH_RT_AVAILABLE_SS_HIGHEST,RESTED_AND_READY,78,95,95,VERY_GOOD,230,93,GOOD,98,GOOD,352,47,MODERATE,93,GOOD,97,76,GOOD,1,AFTER_POST_EXERCISE_RESET,1,,78,26,19.155460910370273,18.0,19.155460910370273,2.3,3,20.890190714938992,2,0,6,49,0,166.3,0,6,24.1,20.7,3.4,18.0,1,0,2026-07-16T00:00:00.0,230,78,HIGH,RESTED_AND_READY,95,76,93,97,47,352,98,4,BALANCED,97,0.0,28.3,34.8,-6.5,71,78,113,0.52142334,78,113,0.52142334,69.0,,,,,,,,,,,,,,,,,,,,,,,,,,,,,,,,,,,,,,,,,,,,407.0,,,,,,,,,,,,,56.0,56.0,1,,,,,129031336,3615274803,1,BEHIND,270,460,-80,380,150,51,118.0,
2026-07-17,2740.0,590.0,2150.0,2740.0,19282,15799,15799,590.0,590.0,2,private,7330,2026-07-16T22:00:00.0,2026-07-17T00:00:00.0,2026-07-17T22:00:00.0,2026-07-18T00:00:00.0,86400000,279,10147,44569,31405,1,0,0,0,0,0,146.327,113.345,48.00755,37.18668,150,10,43,114,46,48,31,95,29280,35820,13080,8220,86400,10320,15180,3780,33.89,41.46,15.14,9.51,11.94,17.57,4.38,BALANCED,46800,31380,45,109,90,76,98,19,33,79,98,3.0,378.0,2026-07-17T20:54:55,HIGH,SLEEP_PREPARATION_STRESSFUL_AND_ACTIVE_AND_EXERCISE,SLEEP_PREPARATION_STRESSFUL_AND_ACTIVE_AND_EXERCISE,2026-07-16T22:57:13,HIGH,SLEEP_TIME_PASSED_STRESSFUL_AND_EXERCISE,SLEEP,2026-07-16T22:19:35,7200000,27660000,79,NONE,NONE,3615274803,2026-07-17T06:06:35,,,,,,,,,,14.0,25.0,7.0,16.0,2026-07-17T22:00:00.0,200,27600,0,1,1784240375000,1784268035000,1784247575000,1784275235000,0,4380,17580,5640,60,1,0,1,14.0,9.0,18.0,0,18.0,ADULT,49.0,POSITIVE_LONG_AND_CONTINUOUS,NONE,MOD_EXERCISE_POS_EXCELLENT_OR_GOOD_SLEEP_MODERATE_DURING_DAY,EXCELLENT,27600.0,27600.0,FAIR,0.0,15.0,EXCELLENT,0.0,1.0,87,GOOD,20,FAIR,21.0,31.0,5796.0,8556.0,EXCELLENT,0.0,5.0,64,GOOD,30.0,64.0,8280.0,17664.0,16,GOOD,16.0,33.0,4416.0,9108.0,2,3615274803,2026-07-16T07:18:54,460,460,NO_CHANGE_NO_ADJUSTMENTS,NO_CHANGE,NO_CHANGE,NO_CHANGE,NO_CHANGE,0,0,20,1,3615274803,2026-07-17T18:32:16,460,460,NO_CHANGE_NO_ADJUSTMENTS,NO_CHANGE,NO_CHANGE,NO_CHANGE,NO_CHANGE,0,0,20,1,79,46,7.67,73,293,94,1,87,100,108,143,BALANCED,HRV_BALANCED_8,2026-07-17T06:24:47.4,108,4,3615274803,RUNNING,GENERIC,RUNNING,2,MAINTAINING_4,0,29,LOW,FEEDBACK_1,288,603.0,321.6,402,0.7,1,MAINTAINING_4,129031336,54.7,55.0,0,0,0,32,32,ACCLIMATIZED,298,0,0,0,2026-07-17T08:06:35.0,3615274803,HIGH,HIGH_RT_HIGHEST_SS_AVAILABLE,WELL_RECOVERED,87,87,84,GOOD,1,99,GOOD,100,VERY_GOOD,288,54,MODERATE,89,GOOD,100,91,VERY_GOOD,1,AFTER_WAKEUP_RESET,1,NO_CHANGE_SLEEP,87,26,19.155460910370273,18.0,19.155460910370273,2.3,3,20.890190714938992,2,0,6,49,0,166.3,0,6,24.1,20.7,3.4,18.0,1,0,2026-07-17T00:00:00.0,1,87,HIGH,WELL_RECOVERED,87,91,89,100,54,288,100,4,BALANCED,100,0.0,27.6,29.9,-2.2,71,78,112,0.57351685,78,112,0.57351685,,,,,,,,,,,,,,,,,,,,,,,,,,,,,,,,,,,,,,,,,,,,,,,,,,,,,,,,,,56.0,56.0,1,,,,,129031336,3615274803,1,BEHIND,250,460,-80,380,150,46,108.0,
2026-07-18,2509.0,359.0,2150.0,2509.0,10220,8344,8344,359.0,359.0,2,private,8530,2026-07-17T22:00:00.0,2026-07-18T00:00:00.0,2026-07-18T22:00:00.0,2026-07-19T00:00:00.0,86400000,164,5527,52389,28320,1,0,0,0,1,1,76.2,76.325,25.0,25.04101,150,10,42,133,46,48,30,97,34740,38280,7560,5820,86400,18780,11280,4680,40.21,44.31,8.75,6.74,21.74,13.06,5.42,BALANCED,54720,25860,44,128,69,77,100,23,26,75,100,3.0,382.0,2026-07-18T21:41:15,HIGH,SLEEP_PREPARATION_BALANCED_AND_INACTIVE,SLEEP_PREPARATION_BALANCED_AND_INACTIVE,2026-07-17T22:30:19,HIGH,SLEEP_TIME_PASSED_STRESSFUL_AND_ACTIVE_AND_EXERCISE,SLEEP,2026-07-17T20:57:35,7200000,29700000,75,NONE,NONE,3615274803,2026-07-18T05:13:32,STRESS,2026-07-18T12:23:02,7200000,1680000,-5,STRESS,STRESSFUL_PERIOD,3615274803,2026-07-18T12:55:26,13.0,22.0,7.0,15.0,2026-07-18T22:00:00.0,200,29697,0,1,1784321855000,1784351612000,1784329055000,1784358812000,0,4620,18720,6360,60,1,0,1,14.0,10.0,17.0,0,15.0,ADULT,48.0,POSITIVE_LONG_AND_CONTINUOUS,NONE,MOD_EXERCISE_POS_EXCELLENT_OR_GOOD_SLEEP_ACTIVE_DAY,EXCELLENT,27600.0,27600.0,GOOD,0.0,15.0,EXCELLENT,0.0,1.0,89,GOOD,21,GOOD,21.0,31.0,6236.37,9206.07,EXCELLENT,0.0,5.0,63,GOOD,30.0,64.0,8909.1,19006.08,16,FAIR,16.0,33.0,4751.52,9800.01,2,3615274803,2026-07-17T18:32:16,460,460,NO_CHANGE_NO_ADJUSTMENTS,NO_CHANGE,NO_CHANGE,NO_CHANGE,NO_CHANGE,0,0,20,1,3615274803,2026-07-18T05:13:33,460,430,DECREASED,NO_CHANGE,DECREASING,NO_CHANGE,NO_CHANGE,1,0,20,1,75,46,8.25,77,312,106,1,89,100,113,149,BALANCED,HRV_BALANCED_5,2026-07-18T05:14:02.20,113,5,3615274803,RUNNING,GENERIC,RUNNING,2,RECOVERY_2,0,20,LOW,FEEDBACK_1,225,585.0,312.0,390,0.5,1,RECOVERY_2,129031336,54.7,55.0,0,0,0,29,32,DEACCLIMATIZING,309,0,0,0,2026-07-18T07:13:33.0,3615274803,HIGH,HIGH_RT_HIGHEST_SS_AVAILABLE,WELL_RECOVERED,91,89,88,GOOD,1,99,GOOD,100,VERY_GOOD,225,56,MODERATE,91,GOOD,100,89,GOOD,1,AFTER_WAKEUP_RESET,1,NO_CHANGE_SLEEP,91,26,19.155460910370273,18.0,19.155460910370273,2.3,3,20.890190714938992,2,0,6,49,0,164.5,0,6,24.1,20.7,3.4,18.0,1,0,2026-07-18T00:00:00.0,1,91,HIGH,WELL_RECOVERED,89,89,91,100,56,225,100,5,BALANCED,100,0.0,27.0,25.6,1.4,72,79,114,0.5499878,79,114,0.5499878,,,,,,,,,,,,,,,,,,,,,,,,,,,,,,,,,,,,,,,,,,,,,,,,,,,,,,,,,,56.0,56.0,1,,,,,129031336,3615274803,1,ALIGNED,185,460,-80,380,150,50,113.0,
2026-07-19,2469.0,319.0,2150.0,2469.0,10325,8507,8507,319.0,319.0,2,private,8870,2026-07-18T22:00:00.0,2026-07-19T00:00:00.0,2026-07-19T22:00:00.0,2026-07-20T00:00:00.0,86400000,1906,3282,59460,21752,1,0,0,0,0,0,86.013,92.412,28.21949,30.3189,150,10,43,115,47,47,34,97,42600,29880,6600,7260,86340,27360,13020,2220,49.34,34.61,7.64,8.41,31.69,15.08,2.57,STRESSFUL,57360,21720,44,106,55,65,81,16,16,57,80,3.0,318.0,2026-07-19T19:00:16,MODERATE,SLEEP_PREPARATION_BALANCED_AND_INACTIVE,SLEEP_PREPARATION_BALANCED_AND_INACTIVE,2026-07-19T21:02:47,MODERATE,SLEEP_TIME_PASSED_BALANCED_AND_INACTIVE,SLEEP,2026-07-18T21:21:32,7200000,24060000,57,NONE,NONE,3615274803,2026-07-19T04:40:09,,,,,,,,,,14.0,24.0,7.0,19.0,2026-07-19T21:59:00.0,200,23460,0,1,1784409692000,1784433752000,1784416892000,1784440952000,0,4980,16080,2400,600,1,0,1,16.0,10.0,18.0,1,22.0,ADULT,53.0,NEGATIVE_NOT_ENOUGH_REM,NONE,GENERAL_NEG_FAIR_OR_POOR_SLEEP,FAIR,27600.0,27600.0,FAIR,0.0,15.0,EXCELLENT,0.0,1.0,73,FAIR,10,POOR,21.0,31.0,4926.6,7272.6,GOOD,0.0,5.0,69,FAIR,30.0,64.0,7038.0,15014.4,21,EXCELLENT,16.0,33.0,3753.6,7741.8,2,3615274803,2026-07-18T05:13:33,460,430,DECREASED,NO_CHANGE,DECREASING,NO_CHANGE,NO_CHANGE,1,0,20,1,3615274803,2026-07-19T04:40:09,460,460,NO_CHANGE_NO_ADJUSTMENTS,NO_CHANGE,NO_CHANGE,NO_CHANGE,NO_CHANGE,0,1430,10,1,57,47,6.52,83,268,40,10,73,102,86,124,BALANCED,HRV_BALANCED_6,2026-07-19T04:40:41.358,86,5,3615274803,RUNNING,GENERIC,RUNNING,2,RECOVERY_2,0,16,LOW,FEEDBACK_1,171,564.0,300.8,376,0.4,1,RECOVERY_2,129031336,54.7,55.0,0,0,0,25,29,DEACCLIMATIZING,34,0,0,0,2026-07-19T06:40:09.0,3615274803,HIGH,HIGH_RT_HIGHEST_SS_AVAILABLE_ACWR_POS,EXCELLENT_RECOVERY,82,73,59,MODERATE,1,99,GOOD,100,VERY_GOOD,171,67,MODERATE,87,GOOD,102,86,GOOD,1,AFTER_WAKEUP_RESET,1,NO_CHANGE_SLEEP,82,26,19.155460910370273,18.0,19.155460910370273,2.3,3,20.890190714938992,2,0,6,49,0,164.5,0,6,24.1,20.7,3.4,18.0,1,0,2026-07-19T00:00:00.0,1,82,HIGH,EXCELLENT_RECOVERY,73,86,87,102,67,171,100,5,BALANCED,102,0.0,26.3,21.9,4.4,72,79,114,0.5785675,79,114,0.5785675,,,,,,,,,,,,,,,,,,,,,,,,,,,,,,,,,,,,,,,,,,,,,,,,,,,,,,,,,,56.0,56.0,1,,,,,129031336,3615274803,1,ALIGNED,162,460,-80,380,150,41,86.0,
2026-07-20,2302.0,152.0,2150.0,2302.0,5968,4870,4870,152.0,152.0,2,private,9170,2026-07-19T22:00:00.0,2026-07-20T00:00:00.0,2026-07-20T22:00:00.0,2026-07-21T00:00:00.0,86400000,767,2025,58983,24625,1,0,0,0,0,0,53.424,45.152,17.52756,14.81365,150,10,43,109,45,47,41,96,43680,27840,7560,7320,86400,13380,20880,9420,50.56,32.22,8.75,8.47,15.49,24.17,10.9,STRESSFUL,55560,23520,43,108,73,78,84,9,11,69,84,3.0,50.0,2026-07-20T19:00:12,LOW,SLEEP_PREPARATION_STRESSFUL_AND_INACTIVE,SLEEP_PREPARATION_STRESSFUL_AND_INACTIVE_AND_BB_LOW,2026-07-19T23:57:13,HIGH,SLEEP_TIME_PASSED_BALANCED_AND_INACTIVE,SLEEP,2026-07-19T23:00:09,7200000,23520000,69,NONE,NONE,3615274803,2026-07-20T06:13:35,STRESS,2026-07-20T10:30:45,7200000,3600000,-9,STRESS,STRESSFUL_PERIOD,3615274803,2026-07-20T11:36:05,13.0,23.0,7.0,15.0,2026-07-20T22:00:00.0,200,23400,0,1,1784502009000,1784525529000,1784509209000,1784532729000,0,6240,11580,5580,120,1,0,1,14.0,9.0,17.0,0,12.0,ADULT,51.0,POSITIVE_DEEP,POSITIVE_LATE_BED_TIME,GENERAL_POS_EXCELLENT_OR_GOOD_SLEEP,FAIR,27600.0,27600.0,EXCELLENT,0.0,15.0,EXCELLENT,0.0,1.0,87,GOOD,24,EXCELLENT,21.0,31.0,4914.0,7254.0,EXCELLENT,0.0,5.0,49,EXCELLENT,30.0,64.0,7020.0,14976.0,27,EXCELLENT,16.0,33.0,3744.0,7722.0,2,3615274803,2026-07-19T04:40:09,460,460,NO_CHANGE_NO_ADJUSTMENTS,NO_CHANGE,NO_CHANGE,NO_CHANGE,NO_CHANGE,0,1430,10,1,3615274803,2026-07-20T06:13:35,460,480,INCREASED,NO_CHANGE,INCREASING,NO_CHANGE,NO_CHANGE,1,1410,10,1,69,45,6.5,104,193,93,2,87,103,102,161,BALANCED,HRV_BALANCED_7,2026-07-20T06:13:55.271,102,5,3615274803,RUNNING,GENERIC,RUNNING,2,RECOVERY_2,0,12,LOW,FEEDBACK_1,117,543.0,289.6,362,0.3,1,RECOVERY_2,129031336,54.7,55.0,0,0,0,22,25,DEACCLIMATIZING,51,0,0,0,2026-07-20T08:13:35.0,3615274803,HIGH,HIGH_RT_HIGHEST_SS_AVAILABLE,WELL_RECOVERED,85,87,84,GOOD,1,99,GOOD,100,VERY_GOOD,117,73,GOOD,86,GOOD,103,67,MODERATE,1,AFTER_WAKEUP_RESET,1,NO_CHANGE_SLEEP,85,26,19.155460910370273,18.0,19.155460910370273,2.3,3,20.890190714938992,2,0,6,49,0,164.5,0,6,24.1,20.7,3.4,18.0,1,0,2026-07-19T00:00:00.0,1,85,HIGH,WELL_RECOVERED,87,67,86,103,73,117,100,5,BALANCED,103,0.0,25.7,18.8,6.9,72,79,114,0.59284973,79,114,0.59284973,,,,,,,,,,,,,,,,,,,,,,,,,,,,,,,,,,,,,,,,,,,,,,,,,,,,,,,,,,56.0,56.0,1,,,,,129031336,3615274803,1,BEHIND,256,460,-80,380,150,37,102.0,
2026-07-21,2869.0,719.0,2150.0,2869.0,13171,13217,13217,719.0,719.0,2,private,8850,2026-07-20T22:00:00.0,2026-07-21T00:00:00.0,2026-07-21T22:00:00.0,2026-07-22T00:00:00.0,86400000,4403,1256,54606,26135,1,1,0,0,5,48,125.568,105.115,41.19685,34.48655,150,10,43,153,47,47,40,98,39060,30360,8700,7560,85680,11520,17040,10500,45.59,35.43,10.15,8.82,13.45,19.89,12.25,STRESSFUL,52140,25980,44,152,84,84,92,8,11,83,92,3.0,44.0,2026-07-21T19:00:21,LOW,SLEEP_PREPARATION_STRESSFUL_AND_INTENSIVE_EXERCISE,SLEEP_PREPARATION_STRESSFUL_AND_INTENSIVE_EXERCISE_AND_BB_LOW,2026-07-21T01:34:12,HIGH,SLEEP_TIME_PASSED_STRESSFUL_AND_INACTIVE,SLEEP,2026-07-20T21:41:35,7200000,27240000,82,NONE,NONE,3615274803,2026-07-21T05:17:28,ACTIVITY,2026-07-21T10:25:28,7200000,2820000,-11,EXERCISE_TRAINING_EFFECT_3,IMPROVING_AEROBIC_BASE,3615274803,2026-07-21T11:13:45,14.0,23.0,7.0,16.0,2026-07-21T21:59:00.0,200,26580,0,1,1784583695000,1784610935000,1784590895000,1784618135000,0,3600,17280,5700,660,1,0,1,15.0,9.0,20.0,1,11.0,ADULT,50.0,POSITIVE_LONG_AND_RECOVERING,NONE,GENERAL_POS_EXCELLENT_OR_GOOD_SLEEP,EXCELLENT,27600.0,27600.0,EXCELLENT,0.0,15.0,GOOD,0.0,1.0,88,GOOD,21,GOOD,21.0,31.0,5581.8,8239.8,GOOD,0.0,5.0,65,FAIR,30.0,64.0,7974.0,17011.2,14,FAIR,16.0,33.0,4252.8,8771.4,2,3615274803,2026-07-20T06:13:35,460,480,INCREASED,NO_CHANGE,INCREASING,NO_CHANGE,NO_CHANGE,1,1410,10,1,3615274803,2026-07-21T11:13:47,460,460,NO_CHANGE_NO_ADJUSTMENTS,NO_CHANGE,NO_CHANGE,NO_CHANGE,NO_CHANGE,0,1430,10,1,82,47,7.38,60,288,95,11,88,103,105,176,BALANCED,HRV_BALANCED_8,2026-07-21T05:17:55.857,105,5,3615274803,RUNNING,GENERIC,RUNNING,2,RECOVERY_2,0,16,LOW,FEEDBACK_1,170,552.0,294.40000000000003,368,0.4,1,RECOVERY_2,129031336,54.2,54.0,0,0,0,18,22,DEACCLIMATIZING,28,0,0,0,2026-07-21T22:32:33.0,3615274803,HIGH,HIGH_RT_AVAILABLE_SS_HIGHEST_ACWR_POS,WELL_RESTED,75,88,86,GOOD,1458,61,MODERATE,100,VERY_GOOD,170,62,MODERATE,86,GOOD,103,74,GOOD,1,UPDATE_REALTIME_VARIABLES,1,,75,26,19.155460910370273,18.0,19.155460910370273,2.0,3,20.890190714938992,2,0,6,49,0,158.6,0,6,24.1,20.7,3.4,18.0,1,0,2026-07-21T00:00:00.0,1458,75,HIGH,WELL_RESTED,88,74,86,103,62,170,100,5,BALANCED,103,39.5,26.0,21.8,4.3,72,79,114,0.59284973,79,114,0.59284973,67.0,Aulnay-sous-Bois Course à pied,running,23676041354,,,,,,,,,,129031336,54.2,54.0,0,0,0,18,22,28,0,0,0,54.2,,,,,,,,,,,,,,,,,,,,,,,,,,,,,,DEACCLIMATIZING,,56.0,56.0,1,,,,,129031336,3615274803,1,ALIGNED,208,460,-80,380,150,48,105.0,
2026-07-22,2286.0,136.0,2150.0,2286.0,5435,4426,4426,136.0,136.0,2,private,9290,2026-07-21T22:00:00.0,2026-07-22T00:00:00.0,2026-07-22T22:00:00.0,2026-07-23T00:00:00.0,86400000,1517,924,61819,22140,1,0,0,0,0,0,52.057,36.213,17.07907,11.88091,150,10,44,110,47,46,42,94,47400,23820,6240,8880,86340,16020,27000,4380,54.9,27.59,7.23,10.28,18.55,31.27,5.07,STRESSFUL,55680,21780,45,108,65,71,73,5,5,61,72,3.0,44.0,2026-07-22T20:15:58,LOW,SLEEP_PREPARATION_STRESSFUL_AND_INACTIVE,SLEEP_PREPARATION_STRESSFUL_AND_INACTIVE_AND_BB_LOW,2026-07-22T21:35:46,VERY_LOW,SLEEP_TIME_PASSED_STRESSFUL_AND_INACTIVE,SLEEP,2026-07-21T22:17:45,7200000,22140000,62,NONE,NONE,3615274803,2026-07-22T05:48:33,,,,,,,,,,14.0,22.0,7.0,21.0,2026-07-22T21:59:00.0,200,21600,0,1,1784672265000,1784694405000,1784679465000,1784701605000,0,2580,17340,1680,540,1,0,1,14.0,10.0,18.0,1,21.0,ADULT,51.0,NEGATIVE_NOT_ENOUGH_REM,NEGATIVE_STRESSFUL_DAY,STRESS_NEG_GOOD_OR_FAIR_SLEEP_VERY_STRESSFUL_DAY,FAIR,27600.0,27600.0,FAIR,0.0,15.0,EXCELLENT,0.0,1.0,66,FAIR,8,POOR,21.0,31.0,4536.0,6696.0,GOOD,0.0,5.0,80,POOR,30.0,64.0,6480.0,13824.0,12,FAIR,16.0,33.0,3456.0,7128.0,2,3615274803,2026-07-21T11:13:47,460,460,NO_CHANGE_NO_ADJUSTMENTS,NO_CHANGE,NO_CHANGE,NO_CHANGE,NO_CHANGE,0,1430,10,1,3615274803,2026-07-22T05:48:33,460,500,INCREASED,NO_CHANGE,INCREASING,NO_CHANGE,NO_CHANGE,1,1390,10,1,62,47,6.0,43,289,28,9,66,103,95,131,BALANCED,HRV_BALANCED_5,2026-07-22T05:48:56.417,95,5,3615274803,RUNNING,GENERIC,RUNNING,2,RECOVERY_2,0,12,LOW,FEEDBACK_1,138,523.5,279.2,349,0.3,1,RECOVERY_2,129031336,54.2,54.0,0,0,0,15,18,DEACCLIMATIZING,34,0,0,0,2026-07-22T07:48:33.0,3615274803,MODERATE,MOD_RT_LOW_SS_MOD,GOOD_SLEEP_HISTORY,62,66,49,MODERATE,937,75,GOOD,100,VERY_GOOD,138,49,MODERATE,86,GOOD,103,85,GOOD,1,AFTER_WAKEUP_RESET,1,NO_CHANGE_SLEEP,62,26,19.155460910370273,18.0,19.155460910370273,2.1,3,20.890190714938992,2,0,6,49,0,158.5,0,6,24.1,20.7,3.4,18.0,1,0,2026-07-22T00:00:00.0,937,62,MODERATE,GOOD_SLEEP_HISTORY,66,85,86,103,49,138,100,5,BALANCED,103,0.0,25.4,18.6,6.8,72,79,114,0.59284973,79,114,0.59284973,,,,,,,,,,,,,,,,,,,,,,,,,,,,,,,,,,,,,,,,,,,,,,,,,,,,,,,,,,56.0,56.0,1,,,,,129031336,3615274803,1,ALIGNED,202,460,-80,380,150,49,95.0,
2026-07-23,2150.0,0.0,2150.0,2150.0,21,17,17,0.0,0.0,2,private,8910,2026-07-22T22:00:00.0,2026-07-23T00:00:00.0,2026-07-23T22:00:00.0,2026-07-24T00:00:00.0,86400000,2,1,86397,0,1,0,0,0,0,0,0.0,0.0,0.0,0.0,150,10,51,75,50,47,23,69,2340,5100,,78960,86400,2100,240,,2.71,5.9,0.0,91.39,2.43,0.28,0.0,UNKNOWN,7440,0,52,74,8,0,13,5,13,,,3.0,35.0,2026-07-23T19:00:11,LOW,NO_DATA,NO_DATA,2026-07-23T01:28:22,HIGH,SLEEP_TIME_PASSED_STRESSFUL_AND_INACTIVE,RECOVERY,2026-07-22T22:53:23,7200000,4440000,7,RECOVERY_EVENING,RESTFUL_PERIOD,3615274803,2026-07-23T00:48:49,,,,,,,,,,17.0,23.0,10.0,17.0,2026-07-23T00:07:00.0,200,,,,,,,,,,,,,0,0,,,,,,,,,,,,,,,,,,,,,,,,,,,,,,,,,,,,,,,,,,,,,3615274803,2026-07-22T05:48:33,460,500,INCREASED,NO_CHANGE,INCREASING,NO_CHANGE,NO_CHANGE,1,1390,10,1,3615274803,2026-07-23T05:00:58,460,460,NO_CHANGE_NO_ADJUSTMENTS,NO_CHANGE,NO_DATA,NO_DATA,NO_CHANGE,0,1430,10,1,,,,,,,,,,,,,,,,5,3615274803,RUNNING,GENERIC,RUNNING,2,RECOVERY_2,0,12,LOW,FEEDBACK_1,107,495.0,264.0,330,0.3,1,RECOVERY_2,129031336,54.2,54.0,0,0,0,11,15,DEACCLIMATIZING,34,0,0,0,2026-07-23T07:00:58.0,3615274803,HIGH,HIGH_RT_AVAILABLE_SS_UNKNOWN,WELL_RECOVERED,79,,0,NONE,1,99,GOOD,100,VERY_GOOD,107,49,MODERATE,92,GOOD,101,60,MODERATE,0,AFTER_WAKEUP_RESET,1,,79,26,19.155460910370273,18.0,19.155460910370273,2.1,3,20.890190714938992,2,0,6,49,0,158.5,0,6,24.1,20.7,3.4,18.0,1,0,2026-07-23T00:00:00.0,1,79,HIGH,WELL_RECOVERED,,60,92,101,49,107,100,5,,,0.0,24.8,16.0,8.8,,,,,,,,,,,,,,,,,,,,,,,,,,,,,,,,,,,,,,,,,,,,,,,,,,,,,,,,,,,,,,,,,56.0,56.0,1,,,,,129031336,3615274803,1,NO_LAST_SLEEP_DATA,,460,-80,380,150,,,
2026-07-24,2150.0,0.0,2150.0,2150.0,,,,0.0,0.0,2,private,8910,2026-07-23T22:00:00.0,2026-07-24T00:00:00.0,2026-07-24T22:00:00.0,2026-07-25T00:00:00.0,86400000,0,0,86400,0,1,0,0,0,0,0,0.0,0.0,0.0,0.0,150,10,,,,,-1,,,,,86400,86400,,,,0.0,0.0,0.0,100.0,0.0,0.0,0.0,UNKNOWN,0,0,,,,,,,,,,,34.0,2026-07-24T19:00:11,MODERATE,NO_DATA,NO_DATA,,,,,,,,,,,,,,,,,,,,,,,,,,,,,,,,,,,,,,,,0,0,,,,,,,,,,,,,,,,,,,,,,,,,,,,,,,,,,,,,,,,,,,,,3615274803,2026-07-23T05:00:58,460,460,NO_CHANGE_NO_ADJUSTMENTS,NO_CHANGE,NO_DATA,NO_DATA,NO_CHANGE,0,1430,10,1,3615274803,2026-07-24T05:33:33,460,460,NO_CHANGE_NO_ADJUSTMENTS,NO_CHANGE,NO_DATA,NO_DATA,NO_CHANGE,0,1430,10,1,,,,,,,,,100,,,BALANCED,HRV_BALANCED_7,2026-07-28T19:15:12.768,,5,3615274803,RUNNING,GENERIC,RUNNING,2,RECOVERY_2,0,8,LOW,FEEDBACK_1,82,465.0,248.0,310,0.2,1,RECOVERY_2,129031336,54.2,54.0,0,0,0,8,11,DEACCLIMATIZING,34,0,0,0,2026-07-24T07:33:33.0,3615274803,HIGH,HIGH_RT_AVAILABLE_SS_UNKNOWN,WELL_RECOVERED,79,,0,NONE,1,99,GOOD,100,VERY_GOOD,82,42,MODERATE,95,GOOD,100,49,MODERATE,0,AFTER_WAKEUP_RESET,1,,79,26,19.155460910370273,18.0,19.155460910370273,2.1,3,20.890190714938992,2,0,6,49,0,158.5,0,6,24.1,20.7,3.4,18.0,1,0,2026-07-23T00:00:00.0,1,79,HIGH,WELL_RECOVERED,,49,95,100,42,82,100,5,BALANCED,100,0.0,24.2,13.7,10.5,73,80,117,0.5202637,80,117,0.5202637,,,,,,,,,,,,,,,,,,,,,,,,,,,,,,,,,,,,,,,,,,,,,,,,,,,,,,,,,,56.0,56.0,1,,,,,129031336,3615274803,1,NO_LAST_SLEEP_DATA,,460,-80,380,150,,,
2026-07-25,579.0,0.0,579.0,579.0,,,,0.0,0.0,2,private,8910,2026-07-24T22:00:00.0,2026-07-25T00:00:00.0,2026-07-25T04:28:00.0,2026-07-25T06:28:00.0,23280000,0,0,23280,0,1,0,0,0,0,0,0.0,0.0,0.0,0.0,150,10,,,,,-1,,,,,23280,23280,,,,0.0,0.0,0.0,100.0,0.0,0.0,0.0,UNKNOWN,0,0,,,,,,,,,,,34.0,2026-07-25T03:22:44,MODERATE,,EARLY_MORNING_NO_DATA,,,,,,,,,,,,,,,,,,,,,,,,,,,,,,,,,,,,,,,,0,0,,,,,,,,,,,,,,,,,,,,,,,,,,,,,,,,,,,,,,,,,,,,,3615274803,2026-07-24T05:33:33,460,460,NO_CHANGE_NO_ADJUSTMENTS,NO_CHANGE,NO_DATA,NO_DATA,NO_CHANGE,0,1430,10,1,,,,,,,,,,,,,,,,,,,,,,,,,,,,,5,3615274803,RUNNING,GENERIC,RUNNING,2,RECOVERY_2,0,8,LOW,FEEDBACK_1,68,430.5,229.60000000000002,287,0.2,1,RECOVERY_2,129031336,54.2,54.0,0,0,0,5,8,DEACCLIMATIZING,0,0,0,0,,,,,,,,,,,,,,,,,,,,,,,,,,,,26,19.155460910370273,18.0,19.155460910370273,2.1,3,20.890190714938992,2,0,6,49,0,158.5,0,6,24.1,20.7,3.4,18.0,1,0,2026-07-23T00:00:00.0,,,,,,,,,,,,5,,,0.0,23.6,11.7,11.9,,,,,,,,,,,,,,,,,,,,,,,,,,,,,,,,,,,,,,,,,,,,,,,,,,,,,,,,,,,,,,,,,56.0,56.0,1,,,,,,,,,,,,,,,,
2026-07-26,,,,,,,,,0.0,,,,,,,,,,,,,0,0,0,0,,,,,,,,,,,,,,,,,,,,,,,,,,,,,,,,,,,,,,,,,,,,,,,,,,,,,,,,,,,,,,,,,,,,,,,,,,,,,,,,,,,,,,,0,0,,,,,,,,,,,,,,,,,,,,,,,,,,,,,,,,,,,,,,,,,,,,,,,,,,,,,,,,,,,,,,,,,,,,,,,,,,,,,,,,,,,,,,5,3615274803,RUNNING,GENERIC,RUNNING,2,RECOVERY_2,0,8,LOW,FEEDBACK_1,54,397.5,212.0,265,0.2,1,RECOVERY_2,129031336,54.2,54.0,0,0,0,5,8,DEACCLIMATIZING,0,0,0,0,,,,,,,,,,,,,,,,,,,,,,,,,,,,26,19.155460910370273,18.0,19.155460910370273,2.1,3,20.890190714938992,2,0,6,49,0,158.5,0,6,24.1,20.7,3.4,18.0,1,0,2026-07-23T00:00:00.0,,,,,,,,,,,,5,,,0.0,23.1,10.1,13.0,,,,,,,,,,,,,,,,,,,,,,,,,,,,,,,,,,,,,,,,,,,,,,,,,,,,,,,,,,,,,,,,,56.0,56.0,1,,,,bf983d05-10a3-4c8f-ad3b-004c4f6dffcd,,,,,,,,,,,,
2026-07-27,,,,,,,,,0.0,,,,,,,,,,,,,0,0,0,0,,,,,,,,,,,,,,,,,,,,,,,,,,,,,,,,,,,,,,,,,,,,,,,,,,,,,,,,,,,,,,,,,,,,,,,,,,,,,,,,,,,,,,,0,0,,,,,,,,,,,,,,,,,,,,,,,,,,,,,,,,,,,,,,,,,,,,,,,,,,,,,,,,,,,,,,,,,,,,,,,,,,,,,,,,,,,,,,5,3615274803,RUNNING,GENERIC,RUNNING,2,RECOVERY_2,0,4,LOW,FEEDBACK_1,43,373.5,199.20000000000002,249,0.1,1,RECOVERY_2,129031336,54.2,54.0,0,0,0,5,8,DEACCLIMATIZING,0,0,0,0,,,,,,,,,,,,,,,,,,,,,,,,,,,,26,19.155460910370273,18.0,19.155460910370273,2.1,3,20.890190714938992,2,0,6,49,0,158.5,0,6,24.1,20.7,3.4,18.0,1,0,2026-07-23T00:00:00.0,,,,,,,,,,,,5,,,0.0,22.5,8.6,13.9,,,,,,,,,,,,,,,,,,,,,,,,,,,,,,,,,,,,,,,,,,,,,,,,,,,,,,,,,,,,,,,,,56.0,56.0,1,,,,bf983d05-10a3-4c8f-ad3b-004c4f6dffcd,,,,,,,,,,,,
2026-07-28,2150.0,0.0,2150.0,2150.0,,,,0.0,0.0,2,private,8910,2026-07-27T22:00:00.0,2026-07-28T00:00:00.0,2026-07-28T22:00:00.0,2026-07-29T00:00:00.0,86400000,0,0,82560,3840,1,0,0,0,0,0,0.0,0.0,0.0,0.0,150,10,50,74,51,48,22,50,1980,5700,,2220,9900,1980,,,20.0,57.58,0.0,22.42,20.0,0.0,0.0,UNKNOWN,7680,0,51,74,6,1,28,22,28,,,3.0,-25.0,2026-07-28T19:13:56,MODERATE,NO_DATA,NO_DATA,,,,,,,,,,,,,,,,,,,,,,16.0,22.0,10.0,17.0,2026-07-28T22:00:00.0,200,,,,,,,,,,,,,0,0,,,,,,,,,,,,,,,,,,,,,,,,,,,,,,,,,,,,,,,,,,,,,,,,,,,,,,,,,,3615274803,2026-07-28T19:14:05,460,460,NO_CHANGE_NO_ADJUSTMENTS,NO_CHANGE,NO_DATA,NO_DATA,NO_CHANGE,0,1430,10,1,,,,,,,,,,,,,,,,1,3615274803,RUNNING,GENERIC,RUNNING,2,DETRAINING,0,4,LOW,FEEDBACK_1,32,349.5,186.4,233,0.1,1,DETRAINING,129031336,54.2,54.0,0,0,0,1,5,DEACCLIMATIZING,0,0,0,0,,,,,,,,,,,,,,,,,,,,,,,,,,,,26,18.980367823263098,18.0,19.155460910370273,2.0,3,20.890190714938992,2,0,6,48,0,150.8,0,6,24.1,20.7,3.4,18.0,1,0,2026-07-28T00:00:00.0,,,,,,,,,,,,1,,,0.0,22.0,7.4,14.6,,,,,,,,,,,,,,,,,,,,,,,,,,,,,,,,,,,,,,,,,,,,,,,,,,,,,,,,,,,,,,,,,56.0,56.0,1,,,,,,,,,,,,,,,,
2026-07-29,2189.0,39.0,2150.0,2189.0,3009,2457,2457,39.0,39.0,2,private,8910,2026-07-28T22:00:00.0,2026-07-29T00:00:00.0,2026-07-29T22:00:00.0,2026-07-30T00:00:00.0,86400000,478,862,55021,30039,1,0,0,0,0,0,44.775,41.726,14.68996,13.68963,150,10,43,99,48,49,36,89,35520,33300,3960,13320,86100,11520,18780,5220,41.25,38.68,4.6,15.47,13.38,21.81,6.06,BALANCED,46680,26100,44,97,71,80,93,14,19,71,93,3.0,33.0,2026-07-29T21:19:51,MODERATE,SLEEP_PREPARATION_STRESSFUL_AND_INACTIVE,SLEEP_PREPARATION_STRESSFUL_AND_INACTIVE,,,,SLEEP,2026-07-28T20:56:00,7200000,30300000,70,NONE,NONE,3615274803,2026-07-29T05:21:21,,,,,,,,,,13.0,23.0,7.0,15.0,2026-07-29T21:59:00.0,200,28620,0,1,1785272160000,1785302460000,1785279360000,1785309660000,0,5460,16740,6420,1680,1,0,1,14.0,8.0,17.0,1,13.0,ADULT,51.0,POSITIVE_LONG_AND_DEEP,NONE,STRESS_POS_EXCELLENT_OR_GOOD_SLEEP_RESTFUL_EVENING,EXCELLENT,27600.0,27600.0,GOOD,0.0,15.0,FAIR,0.0,1.0,86,GOOD,22,EXCELLENT,21.0,31.0,6010.2,8872.2,FAIR,0.0,5.0,58,EXCELLENT,30.0,64.0,8586.0,18316.8,19,EXCELLENT,16.0,33.0,4579.2,9444.6,2,3615274803,2026-07-28T19:14:05,460,460,NO_CHANGE_NO_ADJUSTMENTS,NO_CHANGE,NO_DATA,NO_DATA,NO_CHANGE,0,1430,10,1,3615274803,2026-07-29T05:21:22,460,460,NO_CHANGE_NO_ADJUSTMENTS,NO_CHANGE,NO_CHANGE,NO_DATA,NO_CHANGE,0,1430,10,1,70,48,7.95,91,279,107,28,86,,99,133,NONE,ONBOARDING_2,2026-07-29T05:21:34.540,99,1,3615274803,RUNNING,GENERIC,RUNNING,2,DETRAINING,0,0,LOW,FEEDBACK_1,21,328.5,175.20000000000002,219,0.0,1,DETRAINING,129031336,54.2,54.0,0,0,0,0,1,,53,0,0,0,2026-07-29T07:21:22.0,3615274803,PRIME,PRIME_RT_HIGHEST_SS_AVAILABLE_ACWR_POS,READY_FOR_ACTION,99,86,82,GOOD,1,99,GOOD,100,VERY_GOOD,21,0,NONE,0,NONE,511,0,NONE,1,AFTER_WAKEUP_RESET,1,NO_CHANGE_SLEEP,99,26,18.980367823263098,18.0,18.980367823263098,2.0,3,20.890190714938992,2,0,6,48,0,150.8,0,6,24.1,20.7,3.4,18.0,1,0,2026-07-29T00:00:00.0,1,99,PRIME,READY_FOR_ACTION,86,0,0,511,0,21,100,1,NONE,,0.0,21.5,6.3,15.1,75,82,118,,82,118,,,,,,,,,,,,,,,,,,,,,,,,,,,,,,,,,,,,,,,,,,,,,,,,,,,,,,,,,,,56.0,56.0,1,,,,,129031336,3615274803,1,ALIGNED,189,460,-80,380,150,81,99.0,
2026-07-30,2277.0,127.0,2150.0,2277.0,4968,4046,4046,127.0,127.0,2,private,7730,2026-07-29T22:00:00.0,2026-07-30T00:00:00.0,2026-07-30T22:00:00.0,2026-07-31T00:00:00.0,86400000,642,1738,61799,22221,1,0,0,0,0,0,33.528,22.794,11.0,7.47835,150,10,44,105,49,49,49,93,39600,21960,4860,19920,86340,5820,19860,13920,45.87,25.43,5.63,23.07,6.74,23.0,16.12,STRESSFUL,44880,21540,45,104,51,65,70,5,5,56,70,3.0,35.0,2026-07-30T20:06:09,VERY_LOW,SLEEP_PREPARATION_STRESSFUL_AND_INACTIVE,SLEEP_PREPARATION_STRESSFUL_AND_INACTIVE_AND_BB_LOW,2026-07-30T21:10:29,VERY_LOW,SLEEP_TIME_PASSED_STRESSFUL_AND_INACTIVE,SLEEP,2026-07-29T21:00:21,7200000,25800000,56,NONE,NONE,3615274803,2026-07-30T04:35:16,STRESS,2026-07-30T11:42:16,7200000,7440000,-12,STRESS_LONG,NEED_A_LITTLE_BREAK,3615274803,2026-07-30T13:51:46,14.0,23.0,6.0,18.0,2026-07-30T21:59:00.0,200,22920,0,1,1785358821000,1785384621000,1785366021000,1785391821000,0,4320,14520,4080,2880,1,0,1,15.0,10.0,18.0,2,23.0,ADULT,54.0,NEGATIVE_RESTLESS,NEGATIVE_STRESSFUL_DAY,MOD_EXERCISE_NEG_FAIR_OR_POOR_SLEEP_INACTIVITY,FAIR,27600.0,27600.0,FAIR,0.0,15.0,FAIR,0.0,1.0,69,FAIR,18,FAIR,21.0,31.0,4813.2,7105.2,POOR,0.0,5.0,63,GOOD,30.0,64.0,6876.0,14668.8,19,EXCELLENT,16.0,33.0,3667.2,7563.6,2,3615274803,2026-07-29T05:21:22,460,460,NO_CHANGE_NO_ADJUSTMENTS,NO_CHANGE,NO_CHANGE,NO_DATA,NO_CHANGE,0,1430,10,1,3615274803,2026-07-30T04:35:16,460,490,INCREASED,NO_CHANGE,INCREASING_LOW_QUALITY,NO_DATA,NO_CHANGE,1,1400,10,1,56,49,6.37,72,242,68,48,69,,92,124,NONE,ONBOARDING_2,2026-07-30T04:35:36.142,92,1,3615274803,RUNNING,GENERIC,RUNNING,2,DETRAINING,0,0,LOW,FEEDBACK_1,11,328.5,175.20000000000002,219,0.0,1,DETRAINING,129031336,54.2,54.0,0,0,0,0,0,,2,0,0,0,2026-07-30T06:35:16.0,3615274803,HIGH,HIGH_RT_HIGHEST_SS_AVAILABLE_ACWR_POS,EXCELLENT_RECOVERY,86,69,53,MODERATE,1,99,GOOD,100,VERY_GOOD,11,0,NONE,0,NONE,511,82,GOOD,1,AFTER_WAKEUP_RESET,1,NO_CHANGE_SLEEP,86,26,18.980367823263098,18.0,18.980367823263098,2.0,3,20.890190714938992,2,0,6,48,0,150.8,0,6,24.1,20.7,3.4,18.0,1,0,2026-07-30T00:00:00.0,1,86,HIGH,EXCELLENT_RECOVERY,69,82,0,511,0,11,100,1,NONE,,0.0,21.0,5.4,15.5,76,83,118,,83,118,,,,,,,,,,,,,,,,,,,,,,,,,,,,,,,,,,,,,,,,,,,,,,,,,,,,,,,,,,,56.0,56.0,1,,,,,129031336,3615274803,1,ALIGNED,155,460,-80,380,150,61,92.0,
2026-07-31,2195.0,45.0,2150.0,2195.0,4145,3390,3390,45.0,45.0,2,private,7180,2026-07-30T22:00:00.0,2026-07-31T00:00:00.0,2026-07-31T22:00:00.0,2026-08-01T00:00:00.0,86400000,583,968,65049,19800,1,0,0,0,0,0,65.702,55.965,21.55577,18.36122,150,10,46,99,49,49,40,90,48660,24480,5460,7740,86340,22860,22920,2880,56.36,28.35,6.32,8.96,26.48,26.55,3.34,STRESSFUL,59940,18660,47,97,45,45,49,5,5,44,49,3.0,39.0,2026-07-31T19:19:13,VERY_LOW,SLEEP_PREPARATION_STRESSFUL_AND_INACTIVE,SLEEP_PREPARATION_STRESSFUL_AND_INACTIVE_AND_BB_LOW,2026-07-31T20:31:30,VERY_LOW,SLEEP_TIME_PASSED_STRESSFUL_AND_INACTIVE,SLEEP,2026-07-30T22:01:16,7200000,19800000,20,NONE,NONE,3615274803,2026-07-31T05:39:55,,,,,,,,,,13.0,23.0,6.0,14.0,2026-07-31T21:59:00.0,200,19620,0,1,1785448876000,1785468676000,1785456076000,1785475876000,0,4620,11700,3300,180,1,0,1,15.0,8.0,18.0,0,28.0,ADULT,53.0,NEGATIVE_NOT_RESTORATIVE,NEGATIVE_HIGHLY_STRESSFUL_DAY,STRESS_NEG_GOOD_OR_FAIR_SLEEP_VERY_STRESSFUL_DAY,FAIR,27600.0,27600.0,POOR,0.0,15.0,EXCELLENT,0.0,1.0,66,FAIR,17,FAIR,21.0,31.0,4120.2,6082.2,EXCELLENT,0.0,5.0,60,GOOD,30.0,64.0,5886.0,12556.8,24,EXCELLENT,16.0,33.0,3139.2,6474.6,2,3615274803,2026-07-30T04:35:16,460,490,INCREASED,NO_CHANGE,INCREASING_LOW_QUALITY,NO_DATA,NO_CHANGE,1,1400,10,1,3615274803,2026-07-31T05:39:56,460,510,HIGHLY_INCREASED,NO_CHANGE,INCREASING,NO_DATA,NO_CHANGE,1,1370,0,1,20,49,5.45,77,195,55,3,66,,94,141,NONE,ONBOARDING_2,2026-07-31T05:40:09.634,94,1,3615274803,RUNNING,GENERIC,RUNNING,2,DETRAINING,0,0,LOW,FEEDBACK_1,0,328.5,175.20000000000002,219,0.0,1,DETRAINING,129031336,54.2,54.0,0,0,0,0,0,,37,0,0,0,2026-07-31T07:39:56.0,3615274803,MODERATE,MOD_RT_LOW_SS_MOD,GOOD_SLEEP_HISTORY,69,66,49,MODERATE,1,99,GOOD,100,VERY_GOOD,0,41,MODERATE,0,NONE,511,61,MODERATE,1,AFTER_WAKEUP_RESET,1,NO_CHANGE_SLEEP,69,26,18.980367823263098,18.0,18.980367823263098,2.0,3,20.890190714938992,2,0,6,48,0,150.8,0,6,24.1,20.7,3.4,18.0,1,0,2026-07-31T00:00:00.0,1,69,MODERATE,GOOD_SLEEP_HISTORY,66,61,0,511,41,0,100,1,NONE,,0.0,20.5,4.7,15.8,76,83,119,,83,119,,,,,,,,,,,,,,,,,,,,,,,,,,,,,,,,,,,,,,,,,,,,,,,,,,,,,,,,,,,56.0,56.0,1,,,,,129031336,3615274803,1,ALIGNED,166,460,-80,380,150,20,94.0,
2026-08-01,2200.0,50.0,2150.0,2200.0,2696,2204,2204,50.0,50.0,2,private,6580,2026-07-31T22:00:00.0,2026-08-01T00:00:00.0,2026-08-01T22:00:00.0,2026-08-02T00:00:00.0,86400000,469,700,51211,34020,1,0,0,0,0,0,9.893,15.187,3.24573,4.98261,150,10,43,110,46,49,18,96,7980,34740,4080,39600,86400,4680,2760,540,9.24,40.21,4.72,45.83,5.42,3.19,0.62,UNKNOWN,13380,33420,45,110,88,29,93,5,33,87,92,3.0,27.0,2026-08-01T19:00:16,MODERATE,NO_DATA,NO_DATA,2026-07-31T23:56:14,HIGH,SLEEP_TIME_PASSED_STRESSFUL_AND_INACTIVE,SLEEP,2026-07-31T22:07:55,7200000,34020000,88,NONE,NONE,3615274803,2026-08-01T08:14:56,,,,,,,,,,13.0,19.0,7.0,15.0,2026-08-01T22:00:00.0,200,33780,0,1,1785535675000,1785569695000,1785542875000,1785576895000,0,6240,19200,8340,240,1,0,1,14.0,10.0,17.0,0,11.0,ADULT,50.0,POSITIVE_OPTIMAL_STRUCTURE,NONE,RHYTHM_POS_EXCELLENT_SLEEP_GOOD_TIMING,EXCELLENT,27600.0,27600.0,EXCELLENT,0.0,15.0,EXCELLENT,0.0,1.0,98,EXCELLENT,25,EXCELLENT,21.0,31.0,7093.8,10471.8,EXCELLENT,0.0,5.0,57,EXCELLENT,30.0,64.0,10134.0,21619.2,18,EXCELLENT,16.0,33.0,5404.8,11147.4,2,3615274803,2026-07-31T05:39:56,460,510,HIGHLY_INCREASED,NO_CHANGE,INCREASING,NO_DATA,NO_CHANGE,1,1370,0,1,3615274803,2026-08-01T08:14:58,460,460,NO_CHANGE_NO_ADJUSTMENTS,NO_CHANGE,NO_CHANGE,NO_CHANGE,NO_CHANGE,0,1420,0,1,88,46,9.38,104,320,139,4,98,96,101,158,BALANCED,HRV_BALANCED_7,2026-08-02T13:20:38.60,101,1,3615274803,RUNNING,GENERIC,RUNNING,2,DETRAINING,0,0,LOW,FEEDBACK_1,0,328.5,175.20000000000002,219,0.0,1,DETRAINING,129031336,54.2,54.0,0,0,0,0,0,,16,0,0,0,2026-08-01T10:14:58.0,3615274803,HIGH,HIGH_RT_AVAILABLE_SS_HIGHEST,RESTED_AND_READY,87,98,98,VERY_GOOD,0,100,VERY_GOOD,100,VERY_GOOD,0,51,MODERATE,100,VERY_GOOD,96,50,MODERATE,1,AFTER_WAKEUP_RESET,1,REACHED_ZERO,87,26,18.980367823263098,18.0,18.980367823263098,2.0,3,20.890190714938992,2,0,6,48,0,150.8,0,6,24.1,20.7,3.4,18.0,1,0,2026-07-31T00:00:00.0,0,87,HIGH,RESTED_AND_READY,98,50,100,96,51,0,100,1,BALANCED,96,0.0,20.0,4.0,16.0,76,83,118,0.43569946,83,118,0.43569946,,,,,,,,,,,,,,,,,,,,,,,,,,,,,,,,,,,,,,,,,,,,,,,,,,,,,,,,,,56.0,56.0,1,,,,,129031336,3615274803,1,BEHIND,291,460,-80,380,150,58,101.0,
2026-08-02,2913.0,763.0,2150.0,2913.0,12072,12406,12406,763.0,763.0,2,private,5810,2026-08-01T22:00:00.0,2026-08-02T00:00:00.0,2026-08-02T22:00:00.0,2026-08-03T00:00:00.0,86400000,4210,848,53742,27600,1,1,0,0,1,69,99.895,102.127,32.77395,33.50623,150,10,47,150,51,49,28,97,14580,19920,6360,45360,86220,10740,2760,1080,16.91,23.1,7.38,52.61,12.46,3.2,1.25,UNKNOWN,14280,26580,48,150,45,32,76,31,46,44,75,3.0,40.0,2026-08-02T19:00:12,MODERATE,NO_DATA,NO_DATA,,,,SLEEP,2026-08-01T22:43:56,7200000,27600000,44,NONE,NONE,3615274803,2026-08-02T07:00:04,ACTIVITY,2026-08-02T08:32:35,7200000,3840000,-14,EXERCISE_TRAINING_EFFECT_3,IMPROVING_AEROBIC_BASE,3615274803,2026-08-02T09:40:46,14.0,20.0,8.0,10.0,2026-08-02T10:40:00.0,200,27300,0,1,1785624236000,1785651836000,1785631436000,1785659036000,0,5940,17580,3780,300,1,0,1,15.0,9.0,19.0,0,22.0,ADULT,56.0,POSITIVE_LONG_AND_DEEP,NONE,GENERAL_POS_EXCELLENT_OR_GOOD_SLEEP,EXCELLENT,27600.0,27600.0,FAIR,0.0,15.0,EXCELLENT,0.0,1.0,82,GOOD,14,FAIR,21.0,31.0,5733.0,8463.0,EXCELLENT,0.0,5.0,64,GOOD,30.0,64.0,8190.0,17472.0,22,EXCELLENT,16.0,33.0,4368.0,9009.0,2,3615274803,2026-08-01T08:14:58,460,460,NO_CHANGE_NO_ADJUSTMENTS,NO_CHANGE,NO_CHANGE,NO_CHANGE,NO_CHANGE,0,1420,0,1,3615274803,2026-08-02T09:40:48,460,460,NO_CHANGE_NO_ADJUSTMENTS,NO_CHANGE,NO_CHANGE,NO_CHANGE,NO_CHANGE,0,1420,0,1,44,51,7.58,99,293,63,5,82,91,71,113,BALANCED,HRV_BALANCED_3,2026-08-02T13:21:22.299,71,2,3615274803,RUNNING,GENERIC,RUNNING,1,UNPRODUCTIVE_3,0,16,LOW,FEEDBACK_1,98,328.5,175.20000000000002,219,0.4,1,UNPRODUCTIVE_3,129031336,52.9,53.0,0,0,0,0,0,,50,0,0,0,2026-08-02T11:40:47.0,3615274803,MODERATE,MOD_RT_HIGH_SS_GOOD_WORKOUT_COMPLETED,HIGH_RECOVERY_NEEDS,50,82,74,GOOD,2558,35,POOR,100,VERY_GOOD,98,54,MODERATE,99,GOOD,91,84,GOOD,1,AFTER_POST_EXERCISE_RESET,1,REACHED_ZERO,50,26,18.980367823263098,18.0,18.980367823263098,2.0,3,20.890190714938992,2,0,6,48,0,132.6,0,6,24.1,20.7,3.4,18.0,1,0,2026-08-02T00:00:00.0,2558,50,MODERATE,HIGH_RECOVERY_NEEDS,82,84,99,91,54,98,100,2,BALANCED,91,50.5,20.7,10.6,10.1,76,83,119,0.36109924,83,119,0.36109924,96.0,Chevrières Course à pied,running,23830044161,,,,,,,,,,129031336,52.9,53.0,0,0,0,0,0,50,0,0,0,52.9,,,,,,,,,,,,,,,,,,,,,,,,,,,,,,,,56.0,56.0,1,,,,,129031336,3615274803,1,BEHIND,273,460,-80,380,150,48,71.0,
2026-08-03,2882.0,732.0,2150.0,2882.0,4359,5339,3561,732.0,732.0,2,private,6440,2026-08-02T22:00:00.0,2026-08-03T00:00:00.0,2026-08-03T22:00:00.0,2026-08-04T00:00:00.0,86400000,748,1801,83851,0,1,1,0,0,2,61,30.708,28.413,10.0748,9.32185,150,10,59,153,53,50,64,93,27120,240,23280,35700,86340,5280,14760,7080,31.41,0.28,26.96,41.35,6.12,17.1,8.2,VERY_STRESSFUL_AWAKE,50640,0,60,150,0,67,87,20,20,,,3.0,38.0,2026-08-03T21:23:56,MODERATE,SLEEP_PREPARATION_NOT_STRESS_DATA_AND_INTENSIVE_EXERCISE,SLEEP_PREPARATION_NOT_STRESS_DATA_AND_INTENSIVE_EXERCISE,,,,STRESS,2026-08-03T11:28:00,7200000,3180000,-7,STRESS,STRESSFUL_PERIOD,3615274803,2026-08-03T12:21:48,ACTIVITY,2026-08-03T16:24:39,7200000,3840000,-8,EXERCISE_TRAINING_EFFECT_3,IMPROVING_AEROBIC_BASE,3615274803,2026-08-03T17:29:37,13.0,20.0,7.0,13.0,2026-08-03T16:02:00.0,200,,,,,,,,,,,,,0,0,,,,,,,,,,,,,,,,,,,,,,,,,,,,,,,,,,,,,,,,,,,,,3615274803,2026-08-02T09:40:48,460,460,NO_CHANGE_NO_ADJUSTMENTS,NO_CHANGE,NO_CHANGE,NO_CHANGE,NO_CHANGE,0,1420,0,1,3615274803,2026-08-03T17:29:39,460,460,NO_CHANGE_NO_ADJUSTMENTS,NO_CHANGE,NO_DATA,NO_DATA,NO_CHANGE,0,1420,0,1,,,,,,,,,91,,,BALANCED,HRV_BALANCED_5,2026-08-03T05:52:47.378,,2,3615274803,RUNNING,GENERIC,RUNNING,1,UNPRODUCTIVE_3,0,38,OPTIMAL,FEEDBACK_2,198,328.5,175.20000000000002,219,0.9,1,UNPRODUCTIVE_3,129031336,52.9,53.0,0,0,0,0,0,,10,0,0,0,2026-08-03T19:29:39.0,3615274803,MODERATE,MOD_RT_MOD_SS_UNKNOWN,RECOVERY_IN_PROGRESS,56,,0,NONE,1280,66,MODERATE,95,GOOD,198,54,MODERATE,98,GOOD,91,84,GOOD,0,AFTER_POST_EXERCISE_RESET,1,NO_CHANGE_SLEEP,56,26,18.980367823263098,18.0,18.980367823263098,2.1,3,20.890190714938992,2,0,6,48,0,142.8,0,6,24.1,20.7,3.4,18.0,1,0,2026-08-03T00:00:00.0,1280,56,MODERATE,RECOVERY_IN_PROGRESS,,84,98,91,54,198,95,2,BALANCED,91,56.7,21.6,17.2,4.3,76,83,119,0.36109924,83,119,0.36109924,65.0,Nat. piscine,lap_swimming,23838889960,,,,,,,,,,,,,,,,,,,,,,,,,,,,,,,,,,,,,,,,,,,,,,,,,,,,,,56.0,56.0,1,,,,,129031336,3615274803,1,NO_LAST_SLEEP_DATA,,460,-80,380,150,,,
2026-08-04,2857.0,707.0,2150.0,2857.0,13086,12364,12364,707.0,707.0,2,private,6240,2026-08-03T22:00:00.0,2026-08-04T00:00:00.0,2026-08-04T22:00:00.0,2026-08-05T00:00:00.0,86400000,3561,2345,80261,233,1,1,0,0,5,51,95.121,86.556,31.20768,28.39764,150,10,58,155,53,50,68,96,38580,300,40440,7080,86400,4860,19920,13800,44.65,0.35,46.81,8.19,5.62,23.06,15.97,VERY_STRESSFUL_AWAKE,79080,240,58,155,0,75,82,7,7,,,3.0,40.0,2026-08-04T19:00:13,LOW,SLEEP_PREPARATION_STRESSFUL_AND_INTENSIVE_EXERCISE,SLEEP_PREPARATION_STRESSFUL_AND_INTENSIVE_EXERCISE_AND_BB_LOW,2026-08-03T22:58:03,HIGH,SLEEP_TIME_PASSED_NOT_STRESS_DATA_AND_INTENSIVE_EXERCISE,ACTIVITY,2026-08-04T10:09:07,7200000,3000000,-12,EXERCISE_TRAINING_EFFECT_3,IMPROVING_AEROBIC_BASE,3615274803,2026-08-04T11:00:07,,,,,,,,,,13.0,25.0,7.0,16.0,2026-08-04T22:00:00.0,200,,,,,,,,,,,,,0,0,,,,,,,,,,,,,,,,,,,,,,,,,,,,,,,,,,,,,,,,,,,,,3615274803,2026-08-03T17:29:39,460,460,NO_CHANGE_NO_ADJUSTMENTS,NO_CHANGE,NO_DATA,NO_DATA,NO_CHANGE,0,1420,0,1,3615274803,2026-08-04T11:00:08,460,460,NO_CHANGE_NO_ADJUSTMENTS,NO_CHANGE,NO_DATA,NO_DATA,NO_CHANGE,0,1420,0,1,,,,,,,,,91,,,BALANCED,HRV_BALANCED_6,2026-08-04T06:05:15.135,,2,3615274803,RUNNING,GENERIC,RUNNING,1,UNPRODUCTIVE_3,0,61,OPTIMAL,FEEDBACK_3,325,328.5,175.20000000000002,219,1.4,1,UNPRODUCTIVE_3,129031336,52.6,53.0,0,0,0,8,0,ACCLIMATIZING,37,0,0,0,2026-08-04T16:13:55.0,3615274803,MODERATE,MOD_RT_MOD_SS_UNKNOWN,RECOVERY_IN_PROGRESS,50,,0,NONE,1387,63,MODERATE,70,GOOD,325,62,MODERATE,99,GOOD,91,74,GOOD,0,UPDATE_REALTIME_VARIABLES,1,,50,26,18.980367823263098,18.0,18.980367823263098,2.3,3,20.890190714938992,2,0,6,48,0,151.3,0,6,24.1,20.7,3.4,18.0,1,0,2026-08-04T00:00:00.0,1387,50,MODERATE,RECOVERY_IN_PROGRESS,,74,99,91,62,325,70,2,BALANCED,91,37.7,21.9,20.1,1.8,76,83,119,0.36109924,83,119,0.36109924,70.0,,,,,,,,,,,,,129031336,52.6,53.0,0,0,0,8,0,37,0,0,0,52.6,,,,,,,,,,,,,,,,,,,,,,,Aulnay-sous-Bois Course à pied,running,23847228135,,,,,ACCLIMATIZING,,56.0,56.0,1,,,,,129031336,3615274803,1,NO_LAST_SLEEP_DATA,,460,-80,380,150,,,
2026-08-05,2988.0,838.0,2150.0,2644.0,5217,24751,4314,720.0,838.0,2,private,6930,2026-08-04T22:00:00.0,2026-08-05T00:00:00.0,2026-08-05T22:00:00.0,2026-08-06T00:00:00.0,86400000,692,4385,56981,24342,1,1,0,0,29,23,23.121,24.662,7.58563,8.09121,150,10,48,146,52,50,47,92,45900,20880,8220,11400,86400,13260,22140,10500,53.12,24.17,9.51,13.19,15.35,25.62,12.15,STRESSFUL,53460,21540,50,143,49,51,56,5,5,43,50,3.0,36.0,2026-08-05T20:59:44,VERY_LOW,SLEEP_PREPARATION_STRESSFUL_AND_EXERCISE,SLEEP_PREPARATION_STRESSFUL_AND_EXERCISE_AND_BB_LOW,2026-08-05T21:14:19,VERY_LOW,SLEEP_TIME_PASSED_STRESSFUL_AND_EXERCISE,,,,,,,,,,,,,,,,,,,14.0,24.0,7.0,17.0,2026-08-05T22:00:00.0,200,21960,0,1,1785880567000,1785903247000,1785887767000,1785910447000,0,5040,14040,2880,720,1,0,1,15.0,8.0,19.0,1,19.0,ADULT,55.0,POSITIVE_DEEP,POSITIVE_STRESSFUL_DAY,MOD_EXERCISE_POS_FAIR_SLEEP_MOD_TO_VIG_DURING_DAY_OUTDOOR,FAIR,27600.0,27600.0,FAIR,0.0,15.0,GOOD,0.0,1.0,74,FAIR,13,FAIR,21.0,31.0,4611.6,6807.6,GOOD,0.0,5.0,64,GOOD,30.0,64.0,6588.0,14054.4,23,EXCELLENT,16.0,33.0,3513.6,7246.8,2,3615274803,2026-08-04T11:00:08,460,460,NO_CHANGE_NO_ADJUSTMENTS,NO_CHANGE,NO_DATA,NO_DATA,NO_CHANGE,0,1420,0,1,3615274803,2026-08-05T18:05:27,460,460,NO_CHANGE_NO_ADJUSTMENTS,NO_CHANGE,NO_CHANGE,NO_CHANGE,NO_CHANGE,0,1410,1430,1,43,52,6.1,84,234,48,12,74,87,81,113,BALANCED,HRV_BALANCED_2,2026-08-05T04:22:31.17,81,2,3615274803,RUNNING,GENERIC,RUNNING,1,UNPRODUCTIVE_3,0,73,HIGH,FEEDBACK_4,361,328.5,175.20000000000002,219,1.6,1,UNPRODUCTIVE_3,129031336,52.6,53.0,0,0,0,8,8,ACCLIMATIZED,0,0,0,0,2026-08-05T20:05:27.0,3615274803,MODERATE,MOD_RT_LOW_SS_MOD,GOOD_SLEEP_HISTORY,54,74,61,MODERATE,718,81,GOOD,61,MODERATE,361,0,NONE,84,GOOD,87,0,NONE,1,AFTER_POST_EXERCISE_RESET,1,HIGH_STRESS,54,26,18.980367823263098,18.0,18.980367823263098,2.3,3,20.890190714938992,2,0,6,48,0,155.1,0,6,24.1,20.7,3.4,18.0,1,0,2026-08-05T00:00:00.0,718,54,MODERATE,GOOD_SLEEP_HISTORY,74,0,84,87,0,361,61,2,BALANCED,87,83.2,23.4,29.2,-5.8,77,84,119,0.29284668,84,119,0.29284668,111.0,,,,,,,,,,,,,,,,,,,,,,,,,,,,,,,,,,,,,,,,,,,,344.0,,,,,,,,,,,,,56.0,56.0,1,,,,,129031336,3615274803,1,ALIGNED,185,460,-80,380,150,43,81.0,
2026-08-06,2916.0,766.0,2150.0,2916.0,13206,14040,14072,766.0,766.0,2,private,6690,2026-08-05T22:00:00.0,2026-08-06T00:00:00.0,2026-08-06T22:00:00.0,2026-08-07T00:00:00.0,86400000,4163,1198,54434,26605,1,1,0,0,6,53,131.064,111.037,43.0,36.42946,150,10,49,176,52,51,40,93,41100,26820,5160,13260,86340,14820,23220,3060,47.6,31.06,5.98,15.36,17.16,26.89,3.54,STRESSFUL,47880,25200,50,176,55,55,60,5,5,55,60,3.0,45.0,2026-08-06T20:09:15,VERY_LOW,SLEEP_PREPARATION_STRESSFUL_AND_INTENSIVE_EXERCISE,SLEEP_PREPARATION_STRESSFUL_AND_INTENSIVE_EXERCISE_AND_BB_LOW,2026-08-06T00:17:45,HIGH,SLEEP_TIME_PASSED_STRESSFUL_AND_EXERCISE,SLEEP,2026-08-05T21:28:25,7200000,28500000,55,NONE,NONE,3615274803,2026-08-06T05:45:45,ACTIVITY,2026-08-06T18:10:30,7200000,3240000,-9,EXERCISE_TRAINING_EFFECT_4_LATE,HIGHLY_IMPROVING_VO2MAX,3615274803,2026-08-06T19:05:44,15.0,39.0,6.0,12.0,2026-08-06T21:53:00.0,200,27780,0,1,1785965305000,1785993805000,1785972505000,1786001005000,0,5460,15900,6420,720,1,0,1,15.0,7.0,19.0,1,20.0,ADULT,55.0,POSITIVE_LONG_AND_DEEP,POSITIVE_STRESSFUL_DAY,MOD_EXERCISE_POS_EXCELLENT_OR_GOOD_SLEEP_MODERATE_CLOSE_BED,EXCELLENT,27600.0,27600.0,FAIR,0.0,15.0,GOOD,0.0,1.0,87,GOOD,23,EXCELLENT,21.0,31.0,5833.8,8611.8,GOOD,0.0,5.0,57,EXCELLENT,30.0,64.0,8334.0,17779.2,20,EXCELLENT,16.0,33.0,4444.8,9167.4,2,3615274803,2026-08-05T18:05:27,460,460,NO_CHANGE_NO_ADJUSTMENTS,NO_CHANGE,NO_CHANGE,NO_CHANGE,NO_CHANGE,0,1410,1430,1,3615274803,2026-08-06T19:05:46,460,490,INCREASED,HIGH_ACWR,NO_CHANGE,INCREASING,NO_CHANGE,1,1390,0,1,55,52,7.72,91,265,107,12,87,84,76,119,UNBALANCED,HRV_UNBALANCED_7,2026-08-06T05:46:03.779,76,3,3615274803,RUNNING,GENERIC,RUNNING,1,OVERREACHING_1,0,100,VERY_HIGH,FEEDBACK_5,542,330.0,176.0,220,2.4,1,OVERREACHING_1,129031336,53.1,53.0,0,0,0,16,8,ACCLIMATIZING,29,0,0,0,2026-08-06T21:05:46.0,3615274803,POOR,POOR_HRV_UNBALANCED,TIME_TO_SLOW_DOWN,1,87,84,GOOD,3950,15,POOR,26,POOR,542,28,POOR,69,MODERATE,84,61,MODERATE,1,AFTER_POST_EXERCISE_RESET,1,REACHED_ZERO,1,26,18.980367823263098,18.0,18.980367823263098,2.6,3,20.890190714938992,2,0,6,48,0,164.0,0,6,24.1,20.7,3.4,18.0,1,0,2026-08-06T00:00:00.0,3950,1,POOR,TIME_TO_SLOW_DOWN,87,61,69,84,28,542,26,3,UNBALANCED,84,61.4,24.3,33.8,-9.5,77,85,119,0.24978638,85,119,0.24978638,82.0,Chevrières - 5x1000m,running,23879066011,,,,,,,,,,129031336,53.1,53.0,0,0,0,16,8,29,0,0,0,53.1,,,,,,,,,,,,,,,,,,,,,,,,,,,,,,ACCLIMATIZING,,56.0,56.0,1,,,,,129031336,3615274803,1,ALIGNED,206,460,-80,380,150,41,76.0,
2026-08-07,2231.0,81.0,2150.0,2231.0,4335,3531,3531,81.0,81.0,2,private,7350,2026-08-06T22:00:00.0,2026-08-07T00:00:00.0,2026-08-07T22:00:00.0,2026-08-08T00:00:00.0,86400000,606,1242,60492,24060,1,0,0,0,0,0,49.571,24.355,16.26345,7.99049,150,10,42,105,50,51,48,93,49860,23880,5820,6780,86340,11820,21720,16320,57.75,27.66,6.74,7.85,13.69,25.16,18.9,STRESSFUL,56100,23460,47,101,58,58,63,5,5,58,63,3.0,104.0,2026-08-07T19:51:41,VERY_LOW,SLEEP_PREPARATION_STRESSFUL_AND_EXERCISE,SLEEP_PREPARATION_STRESSFUL_AND_EXERCISE_AND_BB_LOW,2026-08-07T00:48:10,HIGH,SLEEP_TIME_PASSED_STRESSFUL_AND_INTENSIVE_EXERCISE,SLEEP,2026-08-06T22:39:44,7200000,24060000,58,NONE,NONE,3615274803,2026-08-07T05:33:46,STRESS,2026-08-07T11:45:26,7200000,6180000,-10,STRESS,STRESSFUL_PERIOD,3615274803,2026-08-07T13:33:31,13.0,21.0,7.0,16.0,2026-08-07T21:59:00.0,200,23820,0,1,1786055984000,1786080044000,1786063184000,1786087244000,0,3840,14940,5040,240,1,0,1,15.0,10.0,17.0,0,18.0,ADULT,55.0,POSITIVE_CONTINUOUS,NONE,GENERAL_POS_FAIR_OR_POOR_SLEEP,FAIR,27600.0,27600.0,FAIR,0.0,15.0,EXCELLENT,0.0,1.0,79,FAIR,21,GOOD,21.0,31.0,5002.2,7384.2,EXCELLENT,0.0,5.0,63,GOOD,30.0,64.0,7146.0,15244.8,16,GOOD,16.0,33.0,3811.2,7860.6,2,3615274803,2026-08-06T19:05:46,460,490,INCREASED,HIGH_ACWR,NO_CHANGE,INCREASING,NO_CHANGE,1,1390,0,1,3615274803,2026-08-07T11:06:24,460,500,INCREASED,HIGH_ACWR,NO_CHANGE,INCREASING,NO_CHANGE,1,1370,1430,1,58,50,6.62,64,249,84,4,79,80,76,119,UNBALANCED,HRV_UNBALANCED_8,2026-08-07T05:34:13.359,76,3,3615274803,RUNNING,GENERIC,RUNNING,1,OVERREACHING_1,0,100,VERY_HIGH,FEEDBACK_5,533,334.5,178.4,223,2.3,1,OVERREACHING_1,129031336,53.1,53.0,0,0,0,16,16,ACCLIMATIZED,210,0,0,0,2026-08-07T13:06:24.0,3615274803,POOR,POOR_HRV_UNBALANCED,TIME_TO_SLOW_DOWN,1,79,68,MODERATE,2996,28,POOR,28,POOR,533,40,MODERATE,53,MODERATE,80,75,GOOD,1,AFTER_POST_EXERCISE_RESET,1,,1,26,18.980367823263098,18.0,18.980367823263098,2.6,3,20.890190714938992,2,0,6,48,0,164.0,0,6,24.1,20.7,3.4,18.0,1,0,2026-08-07T00:00:00.0,2996,1,POOR,TIME_TO_SLOW_DOWN,79,75,53,80,40,533,28,3,UNBALANCED,80,0.0,23.7,28.9,-5.2,77,84,119,0.18099976,84,119,0.18099976,,,,,STRESS,2026-08-07T16:24:01,7200000,5640000,-6,STRESS,STRESSFUL_PERIOD,3615274803,2026-08-07T18:02:23,,,,,,,,,,,,,,,,,,,,,,,,,,,,,,,,,,,,,,,,,,,,,56.0,56.0,1,,,,,129031336,3615274803,1,BEHIND,240,460,-90,370,140,44,76.0,
2026-08-08,2861.0,711.0,2150.0,2861.0,23141,18971,18971,711.0,711.0,2,private,7060,2026-08-07T22:00:00.0,2026-08-08T00:00:00.0,2026-08-08T22:00:00.0,2026-08-09T00:00:00.0,86400000,991,10771,50278,24360,1,0,0,0,0,0,47.588,45.027,15.61286,14.77264,150,10,48,111,51,52,44,98,29760,24120,22500,9840,86220,6780,10320,12660,34.52,27.97,26.1,11.41,7.86,11.97,14.68,STRESSFUL,53040,23340,49,109,57,57,62,5,5,57,62,3.0,207.0,2026-08-08T20:43:24,VERY_LOW,SLEEP_PREPARATION_STRESSFUL_AND_ACTIVE_AND_EXERCISE,SLEEP_PREPARATION_STRESSFUL_AND_ACTIVE_AND_EXERCISE_AND_BB_LOW,2026-08-08T01:48:43,HIGH,SLEEP_TIME_PASSED_STRESSFUL_AND_INACTIVE,SLEEP,2026-08-07T23:07:46,7200000,24360000,57,NONE,NONE,3615274803,2026-08-08T06:10:18,,,,,,,,,,14.0,24.0,7.0,12.0,2026-08-08T22:00:00.0,200,24360,0,1,1786144066000,1786168426000,1786151266000,1786175626000,0,2940,15840,5580,0,1,0,1,15.0,8.0,19.0,0,15.0,ADULT,53.0,POSITIVE_REFRESHING,POSITIVE_STRESSFUL_DAY,STRESS_POS_EXCELLENT_OR_GOOD_SLEEP_VERY_STRESSFUL_DAY,FAIR,27600.0,27600.0,GOOD,0.0,15.0,EXCELLENT,0.0,1.0,82,GOOD,23,EXCELLENT,21.0,31.0,5115.6,7551.6,EXCELLENT,0.0,5.0,65,FAIR,30.0,64.0,7308.0,15590.4,12,FAIR,16.0,33.0,3897.6,8038.8,2,3615274803,2026-08-07T11:06:24,460,500,INCREASED,HIGH_ACWR,NO_CHANGE,INCREASING,NO_CHANGE,1,1370,1430,1,3615274803,2026-08-08T20:27:45,460,510,HIGHLY_INCREASED,DAILY_ACTIVITY_AND_HIGH_ACWR,NO_CHANGE,INCREASING,NO_CHANGE,1,1370,0,1,57,51,6.77,49,264,93,,82,78,88,127,UNBALANCED,HRV_UNBALANCED_8,2026-08-08T06:10:38.22,88,3,3615274803,RUNNING,GENERIC,RUNNING,1,OVERREACHING_1,0,100,VERY_HIGH,FEEDBACK_5,462,328.5,175.20000000000002,219,2.1,1,OVERREACHING_1,129031336,53.1,53.0,0,0,0,16,16,ACCLIMATIZED,225,0,0,0,2026-08-08T08:10:19.0,3615274803,POOR,POOR_HRV_UNBALANCED,TIME_TO_SLOW_DOWN,8,82,74,GOOD,2298,38,POOR,36,POOR,462,37,POOR,40,MODERATE,78,73,GOOD,1,AFTER_WAKEUP_RESET,1,NO_CHANGE_SLEEP,8,26,18.980367823263098,18.0,18.980367823263098,2.5,3,20.890190714938992,2,0,6,48,0,155.3,0,6,24.1,20.7,3.4,18.0,1,0,2026-08-08T00:00:00.0,2298,8,POOR,TIME_TO_SLOW_DOWN,82,73,40,78,37,462,36,3,UNBALANCED,78,0.0,23.2,24.8,-1.6,77,85,119,0.12866211,85,119,0.12866211,,,,,,,,,,,,,,,,,,,,,,,,,,,,,,,,,,,,,,,,,,,,,,,,,,,,,,,,,,56.0,56.0,1,,,,,129031336,3615274803,1,BEHIND,270,460,-90,370,140,44,88.0,
2026-08-09,2770.0,620.0,2150.0,2770.0,19335,15848,15848,620.0,620.0,2,private,8670,2026-08-08T22:00:00.0,2026-08-09T00:00:00.0,2026-08-09T22:00:00.0,2026-08-10T00:00:00.0,86400000,398,9838,51324,24840,1,0,0,0,4,7,37.879,32.318,12.42749,10.60302,150,10,42,142,50,52,40,98,33300,24480,17940,10680,86400,11280,15960,6060,38.54,28.33,20.76,12.36,13.06,18.47,7.01,STRESSFUL,51840,23880,43,138,59,57,64,5,7,59,64,3.0,210.0,2026-08-09T19:00:28,LOW,SLEEP_PREPARATION_STRESSFUL_AND_ACTIVE_AND_EXERCISE,SLEEP_PREPARATION_STRESSFUL_AND_ACTIVE_AND_EXERCISE_AND_BB_LOW,2026-08-09T01:40:05,HIGH,SLEEP_TIME_PASSED_STRESSFUL_AND_ACTIVE_AND_EXERCISE,SLEEP,2026-08-08T22:48:18,7200000,24840000,59,NONE,NONE,3615274803,2026-08-09T05:42:20,,,,,,,,,,13.0,22.0,6.0,10.0,2026-08-09T21:38:00.0,200,24780,0,1,1786229298000,1786254138000,1786236498000,1786261338000,0,2160,16920,5700,60,1,0,1,15.0,8.0,18.0,0,24.0,ADULT,54.0,POSITIVE_LONG_AND_CONTINUOUS,POSITIVE_STRESSFUL_DAY,GENERAL_POS_FAIR_OR_POOR_SLEEP,GOOD,27600.0,27600.0,FAIR,0.0,15.0,EXCELLENT,0.0,1.0,76,FAIR,23,EXCELLENT,21.0,31.0,5203.8,7681.8,EXCELLENT,0.0,5.0,68,FAIR,30.0,64.0,7434.0,15859.2,9,FAIR,16.0,33.0,3964.8,8177.4,2,3615274803,2026-08-08T20:27:45,460,510,HIGHLY_INCREASED,DAILY_ACTIVITY_AND_HIGH_ACWR,NO_CHANGE,INCREASING,NO_CHANGE,1,1370,0,1,3615274803,2026-08-09T18:37:16,460,500,INCREASED,DAILY_ACTIVITY_AND_HIGH_ACWR,NO_CHANGE,INCREASING,NO_CHANGE,1,1380,0,1,59,50,6.88,36,282,95,1,76,82,90,122,UNBALANCED,HRV_UNBALANCED_8,2026-08-09T23:42:40.427,90,3,3615274803,RUNNING,GENERIC,RUNNING,1,OVERREACHING_1,0,80,HIGH,FEEDBACK_4,392,328.5,175.20000000000002,219,1.7,1,OVERREACHING_1,129031336,53.1,53.0,0,0,0,16,16,ACCLIMATIZED,86,0,0,0,2026-08-09T09:13:55.0,3615274803,LOW,LOW_HRV_UNBALANCED,LISTEN_TO_YOUR_BODY,25,76,64,MODERATE,1411,62,MODERATE,52,MODERATE,392,29,POOR,60,MODERATE,82,72,GOOD,1,UPDATE_REALTIME_VARIABLES,1,,25,26,19.155460910370273,18.0,18.980367823263098,2.3,3,20.890190714938992,2,0,6,49,0,142.6,0,6,24.1,20.7,3.4,18.0,1,0,2026-08-09T00:00:00.0,1411,25,LOW,LISTEN_TO_YOUR_BODY,76,72,60,82,29,392,52,3,UNBALANCED,82,0.0,22.6,21.3,1.3,77,84,118,0.20896912,84,118,0.20896912,,,,,,,,,,,,,,,,,,,,,,,,,,,,,,,,,,,,,,,,,,,,,,,,,,,,,,,,,,56.0,56.0,1,,,,,129031336,3615274803,1,BEHIND,255,460,-90,370,140,32,90.0,
2026-08-10,2695.0,545.0,2150.0,2695.0,3029,4097,2506,545.0,545.0,2,private,10670,2026-08-09T22:00:00.0,2026-08-10T00:00:00.0,2026-08-10T22:00:00.0,2026-08-11T00:00:00.0,86400000,281,1512,79369,5238,1,1,0,0,23,26,26.803,33.756,8.79364,11.0748,150,10,47,157,53,52,51,99,16320,5100,6660,58320,86400,4680,7560,4080,18.89,5.9,7.71,67.5,5.42,8.75,4.72,UNKNOWN,28080,0,49,148,8,41,57,16,24,,,3.0,80.0,2026-08-10T19:38:51,MODERATE,SLEEP_PREPARATION_NOT_STRESS_DATA_AND_EXERCISE,SLEEP_PREPARATION_NOT_STRESS_DATA_AND_EXERCISE,2026-08-10T00:35:41,HIGH,SLEEP_TIME_PASSED_NOT_STRESS_DATA_AND_ACTIVE_AND_EXERCISE,ACTIVITY,2026-08-10T10:32:46,7200000,3420000,-7,EXERCISE_TRAINING_EFFECT_2,MAINTAINING_AEROBIC_BASE,3615274803,2026-08-10T11:30:42,,,,,,,,,,15.0,24.0,8.0,12.0,2026-08-10T22:00:00.0,200,,,,,,,,,,,,,0,0,,,,,,,,,,,,,,,,,,,,,,,,,,,,,,,,,,,,,,,,,,,,,3615274803,2026-08-09T18:37:16,460,500,INCREASED,DAILY_ACTIVITY_AND_HIGH_ACWR,NO_CHANGE,INCREASING,NO_CHANGE,1,1380,0,1,3615274803,2026-08-10T11:30:44,460,460,NO_CHANGE_NO_ADJUSTMENTS,NO_CHANGE,NO_DATA,NO_DATA,NO_CHANGE,0,1420,0,1,,,,,,,,,82,,,UNBALANCED,HRV_UNBALANCED_8,2026-08-10T05:45:14.199,,3,3615274803,RUNNING,GENERIC,RUNNING,1,OVERREACHING_1,0,80,HIGH,FEEDBACK_4,389,333.0,177.60000000000002,222,1.7,1,OVERREACHING_1,129031336,53.1,53.0,0,0,0,14,16,DEACCLIMATIZING,65,0,0,0,2026-08-10T13:30:44.0,3615274803,LOW,LOW_HRV_UNBALANCED,LISTEN_TO_YOUR_BODY,32,,0,NONE,1224,67,MODERATE,55,MODERATE,389,29,POOR,59,MODERATE,82,67,MODERATE,0,AFTER_POST_EXERCISE_RESET,1,NO_CHANGE_SLEEP,32,26,19.155460910370273,18.0,19.155460910370273,2.1,3,20.890190714938992,2,0,6,49,0,143.1,0,6,24.1,20.7,3.4,18.0,1,0,2026-08-10T00:00:00.0,1224,32,LOW,LISTEN_TO_YOUR_BODY,,67,59,82,29,389,55,3,UNBALANCED,82,74.7,23.8,28.9,-5.0,78,84,118,0.20692444,84,118,0.20692444,56.0,,,,,,,,,,,,,,,,,,,,,,,,,,,,,,,,,,,,,,,,,,,,,,,,Nat. piscine,lap_swimming,23921750981,,,,,,,,,,,,,,129031336,3615274803,1,NO_LAST_SLEEP_DATA,,460,-90,370,140,,,
2026-08-11,3014.0,864.0,2150.0,3014.0,16659,15973,15973,864.0,864.0,2,private,9910,2026-08-10T22:00:00.0,2026-08-11T00:00:00.0,2026-08-11T22:00:00.0,2026-08-12T00:00:00.0,86400000,7939,1172,51261,26028,1,1,0,0,1,62,107.739,105.273,35.34744,34.53839,150,10,43,147,46,51,37,99,38760,28260,9900,8940,85860,13380,18660,6720,45.14,32.91,11.53,10.41,15.58,21.73,7.83,STRESSFUL,55020,21900,44,147,84,88,99,11,20,83,99,3.0,51.0,2026-08-11T19:00:20,LOW,SLEEP_PREPARATION_STRESSFUL_AND_INTENSIVE_EXERCISE,SLEEP_PREPARATION_STRESSFUL_AND_INTENSIVE_EXERCISE_AND_BB_LOW,2026-08-11T21:29:53,MODERATE,SLEEP_TIME_PASSED_STRESSFUL_AND_INTENSIVE_EXERCISE,SLEEP,2026-08-10T20:32:42,7200000,27420000,83,NONE,NONE,3615274803,2026-08-11T04:24:14,ACTIVITY,2026-08-11T04:24:15,7200000,3660000,-17,EXERCISE_TRAINING_EFFECT_3,IMPROVING_AEROBIC_BASE,3615274803,2026-08-11T05:26:43,14.0,24.0,6.0,16.0,2026-08-11T22:00:00.0,200,27120,0,1,1786393962000,1786421382000,1786401162000,1786428582000,0,1680,19560,5880,300,1,0,1,15.0,7.0,19.0,0,13.0,ADULT,48.0,POSITIVE_LONG_AND_RECOVERING,NONE,NOT_AVAILABLE,EXCELLENT,27600.0,27600.0,EXCELLENT,0.0,15.0,EXCELLENT,0.0,1.0,85,GOOD,22,GOOD,21.0,31.0,5695.2,8407.2,GOOD,0.0,5.0,72,FAIR,30.0,64.0,8136.0,17356.8,6,FAIR,16.0,33.0,4339.2,8949.6,2,3615274803,2026-08-10T11:30:44,460,460,NO_CHANGE_NO_ADJUSTMENTS,NO_CHANGE,NO_DATA,NO_DATA,NO_CHANGE,0,1420,0,1,3615274803,2026-08-11T05:59:55,460,460,NO_CHANGE_NO_ADJUSTMENTS,NO_CHANGE,NO_CHANGE,NO_CHANGE,NO_CHANGE,0,1410,1430,1,83,46,7.53,28,326,98,5,85,87,115,170,BALANCED,HRV_BALANCED_1,2026-08-11T05:27:40.326,115,3,3615274803,RUNNING,GENERIC,RUNNING,1,OVERREACHING_1,0,73,HIGH,FEEDBACK_4,397,354.0,188.8,236,1.6,1,OVERREACHING_1,129031336,53.2,53.0,0,0,0,13,14,DEACCLIMATIZING,28,0,0,0,2026-08-11T11:56:50.0,3615274803,MODERATE,MOD_RT_MOD_SS_GOOD_ACWR_NEG,WELL_RESTED,50,85,80,GOOD,1518,59,MODERATE,59,MODERATE,397,0,NONE,80,GOOD,87,64,MODERATE,1,UPDATE_REALTIME_VARIABLES,1,,50,26,19.155460910370273,18.0,19.155460910370273,2.3,3,20.890190714938992,2,0,6,49,0,153.5,0,6,24.1,20.7,3.4,18.0,1,0,2026-08-11T00:00:00.0,1518,50,MODERATE,WELL_RESTED,85,64,80,87,0,397,59,3,BALANCED,87,36.7,24.2,30.0,-5.9,77,84,118,0.29411316,84,118,0.29411316,92.0,Chevrières Course à pied,running,23931191767,,,,,,,,,,129031336,53.2,53.0,0,0,0,13,14,28,0,0,0,53.2,,,,,,,,,,,,,,,,,,,,,,,,,,,,,,DEACCLIMATIZING,,,,,,,,,129031336,3615274803,1,ALIGNED,141,460,-90,370,140,63,115.0,
2026-08-12,3131.0,981.0,2150.0,2698.0,7169,15195,5950,794.0,981.0,2,private,10590,2026-08-11T22:00:00.0,2026-08-12T00:00:00.0,2026-08-12T22:00:00.0,2026-08-13T00:00:00.0,86400000,1156,4891,57679,22674,1,1,0,0,6,40,30.48,20.84,10.0,6.83727,150,10,38,144,46,50,36,96,28800,26160,9360,22020,86340,8340,14160,6300,33.36,30.3,10.84,25.5,9.66,16.4,7.3,BALANCED,41760,22560,42,137,80,80,100,15,15,89,100,3.0,91.0,2026-08-12T21:03:25,MODERATE,SLEEP_PREPARATION_NOT_STRESS_DATA_AND_INTENSIVE_EXERCISE,SLEEP_PREPARATION_NOT_STRESS_DATA_AND_INTENSIVE_EXERCISE,2026-08-12T21:20:11,MODERATE,SLEEP_TIME_PASSED_STRESSFUL_AND_INTENSIVE_EXERCISE,SLEEP,2026-08-11T20:55:54,7200000,26520000,89,NONE,NONE,3615274803,2026-08-12T04:26:14,STRESS,2026-08-12T06:33:19,7200000,2700000,-9,STRESS,STRESSFUL_PERIOD,3615274803,2026-08-12T07:19:39,13.0,23.0,7.0,10.0,2026-08-12T22:00:00.0,200,26520,0,1,1786481754000,1786508274000,1786488954000,1786515474000,0,5340,15840,5340,0,1,0,1,14.0,9.0,18.0,0,18.0,ADULT,48.0,POSITIVE_LONG_AND_DEEP,NONE,MOD_EXERCISE_POS_EXCELLENT_OR_GOOD_SLEEP_VIGOROUS_DURING_DAY,EXCELLENT,27600.0,27600.0,FAIR,0.0,15.0,EXCELLENT,0.0,1.0,86,GOOD,20,FAIR,21.0,31.0,5569.2,8221.2,EXCELLENT,0.0,5.0,60,GOOD,30.0,64.0,7956.0,16972.8,20,EXCELLENT,16.0,33.0,4243.2,8751.6,2,3615274803,2026-08-11T05:59:55,460,460,NO_CHANGE_NO_ADJUSTMENTS,NO_CHANGE,NO_CHANGE,NO_CHANGE,NO_CHANGE,0,1410,1430,1,3615274803,2026-08-12T17:26:44,460,460,NO_CHANGE_NO_ADJUSTMENTS,NO_CHANGE,NO_CHANGE,NO_CHANGE,NO_CHANGE,0,1410,1430,1,89,46,7.37,89,264,89,,86,91,112,164,BALANCED,HRV_BALANCED_2,2026-08-12T04:26:25.391,112,2,3615274803,RUNNING,GENERIC,RUNNING,1,UNPRODUCTIVE_3,0,73,HIGH,FEEDBACK_4,413,381.0,203.20000000000002,254,1.6,1,UNPRODUCTIVE_3,129031336,53.2,53.0,0,0,0,12,13,DEACCLIMATIZING,91,0,0,0,2026-08-12T20:56:50.0,3615274803,MODERATE,MOD_RT_MOD_OR_LOW_SS_GOOD_STRESS_HISTORY_NEG,WELL_RESTED,50,86,82,GOOD,1176,69,MODERATE,62,MODERATE,413,43,MODERATE,99,GOOD,91,80,GOOD,1,UPDATE_REALTIME_VARIABLES,1,,50,26,19.155460910370273,18.0,19.155460910370273,2.3,3,20.890190714938992,2,0,6,49,0,150.6,0,6,24.1,20.7,3.4,18.0,1,0,2026-08-12T00:00:00.0,1176,50,MODERATE,WELL_RESTED,86,80,99,91,43,413,62,2,BALANCED,91,72.8,25.3,36.1,-10.8,77,84,118,0.3529358,84,118,0.3529358,109.0,,,,ACTIVITY,2026-08-12T16:46:18,7200000,2400000,-4,EXERCISE_TRAINING_EFFECT_2,MAINTAINING_AEROBIC_BASE,3615274803,2026-08-12T17:26:42,,,,,,,,,,,,,,,,,,,,,,,,,,,,,,,,433.0,Nat. piscine,lap_swimming,23952603555,,,,,,,,,,,,,,,,,129031336,3615274803,1,ALIGNED,156,460,-100,360,130,56,112.0,
2026-08-13,2937.0,787.0,2150.0,2937.0,11979,12837,12837,787.0,787.0,2,private,10180,2026-08-12T22:00:00.0,2026-08-13T00:00:00.0,2026-08-13T22:00:00.0,2026-08-14T00:00:00.0,86400000,4004,986,51470,29940,1,1,0,0,4,56,110.43,101.685,36.23031,33.36122,150,10,45,172,49,49,27,94,14400,34260,4620,33060,86340,5100,6480,2820,16.68,39.68,5.35,38.29,5.91,7.51,3.27,UNKNOWN,23640,29640,46,172,75,60,90,14,14,75,90,3.0,85.0,2026-08-13T21:46:08,LOW,SLEEP_PREPARATION_NOT_STRESS_DATA_AND_INTENSIVE_EXERCISE,SLEEP_PREPARATION_NOT_STRESS_DATA_AND_HARD_EXERCISE_AND_BB_LOW,2026-08-12T23:24:00,HIGH,SLEEP_TIME_PASSED_STRESSFUL_AND_INTENSIVE_EXERCISE,SLEEP,2026-08-12T22:06:42,7200000,29940000,75,NONE,NONE,3615274803,2026-08-13T06:26:46,ACTIVITY,2026-08-13T17:36:37,7200000,3360000,-12,EXERCISE_TRAINING_EFFECT_4_LATE,HIGHLY_IMPROVING_LACTATE_THRESHOLD,3615274803,2026-08-13T18:33:59,16.0,42.0,7.0,9.0,2026-08-13T22:00:00.0,200,29580,0,1,1786572402000,1786602342000,1786579602000,1786609542000,0,6960,14880,7740,360,1,0,1,15.0,8.0,18.0,0,13.0,ADULT,52.0,POSITIVE_OPTIMAL_STRUCTURE,POSITIVE_EXERCISE,MOD_EXERCISE_POS_EXCELLENT_OR_GOOD_SLEEP_VIGOROUS_DURING_DAY,EXCELLENT,27600.0,27600.0,EXCELLENT,0.0,15.0,EXCELLENT,0.0,1.0,97,EXCELLENT,26,EXCELLENT,21.0,31.0,6211.8,9169.8,EXCELLENT,0.0,5.0,50,EXCELLENT,30.0,64.0,8874.0,18931.2,24,EXCELLENT,16.0,33.0,4732.8,9761.4,2,3615274803,2026-08-12T17:26:44,460,460,NO_CHANGE_NO_ADJUSTMENTS,NO_CHANGE,NO_CHANGE,NO_CHANGE,NO_CHANGE,0,1410,1430,1,3615274803,2026-08-13T18:34:01,460,460,NO_CHANGE_NO_ADJUSTMENTS,NO_CHANGE,NO_CHANGE,NO_CHANGE,NO_CHANGE,0,1410,1430,1,75,49,8.22,116,248,129,6,97,93,86,131,BALANCED,HRV_BALANCED_2,2026-08-13T06:26:50.876,86,7,3615274803,RUNNING,GENERIC,RUNNING,2,PRODUCTIVE_6,0,86,HIGH,FEEDBACK_4,541,436.5,232.8,291,1.8,1,PRODUCTIVE_6,129031336,53.3,53.0,0,0,0,36,12,ACCLIMATIZING,35,0,0,0,2026-08-13T20:34:01.0,3615274803,POOR,POOR_RT_HIGH_SS_GOOD_OR_MOD,LET_YOUR_BODY_RECOVER,16,97,97,VERY_GOOD,2938,29,POOR,48,MODERATE,541,43,MODERATE,100,VERY_GOOD,93,81,GOOD,1,AFTER_POST_EXERCISE_RESET,1,REACHED_ZERO,16,26,19.155460910370273,18.0,19.155460910370273,2.5,3,20.890190714938992,2,0,6,49,0,158.1,0,6,24.1,20.7,3.4,18.0,1,0,2026-08-13T00:00:00.0,2938,16,POOR,LET_YOUR_BODY_RECOVER,97,81,100,93,43,541,48,7,BALANCED,93,73.0,26.4,41.4,-14.9,77,84,118,0.38233948,84,118,0.38233948,85.0,Chevrières Course à pied,running,23965973480,,,,,,,,,,129031336,53.3,53.0,0,0,0,36,12,35,0,0,0,53.3,,,,,,,,,,,,,,,,,,,,,,,,,,,,,,ACCLIMATIZING,,,,,,,,,129031336,3615274803,1,BEHIND,256,460,-110,350,120,39,86.0,
2026-08-14,2749.0,599.0,2150.0,2749.0,4506,5302,3670,599.0,599.0,2,private,10350,2026-08-13T22:00:00.0,2026-08-14T00:00:00.0,2026-08-14T22:00:00.0,2026-08-15T00:00:00.0,86400000,899,1523,62378,21600,1,1,0,0,6,44,55.24,27.178,18.12336,8.91667,150,10,46,147,50,49,39,91,27960,21780,7800,28800,86340,8340,15120,4500,32.38,25.23,9.03,33.36,9.66,17.51,5.21,STRESSFUL,37200,20340,47,143,59,53,69,9,9,58,69,3.0,104.0,2026-08-14T19:00:16,LOW,SLEEP_PREPARATION_NOT_STRESS_DATA_AND_EXERCISE,SLEEP_PREPARATION_NOT_STRESS_DATA_AND_EXERCISE_AND_BB_LOW,2026-08-14T01:37:17,HIGH,SLEEP_TIME_PASSED_NOT_STRESS_DATA_AND_INACTIVE,SLEEP,2026-08-13T23:53:59,7200000,21600000,58,NONE,NONE,3615274803,2026-08-14T05:56:05,ACTIVITY,2026-08-14T10:09:00,7200000,3240000,-7,EXERCISE_TRAINING_EFFECT_2,MAINTAINING_AEROBIC_BASE,3615274803,2026-08-14T11:03:14,13.0,24.0,7.0,22.0,2026-08-14T21:59:00.0,200,21480,0,1,1786665239000,1786686839000,1786672439000,1786694039000,0,3540,14700,3240,120,1,0,1,13.0,8.0,18.0,0,14.0,ADULT,52.0,POSITIVE_CONTINUOUS,NONE,GENERAL_POS_FAIR_OR_POOR_SLEEP,FAIR,27600.0,27600.0,GOOD,0.0,15.0,EXCELLENT,0.0,1.0,75,FAIR,15,FAIR,21.0,31.0,4510.8,6658.8,GOOD,0.0,5.0,68,FAIR,30.0,64.0,6444.0,13747.2,16,GOOD,16.0,33.0,3436.8,7088.4,2,3615274803,2026-08-13T18:34:01,460,460,NO_CHANGE_NO_ADJUSTMENTS,NO_CHANGE,NO_CHANGE,NO_CHANGE,NO_CHANGE,0,1410,1430,1,3615274803,2026-08-14T11:03:16,460,490,INCREASED,HIGH_ACWR,INCREASING,NO_CHANGE,NO_CHANGE,1,1380,1430,1,58,50,5.97,59,245,54,2,75,97,92,128,BALANCED,HRV_BALANCED_2,2026-08-14T05:56:09.74,92,7,3615274803,RUNNING,GENERIC,RUNNING,2,PRODUCTIVE_6,0,73,HIGH,FEEDBACK_4,509,453.0,241.60000000000002,302,1.6,1,PRODUCTIVE_6,129031336,53.3,53.0,0,0,0,36,36,ACCLIMATIZED,124,0,0,0,2026-08-14T19:56:50.0,3615274803,MODERATE,MOD_RT_MOD_SS_MOD,LISTEN_TO_YOUR_BODY,50,75,62,MODERATE,1538,58,MODERATE,58,MODERATE,509,52,MODERATE,100,VERY_GOOD,97,93,VERY_GOOD,1,UPDATE_REALTIME_VARIABLES,1,,50,26,19.155460910370273,18.0,19.155460910370273,2.5,3,20.890190714938992,2,0,6,49,0,165.5,0,6,24.1,20.7,3.4,18.0,1,0,2026-08-14T00:00:00.0,1538,50,MODERATE,LISTEN_TO_YOUR_BODY,75,93,100,97,52,509,58,7,BALANCED,97,60.8,27.3,44.2,-16.9,77,84,117,0.44696045,84,117,0.44696045,63.0,Nat. piscine,lap_swimming,23973028602,,,,,,,,,,,,,,,,,,,,,,,,,,,,,,,,,,,,,,,,,,,,,,,,,,,,,,,,,,,,,129031336,3615274803,1,BEHIND,293,460,-110,350,120,51,92.0,
2026-08-15,3272.0,1122.0,2150.0,3272.0,16560,17559,19028,1122.0,1122.0,2,private,9770,2026-08-14T22:00:00.0,2026-08-15T00:00:00.0,2026-08-15T22:00:00.0,2026-08-16T00:00:00.0,86400000,6180,828,53712,25680,1,1,0,0,4,97,223.837,220.769,73.43734,72.43077,150,10,47,161,49,49,26,97,16260,28500,2640,39000,86400,9780,3720,2760,18.82,32.99,3.06,45.14,11.32,4.31,3.19,UNKNOWN,22440,24960,47,161,74,62,82,8,21,74,82,3.0,72.0,2026-08-15T21:22:14,MODERATE,SLEEP_PREPARATION_NOT_STRESS_DATA_AND_INTENSIVE_EXERCISE,SLEEP_PREPARATION_NOT_STRESS_DATA_AND_INTENSIVE_EXERCISE,2026-08-15T01:17:44,HIGH,SLEEP_TIME_PASSED_STRESSFUL_AND_INACTIVE,SLEEP,2026-08-14T22:17:14,7200000,25680000,74,NONE,NONE,3615274803,2026-08-15T05:28:32,ACTIVITY,2026-08-15T09:18:48,7200000,5760000,-23,EXERCISE_TRAINING_EFFECT_4_GOOD_TIMING,HIGHLY_IMPROVING_AEROBIC_ENDURANCE,3615274803,2026-08-15T10:55:53,18.0,43.0,7.0,14.0,2026-08-15T14:23:00.0,200,25560,0,1,1786745834000,1786771514000,1786753034000,1786778714000,0,3660,19800,2100,120,1,0,1,15.0,8.0,19.0,0,17.0,ADULT,53.0,NEGATIVE_LONG_BUT_NOT_ENOUGH_REM,NONE,GENERAL_NEG_FAIR_OR_POOR_SLEEP,GOOD,27600.0,27600.0,FAIR,0.0,15.0,EXCELLENT,0.0,1.0,74,FAIR,8,POOR,21.0,31.0,5367.6,7923.6,GOOD,0.0,5.0,77,FAIR,30.0,64.0,7668.0,16358.4,14,FAIR,16.0,33.0,4089.6,8434.8,2,3615274803,2026-08-14T11:03:16,460,490,INCREASED,HIGH_ACWR,INCREASING,NO_CHANGE,NO_CHANGE,1,1380,1430,1,3615274803,2026-08-15T10:55:55,460,460,NO_CHANGE_NO_ADJUSTMENTS,NO_CHANGE,NO_CHANGE,NO_CHANGE,NO_CHANGE,0,1410,1430,1,74,49,7.1,61,330,35,2,74,99,101,124,BALANCED,HRV_BALANCED_2,2026-08-15T05:28:42.689,101,7,3615274803,RUNNING,GENERIC,RUNNING,2,PRODUCTIVE_6,0,86,HIGH,FEEDBACK_4,607,498.0,265.6,332,1.8,1,PRODUCTIVE_6,129031336,53.0,53.0,0,0,0,51,36,ACCLIMATIZING,49,0,0,0,2026-08-15T12:55:54.0,3615274803,POOR,POOR_RT_HIGH_SS_GOOD_OR_MOD,LET_YOUR_BODY_RECOVER,8,74,61,MODERATE,3247,25,POOR,50,MODERATE,607,46,MODERATE,100,VERY_GOOD,99,74,GOOD,1,AFTER_POST_EXERCISE_RESET,1,NO_CHANGE_SLEEP,8,26,19.155460910370273,18.0,19.155460910370273,2.6,3,20.890190714938992,2,0,6,49,0,166.3,0,6,24.1,20.7,3.4,18.0,1,0,2026-08-15T00:00:00.0,3247,8,POOR,LET_YOUR_BODY_RECOVER,74,74,100,99,46,607,50,7,BALANCED,99,89.1,28.7,50.6,-21.8,77,84,117,0.4772644,84,117,0.4772644,140.0,Chevrières Course à pied,running,23984825906,,,,,,,,,,129031336,53.0,53.0,0,0,0,51,36,49,0,0,0,53.0,,,,,,,,,,,,,,,,,,,,,,,,,,,,,,ACCLIMATIZING,,,,,,,,,129031336,3615274803,1,BEHIND,231,460,-110,350,120,65,101.0,
2026-08-16,3296.0,1146.0,2150.0,2190.0,6394,91507,6633,1068.0,1146.0,2,private,10440,2026-08-15T22:00:00.0,2026-08-16T00:00:00.0,2026-08-16T22:00:00.0,2026-08-17T00:00:00.0,86400000,6249,6815,53476,19860,1,1,0,0,45,45,7.858,6.819,2.57808,2.2372,150,10,51,153,53,49,27,92,6900,21000,1920,56580,86400,1980,2700,2220,7.99,24.31,2.22,65.49,2.29,3.12,2.57,UNKNOWN,10320,19500,52,149,36,22,81,23,23,34,81,3.0,92.0,2026-08-16T19:00:20,MODERATE,NO_DATA,NO_DATA,2026-08-16T00:47:22,HIGH,SLEEP_TIME_PASSED_NOT_STRESS_DATA_AND_INTENSIVE_EXERCISE,SLEEP,2026-08-16T00:24:53,7200000,19860000,34,NONE,NONE,3615274803,2026-08-16T06:05:23,STRESS,2026-08-16T11:25:08,7200000,2160000,-5,STRESS,STRESSFUL_PERIOD,3615274803,2026-08-16T12:07:50,14.0,22.0,7.0,13.0,2026-08-16T18:51:00.0,200,19560,0,1,1786839893000,1786859753000,1786847093000,1786866953000,0,5040,13380,1140,300,1,0,1,16.0,10.0,18.0,0,18.0,ADULT,56.0,NEGATIVE_NOT_ENOUGH_REM,NEGATIVE_STRENUOUS_EXERCISE,HARD_EXERCISE_NEG_FAIR_OR_POOR_SLEEP_HARD_DURING_DAY,FAIR,27600.0,27600.0,FAIR,0.0,15.0,EXCELLENT,0.0,1.0,63,FAIR,6,POOR,21.0,31.0,4107.6,6063.6,EXCELLENT,0.0,5.0,68,FAIR,30.0,64.0,5868.0,12518.4,26,EXCELLENT,16.0,33.0,3129.6,6454.8,2,3615274803,2026-08-15T10:55:55,460,460,NO_CHANGE_NO_ADJUSTMENTS,NO_CHANGE,NO_CHANGE,NO_CHANGE,NO_CHANGE,0,1410,1430,1,3615274803,2026-08-16T18:06:20,460,520,HIGHLY_INCREASED,HIGH_ACWR_AND_CHRONIC,INCREASING,NO_CHANGE,NO_CHANGE,1,1350,1430,1,34,53,5.43,84,223,19,5,63,99,89,121,BALANCED,HRV_BALANCED_2,2026-08-16T06:05:49.830,89,7,3615274803,RUNNING,GENERIC,RUNNING,2,PRODUCTIVE_6,0,73,HIGH,FEEDBACK_4,558,511.5,272.8,341,1.6,1,PRODUCTIVE_6,129031336,53.0,53.0,0,0,0,51,51,ACCLIMATIZED,110,0,0,0,2026-08-16T20:06:20.0,3615274803,LOW,LOW_RT_MOD_OR_LOW_SS_MOD_ACWR_NEG,BALANCE_YOUR_TRAINING_LOAD,26,63,44,MODERATE,1378,63,MODERATE,61,MODERATE,558,58,MODERATE,100,VERY_GOOD,99,61,MODERATE,1,AFTER_POST_EXERCISE_RESET,1,,26,26,19.155460910370273,18.0,19.155460910370273,2.6,3,20.890190714938992,2,0,6,49,0,173.8,0,6,24.1,20.7,3.4,18.0,1,0,2026-08-16T00:00:00.0,1378,26,LOW,BALANCE_YOUR_TRAINING_LOAD,63,61,100,99,58,558,61,7,BALANCED,99,87.5,30.1,55.9,-25.7,77,84,117,0.4772644,84,117,0.4772644,320.0,,,,,,,,,,,,,,,,,,,,,,,,,,,,,,,,,,,,,,,,,,,,1106.0,,,,,,,,,,,,,,,,,,,,129031336,3615274803,1,BEHIND,310,460,-110,350,120,40,89.0,
2026-08-17,2732.0,582.0,2150.0,2732.0,4670,5098,3809,582.0,582.0,2,private,9530,2026-08-16T22:00:00.0,2026-08-17T00:00:00.0,2026-08-17T22:00:00.0,2026-08-18T00:00:00.0,86400000,622,2362,60601,22815,1,1,0,0,6,42,20.069,20.896,6.58432,6.85564,150,10,46,159,52,49,40,91,34620,23100,8100,20520,86340,13560,16020,5040,40.1,26.75,9.38,23.77,15.71,18.55,5.84,STRESSFUL,44640,21180,46,153,42,64,73,11,11,42,73,3.0,100.0,2026-08-17T19:00:10,LOW,SLEEP_PREPARATION_STRESSFUL_AND_INTENSIVE_EXERCISE,SLEEP_PREPARATION_STRESSFUL_AND_INTENSIVE_EXERCISE_AND_BB_LOW,,,,SLEEP,2026-08-16T23:32:23,7200000,21780000,42,NONE,NONE,3615274803,2026-08-17T06:44:24,ACTIVITY,2026-08-17T16:48:13,7200000,2400000,-5,EXERCISE_TRAINING_EFFECT_3,IMPROVING_AEROBIC_BASE,3615274803,2026-08-17T17:28:45,14.0,26.0,7.0,10.0,2026-08-17T22:00:00.0,200,21720,0,1,1786923143000,1786944923000,1786930343000,1786952123000,0,3720,15000,3000,60,1,0,1,15.0,8.0,18.0,0,21.0,ADULT,57.0,POSITIVE_CONTINUOUS,POSITIVE_LATE_BED_TIME,MOD_EXERCISE_POS_FAIR_SLEEP_MOD_TO_VIG_DURING_DAY_OUTDOOR,FAIR,27600.0,27600.0,FAIR,0.0,15.0,EXCELLENT,0.0,1.0,73,FAIR,14,FAIR,21.0,31.0,4561.2,6733.2,EXCELLENT,0.0,5.0,69,FAIR,30.0,64.0,6516.0,13900.8,17,GOOD,16.0,33.0,3475.2,7167.6,2,3615274803,2026-08-16T18:06:20,460,520,HIGHLY_INCREASED,HIGH_ACWR_AND_CHRONIC,INCREASING,NO_CHANGE,NO_CHANGE,1,1350,1430,1,3615274803,2026-08-17T17:28:47,460,520,HIGHLY_INCREASED,HIGH_ACWR_AND_CHRONIC,INCREASING,NO_CHANGE,NO_CHANGE,1,1350,1430,1,42,52,6.03,62,250,50,1,73,96,80,118,BALANCED,HRV_BALANCED_2,2026-08-17T09:44:15.443,80,7,3615274803,RUNNING,GENERIC,RUNNING,2,PRODUCTIVE_6,0,73,HIGH,FEEDBACK_4,578,534.0,284.8,356,1.6,1,PRODUCTIVE_6,129031336,53.0,53.0,0,0,0,49,51,DEACCLIMATIZING,104,0,0,0,2026-08-17T19:28:47.0,3615274803,LOW,LOW_RT_MOD_OR_LOW_SS_MOD_ACWR_NEG,BALANCE_YOUR_TRAINING_LOAD,36,73,59,MODERATE,1652,55,MODERATE,62,MODERATE,578,0,NONE,100,VERY_GOOD,96,49,MODERATE,1,AFTER_POST_EXERCISE_RESET,1,REACHED_ZERO,36,26,19.155460910370273,18.0,19.155460910370273,2.6,3,20.890190714938992,2,0,6,49,0,175.5,0,6,24.1,20.7,3.4,18.0,1,0,2026-08-17T00:00:00.0,1652,36,LOW,BALANCE_YOUR_TRAINING_LOAD,73,49,100,96,0,578,62,7,BALANCED,96,55.3,30.7,55.8,-25.0,78,84,116,0.4375,84,116,0.4375,43.0,Nat. piscine,lap_swimming,24013118115,,,,,,,,,,,,,,,,,,,,,,,,,,,,,,,,,,,,,,,,,,,,,,,,,,,,,,,,,,,,,129031336,3615274803,1,BEHIND,274,460,-110,350,120,42,80.0,
2026-08-18,3090.0,940.0,2150.0,3090.0,4109,42985,3435,940.0,940.0,2,private,8560,2026-08-17T22:00:00.0,2026-08-18T00:00:00.0,2026-08-18T22:00:00.0,2026-08-19T00:00:00.0,86400000,1070,1526,54084,29720,1,1,0,0,33,65,43.842,29.824,14.38386,9.78478,150,10,47,154,49,50,34,97,30180,30480,5400,19140,85200,12480,13320,4380,35.42,35.77,6.34,22.46,14.65,15.63,5.14,BALANCED,37140,28920,48,153,72,71,83,12,14,72,83,3.0,91.0,2026-08-18T21:16:12,LOW,SLEEP_PREPARATION_STRESSFUL_AND_EXERCISE,SLEEP_PREPARATION_STRESSFUL_AND_EXERCISE_AND_BB_LOW,2026-08-18T01:53:46,HIGH,SLEEP_TIME_PASSED_STRESSFUL_AND_INACTIVE,SLEEP,2026-08-17T21:42:45,7200000,29040000,72,NONE,NONE,3615274803,2026-08-18T05:47:07,STRESS,2026-08-18T10:56:07,7200000,2520000,-5,STRESS,STRESSFUL_PERIOD,3615274803,2026-08-18T11:43:24,16.0,40.0,7.0,17.0,2026-08-18T22:00:00.0,200,28942,0,1,1787002965000,1787032027000,1787010165000,1787039227000,0,6300,16140,6540,120,1,0,1,14.0,8.0,19.0,0,14.0,ADULT,52.0,POSITIVE_OPTIMAL_STRUCTURE,NONE,MOD_EXERCISE_POS_EXCELLENT_OR_GOOD_SLEEP_VIGOROUS_DURING_DAY,EXCELLENT,27600.0,27600.0,GOOD,0.0,15.0,EXCELLENT,0.0,1.0,94,EXCELLENT,23,EXCELLENT,21.0,31.0,6077.82,8972.02,EXCELLENT,0.0,5.0,56,EXCELLENT,30.0,64.0,8682.6,18522.88,22,EXCELLENT,16.0,33.0,4630.72,9550.86,2,3615274803,2026-08-17T17:28:47,460,520,HIGHLY_INCREASED,HIGH_ACWR_AND_CHRONIC,INCREASING,NO_CHANGE,NO_CHANGE,1,1350,1430,1,3615274803,2026-08-18T18:43:49,460,460,NO_CHANGE_NO_ADJUSTMENTS,NO_CHANGE,NO_CHANGE,NO_CHANGE,NO_CHANGE,0,1410,1430,1,72,49,8.04,105,269,109,2,94,93,91,132,BALANCED,HRV_BALANCED_2,2026-08-18T05:47:37.731,91,7,3615274803,RUNNING,GENERIC,RUNNING,3,PRODUCTIVE_9,0,66,HIGH,FEEDBACK_4,566,550.5,293.6,367,1.5,1,PRODUCTIVE_9,129031336,53.0,53.0,0,0,0,49,49,ACCLIMATIZED,39,0,0,0,2026-08-18T20:43:48.0,3615274803,MODERATE,MOD_RT_LOW_SS_GOOD_ACWR_NEG,RECOVERED_AND_READY,56,94,94,VERY_GOOD,1048,72,GOOD,67,MODERATE,566,52,MODERATE,100,VERY_GOOD,93,54,MODERATE,1,AFTER_POST_EXERCISE_RESET,1,REACHED_ZERO,56,26,19.155460910370273,18.0,19.155460910370273,2.8,3,20.890190714938992,2,0,6,49,0,186.3,0,6,24.1,20.7,3.4,18.0,1,0,2026-08-18T00:00:00.0,1048,56,MODERATE,RECOVERED_AND_READY,94,54,100,93,52,566,67,7,BALANCED,93,55.9,31.3,55.8,-24.5,78,84,117,0.38635254,84,117,0.38635254,141.0,,,,ACTIVITY,2026-08-18T17:01:53,7200000,6060000,-10,EXERCISE_TRAINING_EFFECT_2,MAINTAINING_AEROBIC_BASE,3615274803,2026-08-18T18:43:47,,,,,,,,,,,,,,,,,,,,,,,,,,,,,,,,,Chevrières Cyclisme,cycling,24027195654,,,,,,,,,,,,,,,,,129031336,3615274803,1,BEHIND,225,460,-110,350,120,50,91.0,
2026-08-19,3486.0,1336.0,2150.0,3486.0,15345,16951,15931,1336.0,1336.0,2,private,7670,2026-08-18T22:00:00.0,2026-08-19T00:00:00.0,2026-08-19T22:00:00.0,2026-08-20T00:00:00.0,86400000,4522,2578,52013,27287,1,1,0,0,16,91,146.724,124.948,48.1378,40.99344,150,10,43,177,48,50,37,95,30360,28320,13140,14460,86280,8100,14820,7440,35.19,32.82,15.23,16.76,9.39,17.18,8.62,BALANCED,44880,26940,43,175,77,85,91,6,6,78,90,3.0,70.0,2026-08-19T19:58:09,LOW,SLEEP_PREPARATION_STRESSFUL_AND_INTENSIVE_EXERCISE,SLEEP_PREPARATION_STRESSFUL_AND_INTENSIVE_EXERCISE_AND_BB_LOW,2026-08-18T23:20:14,HIGH,SLEEP_TIME_PASSED_STRESSFUL_AND_EXERCISE,SLEEP,2026-08-18T21:31:47,7200000,28980000,79,NONE,NONE,3615274803,2026-08-19T05:40:21,ACTIVITY,2026-08-19T10:12:32,7200000,3420000,-14,EXERCISE_TRAINING_EFFECT_4_GOOD_TIMING,HIGHLY_IMPROVING_LACTATE_THRESHOLD,3615274803,2026-08-19T11:10:00,13.0,25.0,7.0,19.0,2026-08-19T22:00:00.0,200,25740,0,1,1787088707000,1787117687000,1787095907000,1787124887000,0,2760,17820,5160,3240,1,0,1,14.0,7.0,18.0,3,10.0,ADULT,51.0,NEGATIVE_LONG_BUT_DISCONTINUOUS,NEGATIVE_STRESSFUL_DAY,STRESS_NEG_GOOD_OR_WORSE_SLEEP_STRESSFUL_DAY,GOOD,27600.0,27600.0,EXCELLENT,0.0,15.0,POOR,0.0,1.0,75,FAIR,20,FAIR,21.0,31.0,5405.4,7979.4,POOR,0.0,5.0,69,FAIR,30.0,64.0,7722.0,16473.6,11,FAIR,16.0,33.0,4118.4,8494.2,2,3615274803,2026-08-18T18:43:49,460,460,NO_CHANGE_NO_ADJUSTMENTS,NO_CHANGE,NO_CHANGE,NO_CHANGE,NO_CHANGE,0,1410,1430,1,3615274803,2026-08-19T18:10:51,460,480,INCREASED,TODAYS_LOAD_AND_CHRONIC,NO_CHANGE,NO_CHANGE,NO_CHANGE,1,1390,1430,1,79,48,7.15,46,297,86,54,75,91,102,149,BALANCED,HRV_BALANCED_2,2026-08-19T11:23:46.138,102,7,3615274803,RUNNING,GENERIC,RUNNING,2,PRODUCTIVE_6,0,86,HIGH,FEEDBACK_4,772,630.0,336.0,420,1.8,1,PRODUCTIVE_6,129031336,53.1,53.0,0,0,0,49,49,ACCLIMATIZED,17,0,0,0,2026-08-19T20:10:51.0,3615274803,POOR,POOR_RT_HIGH_SS_GOOD_OR_MOD,LET_YOUR_BODY_RECOVER,1,75,62,MODERATE,3456,22,POOR,49,MODERATE,772,55,MODERATE,98,GOOD,91,84,GOOD,1,AFTER_POST_EXERCISE_RESET,1,NEW_EXERCISE,1,26,18.10942810805789,18.0,19.155460910370273,3.0,,,,0,6,49,0,193.3,0,6,24.1,20.7,3.4,18.0,1,0,2026-08-19T00:00:00.0,3456,1,POOR,LET_YOUR_BODY_RECOVER,75,84,98,91,55,772,49,7,BALANCED,91,122.7,33.5,65.4,-31.8,78,85,118,0.3408966,85,118,0.3408966,126.0,Aulnay-sous-Bois Course à pied,running,24034715975,ACTIVITY,2026-08-19T17:21:36,7200000,2940000,-3,EXERCISE_TRAINING_EFFECT_2,MAINTAINING_AEROBIC_BASE,3615274803,2026-08-19T18:10:50,129031336,53.1,53.0,0,0,0,49,49,17,0,0,0,53.1,,,,,,,,,,,,,,,,,,,,Nat. piscine,lap_swimming,24039871745,,,,,,,,ACCLIMATIZED,,,,,,,,,129031336,3615274803,1,BEHIND,213,460,-110,350,120,55,102.0,
2026-08-20,3219.0,1069.0,2150.0,2214.0,4319,65259,3660,906.0,1069.0,2,private,8440,2026-08-19T22:00:00.0,2026-08-20T00:00:00.0,2026-08-20T22:00:00.0,2026-08-21T00:00:00.0,86400000,1001,1397,57962,26040,1,1,0,0,58,76,45.058,38.803,14.78281,12.73064,150,10,44,162,49,50,31,90,28020,30720,5520,21960,86220,13200,12000,2820,32.5,35.63,6.4,25.47,15.31,13.92,3.27,BALANCED,39120,25140,45,162,76,58,82,6,14,74,81,3.0,25.0,2026-08-20T21:51:53,LOW,SLEEP_PREPARATION_STRESSFUL_AND_INTENSIVE_EXERCISE,SLEEP_PREPARATION_STRESSFUL_AND_INTENSIVE_EXERCISE_AND_BB_LOW,2026-08-20T00:11:10,HIGH,SLEEP_TIME_PASSED_STRESSFUL_AND_INTENSIVE_EXERCISE,SLEEP,2026-08-19T22:21:50,7200000,26040000,75,NONE,NONE,3615274803,2026-08-20T06:12:33,,,,,,,,,,13.0,25.0,6.0,13.0,2026-08-20T22:00:00.0,200,24360,0,1,1787178110000,1787204150000,1787185310000,1787211350000,0,3600,15180,5580,1680,1,0,1,14.0,7.0,19.0,1,14.0,ADULT,52.0,POSITIVE_REFRESHING,POSITIVE_EXERCISE,HARD_EXERCISE_POS_FAIR_SLEEP_HARD_TO_STRENUOUS_DURING_DAY_OUTDOOR,FAIR,27600.0,27600.0,GOOD,0.0,15.0,FAIR,0.0,1.0,79,FAIR,23,EXCELLENT,21.0,31.0,5115.6,7551.6,FAIR,0.0,5.0,62,GOOD,30.0,64.0,7308.0,15590.4,15,FAIR,16.0,33.0,3897.6,8038.8,2,3615274803,2026-08-19T18:10:51,460,480,INCREASED,TODAYS_LOAD_AND_CHRONIC,NO_CHANGE,NO_CHANGE,NO_CHANGE,1,1390,1430,1,3615274803,2026-08-20T18:17:00,460,480,INCREASED,HIGH_ACWR_AND_CHRONIC,NO_CHANGE,NO_CHANGE,NO_CHANGE,1,1390,1430,1,75,49,6.77,60,253,93,28,79,93,97,130,BALANCED,HRV_BALANCED_2,2026-08-20T06:12:50.199,97,7,3615274803,RUNNING,GENERIC,RUNNING,2,PRODUCTIVE_6,0,80,HIGH,FEEDBACK_4,766,663.0,353.6,442,1.7,1,PRODUCTIVE_6,129031336,53.1,53.0,0,0,0,47,49,DEACCLIMATIZING,17,0,0,0,2026-08-20T20:17:00.0,3615274803,LOW,LOW_RT_MOD_OR_LOW_SS_MOD_ACWR_NEG,BALANCE_YOUR_TRAINING_LOAD,33,79,68,MODERATE,2034,45,MODERATE,56,MODERATE,766,49,MODERATE,100,VERY_GOOD,93,72,GOOD,1,AFTER_POST_EXERCISE_RESET,1,,33,26,18.10942810805789,18.0,18.10942810805789,3.1,,,,0,6,49,0,215.0,0,6,24.1,20.7,3.4,18.0,1,0,2026-08-20T00:00:00.0,2034,33,LOW,BALANCE_YOUR_TRAINING_LOAD,79,72,100,93,49,766,56,7,BALANCED,93,89.3,34.8,68.8,-33.9,78,85,117,0.375,85,117,0.375,203.0,,,,,,,,,,,,,,,,,,,,,,,,,,,,,,,,,,,,,,,,,,,,1005.0,,,,,,,,,,,,,,,,,,,,129031336,3615274803,1,BEHIND,238,460,-110,350,120,64,97.0,
2026-08-21,2167.0,17.0,2150.0,2167.0,1741,1418,1418,17.0,17.0,2,private,8010,2026-08-20T22:00:00.0,2026-08-21T00:00:00.0,2026-08-21T22:00:00.0,2026-08-22T00:00:00.0,86400000,126,568,60446,25260,1,0,0,0,0,0,23.494,11.975,7.70801,3.92881,150,10,42,96,47,50,22,82,16680,33780,2820,33120,86400,11220,5280,180,19.31,39.1,3.26,38.33,12.99,6.11,0.21,UNKNOWN,28260,25020,43,89,80,51,93,13,43,78,93,3.0,14.0,2026-08-21T20:53:05,MODERATE,NO_DATA,NO_DATA,2026-08-21T00:10:01,HIGH,SLEEP_TIME_PASSED_STRESSFUL_AND_INTENSIVE_EXERCISE,SLEEP,2026-08-20T22:58:33,7200000,25260000,78,NONE,NONE,3615274803,2026-08-21T06:04:47,,,,,,,,,,13.0,20.0,6.0,11.0,2026-08-21T14:59:00.0,200,24840,0,1,1787266713000,1787291973000,1787273913000,1787299173000,0,4860,14400,5580,420,1,0,1,14.0,6.0,18.0,0,9.0,ADULT,50.0,POSITIVE_LONG_AND_RECOVERING,POSITIVE_LATE_BED_TIME,MOD_EXERCISE_POS_EXCELLENT_OR_GOOD_SLEEP_VIGOROUS_DURING_DAY,GOOD,27600.0,27600.0,EXCELLENT,0.0,15.0,EXCELLENT,0.0,1.0,88,GOOD,22,EXCELLENT,21.0,31.0,5216.4,7700.4,EXCELLENT,0.0,5.0,58,EXCELLENT,30.0,64.0,7452.0,15897.6,20,EXCELLENT,16.0,33.0,3974.4,8197.2,2,3615274803,2026-08-20T18:17:00,460,480,INCREASED,HIGH_ACWR_AND_CHRONIC,NO_CHANGE,NO_CHANGE,NO_CHANGE,1,1390,1430,1,3615274803,2026-08-21T06:04:47,460,460,NO_CHANGE_NO_ADJUSTMENTS,NO_CHANGE,NO_CHANGE,NO_CHANGE,NO_CHANGE,0,1420,0,1,78,47,6.9,81,240,93,7,88,94,98,143,BALANCED,HRV_BALANCED_2,2026-08-21T06:05:14.677,98,7,3615274803,RUNNING,GENERIC,RUNNING,2,PRODUCTIVE_6,0,61,OPTIMAL,FEEDBACK_3,636,664.5,354.40000000000003,443,1.4,1,PRODUCTIVE_6,129031336,53.1,53.0,0,0,0,46,47,DEACCLIMATIZING,18,0,0,0,2026-08-21T08:04:47.0,3615274803,MODERATE,MOD_RT_MOD_SS_GOOD_ACWR_NEG,WELL_RESTED,50,88,86,GOOD,1327,64,MODERATE,72,GOOD,636,56,MODERATE,100,VERY_GOOD,94,66,MODERATE,1,AFTER_WAKEUP_RESET,1,NO_CHANGE_SLEEP,50,26,18.10942810805789,18.0,18.10942810805789,3.1,,,,0,6,49,0,215.0,0,6,24.1,20.7,3.4,18.0,1,0,2026-08-21T00:00:00.0,1327,50,MODERATE,WELL_RESTED,88,66,100,94,56,636,72,7,BALANCED,94,0.0,34.0,58.9,-24.9,78,85,117,0.390625,85,117,0.390625,,,,,,,,,,,,,,,,,,,,,,,,,,,,,,,,,,,,,,,,,,,,,,,,,,,,,,,,,,,,,,,,,129031336,3615274803,1,BEHIND,269,460,-110,350,120,42,98.0,
2026-08-22,3606.0,1456.0,2150.0,3606.0,21016,22659,24749,1456.0,1456.0,2,private,6760,2026-08-21T22:00:00.0,2026-08-22T00:00:00.0,2026-08-22T22:00:00.0,2026-08-23T00:00:00.0,86400000,8141,813,52327,25119,1,1,0,0,1,128,273.052,250.134,89.58399,82.06496,150,10,43,159,48,49,17,87,4800,30240,1920,49440,86400,1740,1380,1680,5.56,35.0,2.22,57.22,2.01,1.6,1.94,UNKNOWN,12060,24900,45,159,54,50,100,46,50,53,100,3.0,28.0,2026-08-22T19:41:31,HIGH,NO_DATA,NO_DATA,2026-08-22T01:59:11,HIGH,SLEEP_TIME_PASSED_NOT_STRESS_DATA_AND_INACTIVE,SLEEP,2026-08-22T00:02:47,7200000,25080000,53,NONE,NONE,3615274803,2026-08-22T07:01:26,ACTIVITY,2026-08-22T08:55:43,7200000,7620000,-34,EXERCISE_TRAINING_EFFECT_4_GOOD_TIMING,HIGHLY_IMPROVING_AEROBIC_ENDURANCE,3615274803,2026-08-22T11:07:09,22.0,42.0,7.0,16.0,2026-08-22T12:48:00.0,200,24279,0,1,1787356967000,1787382086000,1787364167000,1787389286000,0,4920,13860,5520,840,1,0,1,14.0,9.0,17.0,1,14.0,ADULT,51.0,POSITIVE_DEEP,NONE,GENERAL_POS_EXCELLENT_OR_GOOD_SLEEP,FAIR,27600.0,27600.0,GOOD,0.0,15.0,GOOD,0.0,1.0,83,GOOD,23,EXCELLENT,21.0,31.0,5098.59,7526.49,GOOD,0.0,5.0,57,EXCELLENT,30.0,64.0,7283.7,15538.56,20,EXCELLENT,16.0,33.0,3884.64,8012.07,2,3615274803,2026-08-21T06:04:47,460,460,NO_CHANGE_NO_ADJUSTMENTS,NO_CHANGE,NO_CHANGE,NO_CHANGE,NO_CHANGE,0,1420,0,1,3615274803,2026-08-22T11:07:12,460,460,NO_CHANGE_NO_ADJUSTMENTS,NO_CHANGE,NO_CHANGE,NO_CHANGE,NO_CHANGE,0,1420,0,1,53,48,6.74,82,231,92,14,83,93,96,135,BALANCED,HRV_BALANCED_2,2026-08-22T07:02:00.472,96,7,3615274803,RUNNING,GENERIC,RUNNING,2,PRODUCTIVE_6,0,66,HIGH,FEEDBACK_4,746,726.0,387.20000000000005,484,1.5,1,PRODUCTIVE_6,129031336,53.2,53.0,0,0,0,43,46,DEACCLIMATIZING,41,0,0,0,2026-08-22T13:07:12.0,3615274803,LOW,LOW_RT_HIGH_SS_GOOD_OR_MOD,HIGH_RECOVERY_NEEDS,27,83,76,GOOD,2592,34,POOR,67,MODERATE,746,71,GOOD,100,VERY_GOOD,93,80,GOOD,1,AFTER_POST_EXERCISE_RESET,1,REACHED_ZERO,27,26,18.10942810805789,18.0,18.10942810805789,3.1,,,,0,6,49,0,211.6,0,6,24.1,20.7,3.4,18.0,1,0,2026-08-22T00:00:00.0,2592,27,LOW,HIGH_RECOVERY_NEEDS,83,80,100,93,71,746,67,7,BALANCED,93,107.6,35.8,65.9,-30.1,78,85,117,0.375,85,117,0.375,182.0,Chevrières Course à pied,running,24071226351,,,,,,,,,,129031336,53.2,53.0,0,0,0,43,46,41,0,0,0,53.2,,,,,,,,,,,,,,,,,,,,,,,,,,,,,,DEACCLIMATIZING,,,,,,,,,129031336,3615274803,1,BEHIND,332,460,-110,350,120,43,96.0,
2026-08-23,3113.0,963.0,2150.0,3113.0,2808,62474,2394,963.0,963.0,2,private,8190,2026-08-22T22:00:00.0,2026-08-23T00:00:00.0,2026-08-23T22:00:00.0,2026-08-24T00:00:00.0,86400000,551,1826,60463,23560,1,1,0,0,53,63,28.295,14.36,9.28314,4.71129,150,10,48,161,52,49,31,85,33480,28740,3540,20520,86280,19920,12600,960,38.8,33.31,4.1,23.78,23.09,14.6,1.11,BALANCED,44100,21660,49,156,45,75,100,26,29,40,100,3.0,16.0,2026-08-23T19:13:31,HIGH,SLEEP_PREPARATION_STRESSFUL_AND_INTENSIVE_EXERCISE,SLEEP_PREPARATION_STRESSFUL_AND_INTENSIVE_EXERCISE,,,,SLEEP,2026-08-22T23:29:09,7200000,22560000,42,NONE,NONE,3615274803,2026-08-23T06:25:20,,,,,,,,,,14.0,22.0,6.0,13.0,2026-08-23T22:00:00.0,200,22140,0,1,1787441349000,1787463909000,1787448549000,1787471109000,0,5160,15000,1980,420,1,0,1,15.0,7.0,20.0,0,11.0,ADULT,54.0,NEGATIVE_NOT_ENOUGH_REM,NEGATIVE_STRENUOUS_EXERCISE,HARD_EXERCISE_NEG_FAIR_OR_POOR_SLEEP_HARD_DURING_DAY,FAIR,27600.0,27600.0,EXCELLENT,0.0,15.0,EXCELLENT,0.0,1.0,74,FAIR,9,POOR,21.0,31.0,4649.4,6863.4,EXCELLENT,0.0,5.0,68,FAIR,30.0,64.0,6642.0,14169.6,23,EXCELLENT,16.0,33.0,3542.4,7306.2,2,3615274803,2026-08-22T11:07:12,460,460,NO_CHANGE_NO_ADJUSTMENTS,NO_CHANGE,NO_CHANGE,NO_CHANGE,NO_CHANGE,0,1420,0,1,3615274803,2026-08-23T09:33:58,460,490,INCREASED,HIGH_ACWR_AND_CHRONIC,INCREASING,NO_CHANGE,NO_CHANGE,1,1390,0,1,42,52,6.15,86,250,33,7,74,92,83,108,BALANCED,HRV_BALANCED_2,2026-08-23T06:26:01.666,83,7,3615274803,RUNNING,GENERIC,RUNNING,2,PRODUCTIVE_6,0,61,OPTIMAL,FEEDBACK_3,716,754.5,402.40000000000003,503,1.4,1,PRODUCTIVE_6,129031336,53.2,53.0,0,0,0,39,43,DEACCLIMATIZING,11,0,0,0,2026-08-23T11:33:58.0,3615274803,MODERATE,MOD_RT_MOD_SS_MOD,LISTEN_TO_YOUR_BODY,50,74,61,MODERATE,1360,63,MODERATE,73,GOOD,716,82,GOOD,100,VERY_GOOD,92,79,GOOD,1,AFTER_POST_EXERCISE_RESET,1,,50,26,18.10942810805789,18.0,18.10942810805789,3.5,,,,0,6,49,0,221.3,0,6,24.1,20.7,3.4,18.0,1,0,2026-08-23T00:00:00.0,1360,50,MODERATE,LISTEN_TO_YOUR_BODY,74,79,100,92,82,716,73,7,BALANCED,92,74.2,36.7,67.1,-30.4,78,85,117,0.359375,85,117,0.359375,208.0,,,,,,,,,,,,,,,,,,,,,,,,,,,,,,,,,,,,,,,,,,,,,,,,,,,,,,,,,,,,,,,,129031336,3615274803,1,BEHIND,277,460,-110,350,120,45,83.0,
2026-08-24,2221.0,71.0,2150.0,2221.0,4122,3357,3357,71.0,71.0,2,private,7660,2026-08-23T22:00:00.0,2026-08-24T00:00:00.0,2026-08-24T22:00:00.0,2026-08-25T00:00:00.0,86400000,817,861,57195,27527,1,0,0,0,0,0,20.358,20.993,6.67913,6.88747,150,10,43,92,47,49,32,90,36960,35760,4740,8940,86400,17940,15660,3360,42.78,41.39,5.49,10.35,20.76,18.12,3.89,BALANCED,51720,25740,44,92,73,81,100,19,21,71,99,3.0,44.0,2026-08-24T19:00:13,MODERATE,SLEEP_PREPARATION_STRESSFUL_AND_INACTIVE,SLEEP_PREPARATION_STRESSFUL_AND_INACTIVE,2026-08-24T01:56:21,HIGH,SLEEP_TIME_PASSED_STRESSFUL_AND_INACTIVE,SLEEP,2026-08-23T21:43:20,7200000,26820000,71,NONE,NONE,3615274803,2026-08-24T05:57:33,STRESS,2026-08-24T16:21:08,7200000,2100000,-5,STRESS,STRESSFUL_PERIOD,3615274803,2026-08-24T17:00:35,13.0,22.0,7.0,18.0,2026-08-24T22:00:00.0,200,25980,0,1,1787521400000,1787548220000,1787528600000,1787555420000,0,4320,16200,5460,840,1,0,1,14.0,8.0,18.0,1,16.0,ADULT,51.0,POSITIVE_LONG_AND_CONTINUOUS,NONE,MOD_EXERCISE_POS_EXCELLENT_OR_GOOD_SLEEP_VIGOROUS_DURING_DAY_OUTDOOR,GOOD,27600.0,27600.0,FAIR,0.0,15.0,GOOD,0.0,1.0,84,GOOD,21,GOOD,21.0,31.0,5455.8,8053.8,GOOD,0.0,5.0,62,GOOD,30.0,64.0,7794.0,16627.2,17,GOOD,16.0,33.0,4156.8,8573.4,2,3615274803,2026-08-23T09:33:58,460,490,INCREASED,HIGH_ACWR_AND_CHRONIC,INCREASING,NO_CHANGE,NO_CHANGE,1,1390,0,1,3615274803,2026-08-24T05:57:34,460,460,NO_CHANGE_NO_ADJUSTMENTS,NO_CHANGE,NO_CHANGE,NO_CHANGE,NO_CHANGE,0,1420,0,1,71,47,7.22,72,270,91,14,84,96,103,148,BALANCED,HRV_BALANCED_2,2026-08-24T05:57:44.854,103,7,3615274803,RUNNING,GENERIC,RUNNING,2,PRODUCTIVE_2,0,47,OPTIMAL,FEEDBACK_2,592,748.5,399.20000000000005,499,1.1,1,PRODUCTIVE_2,129031336,53.2,53.0,0,0,0,33,39,DEACCLIMATIZING,37,0,0,0,2026-08-24T07:57:34.0,3615274803,HIGH,HIGH_RT_HIGHEST_SS_AVAILABLE,WELL_RECOVERED,75,84,78,GOOD,137,96,GOOD,83,GOOD,592,77,GOOD,100,VERY_GOOD,96,65,MODERATE,1,AFTER_WAKEUP_RESET,1,NO_CHANGE_SLEEP,75,26,18.10942810805789,18.0,18.10942810805789,3.5,,,,0,6,49,0,221.3,0,6,24.1,20.7,3.4,18.0,1,0,2026-08-23T00:00:00.0,137,75,HIGH,WELL_RECOVERED,84,65,100,96,77,592,83,7,BALANCED,96,0.0,35.8,57.5,-21.7,79,85,116,0.42741394,85,116,0.42741394,,,,,,,,,,,,,,,,,,,,,,,,,,,,,,,,,,,,,,,,,,,,,,,,,,,,,,,,,,,,,,,,,129031336,3615274803,1,BEHIND,207,460,-110,350,120,49,103.0,
2026-08-25,686.0,0.0,686.0,686.0,50,41,41,0.0,0.0,2,private,6960,2026-08-24T22:00:00.0,2026-08-25T00:00:00.0,2026-08-25T05:40:00.0,2026-08-25T07:40:00.0,27600000,11,2,1454,26133,1,0,0,0,0,0,0.0,2.761,0.0,0.90584,150,10,41,80,45,48,7,50,480,26040,60,660,27240,480,,,1.76,95.59,0.22,2.42,1.76,0.0,0.0,UNKNOWN,900,25680,42,80,78,0,100,22,100,81,100,3.0,29.0,2026-08-25T05:32:34,HIGH,,EARLY_MORNING_HIGH_MODERATE_GOOD_SLEEP_DURATION_HIGH_BB_YESTERDAY_MORNING,2026-08-24T22:21:40,HIGH,SLEEP_TIME_PASSED_STRESSFUL_AND_INACTIVE,SLEEP,2026-08-24T21:31:33,7200000,27840000,81,NONE,NONE,3615274803,2026-08-25T05:31:25,,,,,,,,,,14.0,18.0,5.0,11.0,2026-08-25T05:30:00.0,200,26760,0,1,1787607093000,1787634933000,1787614293000,1787642133000,0,5160,14640,6960,1080,1,0,1,14.0,6.0,18.0,2,16.0,ADULT,49.0,POSITIVE_LONG_AND_REFRESHING,NONE,GENERAL_POS_EXCELLENT_OR_GOOD_SLEEP,EXCELLENT,27600.0,27600.0,FAIR,0.0,15.0,FAIR,0.0,1.0,86,GOOD,26,EXCELLENT,21.0,31.0,5619.6,8295.6,FAIR,0.0,5.0,55,EXCELLENT,30.0,64.0,8028.0,17126.4,19,EXCELLENT,16.0,33.0,4281.6,8830.8,2,3615274803,2026-08-24T05:57:34,460,460,NO_CHANGE_NO_ADJUSTMENTS,NO_CHANGE,NO_CHANGE,NO_CHANGE,NO_CHANGE,0,1420,0,1,3615274803,2026-08-25T05:31:26,460,460,NO_CHANGE_NO_ADJUSTMENTS,NO_CHANGE,NO_CHANGE,NO_CHANGE,NO_CHANGE,0,1420,0,1,81,45,7.43,86,244,116,18,86,98,107,146,BALANCED,HRV_BALANCED_2,2026-08-25T05:32:05.323,107,4,3615274803,RUNNING,GENERIC,RUNNING,2,MAINTAINING_2,0,38,OPTIMAL,FEEDBACK_2,475,741.0,395.20000000000005,494,0.9,1,MAINTAINING_2,129031336,53.2,53.0,0,0,0,25,33,DEACCLIMATIZING,0,0,0,0,2026-08-25T07:31:26.0,3615274803,HIGH,HIGH_RT_HIGHEST_SS_AVAILABLE,WELL_RECOVERED,83,86,82,GOOD,1,99,GOOD,93,GOOD,475,71,GOOD,100,VERY_GOOD,98,71,GOOD,1,AFTER_WAKEUP_RESET,1,NO_CHANGE_SLEEP,83,26,18.10942810805789,18.0,18.10942810805789,3.1,,,,0,6,49,0,191.3,0,6,24.1,20.7,3.4,18.0,1,0,2026-08-25T00:00:00.0,1,83,HIGH,WELL_RECOVERED,86,71,100,98,71,475,93,4,BALANCED,98,0.0,34.9,49.3,-14.3,79,85,116,0.45967102,85,116,0.45967102,,,,,,,,,,,,,,,,,,,,,,,,,,,,,,,,,,,,,,,,,,,,,,,,,,,,,,,,,,,,,,,,,129031336,3615274803,1,BEHIND,203,460,-110,350,120,45,107.0,2026-08-25T05:40:15.395
