date,totalKilocalories,activeKilocalories,bmrKilocalories,wellnessKilocalories,wellnessActiveKilocalories,netRemainingKilocalories,rule_typeId,rule_typeKey,dailyStepGoal,wellnessStartTimeGmt,wellnessStartTimeLocal,wellnessEndTimeGmt,wellnessEndTimeLocal,durationInMilliseconds,highlyActiveSeconds,activeSeconds,sedentarySeconds,sleepingSeconds,includesWellnessData,includesActivityData,includesCalorieConsumedData,privacyProtected,moderateIntensityMinutes,vigorousIntensityMinutes,floorsAscendedInMeters,floorsDescendedInMeters,floorsAscended,floorsDescended,intensityMinutesGoal,userFloorsAscendedGoal,averageStressLevel,uncategorizedStressDuration,totalStressDuration,stressPercentage,restStressPercentage,activityStressPercentage,uncategorizedStressPercentage,lowStressPercentage,mediumStressPercentage,highStressPercentage,stressQualifier,measurableAwakeDuration,measurableAsleepDuration,averageMonitoringEnvironmentAltitude,bodyBatteryDynamicFeedbackEvent_eventTimestamp,bodyBatteryDynamicFeedbackEvent_bodyBatteryLev,bodyBatteryDynamicFeedbackEvent_feedbackShortT,bodyBatteryDynamicFeedbackEvent_feedbackLongTy,som_deviceRemCapable,som_retro,som_sleepNeed_deviceId,som_sleepNeed_timestampGmt,som_sleepNeed_baseline,som_sleepNeed_actual,som_sleepNeed_feedback,som_sleepNeed_trainingFeedback,som_sleepNeed_sleepHistoryAdjustment,som_sleepNeed_hrvAdjustment,som_sleepNeed_napAdjustment,som_sleepNeed_displayedForTheDay,som_sleepNeed_recommendedBedtimeStartMins,som_sleepNeed_recommendedBedtimeEndMins,som_sleepNeed_preferredActivityTracker,som_nextSleepNeed_deviceId,som_nextSleepNeed_timestampGmt,som_nextSleepNeed_baseline,som_nextSleepNeed_actual,som_nextSleepNeed_feedback,som_nextSleepNeed_trainingFeedback,som_nextSleepNeed_sleepHistoryAdjustment,som_nextSleepNeed_hrvAdjustment,som_nextSleepNeed_napAdjustment,som_nextSleepNeed_displayedForTheDay,som_nextSleepNeed_recommendedBedtimeStartMins,som_nextSleepNeed_recommendedBedtimeEndMins,som_nextSleepNeed_preferredActivityTracker,som_sleepAlignment_userId,som_sleepAlignment_deviceId,som_sleepAlignment_isPreferredActivityTracker,som_sleepAlignment_sleepNeedBaselineMins,som_sleepAlignment_optimalSleepWindowStartMins,som_sleepAlignment_optimalSleepWindowEndMins,som_sleepAlignment_status,som_sleepAlignment_optimalSleepWindowMidpointM,vfc_weeklyAvg,vfc_baseline_lowUpper,vfc_baseline_balancedLow,vfc_baseline_balancedUpper,vfc_baseline_markerValue,vfc_status,vfc_feedbackPhrase,vfc_createTimeStamp,ent_trainingStatus,ent_deviceId,ent_sport,ent_subSport,ent_fitnessTrendSport,ent_fitnessTrend,ent_trainingStatusFeedbackPhrase,ent_trainingPaused,ent_acuteTrainingLoadDTO_acwrPercent,ent_acuteTrainingLoadDTO_acwrStatus,ent_acuteTrainingLoadDTO_acwrStatusFeedback,ent_acuteTrainingLoadDTO_dailyTrainingLoadAcut,ent_acuteTrainingLoadDTO_maxTrainingLoadChroni,ent_acuteTrainingLoadDTO_minTrainingLoadChroni,ent_acuteTrainingLoadDTO_dailyTrainingLoadChro,ent_acuteTrainingLoadDTO_dailyAcuteChronicWork,ent_primaryTrainingDevice,statut,vo2_userId,vo2_generic_vo2MaxPreciseValue,vo2_generic_vo2MaxValue,vo2_generic_maxMetCategory,vo2_cycling_vo2MaxPreciseValue,vo2_cycling_vo2MaxValue,vo2_cycling_maxMetCategory,vo2_heatAltitudeAcclimation_altitudeAcclimatio,vo2_heatAltitudeAcclimation_previousAltitudeAc,vo2_heatAltitudeAcclimation_heatAcclimationPer,vo2_heatAltitudeAcclimation_previousHeatAcclim,vo2_heatAltitudeAcclimation_heatTrend,vo2_heatAltitudeAcclimation_currentAltitude,vo2_heatAltitudeAcclimation_previousAltitude,vo2_heatAltitudeAcclimation_acclimationPercent,vo2_heatAltitudeAcclimation_previousAcclimatio,prep_timestampLocal,prep_deviceId,prep_level,prep_feedbackLong,prep_feedbackShort,prep_score,prep_sleepScoreFactorPercent,prep_sleepScoreFactorFeedback,prep_recoveryTime,prep_recoveryTimeFactorPercent,prep_recoveryTimeFactorFeedback,prep_acwrFactorPercent,prep_acwrFactorFeedback,prep_acuteLoad,prep_stressHistoryFactorPercent,prep_stressHistoryFactorFeedback,prep_hrvFactorPercent,prep_hrvFactorFeedback,prep_hrvWeeklyAverage,prep_sleepHistoryFactorPercent,prep_sleepHistoryFactorFeedback,prep_validSleep,prep_inputContext,prep_primaryActivityTracker,readiness,age_chronologicalAge,age_fitnessAge,age_achievableFitnessAge,age_previousFitnessAge,age_components_vigorousDaysAvg_value,age_components_vigorousDaysAvg_targetValue,age_components_vigorousDaysAvg_potentialAge,age_components_vigorousDaysAvg_priority,age_components_vigorousDaysAvg_stale,age_components_vigorousDaysAvg_numOfWeeksForIm,age_components_rhr_value,age_components_rhr_stale,age_components_vigorousMinutesAvg_value,age_components_vigorousMinutesAvg_stale,age_components_vigorousMinutesAvg_numOfWeeksFo,age_components_bmi_value,age_components_bmi_targetValue,age_components_bmi_improvementValue,age_components_bmi_potentialAge,age_components_bmi_priority,age_components_bmi_stale,age_lastUpdated,recup_temps_min,recup_readiness,recup_niveau,recup_retour,recup_facteur_historique_sommeil,recup_facteur_vfc,recup_vfc_moy_7j,recup_facteur_stress,recup_charge_aigue,recup_facteur_acwr,ent_statut,vfc_statut,vfc_moy_7j,vfc_base_bas,vfc_base_haut,vfc_base_repere,tss,ctl,atl,tsb,displayName,minHeartRate,maxHeartRate,restingHeartRate,lastSevenDaysAvgRestingHeartRate,maxStressLevel,stressDuration,restStressDuration,lowStressDuration,minAvgHeartRate,maxAvgHeartRate,bodyBatteryChargedValue,bodyBatteryDrainedValue,bodyBatteryHighestValue,bodyBatteryLowestValue,bodyBatteryMostRecentValue,bodyBatteryVersion,avgWakingRespirationValue,highestRespirationValue,lowestRespirationValue,latestRespirationValue,latestRespirationTimeGMT,respirationAlgorithmVersion,totalSteps,totalDistanceMeters,wellnessDistanceMeters,activityStressDuration,mediumStressDuration,highStressDuration,bodyBatteryDuringSleep,bodyBatteryAtWakeTime,bodyBatteryActivityEventList_eventType,bodyBatteryActivityEventList_eventStartTimeGmt,bodyBatteryActivityEventList_timezoneOffset,bodyBatteryActivityEventList_durationInMillise,bodyBatteryActivityEventList_bodyBatteryImpact,bodyBatteryActivityEventList_feedbackType,bodyBatteryActivityEventList_shortFeedback,bodyBatteryActivityEventList_deviceId,bodyBatteryActivityEventList_eventUpdateTimeGm,som_sleepTimeSeconds,som_napTimeSeconds,som_sleepWindowConfirmed,som_sleepStartTimestampGMT,som_sleepEndTimestampGMT,som_sleepStartTimestampLocal,som_sleepEndTimestampLocal,som_unmeasurableSleepSeconds,som_deepSleepSeconds,som_lightSleepSeconds,som_remSleepSeconds,som_awakeSleepSeconds,som_sleepFromDevice,som_averageRespirationValue,som_lowestRespirationValue,som_highestRespirationValue,som_awakeCount,som_avgSleepStress,som_ageGroup,som_avgHeartRate,som_sleepScoreFeedback,som_sleepScoreInsight,som_sleepScorePersonalizedInsight,som_sleepScores_totalDuration_qualifierKey,som_sleepScores_totalDuration_optimalStart,som_sleepScores_totalDuration_optimalEnd,som_sleepScores_stress_qualifierKey,som_sleepScores_stress_optimalStart,som_sleepScores_stress_optimalEnd,som_sleepScores_awakeCount_qualifierKey,som_sleepScores_awakeCount_optimalStart,som_sleepScores_awakeCount_optimalEnd,som_sleepScores_overall_value,som_sleepScores_overall_qualifierKey,som_sleepScores_remPercentage_value,som_sleepScores_remPercentage_qualifierKey,som_sleepScores_remPercentage_optimalStart,som_sleepScores_remPercentage_optimalEnd,som_sleepScores_remPercentage_idealStartInSeco,som_sleepScores_remPercentage_idealEndInSecond,som_sleepScores_restlessness_qualifierKey,som_sleepScores_restlessness_optimalStart,som_sleepScores_restlessness_optimalEnd,som_sleepScores_lightPercentage_value,som_sleepScores_lightPercentage_qualifierKey,som_sleepScores_lightPercentage_optimalStart,som_sleepScores_lightPercentage_optimalEnd,som_sleepScores_lightPercentage_idealStartInSe,som_sleepScores_lightPercentage_idealEndInSeco,som_sleepScores_deepPercentage_value,som_sleepScores_deepPercentage_qualifierKey,som_sleepScores_deepPercentage_optimalStart,som_sleepScores_deepPercentage_optimalEnd,som_sleepScores_deepPercentage_idealStartInSec,som_sleepScores_deepPercentage_idealEndInSecon,som_sleepVersion,som_sleepAlignment_lastSleepMidpointMins,som_restlessMomentsCount,som_avgOvernightHrv,som_bodyBatteryChange,som_restingHeartRate,sommeil_h,som_profond_min,som_leger_min,som_rem_min,som_eveille_min,sommeil_score,vfc_lastNightAvg,vfc_lastNight5MinHigh,vfc_ms,prep_sleepScore,prep_recoveryTimeChangePhrase,recup_facteur_sommeil,endOfDayBodyBatteryDynamicFeedbackEvent_eventT,endOfDayBodyBatteryDynamicFeedbackEvent_bodyBa,endOfDayBodyBatteryDynamicFeedbackEvent_feedba,bodyBatteryActivityEventList1_eventType,bodyBatteryActivityEventList1_eventStartTimeGm,bodyBatteryActivityEventList1_timezoneOffset,bodyBatteryActivityEventList1_durationInMillis,bodyBatteryActivityEventList1_bodyBatteryImpac,bodyBatteryActivityEventList1_feedbackType,bodyBatteryActivityEventList1_shortFeedback,bodyBatteryActivityEventList1_deviceId,bodyBatteryActivityEventList1_eventUpdateTimeG,restingCaloriesFromActivity,bodyBatteryActivityEventList1_activityName,bodyBatteryActivityEventList1_activityType,bodyBatteryActivityEventList1_activityId,max_userId,max_generic_vo2MaxPreciseValue,max_generic_vo2MaxValue,max_generic_maxMetCategory,max_heatAltitudeAcclimation_altitudeAcclimatio,max_heatAltitudeAcclimation_previousAltitudeAc,max_heatAltitudeAcclimation_heatAcclimationPer,max_heatAltitudeAcclimation_previousHeatAcclim,max_heatAltitudeAcclimation_currentAltitude,max_heatAltitudeAcclimation_previousAltitude,max_heatAltitudeAcclimation_acclimationPercent,max_heatAltitudeAcclimation_previousAcclimatio,vo2max,bodyBatteryActivityEventList_activityName,bodyBatteryActivityEventList_activityType,bodyBatteryActivityEventList_activityId,max_heatAltitudeAcclimation_heatTrend,burnedKilocalories,bodyBatteryActivityEventList2_eventType,bodyBatteryActivityEventList2_eventStartTimeGm,bodyBatteryActivityEventList2_timezoneOffset,bodyBatteryActivityEventList2_durationInMillis,bodyBatteryActivityEventList2_bodyBatteryImpac,bodyBatteryActivityEventList2_feedbackType,bodyBatteryActivityEventList2_shortFeedback,bodyBatteryActivityEventList2_deviceId,bodyBatteryActivityEventList2_eventUpdateTimeG,bodyBatteryActivityEventList2_activityName,bodyBatteryActivityEventList2_activityType,bodyBatteryActivityEventList2_activityId,som_dailyNapDTOS_deviceId,som_dailyNapDTOS_napTimeSec,som_dailyNapDTOS_napStartTimestampGMT,som_dailyNapDTOS_napEndTimestampGMT,som_dailyNapDTOS_napFeedback,som_dailyNapDTOS_napSource,som_dailyNapDTOS_napStartTimeOffset,som_dailyNapDTOS_napEndTimeOffset,lastSyncTimestampGMT
2026-07-24,2150.0,0.0,2150.0,2150.0,0.0,0.0,2,private,8910,2026-07-23T22:00:00.0,2026-07-24T00:00:00.0,2026-07-24T22:00:00.0,2026-07-25T00:00:00.0,86400000,0,0,86400,0,1,0,0,0,0,0,0.0,0.0,0.0,0.0,150,10,-1,86400,86400,0.0,0.0,0.0,100.0,0.0,0.0,0.0,UNKNOWN,0,0,34.0,2026-07-24T19:00:11,MODERATE,NO_DATA,NO_DATA,0,0,3615274803,2026-07-23T05:00:58,460,460,NO_CHANGE_NO_ADJUSTMENTS,NO_CHANGE,NO_DATA,NO_DATA,NO_CHANGE,0,1430,10,1,3615274803,2026-07-24T05:33:33,460,460,NO_CHANGE_NO_ADJUSTMENTS,NO_CHANGE,NO_DATA,NO_DATA,NO_CHANGE,0,1430,10,1,129031336,3615274803,1,460,-80,380,NO_LAST_SLEEP_DATA,150,100,73,80,117,0.5202637,BALANCED,HRV_BALANCED_7,2026-07-28T19:15:12.768,5,3615274803,RUNNING,GENERIC,RUNNING,2,RECOVERY_2,0,8,LOW,FEEDBACK_1,82,465.0,248.0,310,0.2,1,RECOVERY_2,129031336,54.2,54.0,0,56.0,56.0,1,0,0,8,11,DEACCLIMATIZING,34,0,0,0,2026-07-24T07:33:33.0,3615274803,HIGH,HIGH_RT_AVAILABLE_SS_UNKNOWN,WELL_RECOVERED,79,0,NONE,1,99,GOOD,100,VERY_GOOD,82,42,MODERATE,95,GOOD,100,49,MODERATE,0,AFTER_WAKEUP_RESET,1,79,26,19.155460910370273,18.0,19.155460910370273,2.1,3,20.890190714938992,2,0,6,49,0,158.5,0,6,24.1,20.7,3.4,18.0,1,0,2026-07-23T00:00:00.0,1,79,HIGH,WELL_RECOVERED,49,95,100,42,82,100,5,BALANCED,100,80,117,0.5202637,0.0,24.2,13.7,10.5,,,,,,,,,,,,,,,,,,,,,,,,,,,,,,,,,,,,,,,,,,,,,,,,,,,,,,,,,,,,,,,,,,,,,,,,,,,,,,,,,,,,,,,,,,,,,,,,,,,,,,,,,,,,,,,,,,,,,,,,,,,,,,,,,,,,,,,,,,,,,,,,,,,,,,,,,,,,,,,,,,,,,,,,
2026-07-25,579.0,0.0,579.0,579.0,0.0,0.0,2,private,8910,2026-07-24T22:00:00.0,2026-07-25T00:00:00.0,2026-07-25T04:28:00.0,2026-07-25T06:28:00.0,23280000,0,0,23280,0,1,0,0,0,0,0,0.0,0.0,0.0,0.0,150,10,-1,23280,23280,0.0,0.0,0.0,100.0,0.0,0.0,0.0,UNKNOWN,0,0,34.0,2026-07-25T03:22:44,MODERATE,,EARLY_MORNING_NO_DATA,0,0,3615274803,2026-07-24T05:33:33,460,460,NO_CHANGE_NO_ADJUSTMENTS,NO_CHANGE,NO_DATA,NO_DATA,NO_CHANGE,0,1430,10,1,,,,,,,,,,,,,,,,,,,,,,,,,,,,,,5,3615274803,RUNNING,GENERIC,RUNNING,2,RECOVERY_2,0,8,LOW,FEEDBACK_1,68,430.5,229.60000000000002,287,0.2,1,RECOVERY_2,129031336,54.2,54.0,0,56.0,56.0,1,0,0,5,8,DEACCLIMATIZING,0,0,0,0,,,,,,,,,,,,,,,,,,,,,,,,,,26,19.155460910370273,18.0,19.155460910370273,2.1,3,20.890190714938992,2,0,6,49,0,158.5,0,6,24.1,20.7,3.4,18.0,1,0,2026-07-23T00:00:00.0,,,,,,,,,,,5,,,,,,0.0,23.6,11.7,11.9,,,,,,,,,,,,,,,,,,,,,,,,,,,,,,,,,,,,,,,,,,,,,,,,,,,,,,,,,,,,,,,,,,,,,,,,,,,,,,,,,,,,,,,,,,,,,,,,,,,,,,,,,,,,,,,,,,,,,,,,,,,,,,,,,,,,,,,,,,,,,,,,,,,,,,,,,,,,,,,,,,,,,,,,
2026-07-26,,,,,,0.0,,,,,,,,,,,,,0,0,0,0,,,,,,,,,,,,,,,,,,,,,,,,,,,0,0,,,,,,,,,,,,,,,,,,,,,,,,,,,,,,,,,,,,,,,,,,,5,3615274803,RUNNING,GENERIC,RUNNING,2,RECOVERY_2,0,8,LOW,FEEDBACK_1,54,397.5,212.0,265,0.2,1,RECOVERY_2,129031336,54.2,54.0,0,56.0,56.0,1,0,0,5,8,DEACCLIMATIZING,0,0,0,0,,,,,,,,,,,,,,,,,,,,,,,,,,26,19.155460910370273,18.0,19.155460910370273,2.1,3,20.890190714938992,2,0,6,49,0,158.5,0,6,24.1,20.7,3.4,18.0,1,0,2026-07-23T00:00:00.0,,,,,,,,,,,5,,,,,,0.0,23.1,10.1,13.0,bf983d05-10a3-4c8f-ad3b-004c4f6dffcd,,,,,,,,,,,,,,,,,,,,,,,,,,,,,,,,,,,,,,,,,,,,,,,,,,,,,,,,,,,,,,,,,,,,,,,,,,,,,,,,,,,,,,,,,,,,,,,,,,,,,,,,,,,,,,,,,,,,,,,,,,,,,,,,,,,,,,,,,,,,,,,,,,,,,,,,,,,,,,,,,,,,,,,
2026-07-27,,,,,,0.0,,,,,,,,,,,,,0,0,0,0,,,,,,,,,,,,,,,,,,,,,,,,,,,0,0,,,,,,,,,,,,,,,,,,,,,,,,,,,,,,,,,,,,,,,,,,,5,3615274803,RUNNING,GENERIC,RUNNING,2,RECOVERY_2,0,4,LOW,FEEDBACK_1,43,373.5,199.20000000000002,249,0.1,1,RECOVERY_2,129031336,54.2,54.0,0,56.0,56.0,1,0,0,5,8,DEACCLIMATIZING,0,0,0,0,,,,,,,,,,,,,,,,,,,,,,,,,,26,19.155460910370273,18.0,19.155460910370273,2.1,3,20.890190714938992,2,0,6,49,0,158.5,0,6,24.1,20.7,3.4,18.0,1,0,2026-07-23T00:00:00.0,,,,,,,,,,,5,,,,,,0.0,22.5,8.6,13.9,bf983d05-10a3-4c8f-ad3b-004c4f6dffcd,,,,,,,,,,,,,,,,,,,,,,,,,,,,,,,,,,,,,,,,,,,,,,,,,,,,,,,,,,,,,,,,,,,,,,,,,,,,,,,,,,,,,,,,,,,,,,,,,,,,,,,,,,,,,,,,,,,,,,,,,,,,,,,,,,,,,,,,,,,,,,,,,,,,,,,,,,,,,,,,,,,,,,,
2026-07-28,2150.0,0.0,2150.0,2150.0,0.0,0.0,2,private,8910,2026-07-27T22:00:00.0,2026-07-28T00:00:00.0,2026-07-28T22:00:00.0,2026-07-29T00:00:00.0,86400000,0,0,82560,3840,1,0,0,0,0,0,0.0,0.0,0.0,0.0,150,10,22,2220,9900,20.0,57.58,0.0,22.42,20.0,0.0,0.0,UNKNOWN,7680,0,-25.0,2026-07-28T19:13:56,MODERATE,NO_DATA,NO_DATA,0,0,,,,,,,,,,,,,,3615274803,2026-07-28T19:14:05,460,460,NO_CHANGE_NO_ADJUSTMENTS,NO_CHANGE,NO_DATA,NO_DATA,NO_CHANGE,0,1430,10,1,,,,,,,,,,,,,,,,,1,3615274803,RUNNING,GENERIC,RUNNING,2,DETRAINING,0,4,LOW,FEEDBACK_1,32,349.5,186.4,233,0.1,1,DETRAINING,129031336,54.2,54.0,0,56.0,56.0,1,0,0,1,5,DEACCLIMATIZING,0,0,0,0,,,,,,,,,,,,,,,,,,,,,,,,,,26,18.980367823263098,18.0,19.155460910370273,2.0,3,20.890190714938992,2,0,6,48,0,150.8,0,6,24.1,20.7,3.4,18.0,1,0,2026-07-28T00:00:00.0,,,,,,,,,,,1,,,,,,0.0,22.0,7.4,14.6,,50,74,51,48,50,1980,5700,1980,51,74,6,1,28,22,28,3.0,16.0,22.0,10.0,17.0,2026-07-28T22:00:00.0,200,,,,,,,,,,,,,,,,,,,,,,,,,,,,,,,,,,,,,,,,,,,,,,,,,,,,,,,,,,,,,,,,,,,,,,,,,,,,,,,,,,,,,,,,,,,,,,,,,,,,,,,,,,,,,,,,,,,,,,,,,,,,,,,,,,,,,,,,,,,,,,,,,
2026-07-29,2189.0,39.0,2150.0,2189.0,39.0,39.0,2,private,8910,2026-07-28T22:00:00.0,2026-07-29T00:00:00.0,2026-07-29T22:00:00.0,2026-07-30T00:00:00.0,86400000,478,862,55021,30039,1,0,0,0,0,0,44.775,41.726,14.68996,13.68963,150,10,36,13320,86100,41.25,38.68,4.6,15.47,13.38,21.81,6.06,BALANCED,46680,26100,33.0,2026-07-29T21:19:51,MODERATE,SLEEP_PREPARATION_STRESSFUL_AND_INACTIVE,SLEEP_PREPARATION_STRESSFUL_AND_INACTIVE,1,0,3615274803,2026-07-28T19:14:05,460,460,NO_CHANGE_NO_ADJUSTMENTS,NO_CHANGE,NO_DATA,NO_DATA,NO_CHANGE,0,1430,10,1,3615274803,2026-07-29T05:21:22,460,460,NO_CHANGE_NO_ADJUSTMENTS,NO_CHANGE,NO_CHANGE,NO_DATA,NO_CHANGE,0,1430,10,1,129031336,3615274803,1,460,-80,380,ALIGNED,150,,75,82,118,,NONE,ONBOARDING_2,2026-07-29T05:21:34.540,1,3615274803,RUNNING,GENERIC,RUNNING,2,DETRAINING,0,0,LOW,FEEDBACK_1,21,328.5,175.20000000000002,219,0.0,1,DETRAINING,129031336,54.2,54.0,0,56.0,56.0,1,0,0,0,1,,53,0,0,0,2026-07-29T07:21:22.0,3615274803,PRIME,PRIME_RT_HIGHEST_SS_AVAILABLE_ACWR_POS,READY_FOR_ACTION,99,82,GOOD,1,99,GOOD,100,VERY_GOOD,21,0,NONE,0,NONE,511,0,NONE,1,AFTER_WAKEUP_RESET,1,99,26,18.980367823263098,18.0,18.980367823263098,2.0,3,20.890190714938992,2,0,6,48,0,150.8,0,6,24.1,20.7,3.4,18.0,1,0,2026-07-29T00:00:00.0,1,99,PRIME,READY_FOR_ACTION,0,0,511,0,21,100,1,NONE,,82,118,,0.0,21.5,6.3,15.1,,43,99,48,49,89,35520,33300,11520,44,97,71,80,93,14,19,3.0,13.0,23.0,7.0,15.0,2026-07-29T21:59:00.0,200,3009,2457,2457,3960,18780,5220,71,93,SLEEP,2026-07-28T20:56:00,7200000,30300000,70,NONE,NONE,3615274803,2026-07-29T05:21:21,28620,0,1,1785272160000,1785302460000,1785279360000,1785309660000,0,5460,16740,6420,1680,1,14.0,8.0,17.0,1,13.0,ADULT,51.0,POSITIVE_LONG_AND_DEEP,NONE,STRESS_POS_EXCELLENT_OR_GOOD_SLEEP_RESTFUL_EVENING,EXCELLENT,27600.0,27600.0,GOOD,0.0,15.0,FAIR,0.0,1.0,86,GOOD,22,EXCELLENT,21.0,31.0,6010.2,8872.2,FAIR,0.0,5.0,58,EXCELLENT,30.0,64.0,8586.0,18316.8,19,EXCELLENT,16.0,33.0,4579.2,9444.6,2,189,81,99.0,70,48,7.95,91,279,107,28,86,99,133,99,86,NO_CHANGE_SLEEP,86,,,,,,,,,,,,,,,,,,,,,,,,,,,,,,,,,,,,,,,,,,,,,,,,,,,,,,,
2026-07-30,2277.0,127.0,2150.0,2277.0,127.0,127.0,2,private,7730,2026-07-29T22:00:00.0,2026-07-30T00:00:00.0,2026-07-30T22:00:00.0,2026-07-31T00:00:00.0,86400000,642,1738,61799,22221,1,0,0,0,0,0,33.528,22.794,11.0,7.47835,150,10,49,19920,86340,45.87,25.43,5.63,23.07,6.74,23.0,16.12,STRESSFUL,44880,21540,35.0,2026-07-30T20:06:09,VERY_LOW,SLEEP_PREPARATION_STRESSFUL_AND_INACTIVE,SLEEP_PREPARATION_STRESSFUL_AND_INACTIVE_AND_BB_LOW,1,0,3615274803,2026-07-29T05:21:22,460,460,NO_CHANGE_NO_ADJUSTMENTS,NO_CHANGE,NO_CHANGE,NO_DATA,NO_CHANGE,0,1430,10,1,3615274803,2026-07-30T04:35:16,460,490,INCREASED,NO_CHANGE,INCREASING_LOW_QUALITY,NO_DATA,NO_CHANGE,1,1400,10,1,129031336,3615274803,1,460,-80,380,ALIGNED,150,,76,83,118,,NONE,ONBOARDING_2,2026-07-30T04:35:36.142,1,3615274803,RUNNING,GENERIC,RUNNING,2,DETRAINING,0,0,LOW,FEEDBACK_1,11,328.5,175.20000000000002,219,0.0,1,DETRAINING,129031336,54.2,54.0,0,56.0,56.0,1,0,0,0,0,,2,0,0,0,2026-07-30T06:35:16.0,3615274803,HIGH,HIGH_RT_HIGHEST_SS_AVAILABLE_ACWR_POS,EXCELLENT_RECOVERY,86,53,MODERATE,1,99,GOOD,100,VERY_GOOD,11,0,NONE,0,NONE,511,82,GOOD,1,AFTER_WAKEUP_RESET,1,86,26,18.980367823263098,18.0,18.980367823263098,2.0,3,20.890190714938992,2,0,6,48,0,150.8,0,6,24.1,20.7,3.4,18.0,1,0,2026-07-30T00:00:00.0,1,86,HIGH,EXCELLENT_RECOVERY,82,0,511,0,11,100,1,NONE,,83,118,,0.0,21.0,5.4,15.5,,44,105,49,49,93,39600,21960,5820,45,104,51,65,70,5,5,3.0,14.0,23.0,6.0,18.0,2026-07-30T21:59:00.0,200,4968,4046,4046,4860,19860,13920,56,70,SLEEP,2026-07-29T21:00:21,7200000,25800000,56,NONE,NONE,3615274803,2026-07-30T04:35:16,22920,0,1,1785358821000,1785384621000,1785366021000,1785391821000,0,4320,14520,4080,2880,1,15.0,10.0,18.0,2,23.0,ADULT,54.0,NEGATIVE_RESTLESS,NEGATIVE_STRESSFUL_DAY,MOD_EXERCISE_NEG_FAIR_OR_POOR_SLEEP_INACTIVITY,FAIR,27600.0,27600.0,FAIR,0.0,15.0,FAIR,0.0,1.0,69,FAIR,18,FAIR,21.0,31.0,4813.2,7105.2,POOR,0.0,5.0,63,GOOD,30.0,64.0,6876.0,14668.8,19,EXCELLENT,16.0,33.0,3667.2,7563.6,2,155,61,92.0,56,49,6.37,72,242,68,48,69,92,124,92,69,NO_CHANGE_SLEEP,69,2026-07-30T21:10:29,VERY_LOW,SLEEP_TIME_PASSED_STRESSFUL_AND_INACTIVE,STRESS,2026-07-30T11:42:16,7200000,7440000,-12,STRESS_LONG,NEED_A_LITTLE_BREAK,3615274803,2026-07-30T13:51:46,,,,,,,,,,,,,,,,,,,,,,,,,,,,,,,,,,,,,,,,,,,
2026-07-31,2195.0,45.0,2150.0,2195.0,45.0,45.0,2,private,7180,2026-07-30T22:00:00.0,2026-07-31T00:00:00.0,2026-07-31T22:00:00.0,2026-08-01T00:00:00.0,86400000,583,968,65049,19800,1,0,0,0,0,0,65.702,55.965,21.55577,18.36122,150,10,40,7740,86340,56.36,28.35,6.32,8.96,26.48,26.55,3.34,STRESSFUL,59940,18660,39.0,2026-07-31T19:19:13,VERY_LOW,SLEEP_PREPARATION_STRESSFUL_AND_INACTIVE,SLEEP_PREPARATION_STRESSFUL_AND_INACTIVE_AND_BB_LOW,1,0,3615274803,2026-07-30T04:35:16,460,490,INCREASED,NO_CHANGE,INCREASING_LOW_QUALITY,NO_DATA,NO_CHANGE,1,1400,10,1,3615274803,2026-07-31T05:39:56,460,510,HIGHLY_INCREASED,NO_CHANGE,INCREASING,NO_DATA,NO_CHANGE,1,1370,0,1,129031336,3615274803,1,460,-80,380,ALIGNED,150,,76,83,119,,NONE,ONBOARDING_2,2026-07-31T05:40:09.634,1,3615274803,RUNNING,GENERIC,RUNNING,2,DETRAINING,0,0,LOW,FEEDBACK_1,0,328.5,175.20000000000002,219,0.0,1,DETRAINING,129031336,54.2,54.0,0,56.0,56.0,1,0,0,0,0,,37,0,0,0,2026-07-31T07:39:56.0,3615274803,MODERATE,MOD_RT_LOW_SS_MOD,GOOD_SLEEP_HISTORY,69,49,MODERATE,1,99,GOOD,100,VERY_GOOD,0,41,MODERATE,0,NONE,511,61,MODERATE,1,AFTER_WAKEUP_RESET,1,69,26,18.980367823263098,18.0,18.980367823263098,2.0,3,20.890190714938992,2,0,6,48,0,150.8,0,6,24.1,20.7,3.4,18.0,1,0,2026-07-31T00:00:00.0,1,69,MODERATE,GOOD_SLEEP_HISTORY,61,0,511,41,0,100,1,NONE,,83,119,,0.0,20.5,4.7,15.8,,46,99,49,49,90,48660,24480,22860,47,97,45,45,49,5,5,3.0,13.0,23.0,6.0,14.0,2026-07-31T21:59:00.0,200,4145,3390,3390,5460,22920,2880,44,49,SLEEP,2026-07-30T22:01:16,7200000,19800000,20,NONE,NONE,3615274803,2026-07-31T05:39:55,19620,0,1,1785448876000,1785468676000,1785456076000,1785475876000,0,4620,11700,3300,180,1,15.0,8.0,18.0,0,28.0,ADULT,53.0,NEGATIVE_NOT_RESTORATIVE,NEGATIVE_HIGHLY_STRESSFUL_DAY,STRESS_NEG_GOOD_OR_FAIR_SLEEP_VERY_STRESSFUL_DAY,FAIR,27600.0,27600.0,POOR,0.0,15.0,EXCELLENT,0.0,1.0,66,FAIR,17,FAIR,21.0,31.0,4120.2,6082.2,EXCELLENT,0.0,5.0,60,GOOD,30.0,64.0,5886.0,12556.8,24,EXCELLENT,16.0,33.0,3139.2,6474.6,2,166,20,94.0,20,49,5.45,77,195,55,3,66,94,141,94,66,NO_CHANGE_SLEEP,66,2026-07-31T20:31:30,VERY_LOW,SLEEP_TIME_PASSED_STRESSFUL_AND_INACTIVE,,,,,,,,,,,,,,,,,,,,,,,,,,,,,,,,,,,,,,,,,,,,,,,,,,,,
2026-08-01,2200.0,50.0,2150.0,2200.0,50.0,50.0,2,private,6580,2026-07-31T22:00:00.0,2026-08-01T00:00:00.0,2026-08-01T22:00:00.0,2026-08-02T00:00:00.0,86400000,469,700,51211,34020,1,0,0,0,0,0,9.893,15.187,3.24573,4.98261,150,10,18,39600,86400,9.24,40.21,4.72,45.83,5.42,3.19,0.62,UNKNOWN,13380,33420,27.0,2026-08-01T19:00:16,MODERATE,NO_DATA,NO_DATA,1,0,3615274803,2026-07-31T05:39:56,460,510,HIGHLY_INCREASED,NO_CHANGE,INCREASING,NO_DATA,NO_CHANGE,1,1370,0,1,3615274803,2026-08-01T08:14:58,460,460,NO_CHANGE_NO_ADJUSTMENTS,NO_CHANGE,NO_CHANGE,NO_CHANGE,NO_CHANGE,0,1420,0,1,129031336,3615274803,1,460,-80,380,BEHIND,150,96,76,83,118,0.43569946,BALANCED,HRV_BALANCED_7,2026-08-02T13:20:38.60,1,3615274803,RUNNING,GENERIC,RUNNING,2,DETRAINING,0,0,LOW,FEEDBACK_1,0,328.5,175.20000000000002,219,0.0,1,DETRAINING,129031336,54.2,54.0,0,56.0,56.0,1,0,0,0,0,,16,0,0,0,2026-08-01T10:14:58.0,3615274803,HIGH,HIGH_RT_AVAILABLE_SS_HIGHEST,RESTED_AND_READY,87,98,VERY_GOOD,0,100,VERY_GOOD,100,VERY_GOOD,0,51,MODERATE,100,VERY_GOOD,96,50,MODERATE,1,AFTER_WAKEUP_RESET,1,87,26,18.980367823263098,18.0,18.980367823263098,2.0,3,20.890190714938992,2,0,6,48,0,150.8,0,6,24.1,20.7,3.4,18.0,1,0,2026-07-31T00:00:00.0,0,87,HIGH,RESTED_AND_READY,50,100,96,51,0,100,1,BALANCED,96,83,118,0.43569946,0.0,20.0,4.0,16.0,,43,110,46,49,96,7980,34740,4680,45,110,88,29,93,5,33,3.0,13.0,19.0,7.0,15.0,2026-08-01T22:00:00.0,200,2696,2204,2204,4080,2760,540,87,92,SLEEP,2026-07-31T22:07:55,7200000,34020000,88,NONE,NONE,3615274803,2026-08-01T08:14:56,33780,0,1,1785535675000,1785569695000,1785542875000,1785576895000,0,6240,19200,8340,240,1,14.0,10.0,17.0,0,11.0,ADULT,50.0,POSITIVE_OPTIMAL_STRUCTURE,NONE,RHYTHM_POS_EXCELLENT_SLEEP_GOOD_TIMING,EXCELLENT,27600.0,27600.0,EXCELLENT,0.0,15.0,EXCELLENT,0.0,1.0,98,EXCELLENT,25,EXCELLENT,21.0,31.0,7093.8,10471.8,EXCELLENT,0.0,5.0,57,EXCELLENT,30.0,64.0,10134.0,21619.2,18,EXCELLENT,16.0,33.0,5404.8,11147.4,2,291,58,101.0,88,46,9.38,104,320,139,4,98,101,158,101,98,REACHED_ZERO,98,2026-07-31T23:56:14,HIGH,SLEEP_TIME_PASSED_STRESSFUL_AND_INACTIVE,,,,,,,,,,,,,,,,,,,,,,,,,,,,,,,,,,,,,,,,,,,,,,,,,,,,
2026-08-02,2913.0,763.0,2150.0,2913.0,763.0,763.0,2,private,5810,2026-08-01T22:00:00.0,2026-08-02T00:00:00.0,2026-08-02T22:00:00.0,2026-08-03T00:00:00.0,86400000,4210,848,53742,27600,1,1,0,0,1,69,99.895,102.127,32.77395,33.50623,150,10,28,45360,86220,16.91,23.1,7.38,52.61,12.46,3.2,1.25,UNKNOWN,14280,26580,40.0,2026-08-02T19:00:12,MODERATE,NO_DATA,NO_DATA,1,0,3615274803,2026-08-01T08:14:58,460,460,NO_CHANGE_NO_ADJUSTMENTS,NO_CHANGE,NO_CHANGE,NO_CHANGE,NO_CHANGE,0,1420,0,1,3615274803,2026-08-02T09:40:48,460,460,NO_CHANGE_NO_ADJUSTMENTS,NO_CHANGE,NO_CHANGE,NO_CHANGE,NO_CHANGE,0,1420,0,1,129031336,3615274803,1,460,-80,380,BEHIND,150,91,76,83,119,0.36109924,BALANCED,HRV_BALANCED_3,2026-08-02T13:21:22.299,2,3615274803,RUNNING,GENERIC,RUNNING,1,UNPRODUCTIVE_3,0,16,LOW,FEEDBACK_1,98,328.5,175.20000000000002,219,0.4,1,UNPRODUCTIVE_3,129031336,52.9,53.0,0,56.0,56.0,1,0,0,0,0,,50,0,0,0,2026-08-02T11:40:47.0,3615274803,MODERATE,MOD_RT_HIGH_SS_GOOD_WORKOUT_COMPLETED,HIGH_RECOVERY_NEEDS,50,74,GOOD,2558,35,POOR,100,VERY_GOOD,98,54,MODERATE,99,GOOD,91,84,GOOD,1,AFTER_POST_EXERCISE_RESET,1,50,26,18.980367823263098,18.0,18.980367823263098,2.0,3,20.890190714938992,2,0,6,48,0,132.6,0,6,24.1,20.7,3.4,18.0,1,0,2026-08-02T00:00:00.0,2558,50,MODERATE,HIGH_RECOVERY_NEEDS,84,99,91,54,98,100,2,BALANCED,91,83,119,0.36109924,50.5,20.7,10.6,10.1,,47,150,51,49,97,14580,19920,10740,48,150,45,32,76,31,46,3.0,14.0,20.0,8.0,10.0,2026-08-02T10:40:00.0,200,12072,12406,12406,6360,2760,1080,44,75,SLEEP,2026-08-01T22:43:56,7200000,27600000,44,NONE,NONE,3615274803,2026-08-02T07:00:04,27300,0,1,1785624236000,1785651836000,1785631436000,1785659036000,0,5940,17580,3780,300,1,15.0,9.0,19.0,0,22.0,ADULT,56.0,POSITIVE_LONG_AND_DEEP,NONE,GENERAL_POS_EXCELLENT_OR_GOOD_SLEEP,EXCELLENT,27600.0,27600.0,FAIR,0.0,15.0,EXCELLENT,0.0,1.0,82,GOOD,14,FAIR,21.0,31.0,5733.0,8463.0,EXCELLENT,0.0,5.0,64,GOOD,30.0,64.0,8190.0,17472.0,22,EXCELLENT,16.0,33.0,4368.0,9009.0,2,273,48,71.0,44,51,7.58,99,293,63,5,82,71,113,71,82,REACHED_ZERO,82,,,,ACTIVITY,2026-08-02T08:32:35,7200000,3840000,-14,EXERCISE_TRAINING_EFFECT_3,IMPROVING_AEROBIC_BASE,3615274803,2026-08-02T09:40:46,96.0,Chevrières Course à pied,running,23830044161,129031336,52.9,53.0,0,0,0,0,0,50,0,0,0,52.9,,,,,,,,,,,,,,,,,,,,,,,,,,
2026-08-03,2882.0,732.0,2150.0,2882.0,732.0,732.0,2,private,6440,2026-08-02T22:00:00.0,2026-08-03T00:00:00.0,2026-08-03T22:00:00.0,2026-08-04T00:00:00.0,86400000,748,1801,83851,0,1,1,0,0,2,61,30.708,28.413,10.0748,9.32185,150,10,64,35700,86340,31.41,0.28,26.96,41.35,6.12,17.1,8.2,VERY_STRESSFUL_AWAKE,50640,0,38.0,2026-08-03T21:23:56,MODERATE,SLEEP_PREPARATION_NOT_STRESS_DATA_AND_INTENSIVE_EXERCISE,SLEEP_PREPARATION_NOT_STRESS_DATA_AND_INTENSIVE_EXERCISE,0,0,3615274803,2026-08-02T09:40:48,460,460,NO_CHANGE_NO_ADJUSTMENTS,NO_CHANGE,NO_CHANGE,NO_CHANGE,NO_CHANGE,0,1420,0,1,3615274803,2026-08-03T17:29:39,460,460,NO_CHANGE_NO_ADJUSTMENTS,NO_CHANGE,NO_DATA,NO_DATA,NO_CHANGE,0,1420,0,1,129031336,3615274803,1,460,-80,380,NO_LAST_SLEEP_DATA,150,91,76,83,119,0.36109924,BALANCED,HRV_BALANCED_5,2026-08-03T05:52:47.378,2,3615274803,RUNNING,GENERIC,RUNNING,1,UNPRODUCTIVE_3,0,38,OPTIMAL,FEEDBACK_2,198,328.5,175.20000000000002,219,0.9,1,UNPRODUCTIVE_3,129031336,52.9,53.0,0,56.0,56.0,1,0,0,0,0,,10,0,0,0,2026-08-03T19:29:39.0,3615274803,MODERATE,MOD_RT_MOD_SS_UNKNOWN,RECOVERY_IN_PROGRESS,56,0,NONE,1280,66,MODERATE,95,GOOD,198,54,MODERATE,98,GOOD,91,84,GOOD,0,AFTER_POST_EXERCISE_RESET,1,56,26,18.980367823263098,18.0,18.980367823263098,2.1,3,20.890190714938992,2,0,6,48,0,142.8,0,6,24.1,20.7,3.4,18.0,1,0,2026-08-03T00:00:00.0,1280,56,MODERATE,RECOVERY_IN_PROGRESS,84,98,91,54,198,95,2,BALANCED,91,83,119,0.36109924,56.7,21.6,17.2,4.3,,59,153,53,50,93,27120,240,5280,60,150,0,67,87,20,20,3.0,13.0,20.0,7.0,13.0,2026-08-03T16:02:00.0,200,4359,5339,3561,23280,14760,7080,,,STRESS,2026-08-03T11:28:00,7200000,3180000,-7,STRESS,STRESSFUL_PERIOD,3615274803,2026-08-03T12:21:48,,,,,,,,,,,,,,,,,,,,,,,,,,,,,,,,,,,,,,,,,,,,,,,,,,,,,,,,,,,,,,,,,,,,,,,,NO_CHANGE_SLEEP,,,,,ACTIVITY,2026-08-03T16:24:39,7200000,3840000,-8,EXERCISE_TRAINING_EFFECT_3,IMPROVING_AEROBIC_BASE,3615274803,2026-08-03T17:29:37,65.0,Nat. piscine,lap_swimming,23838889960,,,,,,,,,,,,,,,,,,,,,,,,,,,,,,,,,,,,,,,
2026-08-04,2857.0,707.0,2150.0,2857.0,707.0,707.0,2,private,6240,2026-08-03T22:00:00.0,2026-08-04T00:00:00.0,2026-08-04T22:00:00.0,2026-08-05T00:00:00.0,86400000,3561,2345,80261,233,1,1,0,0,5,51,95.121,86.556,31.20768,28.39764,150,10,68,7080,86400,44.65,0.35,46.81,8.19,5.62,23.06,15.97,VERY_STRESSFUL_AWAKE,79080,240,40.0,2026-08-04T19:00:13,LOW,SLEEP_PREPARATION_STRESSFUL_AND_INTENSIVE_EXERCISE,SLEEP_PREPARATION_STRESSFUL_AND_INTENSIVE_EXERCISE_AND_BB_LOW,0,0,3615274803,2026-08-03T17:29:39,460,460,NO_CHANGE_NO_ADJUSTMENTS,NO_CHANGE,NO_DATA,NO_DATA,NO_CHANGE,0,1420,0,1,3615274803,2026-08-04T11:00:08,460,460,NO_CHANGE_NO_ADJUSTMENTS,NO_CHANGE,NO_DATA,NO_DATA,NO_CHANGE,0,1420,0,1,129031336,3615274803,1,460,-80,380,NO_LAST_SLEEP_DATA,150,91,76,83,119,0.36109924,BALANCED,HRV_BALANCED_6,2026-08-04T06:05:15.135,2,3615274803,RUNNING,GENERIC,RUNNING,1,UNPRODUCTIVE_3,0,61,OPTIMAL,FEEDBACK_3,325,328.5,175.20000000000002,219,1.4,1,UNPRODUCTIVE_3,129031336,52.6,53.0,0,56.0,56.0,1,0,0,8,0,ACCLIMATIZING,37,0,0,0,2026-08-04T16:13:55.0,3615274803,MODERATE,MOD_RT_MOD_SS_UNKNOWN,RECOVERY_IN_PROGRESS,50,0,NONE,1387,63,MODERATE,70,GOOD,325,62,MODERATE,99,GOOD,91,74,GOOD,0,UPDATE_REALTIME_VARIABLES,1,50,26,18.980367823263098,18.0,18.980367823263098,2.3,3,20.890190714938992,2,0,6,48,0,151.3,0,6,24.1,20.7,3.4,18.0,1,0,2026-08-04T00:00:00.0,1387,50,MODERATE,RECOVERY_IN_PROGRESS,74,99,91,62,325,70,2,BALANCED,91,83,119,0.36109924,37.7,21.9,20.1,1.8,,58,155,53,50,96,38580,300,4860,58,155,0,75,82,7,7,3.0,13.0,25.0,7.0,16.0,2026-08-04T22:00:00.0,200,13086,12364,12364,40440,19920,13800,,,ACTIVITY,2026-08-04T10:09:07,7200000,3000000,-12,EXERCISE_TRAINING_EFFECT_3,IMPROVING_AEROBIC_BASE,3615274803,2026-08-04T11:00:07,,,,,,,,,,,,,,,,,,,,,,,,,,,,,,,,,,,,,,,,,,,,,,,,,,,,,,,,,,,,,,,,,,,,,,,,,,2026-08-03T22:58:03,HIGH,SLEEP_TIME_PASSED_NOT_STRESS_DATA_AND_INTENSIVE_EXERCISE,,,,,,,,,,70.0,,,,129031336,52.6,53.0,0,0,0,8,0,37,0,0,0,52.6,Aulnay-sous-Bois Course à pied,running,23847228135,ACCLIMATIZING,,,,,,,,,,,,,,,,,,,,,,
2026-08-05,2988.0,838.0,2150.0,2644.0,720.0,838.0,2,private,6930,2026-08-04T22:00:00.0,2026-08-05T00:00:00.0,2026-08-05T22:00:00.0,2026-08-06T00:00:00.0,86400000,692,4385,56981,24342,1,1,0,0,29,23,23.121,24.662,7.58563,8.09121,150,10,47,11400,86400,53.12,24.17,9.51,13.19,15.35,25.62,12.15,STRESSFUL,53460,21540,36.0,2026-08-05T20:59:44,VERY_LOW,SLEEP_PREPARATION_STRESSFUL_AND_EXERCISE,SLEEP_PREPARATION_STRESSFUL_AND_EXERCISE_AND_BB_LOW,1,0,3615274803,2026-08-04T11:00:08,460,460,NO_CHANGE_NO_ADJUSTMENTS,NO_CHANGE,NO_DATA,NO_DATA,NO_CHANGE,0,1420,0,1,3615274803,2026-08-05T18:05:27,460,460,NO_CHANGE_NO_ADJUSTMENTS,NO_CHANGE,NO_CHANGE,NO_CHANGE,NO_CHANGE,0,1410,1430,1,129031336,3615274803,1,460,-80,380,ALIGNED,150,87,77,84,119,0.29284668,BALANCED,HRV_BALANCED_2,2026-08-05T04:22:31.17,2,3615274803,RUNNING,GENERIC,RUNNING,1,UNPRODUCTIVE_3,0,73,HIGH,FEEDBACK_4,361,328.5,175.20000000000002,219,1.6,1,UNPRODUCTIVE_3,129031336,52.6,53.0,0,56.0,56.0,1,0,0,8,8,ACCLIMATIZED,0,0,0,0,2026-08-05T20:05:27.0,3615274803,MODERATE,MOD_RT_LOW_SS_MOD,GOOD_SLEEP_HISTORY,54,61,MODERATE,718,81,GOOD,61,MODERATE,361,0,NONE,84,GOOD,87,0,NONE,1,AFTER_POST_EXERCISE_RESET,1,54,26,18.980367823263098,18.0,18.980367823263098,2.3,3,20.890190714938992,2,0,6,48,0,155.1,0,6,24.1,20.7,3.4,18.0,1,0,2026-08-05T00:00:00.0,718,54,MODERATE,GOOD_SLEEP_HISTORY,0,84,87,0,361,61,2,BALANCED,87,84,119,0.29284668,83.2,23.4,29.2,-5.8,,48,146,52,50,92,45900,20880,13260,50,143,49,51,56,5,5,3.0,14.0,24.0,7.0,17.0,2026-08-05T22:00:00.0,200,5217,24751,4314,8220,22140,10500,43,50,,,,,,,,,,21960,0,1,1785880567000,1785903247000,1785887767000,1785910447000,0,5040,14040,2880,720,1,15.0,8.0,19.0,1,19.0,ADULT,55.0,POSITIVE_DEEP,POSITIVE_STRESSFUL_DAY,MOD_EXERCISE_POS_FAIR_SLEEP_MOD_TO_VIG_DURING_DAY_OUTDOOR,FAIR,27600.0,27600.0,FAIR,0.0,15.0,GOOD,0.0,1.0,74,FAIR,13,FAIR,21.0,31.0,4611.6,6807.6,GOOD,0.0,5.0,64,GOOD,30.0,64.0,6588.0,14054.4,23,EXCELLENT,16.0,33.0,3513.6,7246.8,2,185,43,81.0,43,52,6.1,84,234,48,12,74,81,113,81,74,HIGH_STRESS,74,2026-08-05T21:14:19,VERY_LOW,SLEEP_TIME_PASSED_STRESSFUL_AND_EXERCISE,,,,,,,,,,111.0,,,,,,,,,,,,,,,,,,,,,344.0,,,,,,,,,,,,,,,,,,,,,
2026-08-06,2916.0,766.0,2150.0,2916.0,766.0,766.0,2,private,6690,2026-08-05T22:00:00.0,2026-08-06T00:00:00.0,2026-08-06T22:00:00.0,2026-08-07T00:00:00.0,86400000,4163,1198,54434,26605,1,1,0,0,6,53,131.064,111.037,43.0,36.42946,150,10,40,13260,86340,47.6,31.06,5.98,15.36,17.16,26.89,3.54,STRESSFUL,47880,25200,45.0,2026-08-06T20:09:15,VERY_LOW,SLEEP_PREPARATION_STRESSFUL_AND_INTENSIVE_EXERCISE,SLEEP_PREPARATION_STRESSFUL_AND_INTENSIVE_EXERCISE_AND_BB_LOW,1,0,3615274803,2026-08-05T18:05:27,460,460,NO_CHANGE_NO_ADJUSTMENTS,NO_CHANGE,NO_CHANGE,NO_CHANGE,NO_CHANGE,0,1410,1430,1,3615274803,2026-08-06T19:05:46,460,490,INCREASED,HIGH_ACWR,NO_CHANGE,INCREASING,NO_CHANGE,1,1390,0,1,129031336,3615274803,1,460,-80,380,ALIGNED,150,84,77,85,119,0.24978638,UNBALANCED,HRV_UNBALANCED_7,2026-08-06T05:46:03.779,3,3615274803,RUNNING,GENERIC,RUNNING,1,OVERREACHING_1,0,100,VERY_HIGH,FEEDBACK_5,542,330.0,176.0,220,2.4,1,OVERREACHING_1,129031336,53.1,53.0,0,56.0,56.0,1,0,0,16,8,ACCLIMATIZING,29,0,0,0,2026-08-06T21:05:46.0,3615274803,POOR,POOR_HRV_UNBALANCED,TIME_TO_SLOW_DOWN,1,84,GOOD,3950,15,POOR,26,POOR,542,28,POOR,69,MODERATE,84,61,MODERATE,1,AFTER_POST_EXERCISE_RESET,1,1,26,18.980367823263098,18.0,18.980367823263098,2.6,3,20.890190714938992,2,0,6,48,0,164.0,0,6,24.1,20.7,3.4,18.0,1,0,2026-08-06T00:00:00.0,3950,1,POOR,TIME_TO_SLOW_DOWN,61,69,84,28,542,26,3,UNBALANCED,84,85,119,0.24978638,61.4,24.3,33.8,-9.5,,49,176,52,51,93,41100,26820,14820,50,176,55,55,60,5,5,3.0,15.0,39.0,6.0,12.0,2026-08-06T21:53:00.0,200,13206,14040,14072,5160,23220,3060,55,60,SLEEP,2026-08-05T21:28:25,7200000,28500000,55,NONE,NONE,3615274803,2026-08-06T05:45:45,27780,0,1,1785965305000,1785993805000,1785972505000,1786001005000,0,5460,15900,6420,720,1,15.0,7.0,19.0,1,20.0,ADULT,55.0,POSITIVE_LONG_AND_DEEP,POSITIVE_STRESSFUL_DAY,MOD_EXERCISE_POS_EXCELLENT_OR_GOOD_SLEEP_MODERATE_CLOSE_BED,EXCELLENT,27600.0,27600.0,FAIR,0.0,15.0,GOOD,0.0,1.0,87,GOOD,23,EXCELLENT,21.0,31.0,5833.8,8611.8,GOOD,0.0,5.0,57,EXCELLENT,30.0,64.0,8334.0,17779.2,20,EXCELLENT,16.0,33.0,4444.8,9167.4,2,206,41,76.0,55,52,7.72,91,265,107,12,87,76,119,76,87,REACHED_ZERO,87,2026-08-06T00:17:45,HIGH,SLEEP_TIME_PASSED_STRESSFUL_AND_EXERCISE,ACTIVITY,2026-08-06T18:10:30,7200000,3240000,-9,EXERCISE_TRAINING_EFFECT_4_LATE,HIGHLY_IMPROVING_VO2MAX,3615274803,2026-08-06T19:05:44,82.0,Chevrières - 5x1000m,running,23879066011,129031336,53.1,53.0,0,0,0,16,8,29,0,0,0,53.1,,,,ACCLIMATIZING,,,,,,,,,,,,,,,,,,,,,,
2026-08-07,2231.0,81.0,2150.0,2231.0,81.0,81.0,2,private,7350,2026-08-06T22:00:00.0,2026-08-07T00:00:00.0,2026-08-07T22:00:00.0,2026-08-08T00:00:00.0,86400000,606,1242,60492,24060,1,0,0,0,0,0,49.571,24.355,16.26345,7.99049,150,10,48,6780,86340,57.75,27.66,6.74,7.85,13.69,25.16,18.9,STRESSFUL,56100,23460,104.0,2026-08-07T19:51:41,VERY_LOW,SLEEP_PREPARATION_STRESSFUL_AND_EXERCISE,SLEEP_PREPARATION_STRESSFUL_AND_EXERCISE_AND_BB_LOW,1,0,3615274803,2026-08-06T19:05:46,460,490,INCREASED,HIGH_ACWR,NO_CHANGE,INCREASING,NO_CHANGE,1,1390,0,1,3615274803,2026-08-07T11:06:24,460,500,INCREASED,HIGH_ACWR,NO_CHANGE,INCREASING,NO_CHANGE,1,1370,1430,1,129031336,3615274803,1,460,-90,370,BEHIND,140,80,77,84,119,0.18099976,UNBALANCED,HRV_UNBALANCED_8,2026-08-07T05:34:13.359,3,3615274803,RUNNING,GENERIC,RUNNING,1,OVERREACHING_1,0,100,VERY_HIGH,FEEDBACK_5,533,334.5,178.4,223,2.3,1,OVERREACHING_1,129031336,53.1,53.0,0,56.0,56.0,1,0,0,16,16,ACCLIMATIZED,210,0,0,0,2026-08-07T13:06:24.0,3615274803,POOR,POOR_HRV_UNBALANCED,TIME_TO_SLOW_DOWN,1,68,MODERATE,2996,28,POOR,28,POOR,533,40,MODERATE,53,MODERATE,80,75,GOOD,1,AFTER_POST_EXERCISE_RESET,1,1,26,18.980367823263098,18.0,18.980367823263098,2.6,3,20.890190714938992,2,0,6,48,0,164.0,0,6,24.1,20.7,3.4,18.0,1,0,2026-08-07T00:00:00.0,2996,1,POOR,TIME_TO_SLOW_DOWN,75,53,80,40,533,28,3,UNBALANCED,80,84,119,0.18099976,0.0,23.7,28.9,-5.2,,42,105,50,51,93,49860,23880,11820,47,101,58,58,63,5,5,3.0,13.0,21.0,7.0,16.0,2026-08-07T21:59:00.0,200,4335,3531,3531,5820,21720,16320,58,63,SLEEP,2026-08-06T22:39:44,7200000,24060000,58,NONE,NONE,3615274803,2026-08-07T05:33:46,23820,0,1,1786055984000,1786080044000,1786063184000,1786087244000,0,3840,14940,5040,240,1,15.0,10.0,17.0,0,18.0,ADULT,55.0,POSITIVE_CONTINUOUS,NONE,GENERAL_POS_FAIR_OR_POOR_SLEEP,FAIR,27600.0,27600.0,FAIR,0.0,15.0,EXCELLENT,0.0,1.0,79,FAIR,21,GOOD,21.0,31.0,5002.2,7384.2,EXCELLENT,0.0,5.0,63,GOOD,30.0,64.0,7146.0,15244.8,16,GOOD,16.0,33.0,3811.2,7860.6,2,240,44,76.0,58,50,6.62,64,249,84,4,79,76,119,76,79,,79,2026-08-07T00:48:10,HIGH,SLEEP_TIME_PASSED_STRESSFUL_AND_INTENSIVE_EXERCISE,STRESS,2026-08-07T11:45:26,7200000,6180000,-10,STRESS,STRESSFUL_PERIOD,3615274803,2026-08-07T13:33:31,,,,,,,,,,,,,,,,,,,,,,,STRESS,2026-08-07T16:24:01,7200000,5640000,-6,STRESS,STRESSFUL_PERIOD,3615274803,2026-08-07T18:02:23,,,,,,,,,,,,
2026-08-08,2861.0,711.0,2150.0,2861.0,711.0,711.0,2,private,7060,2026-08-07T22:00:00.0,2026-08-08T00:00:00.0,2026-08-08T22:00:00.0,2026-08-09T00:00:00.0,86400000,991,10771,50278,24360,1,0,0,0,0,0,47.588,45.027,15.61286,14.77264,150,10,44,9840,86220,34.52,27.97,26.1,11.41,7.86,11.97,14.68,STRESSFUL,53040,23340,207.0,2026-08-08T20:43:24,VERY_LOW,SLEEP_PREPARATION_STRESSFUL_AND_ACTIVE_AND_EXERCISE,SLEEP_PREPARATION_STRESSFUL_AND_ACTIVE_AND_EXERCISE_AND_BB_LOW,1,0,3615274803,2026-08-07T11:06:24,460,500,INCREASED,HIGH_ACWR,NO_CHANGE,INCREASING,NO_CHANGE,1,1370,1430,1,3615274803,2026-08-08T20:27:45,460,510,HIGHLY_INCREASED,DAILY_ACTIVITY_AND_HIGH_ACWR,NO_CHANGE,INCREASING,NO_CHANGE,1,1370,0,1,129031336,3615274803,1,460,-90,370,BEHIND,140,78,77,85,119,0.12866211,UNBALANCED,HRV_UNBALANCED_8,2026-08-08T06:10:38.22,3,3615274803,RUNNING,GENERIC,RUNNING,1,OVERREACHING_1,0,100,VERY_HIGH,FEEDBACK_5,462,328.5,175.20000000000002,219,2.1,1,OVERREACHING_1,129031336,53.1,53.0,0,56.0,56.0,1,0,0,16,16,ACCLIMATIZED,225,0,0,0,2026-08-08T08:10:19.0,3615274803,POOR,POOR_HRV_UNBALANCED,TIME_TO_SLOW_DOWN,8,74,GOOD,2298,38,POOR,36,POOR,462,37,POOR,40,MODERATE,78,73,GOOD,1,AFTER_WAKEUP_RESET,1,8,26,18.980367823263098,18.0,18.980367823263098,2.5,3,20.890190714938992,2,0,6,48,0,155.3,0,6,24.1,20.7,3.4,18.0,1,0,2026-08-08T00:00:00.0,2298,8,POOR,TIME_TO_SLOW_DOWN,73,40,78,37,462,36,3,UNBALANCED,78,85,119,0.12866211,0.0,23.2,24.8,-1.6,,48,111,51,52,98,29760,24120,6780,49,109,57,57,62,5,5,3.0,14.0,24.0,7.0,12.0,2026-08-08T22:00:00.0,200,23141,18971,18971,22500,10320,12660,57,62,SLEEP,2026-08-07T23:07:46,7200000,24360000,57,NONE,NONE,3615274803,2026-08-08T06:10:18,24360,0,1,1786144066000,1786168426000,1786151266000,1786175626000,0,2940,15840,5580,0,1,15.0,8.0,19.0,0,15.0,ADULT,53.0,POSITIVE_REFRESHING,POSITIVE_STRESSFUL_DAY,STRESS_POS_EXCELLENT_OR_GOOD_SLEEP_VERY_STRESSFUL_DAY,FAIR,27600.0,27600.0,GOOD,0.0,15.0,EXCELLENT,0.0,1.0,82,GOOD,23,EXCELLENT,21.0,31.0,5115.6,7551.6,EXCELLENT,0.0,5.0,65,FAIR,30.0,64.0,7308.0,15590.4,12,FAIR,16.0,33.0,3897.6,8038.8,2,270,44,88.0,57,51,6.77,49,264,93,,82,88,127,88,82,NO_CHANGE_SLEEP,82,2026-08-08T01:48:43,HIGH,SLEEP_TIME_PASSED_STRESSFUL_AND_INACTIVE,,,,,,,,,,,,,,,,,,,,,,,,,,,,,,,,,,,,,,,,,,,,,,,,,,,,
2026-08-09,2770.0,620.0,2150.0,2770.0,620.0,620.0,2,private,8670,2026-08-08T22:00:00.0,2026-08-09T00:00:00.0,2026-08-09T22:00:00.0,2026-08-10T00:00:00.0,86400000,398,9838,51324,24840,1,0,0,0,4,7,37.879,32.318,12.42749,10.60302,150,10,40,10680,86400,38.54,28.33,20.76,12.36,13.06,18.47,7.01,STRESSFUL,51840,23880,210.0,2026-08-09T19:00:28,LOW,SLEEP_PREPARATION_STRESSFUL_AND_ACTIVE_AND_EXERCISE,SLEEP_PREPARATION_STRESSFUL_AND_ACTIVE_AND_EXERCISE_AND_BB_LOW,1,0,3615274803,2026-08-08T20:27:45,460,510,HIGHLY_INCREASED,DAILY_ACTIVITY_AND_HIGH_ACWR,NO_CHANGE,INCREASING,NO_CHANGE,1,1370,0,1,3615274803,2026-08-09T18:37:16,460,500,INCREASED,DAILY_ACTIVITY_AND_HIGH_ACWR,NO_CHANGE,INCREASING,NO_CHANGE,1,1380,0,1,129031336,3615274803,1,460,-90,370,BEHIND,140,82,77,84,118,0.20896912,UNBALANCED,HRV_UNBALANCED_8,2026-08-09T23:42:40.427,3,3615274803,RUNNING,GENERIC,RUNNING,1,OVERREACHING_1,0,80,HIGH,FEEDBACK_4,392,328.5,175.20000000000002,219,1.7,1,OVERREACHING_1,129031336,53.1,53.0,0,56.0,56.0,1,0,0,16,16,ACCLIMATIZED,86,0,0,0,2026-08-09T09:13:55.0,3615274803,LOW,LOW_HRV_UNBALANCED,LISTEN_TO_YOUR_BODY,25,64,MODERATE,1411,62,MODERATE,52,MODERATE,392,29,POOR,60,MODERATE,82,72,GOOD,1,UPDATE_REALTIME_VARIABLES,1,25,26,19.155460910370273,18.0,18.980367823263098,2.3,3,20.890190714938992,2,0,6,49,0,142.6,0,6,24.1,20.7,3.4,18.0,1,0,2026-08-09T00:00:00.0,1411,25,LOW,LISTEN_TO_YOUR_BODY,72,60,82,29,392,52,3,UNBALANCED,82,84,118,0.20896912,0.0,22.6,21.3,1.3,,42,142,50,52,98,33300,24480,11280,43,138,59,57,64,5,7,3.0,13.0,22.0,6.0,10.0,2026-08-09T21:38:00.0,200,19335,15848,15848,17940,15960,6060,59,64,SLEEP,2026-08-08T22:48:18,7200000,24840000,59,NONE,NONE,3615274803,2026-08-09T05:42:20,24780,0,1,1786229298000,1786254138000,1786236498000,1786261338000,0,2160,16920,5700,60,1,15.0,8.0,18.0,0,24.0,ADULT,54.0,POSITIVE_LONG_AND_CONTINUOUS,POSITIVE_STRESSFUL_DAY,GENERAL_POS_FAIR_OR_POOR_SLEEP,GOOD,27600.0,27600.0,FAIR,0.0,15.0,EXCELLENT,0.0,1.0,76,FAIR,23,EXCELLENT,21.0,31.0,5203.8,7681.8,EXCELLENT,0.0,5.0,68,FAIR,30.0,64.0,7434.0,15859.2,9,FAIR,16.0,33.0,3964.8,8177.4,2,255,32,90.0,59,50,6.88,36,282,95,1,76,90,122,90,76,,76,2026-08-09T01:40:05,HIGH,SLEEP_TIME_PASSED_STRESSFUL_AND_ACTIVE_AND_EXERCISE,,,,,,,,,,,,,,,,,,,,,,,,,,,,,,,,,,,,,,,,,,,,,,,,,,,,
2026-08-10,2695.0,545.0,2150.0,2695.0,545.0,545.0,2,private,10670,2026-08-09T22:00:00.0,2026-08-10T00:00:00.0,2026-08-10T22:00:00.0,2026-08-11T00:00:00.0,86400000,281,1512,79369,5238,1,1,0,0,23,26,26.803,33.756,8.79364,11.0748,150,10,51,58320,86400,18.89,5.9,7.71,67.5,5.42,8.75,4.72,UNKNOWN,28080,0,80.0,2026-08-10T19:38:51,MODERATE,SLEEP_PREPARATION_NOT_STRESS_DATA_AND_EXERCISE,SLEEP_PREPARATION_NOT_STRESS_DATA_AND_EXERCISE,0,0,3615274803,2026-08-09T18:37:16,460,500,INCREASED,DAILY_ACTIVITY_AND_HIGH_ACWR,NO_CHANGE,INCREASING,NO_CHANGE,1,1380,0,1,3615274803,2026-08-10T11:30:44,460,460,NO_CHANGE_NO_ADJUSTMENTS,NO_CHANGE,NO_DATA,NO_DATA,NO_CHANGE,0,1420,0,1,129031336,3615274803,1,460,-90,370,NO_LAST_SLEEP_DATA,140,82,78,84,118,0.20692444,UNBALANCED,HRV_UNBALANCED_8,2026-08-10T05:45:14.199,3,3615274803,RUNNING,GENERIC,RUNNING,1,OVERREACHING_1,0,80,HIGH,FEEDBACK_4,389,333.0,177.60000000000002,222,1.7,1,OVERREACHING_1,129031336,53.1,53.0,0,,,,0,0,14,16,DEACCLIMATIZING,65,0,0,0,2026-08-10T13:30:44.0,3615274803,LOW,LOW_HRV_UNBALANCED,LISTEN_TO_YOUR_BODY,32,0,NONE,1224,67,MODERATE,55,MODERATE,389,29,POOR,59,MODERATE,82,67,MODERATE,0,AFTER_POST_EXERCISE_RESET,1,32,26,19.155460910370273,18.0,19.155460910370273,2.1,3,20.890190714938992,2,0,6,49,0,143.1,0,6,24.1,20.7,3.4,18.0,1,0,2026-08-10T00:00:00.0,1224,32,LOW,LISTEN_TO_YOUR_BODY,67,59,82,29,389,55,3,UNBALANCED,82,84,118,0.20692444,74.7,23.8,28.9,-5.0,,47,157,53,52,99,16320,5100,4680,49,148,8,41,57,16,24,3.0,15.0,24.0,8.0,12.0,2026-08-10T22:00:00.0,200,3029,4097,2506,6660,7560,4080,,,ACTIVITY,2026-08-10T10:32:46,7200000,3420000,-7,EXERCISE_TRAINING_EFFECT_2,MAINTAINING_AEROBIC_BASE,3615274803,2026-08-10T11:30:42,,,,,,,,,,,,,,,,,,,,,,,,,,,,,,,,,,,,,,,,,,,,,,,,,,,,,,,,,,,,,,,,,,,,,,,,NO_CHANGE_SLEEP,,2026-08-10T00:35:41,HIGH,SLEEP_TIME_PASSED_NOT_STRESS_DATA_AND_ACTIVE_AND_EXERCISE,,,,,,,,,,56.0,,,,,,,,,,,,,,,,,Nat. piscine,lap_swimming,23921750981,,,,,,,,,,,,,,,,,,,,,,,
2026-08-11,3014.0,864.0,2150.0,3014.0,864.0,864.0,2,private,9910,2026-08-10T22:00:00.0,2026-08-11T00:00:00.0,2026-08-11T22:00:00.0,2026-08-12T00:00:00.0,86400000,7939,1172,51261,26028,1,1,0,0,1,62,107.739,105.273,35.34744,34.53839,150,10,37,8940,85860,45.14,32.91,11.53,10.41,15.58,21.73,7.83,STRESSFUL,55020,21900,51.0,2026-08-11T19:00:20,LOW,SLEEP_PREPARATION_STRESSFUL_AND_INTENSIVE_EXERCISE,SLEEP_PREPARATION_STRESSFUL_AND_INTENSIVE_EXERCISE_AND_BB_LOW,1,0,3615274803,2026-08-10T11:30:44,460,460,NO_CHANGE_NO_ADJUSTMENTS,NO_CHANGE,NO_DATA,NO_DATA,NO_CHANGE,0,1420,0,1,3615274803,2026-08-11T05:59:55,460,460,NO_CHANGE_NO_ADJUSTMENTS,NO_CHANGE,NO_CHANGE,NO_CHANGE,NO_CHANGE,0,1410,1430,1,129031336,3615274803,1,460,-90,370,ALIGNED,140,87,77,84,118,0.29411316,BALANCED,HRV_BALANCED_1,2026-08-11T05:27:40.326,3,3615274803,RUNNING,GENERIC,RUNNING,1,OVERREACHING_1,0,73,HIGH,FEEDBACK_4,397,354.0,188.8,236,1.6,1,OVERREACHING_1,129031336,53.2,53.0,0,,,,0,0,13,14,DEACCLIMATIZING,28,0,0,0,2026-08-11T11:56:50.0,3615274803,MODERATE,MOD_RT_MOD_SS_GOOD_ACWR_NEG,WELL_RESTED,50,80,GOOD,1518,59,MODERATE,59,MODERATE,397,0,NONE,80,GOOD,87,64,MODERATE,1,UPDATE_REALTIME_VARIABLES,1,50,26,19.155460910370273,18.0,19.155460910370273,2.3,3,20.890190714938992,2,0,6,49,0,153.5,0,6,24.1,20.7,3.4,18.0,1,0,2026-08-11T00:00:00.0,1518,50,MODERATE,WELL_RESTED,64,80,87,0,397,59,3,BALANCED,87,84,118,0.29411316,36.7,24.2,30.0,-5.9,,43,147,46,51,99,38760,28260,13380,44,147,84,88,99,11,20,3.0,14.0,24.0,6.0,16.0,2026-08-11T22:00:00.0,200,16659,15973,15973,9900,18660,6720,83,99,SLEEP,2026-08-10T20:32:42,7200000,27420000,83,NONE,NONE,3615274803,2026-08-11T04:24:14,27120,0,1,1786393962000,1786421382000,1786401162000,1786428582000,0,1680,19560,5880,300,1,15.0,7.0,19.0,0,13.0,ADULT,48.0,POSITIVE_LONG_AND_RECOVERING,NONE,NOT_AVAILABLE,EXCELLENT,27600.0,27600.0,EXCELLENT,0.0,15.0,EXCELLENT,0.0,1.0,85,GOOD,22,GOOD,21.0,31.0,5695.2,8407.2,GOOD,0.0,5.0,72,FAIR,30.0,64.0,8136.0,17356.8,6,FAIR,16.0,33.0,4339.2,8949.6,2,141,63,115.0,83,46,7.53,28,326,98,5,85,115,170,115,85,,85,2026-08-11T21:29:53,MODERATE,SLEEP_TIME_PASSED_STRESSFUL_AND_INTENSIVE_EXERCISE,ACTIVITY,2026-08-11T04:24:15,7200000,3660000,-17,EXERCISE_TRAINING_EFFECT_3,IMPROVING_AEROBIC_BASE,3615274803,2026-08-11T05:26:43,92.0,Chevrières Course à pied,running,23931191767,129031336,53.2,53.0,0,0,0,13,14,28,0,0,0,53.2,,,,DEACCLIMATIZING,,,,,,,,,,,,,,,,,,,,,,
2026-08-12,3131.0,981.0,2150.0,2698.0,794.0,981.0,2,private,10590,2026-08-11T22:00:00.0,2026-08-12T00:00:00.0,2026-08-12T22:00:00.0,2026-08-13T00:00:00.0,86400000,1156,4891,57679,22674,1,1,0,0,6,40,30.48,20.84,10.0,6.83727,150,10,36,22020,86340,33.36,30.3,10.84,25.5,9.66,16.4,7.3,BALANCED,41760,22560,91.0,2026-08-12T21:03:25,MODERATE,SLEEP_PREPARATION_NOT_STRESS_DATA_AND_INTENSIVE_EXERCISE,SLEEP_PREPARATION_NOT_STRESS_DATA_AND_INTENSIVE_EXERCISE,1,0,3615274803,2026-08-11T05:59:55,460,460,NO_CHANGE_NO_ADJUSTMENTS,NO_CHANGE,NO_CHANGE,NO_CHANGE,NO_CHANGE,0,1410,1430,1,3615274803,2026-08-12T17:26:44,460,460,NO_CHANGE_NO_ADJUSTMENTS,NO_CHANGE,NO_CHANGE,NO_CHANGE,NO_CHANGE,0,1410,1430,1,129031336,3615274803,1,460,-100,360,ALIGNED,130,91,77,84,118,0.3529358,BALANCED,HRV_BALANCED_2,2026-08-12T04:26:25.391,2,3615274803,RUNNING,GENERIC,RUNNING,1,UNPRODUCTIVE_3,0,73,HIGH,FEEDBACK_4,413,381.0,203.20000000000002,254,1.6,1,UNPRODUCTIVE_3,129031336,53.2,53.0,0,,,,0,0,12,13,DEACCLIMATIZING,91,0,0,0,2026-08-12T20:56:50.0,3615274803,MODERATE,MOD_RT_MOD_OR_LOW_SS_GOOD_STRESS_HISTORY_NEG,WELL_RESTED,50,82,GOOD,1176,69,MODERATE,62,MODERATE,413,43,MODERATE,99,GOOD,91,80,GOOD,1,UPDATE_REALTIME_VARIABLES,1,50,26,19.155460910370273,18.0,19.155460910370273,2.3,3,20.890190714938992,2,0,6,49,0,150.6,0,6,24.1,20.7,3.4,18.0,1,0,2026-08-12T00:00:00.0,1176,50,MODERATE,WELL_RESTED,80,99,91,43,413,62,2,BALANCED,91,84,118,0.3529358,72.8,25.3,36.1,-10.8,,38,144,46,50,96,28800,26160,8340,42,137,80,80,100,15,15,3.0,13.0,23.0,7.0,10.0,2026-08-12T22:00:00.0,200,7169,15195,5950,9360,14160,6300,89,100,SLEEP,2026-08-11T20:55:54,7200000,26520000,89,NONE,NONE,3615274803,2026-08-12T04:26:14,26520,0,1,1786481754000,1786508274000,1786488954000,1786515474000,0,5340,15840,5340,0,1,14.0,9.0,18.0,0,18.0,ADULT,48.0,POSITIVE_LONG_AND_DEEP,NONE,MOD_EXERCISE_POS_EXCELLENT_OR_GOOD_SLEEP_VIGOROUS_DURING_DAY,EXCELLENT,27600.0,27600.0,FAIR,0.0,15.0,EXCELLENT,0.0,1.0,86,GOOD,20,FAIR,21.0,31.0,5569.2,8221.2,EXCELLENT,0.0,5.0,60,GOOD,30.0,64.0,7956.0,16972.8,20,EXCELLENT,16.0,33.0,4243.2,8751.6,2,156,56,112.0,89,46,7.37,89,264,89,,86,112,164,112,86,,86,2026-08-12T21:20:11,MODERATE,SLEEP_TIME_PASSED_STRESSFUL_AND_INTENSIVE_EXERCISE,STRESS,2026-08-12T06:33:19,7200000,2700000,-9,STRESS,STRESSFUL_PERIOD,3615274803,2026-08-12T07:19:39,109.0,,,,,,,,,,,,,,,,,,,,,433.0,ACTIVITY,2026-08-12T16:46:18,7200000,2400000,-4,EXERCISE_TRAINING_EFFECT_2,MAINTAINING_AEROBIC_BASE,3615274803,2026-08-12T17:26:42,Nat. piscine,lap_swimming,23952603555,,,,,,,,,
2026-08-13,2937.0,787.0,2150.0,2937.0,787.0,787.0,2,private,10180,2026-08-12T22:00:00.0,2026-08-13T00:00:00.0,2026-08-13T22:00:00.0,2026-08-14T00:00:00.0,86400000,4004,986,51470,29940,1,1,0,0,4,56,110.43,101.685,36.23031,33.36122,150,10,27,33060,86340,16.68,39.68,5.35,38.29,5.91,7.51,3.27,UNKNOWN,23640,29640,85.0,2026-08-13T21:46:08,LOW,SLEEP_PREPARATION_NOT_STRESS_DATA_AND_INTENSIVE_EXERCISE,SLEEP_PREPARATION_NOT_STRESS_DATA_AND_HARD_EXERCISE_AND_BB_LOW,1,0,3615274803,2026-08-12T17:26:44,460,460,NO_CHANGE_NO_ADJUSTMENTS,NO_CHANGE,NO_CHANGE,NO_CHANGE,NO_CHANGE,0,1410,1430,1,3615274803,2026-08-13T18:34:01,460,460,NO_CHANGE_NO_ADJUSTMENTS,NO_CHANGE,NO_CHANGE,NO_CHANGE,NO_CHANGE,0,1410,1430,1,129031336,3615274803,1,460,-110,350,BEHIND,120,93,77,84,118,0.38233948,BALANCED,HRV_BALANCED_2,2026-08-13T06:26:50.876,7,3615274803,RUNNING,GENERIC,RUNNING,2,PRODUCTIVE_6,0,86,HIGH,FEEDBACK_4,541,436.5,232.8,291,1.8,1,PRODUCTIVE_6,129031336,53.3,53.0,0,,,,0,0,36,12,ACCLIMATIZING,35,0,0,0,2026-08-13T20:34:01.0,3615274803,POOR,POOR_RT_HIGH_SS_GOOD_OR_MOD,LET_YOUR_BODY_RECOVER,16,97,VERY_GOOD,2938,29,POOR,48,MODERATE,541,43,MODERATE,100,VERY_GOOD,93,81,GOOD,1,AFTER_POST_EXERCISE_RESET,1,16,26,19.155460910370273,18.0,19.155460910370273,2.5,3,20.890190714938992,2,0,6,49,0,158.1,0,6,24.1,20.7,3.4,18.0,1,0,2026-08-13T00:00:00.0,2938,16,POOR,LET_YOUR_BODY_RECOVER,81,100,93,43,541,48,7,BALANCED,93,84,118,0.38233948,73.0,26.4,41.4,-14.9,,45,172,49,49,94,14400,34260,5100,46,172,75,60,90,14,14,3.0,16.0,42.0,7.0,9.0,2026-08-13T22:00:00.0,200,11979,12837,12837,4620,6480,2820,75,90,SLEEP,2026-08-12T22:06:42,7200000,29940000,75,NONE,NONE,3615274803,2026-08-13T06:26:46,29580,0,1,1786572402000,1786602342000,1786579602000,1786609542000,0,6960,14880,7740,360,1,15.0,8.0,18.0,0,13.0,ADULT,52.0,POSITIVE_OPTIMAL_STRUCTURE,POSITIVE_EXERCISE,MOD_EXERCISE_POS_EXCELLENT_OR_GOOD_SLEEP_VIGOROUS_DURING_DAY,EXCELLENT,27600.0,27600.0,EXCELLENT,0.0,15.0,EXCELLENT,0.0,1.0,97,EXCELLENT,26,EXCELLENT,21.0,31.0,6211.8,9169.8,EXCELLENT,0.0,5.0,50,EXCELLENT,30.0,64.0,8874.0,18931.2,24,EXCELLENT,16.0,33.0,4732.8,9761.4,2,256,39,86.0,75,49,8.22,116,248,129,6,97,86,131,86,97,REACHED_ZERO,97,2026-08-12T23:24:00,HIGH,SLEEP_TIME_PASSED_STRESSFUL_AND_INTENSIVE_EXERCISE,ACTIVITY,2026-08-13T17:36:37,7200000,3360000,-12,EXERCISE_TRAINING_EFFECT_4_LATE,HIGHLY_IMPROVING_LACTATE_THRESHOLD,3615274803,2026-08-13T18:33:59,85.0,Chevrières Course à pied,running,23965973480,129031336,53.3,53.0,0,0,0,36,12,35,0,0,0,53.3,,,,ACCLIMATIZING,,,,,,,,,,,,,,,,,,,,,,
2026-08-14,2749.0,599.0,2150.0,2749.0,599.0,599.0,2,private,10350,2026-08-13T22:00:00.0,2026-08-14T00:00:00.0,2026-08-14T22:00:00.0,2026-08-15T00:00:00.0,86400000,899,1523,62378,21600,1,1,0,0,6,44,55.24,27.178,18.12336,8.91667,150,10,39,28800,86340,32.38,25.23,9.03,33.36,9.66,17.51,5.21,STRESSFUL,37200,20340,104.0,2026-08-14T19:00:16,LOW,SLEEP_PREPARATION_NOT_STRESS_DATA_AND_EXERCISE,SLEEP_PREPARATION_NOT_STRESS_DATA_AND_EXERCISE_AND_BB_LOW,1,0,3615274803,2026-08-13T18:34:01,460,460,NO_CHANGE_NO_ADJUSTMENTS,NO_CHANGE,NO_CHANGE,NO_CHANGE,NO_CHANGE,0,1410,1430,1,3615274803,2026-08-14T11:03:16,460,490,INCREASED,HIGH_ACWR,INCREASING,NO_CHANGE,NO_CHANGE,1,1380,1430,1,129031336,3615274803,1,460,-110,350,BEHIND,120,97,77,84,117,0.44696045,BALANCED,HRV_BALANCED_2,2026-08-14T05:56:09.74,7,3615274803,RUNNING,GENERIC,RUNNING,2,PRODUCTIVE_6,0,73,HIGH,FEEDBACK_4,509,453.0,241.60000000000002,302,1.6,1,PRODUCTIVE_6,129031336,53.3,53.0,0,,,,0,0,36,36,ACCLIMATIZED,124,0,0,0,2026-08-14T19:56:50.0,3615274803,MODERATE,MOD_RT_MOD_SS_MOD,LISTEN_TO_YOUR_BODY,50,62,MODERATE,1538,58,MODERATE,58,MODERATE,509,52,MODERATE,100,VERY_GOOD,97,93,VERY_GOOD,1,UPDATE_REALTIME_VARIABLES,1,50,26,19.155460910370273,18.0,19.155460910370273,2.5,3,20.890190714938992,2,0,6,49,0,165.5,0,6,24.1,20.7,3.4,18.0,1,0,2026-08-14T00:00:00.0,1538,50,MODERATE,LISTEN_TO_YOUR_BODY,93,100,97,52,509,58,7,BALANCED,97,84,117,0.44696045,60.8,27.3,44.2,-16.9,,46,147,50,49,91,27960,21780,8340,47,143,59,53,69,9,9,3.0,13.0,24.0,7.0,22.0,2026-08-14T21:59:00.0,200,4506,5302,3670,7800,15120,4500,58,69,SLEEP,2026-08-13T23:53:59,7200000,21600000,58,NONE,NONE,3615274803,2026-08-14T05:56:05,21480,0,1,1786665239000,1786686839000,1786672439000,1786694039000,0,3540,14700,3240,120,1,13.0,8.0,18.0,0,14.0,ADULT,52.0,POSITIVE_CONTINUOUS,NONE,GENERAL_POS_FAIR_OR_POOR_SLEEP,FAIR,27600.0,27600.0,GOOD,0.0,15.0,EXCELLENT,0.0,1.0,75,FAIR,15,FAIR,21.0,31.0,4510.8,6658.8,GOOD,0.0,5.0,68,FAIR,30.0,64.0,6444.0,13747.2,16,GOOD,16.0,33.0,3436.8,7088.4,2,293,51,92.0,58,50,5.97,59,245,54,2,75,92,128,92,75,,75,2026-08-14T01:37:17,HIGH,SLEEP_TIME_PASSED_NOT_STRESS_DATA_AND_INACTIVE,ACTIVITY,2026-08-14T10:09:00,7200000,3240000,-7,EXERCISE_TRAINING_EFFECT_2,MAINTAINING_AEROBIC_BASE,3615274803,2026-08-14T11:03:14,63.0,Nat. piscine,lap_swimming,23973028602,,,,,,,,,,,,,,,,,,,,,,,,,,,,,,,,,,,,,,,
2026-08-15,3272.0,1122.0,2150.0,3272.0,1122.0,1122.0,2,private,9770,2026-08-14T22:00:00.0,2026-08-15T00:00:00.0,2026-08-15T22:00:00.0,2026-08-16T00:00:00.0,86400000,6180,828,53712,25680,1,1,0,0,4,97,223.837,220.769,73.43734,72.43077,150,10,26,39000,86400,18.82,32.99,3.06,45.14,11.32,4.31,3.19,UNKNOWN,22440,24960,72.0,2026-08-15T21:22:14,MODERATE,SLEEP_PREPARATION_NOT_STRESS_DATA_AND_INTENSIVE_EXERCISE,SLEEP_PREPARATION_NOT_STRESS_DATA_AND_INTENSIVE_EXERCISE,1,0,3615274803,2026-08-14T11:03:16,460,490,INCREASED,HIGH_ACWR,INCREASING,NO_CHANGE,NO_CHANGE,1,1380,1430,1,3615274803,2026-08-15T10:55:55,460,460,NO_CHANGE_NO_ADJUSTMENTS,NO_CHANGE,NO_CHANGE,NO_CHANGE,NO_CHANGE,0,1410,1430,1,129031336,3615274803,1,460,-110,350,BEHIND,120,99,77,84,117,0.4772644,BALANCED,HRV_BALANCED_2,2026-08-15T05:28:42.689,7,3615274803,RUNNING,GENERIC,RUNNING,2,PRODUCTIVE_6,0,86,HIGH,FEEDBACK_4,607,498.0,265.6,332,1.8,1,PRODUCTIVE_6,129031336,53.0,53.0,0,,,,0,0,51,36,ACCLIMATIZING,49,0,0,0,2026-08-15T12:55:54.0,3615274803,POOR,POOR_RT_HIGH_SS_GOOD_OR_MOD,LET_YOUR_BODY_RECOVER,8,61,MODERATE,3247,25,POOR,50,MODERATE,607,46,MODERATE,100,VERY_GOOD,99,74,GOOD,1,AFTER_POST_EXERCISE_RESET,1,8,26,19.155460910370273,18.0,19.155460910370273,2.6,3,20.890190714938992,2,0,6,49,0,166.3,0,6,24.1,20.7,3.4,18.0,1,0,2026-08-15T00:00:00.0,3247,8,POOR,LET_YOUR_BODY_RECOVER,74,100,99,46,607,50,7,BALANCED,99,84,117,0.4772644,89.1,28.7,50.6,-21.8,,47,161,49,49,97,16260,28500,9780,47,161,74,62,82,8,21,3.0,18.0,43.0,7.0,14.0,2026-08-15T14:23:00.0,200,16560,17559,19028,2640,3720,2760,74,82,SLEEP,2026-08-14T22:17:14,7200000,25680000,74,NONE,NONE,3615274803,2026-08-15T05:28:32,25560,0,1,1786745834000,1786771514000,1786753034000,1786778714000,0,3660,19800,2100,120,1,15.0,8.0,19.0,0,17.0,ADULT,53.0,NEGATIVE_LONG_BUT_NOT_ENOUGH_REM,NONE,GENERAL_NEG_FAIR_OR_POOR_SLEEP,GOOD,27600.0,27600.0,FAIR,0.0,15.0,EXCELLENT,0.0,1.0,74,FAIR,8,POOR,21.0,31.0,5367.6,7923.6,GOOD,0.0,5.0,77,FAIR,30.0,64.0,7668.0,16358.4,14,FAIR,16.0,33.0,4089.6,8434.8,2,231,65,101.0,74,49,7.1,61,330,35,2,74,101,124,101,74,NO_CHANGE_SLEEP,74,2026-08-15T01:17:44,HIGH,SLEEP_TIME_PASSED_STRESSFUL_AND_INACTIVE,ACTIVITY,2026-08-15T09:18:48,7200000,5760000,-23,EXERCISE_TRAINING_EFFECT_4_GOOD_TIMING,HIGHLY_IMPROVING_AEROBIC_ENDURANCE,3615274803,2026-08-15T10:55:53,140.0,Chevrières Course à pied,running,23984825906,129031336,53.0,53.0,0,0,0,51,36,49,0,0,0,53.0,,,,ACCLIMATIZING,,,,,,,,,,,,,,,,,,,,,,
2026-08-16,3296.0,1146.0,2150.0,2190.0,1068.0,1146.0,2,private,10440,2026-08-15T22:00:00.0,2026-08-16T00:00:00.0,2026-08-16T22:00:00.0,2026-08-17T00:00:00.0,86400000,6249,6815,53476,19860,1,1,0,0,45,45,7.858,6.819,2.57808,2.2372,150,10,27,56580,86400,7.99,24.31,2.22,65.49,2.29,3.12,2.57,UNKNOWN,10320,19500,92.0,2026-08-16T19:00:20,MODERATE,NO_DATA,NO_DATA,1,0,3615274803,2026-08-15T10:55:55,460,460,NO_CHANGE_NO_ADJUSTMENTS,NO_CHANGE,NO_CHANGE,NO_CHANGE,NO_CHANGE,0,1410,1430,1,3615274803,2026-08-16T18:06:20,460,520,HIGHLY_INCREASED,HIGH_ACWR_AND_CHRONIC,INCREASING,NO_CHANGE,NO_CHANGE,1,1350,1430,1,129031336,3615274803,1,460,-110,350,BEHIND,120,99,77,84,117,0.4772644,BALANCED,HRV_BALANCED_2,2026-08-16T06:05:49.830,7,3615274803,RUNNING,GENERIC,RUNNING,2,PRODUCTIVE_6,0,73,HIGH,FEEDBACK_4,558,511.5,272.8,341,1.6,1,PRODUCTIVE_6,129031336,53.0,53.0,0,,,,0,0,51,51,ACCLIMATIZED,110,0,0,0,2026-08-16T20:06:20.0,3615274803,LOW,LOW_RT_MOD_OR_LOW_SS_MOD_ACWR_NEG,BALANCE_YOUR_TRAINING_LOAD,26,44,MODERATE,1378,63,MODERATE,61,MODERATE,558,58,MODERATE,100,VERY_GOOD,99,61,MODERATE,1,AFTER_POST_EXERCISE_RESET,1,26,26,19.155460910370273,18.0,19.155460910370273,2.6,3,20.890190714938992,2,0,6,49,0,173.8,0,6,24.1,20.7,3.4,18.0,1,0,2026-08-16T00:00:00.0,1378,26,LOW,BALANCE_YOUR_TRAINING_LOAD,61,100,99,58,558,61,7,BALANCED,99,84,117,0.4772644,87.5,30.1,55.9,-25.7,,51,153,53,49,92,6900,21000,1980,52,149,36,22,81,23,23,3.0,14.0,22.0,7.0,13.0,2026-08-16T18:51:00.0,200,6394,91507,6633,1920,2700,2220,34,81,SLEEP,2026-08-16T00:24:53,7200000,19860000,34,NONE,NONE,3615274803,2026-08-16T06:05:23,19560,0,1,1786839893000,1786859753000,1786847093000,1786866953000,0,5040,13380,1140,300,1,16.0,10.0,18.0,0,18.0,ADULT,56.0,NEGATIVE_NOT_ENOUGH_REM,NEGATIVE_STRENUOUS_EXERCISE,HARD_EXERCISE_NEG_FAIR_OR_POOR_SLEEP_HARD_DURING_DAY,FAIR,27600.0,27600.0,FAIR,0.0,15.0,EXCELLENT,0.0,1.0,63,FAIR,6,POOR,21.0,31.0,4107.6,6063.6,EXCELLENT,0.0,5.0,68,FAIR,30.0,64.0,5868.0,12518.4,26,EXCELLENT,16.0,33.0,3129.6,6454.8,2,310,40,89.0,34,53,5.43,84,223,19,5,63,89,121,89,63,,63,2026-08-16T00:47:22,HIGH,SLEEP_TIME_PASSED_NOT_STRESS_DATA_AND_INTENSIVE_EXERCISE,STRESS,2026-08-16T11:25:08,7200000,2160000,-5,STRESS,STRESSFUL_PERIOD,3615274803,2026-08-16T12:07:50,320.0,,,,,,,,,,,,,,,,,,,,,1106.0,,,,,,,,,,,,,,,,,,,,,
2026-08-17,2732.0,582.0,2150.0,2732.0,582.0,582.0,2,private,9530,2026-08-16T22:00:00.0,2026-08-17T00:00:00.0,2026-08-17T22:00:00.0,2026-08-18T00:00:00.0,86400000,622,2362,60601,22815,1,1,0,0,6,42,20.069,20.896,6.58432,6.85564,150,10,40,20520,86340,40.1,26.75,9.38,23.77,15.71,18.55,5.84,STRESSFUL,44640,21180,100.0,2026-08-17T19:00:10,LOW,SLEEP_PREPARATION_STRESSFUL_AND_INTENSIVE_EXERCISE,SLEEP_PREPARATION_STRESSFUL_AND_INTENSIVE_EXERCISE_AND_BB_LOW,1,0,3615274803,2026-08-16T18:06:20,460,520,HIGHLY_INCREASED,HIGH_ACWR_AND_CHRONIC,INCREASING,NO_CHANGE,NO_CHANGE,1,1350,1430,1,3615274803,2026-08-17T17:28:47,460,520,HIGHLY_INCREASED,HIGH_ACWR_AND_CHRONIC,INCREASING,NO_CHANGE,NO_CHANGE,1,1350,1430,1,129031336,3615274803,1,460,-110,350,BEHIND,120,96,78,84,116,0.4375,BALANCED,HRV_BALANCED_2,2026-08-17T09:44:15.443,7,3615274803,RUNNING,GENERIC,RUNNING,2,PRODUCTIVE_6,0,73,HIGH,FEEDBACK_4,578,534.0,284.8,356,1.6,1,PRODUCTIVE_6,129031336,53.0,53.0,0,,,,0,0,49,51,DEACCLIMATIZING,104,0,0,0,2026-08-17T19:28:47.0,3615274803,LOW,LOW_RT_MOD_OR_LOW_SS_MOD_ACWR_NEG,BALANCE_YOUR_TRAINING_LOAD,36,59,MODERATE,1652,55,MODERATE,62,MODERATE,578,0,NONE,100,VERY_GOOD,96,49,MODERATE,1,AFTER_POST_EXERCISE_RESET,1,36,26,19.155460910370273,18.0,19.155460910370273,2.6,3,20.890190714938992,2,0,6,49,0,175.5,0,6,24.1,20.7,3.4,18.0,1,0,2026-08-17T00:00:00.0,1652,36,LOW,BALANCE_YOUR_TRAINING_LOAD,49,100,96,0,578,62,7,BALANCED,96,84,116,0.4375,55.3,30.7,55.8,-25.0,,46,159,52,49,91,34620,23100,13560,46,153,42,64,73,11,11,3.0,14.0,26.0,7.0,10.0,2026-08-17T22:00:00.0,200,4670,5098,3809,8100,16020,5040,42,73,SLEEP,2026-08-16T23:32:23,7200000,21780000,42,NONE,NONE,3615274803,2026-08-17T06:44:24,21720,0,1,1786923143000,1786944923000,1786930343000,1786952123000,0,3720,15000,3000,60,1,15.0,8.0,18.0,0,21.0,ADULT,57.0,POSITIVE_CONTINUOUS,POSITIVE_LATE_BED_TIME,MOD_EXERCISE_POS_FAIR_SLEEP_MOD_TO_VIG_DURING_DAY_OUTDOOR,FAIR,27600.0,27600.0,FAIR,0.0,15.0,EXCELLENT,0.0,1.0,73,FAIR,14,FAIR,21.0,31.0,4561.2,6733.2,EXCELLENT,0.0,5.0,69,FAIR,30.0,64.0,6516.0,13900.8,17,GOOD,16.0,33.0,3475.2,7167.6,2,274,42,80.0,42,52,6.03,62,250,50,1,73,80,118,80,73,REACHED_ZERO,73,,,,ACTIVITY,2026-08-17T16:48:13,7200000,2400000,-5,EXERCISE_TRAINING_EFFECT_3,IMPROVING_AEROBIC_BASE,3615274803,2026-08-17T17:28:45,43.0,Nat. piscine,lap_swimming,24013118115,,,,,,,,,,,,,,,,,,,,,,,,,,,,,,,,,,,,,,,
2026-08-18,3090.0,940.0,2150.0,3090.0,940.0,940.0,2,private,8560,2026-08-17T22:00:00.0,2026-08-18T00:00:00.0,2026-08-18T22:00:00.0,2026-08-19T00:00:00.0,86400000,1070,1526,54084,29720,1,1,0,0,33,65,43.842,29.824,14.38386,9.78478,150,10,34,19140,85200,35.42,35.77,6.34,22.46,14.65,15.63,5.14,BALANCED,37140,28920,91.0,2026-08-18T21:16:12,LOW,SLEEP_PREPARATION_STRESSFUL_AND_EXERCISE,SLEEP_PREPARATION_STRESSFUL_AND_EXERCISE_AND_BB_LOW,1,0,3615274803,2026-08-17T17:28:47,460,520,HIGHLY_INCREASED,HIGH_ACWR_AND_CHRONIC,INCREASING,NO_CHANGE,NO_CHANGE,1,1350,1430,1,3615274803,2026-08-18T18:43:49,460,460,NO_CHANGE_NO_ADJUSTMENTS,NO_CHANGE,NO_CHANGE,NO_CHANGE,NO_CHANGE,0,1410,1430,1,129031336,3615274803,1,460,-110,350,BEHIND,120,93,78,84,117,0.38635254,BALANCED,HRV_BALANCED_2,2026-08-18T05:47:37.731,7,3615274803,RUNNING,GENERIC,RUNNING,3,PRODUCTIVE_9,0,66,HIGH,FEEDBACK_4,566,550.5,293.6,367,1.5,1,PRODUCTIVE_9,129031336,53.0,53.0,0,,,,0,0,49,49,ACCLIMATIZED,39,0,0,0,2026-08-18T20:43:48.0,3615274803,MODERATE,MOD_RT_LOW_SS_GOOD_ACWR_NEG,RECOVERED_AND_READY,56,94,VERY_GOOD,1048,72,GOOD,67,MODERATE,566,52,MODERATE,100,VERY_GOOD,93,54,MODERATE,1,AFTER_POST_EXERCISE_RESET,1,56,26,19.155460910370273,18.0,19.155460910370273,2.8,3,20.890190714938992,2,0,6,49,0,186.3,0,6,24.1,20.7,3.4,18.0,1,0,2026-08-18T00:00:00.0,1048,56,MODERATE,RECOVERED_AND_READY,54,100,93,52,566,67,7,BALANCED,93,84,117,0.38635254,55.9,31.3,55.8,-24.5,,47,154,49,50,97,30180,30480,12480,48,153,72,71,83,12,14,3.0,16.0,40.0,7.0,17.0,2026-08-18T22:00:00.0,200,4109,42985,3435,5400,13320,4380,72,83,SLEEP,2026-08-17T21:42:45,7200000,29040000,72,NONE,NONE,3615274803,2026-08-18T05:47:07,28942,0,1,1787002965000,1787032027000,1787010165000,1787039227000,0,6300,16140,6540,120,1,14.0,8.0,19.0,0,14.0,ADULT,52.0,POSITIVE_OPTIMAL_STRUCTURE,NONE,MOD_EXERCISE_POS_EXCELLENT_OR_GOOD_SLEEP_VIGOROUS_DURING_DAY,EXCELLENT,27600.0,27600.0,GOOD,0.0,15.0,EXCELLENT,0.0,1.0,94,EXCELLENT,23,EXCELLENT,21.0,31.0,6077.82,8972.02,EXCELLENT,0.0,5.0,56,EXCELLENT,30.0,64.0,8682.6,18522.88,22,EXCELLENT,16.0,33.0,4630.72,9550.86,2,225,50,91.0,72,49,8.04,105,269,109,2,94,91,132,91,94,REACHED_ZERO,94,2026-08-18T01:53:46,HIGH,SLEEP_TIME_PASSED_STRESSFUL_AND_INACTIVE,STRESS,2026-08-18T10:56:07,7200000,2520000,-5,STRESS,STRESSFUL_PERIOD,3615274803,2026-08-18T11:43:24,141.0,,,,,,,,,,,,,,,,,,,,,,ACTIVITY,2026-08-18T17:01:53,7200000,6060000,-10,EXERCISE_TRAINING_EFFECT_2,MAINTAINING_AEROBIC_BASE,3615274803,2026-08-18T18:43:47,Chevrières Cyclisme,cycling,24027195654,,,,,,,,,
2026-08-19,3486.0,1336.0,2150.0,3486.0,1336.0,1336.0,2,private,7670,2026-08-18T22:00:00.0,2026-08-19T00:00:00.0,2026-08-19T22:00:00.0,2026-08-20T00:00:00.0,86400000,4522,2578,52013,27287,1,1,0,0,16,91,146.724,124.948,48.1378,40.99344,150,10,37,14460,86280,35.19,32.82,15.23,16.76,9.39,17.18,8.62,BALANCED,44880,26940,70.0,2026-08-19T19:58:09,LOW,SLEEP_PREPARATION_STRESSFUL_AND_INTENSIVE_EXERCISE,SLEEP_PREPARATION_STRESSFUL_AND_INTENSIVE_EXERCISE_AND_BB_LOW,1,0,3615274803,2026-08-18T18:43:49,460,460,NO_CHANGE_NO_ADJUSTMENTS,NO_CHANGE,NO_CHANGE,NO_CHANGE,NO_CHANGE,0,1410,1430,1,3615274803,2026-08-19T18:10:51,460,480,INCREASED,TODAYS_LOAD_AND_CHRONIC,NO_CHANGE,NO_CHANGE,NO_CHANGE,1,1390,1430,1,129031336,3615274803,1,460,-110,350,BEHIND,120,91,78,85,118,0.3408966,BALANCED,HRV_BALANCED_2,2026-08-19T11:23:46.138,7,3615274803,RUNNING,GENERIC,RUNNING,2,PRODUCTIVE_6,0,86,HIGH,FEEDBACK_4,772,630.0,336.0,420,1.8,1,PRODUCTIVE_6,129031336,53.1,53.0,0,,,,0,0,49,49,ACCLIMATIZED,17,0,0,0,2026-08-19T20:10:51.0,3615274803,POOR,POOR_RT_HIGH_SS_GOOD_OR_MOD,LET_YOUR_BODY_RECOVER,1,62,MODERATE,3456,22,POOR,49,MODERATE,772,55,MODERATE,98,GOOD,91,84,GOOD,1,AFTER_POST_EXERCISE_RESET,1,1,26,18.10942810805789,18.0,19.155460910370273,3.0,,,,0,6,49,0,193.3,0,6,24.1,20.7,3.4,18.0,1,0,2026-08-19T00:00:00.0,3456,1,POOR,LET_YOUR_BODY_RECOVER,84,98,91,55,772,49,7,BALANCED,91,85,118,0.3408966,122.7,33.5,65.4,-31.8,,43,177,48,50,95,30360,28320,8100,43,175,77,85,91,6,6,3.0,13.0,25.0,7.0,19.0,2026-08-19T22:00:00.0,200,15345,16951,15931,13140,14820,7440,78,90,SLEEP,2026-08-18T21:31:47,7200000,28980000,79,NONE,NONE,3615274803,2026-08-19T05:40:21,25740,0,1,1787088707000,1787117687000,1787095907000,1787124887000,0,2760,17820,5160,3240,1,14.0,7.0,18.0,3,10.0,ADULT,51.0,NEGATIVE_LONG_BUT_DISCONTINUOUS,NEGATIVE_STRESSFUL_DAY,STRESS_NEG_GOOD_OR_WORSE_SLEEP_STRESSFUL_DAY,GOOD,27600.0,27600.0,EXCELLENT,0.0,15.0,POOR,0.0,1.0,75,FAIR,20,FAIR,21.0,31.0,5405.4,7979.4,POOR,0.0,5.0,69,FAIR,30.0,64.0,7722.0,16473.6,11,FAIR,16.0,33.0,4118.4,8494.2,2,213,55,102.0,79,48,7.15,46,297,86,54,75,102,149,102,75,NEW_EXERCISE,75,2026-08-18T23:20:14,HIGH,SLEEP_TIME_PASSED_STRESSFUL_AND_EXERCISE,ACTIVITY,2026-08-19T10:12:32,7200000,3420000,-14,EXERCISE_TRAINING_EFFECT_4_GOOD_TIMING,HIGHLY_IMPROVING_LACTATE_THRESHOLD,3615274803,2026-08-19T11:10:00,126.0,Aulnay-sous-Bois Course à pied,running,24034715975,129031336,53.1,53.0,0,0,0,49,49,17,0,0,0,53.1,,,,ACCLIMATIZED,,ACTIVITY,2026-08-19T17:21:36,7200000,2940000,-3,EXERCISE_TRAINING_EFFECT_2,MAINTAINING_AEROBIC_BASE,3615274803,2026-08-19T18:10:50,Nat. piscine,lap_swimming,24039871745,,,,,,,,,
2026-08-20,3219.0,1069.0,2150.0,2214.0,906.0,1069.0,2,private,8440,2026-08-19T22:00:00.0,2026-08-20T00:00:00.0,2026-08-20T22:00:00.0,2026-08-21T00:00:00.0,86400000,1001,1397,57962,26040,1,1,0,0,58,76,45.058,38.803,14.78281,12.73064,150,10,31,21960,86220,32.5,35.63,6.4,25.47,15.31,13.92,3.27,BALANCED,39120,25140,25.0,2026-08-20T21:51:53,LOW,SLEEP_PREPARATION_STRESSFUL_AND_INTENSIVE_EXERCISE,SLEEP_PREPARATION_STRESSFUL_AND_INTENSIVE_EXERCISE_AND_BB_LOW,1,0,3615274803,2026-08-19T18:10:51,460,480,INCREASED,TODAYS_LOAD_AND_CHRONIC,NO_CHANGE,NO_CHANGE,NO_CHANGE,1,1390,1430,1,3615274803,2026-08-20T18:17:00,460,480,INCREASED,HIGH_ACWR_AND_CHRONIC,NO_CHANGE,NO_CHANGE,NO_CHANGE,1,1390,1430,1,129031336,3615274803,1,460,-110,350,BEHIND,120,93,78,85,117,0.375,BALANCED,HRV_BALANCED_2,2026-08-20T06:12:50.199,7,3615274803,RUNNING,GENERIC,RUNNING,2,PRODUCTIVE_6,0,80,HIGH,FEEDBACK_4,766,663.0,353.6,442,1.7,1,PRODUCTIVE_6,129031336,53.1,53.0,0,,,,0,0,47,49,DEACCLIMATIZING,17,0,0,0,2026-08-20T20:17:00.0,3615274803,LOW,LOW_RT_MOD_OR_LOW_SS_MOD_ACWR_NEG,BALANCE_YOUR_TRAINING_LOAD,33,68,MODERATE,2034,45,MODERATE,56,MODERATE,766,49,MODERATE,100,VERY_GOOD,93,72,GOOD,1,AFTER_POST_EXERCISE_RESET,1,33,26,18.10942810805789,18.0,18.10942810805789,3.1,,,,0,6,49,0,215.0,0,6,24.1,20.7,3.4,18.0,1,0,2026-08-20T00:00:00.0,2034,33,LOW,BALANCE_YOUR_TRAINING_LOAD,72,100,93,49,766,56,7,BALANCED,93,85,117,0.375,89.3,34.8,68.8,-33.9,,44,162,49,50,90,28020,30720,13200,45,162,76,58,82,6,14,3.0,13.0,25.0,6.0,13.0,2026-08-20T22:00:00.0,200,4319,65259,3660,5520,12000,2820,74,81,SLEEP,2026-08-19T22:21:50,7200000,26040000,75,NONE,NONE,3615274803,2026-08-20T06:12:33,24360,0,1,1787178110000,1787204150000,1787185310000,1787211350000,0,3600,15180,5580,1680,1,14.0,7.0,19.0,1,14.0,ADULT,52.0,POSITIVE_REFRESHING,POSITIVE_EXERCISE,HARD_EXERCISE_POS_FAIR_SLEEP_HARD_TO_STRENUOUS_DURING_DAY_OUTDOOR,FAIR,27600.0,27600.0,GOOD,0.0,15.0,FAIR,0.0,1.0,79,FAIR,23,EXCELLENT,21.0,31.0,5115.6,7551.6,FAIR,0.0,5.0,62,GOOD,30.0,64.0,7308.0,15590.4,15,FAIR,16.0,33.0,3897.6,8038.8,2,238,64,97.0,75,49,6.77,60,253,93,28,79,97,130,97,79,,79,2026-08-20T00:11:10,HIGH,SLEEP_TIME_PASSED_STRESSFUL_AND_INTENSIVE_EXERCISE,,,,,,,,,,203.0,,,,,,,,,,,,,,,,,,,,,1005.0,,,,,,,,,,,,,,,,,,,,,
2026-08-21,2167.0,17.0,2150.0,2167.0,17.0,17.0,2,private,8010,2026-08-20T22:00:00.0,2026-08-21T00:00:00.0,2026-08-21T22:00:00.0,2026-08-22T00:00:00.0,86400000,126,568,60446,25260,1,0,0,0,0,0,23.494,11.975,7.70801,3.92881,150,10,22,33120,86400,19.31,39.1,3.26,38.33,12.99,6.11,0.21,UNKNOWN,28260,25020,14.0,2026-08-21T20:53:05,MODERATE,NO_DATA,NO_DATA,1,0,3615274803,2026-08-20T18:17:00,460,480,INCREASED,HIGH_ACWR_AND_CHRONIC,NO_CHANGE,NO_CHANGE,NO_CHANGE,1,1390,1430,1,3615274803,2026-08-21T06:04:47,460,460,NO_CHANGE_NO_ADJUSTMENTS,NO_CHANGE,NO_CHANGE,NO_CHANGE,NO_CHANGE,0,1420,0,1,129031336,3615274803,1,460,-110,350,BEHIND,120,94,78,85,117,0.390625,BALANCED,HRV_BALANCED_2,2026-08-21T06:05:14.677,7,3615274803,RUNNING,GENERIC,RUNNING,2,PRODUCTIVE_6,0,61,OPTIMAL,FEEDBACK_3,636,664.5,354.40000000000003,443,1.4,1,PRODUCTIVE_6,129031336,53.1,53.0,0,,,,0,0,46,47,DEACCLIMATIZING,18,0,0,0,2026-08-21T08:04:47.0,3615274803,MODERATE,MOD_RT_MOD_SS_GOOD_ACWR_NEG,WELL_RESTED,50,86,GOOD,1327,64,MODERATE,72,GOOD,636,56,MODERATE,100,VERY_GOOD,94,66,MODERATE,1,AFTER_WAKEUP_RESET,1,50,26,18.10942810805789,18.0,18.10942810805789,3.1,,,,0,6,49,0,215.0,0,6,24.1,20.7,3.4,18.0,1,0,2026-08-21T00:00:00.0,1327,50,MODERATE,WELL_RESTED,66,100,94,56,636,72,7,BALANCED,94,85,117,0.390625,0.0,34.0,58.9,-24.9,,42,96,47,50,82,16680,33780,11220,43,89,80,51,93,13,43,3.0,13.0,20.0,6.0,11.0,2026-08-21T14:59:00.0,200,1741,1418,1418,2820,5280,180,78,93,SLEEP,2026-08-20T22:58:33,7200000,25260000,78,NONE,NONE,3615274803,2026-08-21T06:04:47,24840,0,1,1787266713000,1787291973000,1787273913000,1787299173000,0,4860,14400,5580,420,1,14.0,6.0,18.0,0,9.0,ADULT,50.0,POSITIVE_LONG_AND_RECOVERING,POSITIVE_LATE_BED_TIME,MOD_EXERCISE_POS_EXCELLENT_OR_GOOD_SLEEP_VIGOROUS_DURING_DAY,GOOD,27600.0,27600.0,EXCELLENT,0.0,15.0,EXCELLENT,0.0,1.0,88,GOOD,22,EXCELLENT,21.0,31.0,5216.4,7700.4,EXCELLENT,0.0,5.0,58,EXCELLENT,30.0,64.0,7452.0,15897.6,20,EXCELLENT,16.0,33.0,3974.4,8197.2,2,269,42,98.0,78,47,6.9,81,240,93,7,88,98,143,98,88,NO_CHANGE_SLEEP,88,2026-08-21T00:10:01,HIGH,SLEEP_TIME_PASSED_STRESSFUL_AND_INTENSIVE_EXERCISE,,,,,,,,,,,,,,,,,,,,,,,,,,,,,,,,,,,,,,,,,,,,,,,,,,,,
2026-08-22,3606.0,1456.0,2150.0,3606.0,1456.0,1456.0,2,private,6760,2026-08-21T22:00:00.0,2026-08-22T00:00:00.0,2026-08-22T22:00:00.0,2026-08-23T00:00:00.0,86400000,8141,813,52327,25119,1,1,0,0,1,128,273.052,250.134,89.58399,82.06496,150,10,17,49440,86400,5.56,35.0,2.22,57.22,2.01,1.6,1.94,UNKNOWN,12060,24900,28.0,2026-08-22T19:41:31,HIGH,NO_DATA,NO_DATA,1,0,3615274803,2026-08-21T06:04:47,460,460,NO_CHANGE_NO_ADJUSTMENTS,NO_CHANGE,NO_CHANGE,NO_CHANGE,NO_CHANGE,0,1420,0,1,3615274803,2026-08-22T11:07:12,460,460,NO_CHANGE_NO_ADJUSTMENTS,NO_CHANGE,NO_CHANGE,NO_CHANGE,NO_CHANGE,0,1420,0,1,129031336,3615274803,1,460,-110,350,BEHIND,120,93,78,85,117,0.375,BALANCED,HRV_BALANCED_2,2026-08-22T07:02:00.472,7,3615274803,RUNNING,GENERIC,RUNNING,2,PRODUCTIVE_6,0,66,HIGH,FEEDBACK_4,746,726.0,387.20000000000005,484,1.5,1,PRODUCTIVE_6,129031336,53.2,53.0,0,,,,0,0,43,46,DEACCLIMATIZING,41,0,0,0,2026-08-22T13:07:12.0,3615274803,LOW,LOW_RT_HIGH_SS_GOOD_OR_MOD,HIGH_RECOVERY_NEEDS,27,76,GOOD,2592,34,POOR,67,MODERATE,746,71,GOOD,100,VERY_GOOD,93,80,GOOD,1,AFTER_POST_EXERCISE_RESET,1,27,26,18.10942810805789,18.0,18.10942810805789,3.1,,,,0,6,49,0,211.6,0,6,24.1,20.7,3.4,18.0,1,0,2026-08-22T00:00:00.0,2592,27,LOW,HIGH_RECOVERY_NEEDS,80,100,93,71,746,67,7,BALANCED,93,85,117,0.375,107.6,35.8,65.9,-30.1,,43,159,48,49,87,4800,30240,1740,45,159,54,50,100,46,50,3.0,22.0,42.0,7.0,16.0,2026-08-22T12:48:00.0,200,21016,22659,24749,1920,1380,1680,53,100,SLEEP,2026-08-22T00:02:47,7200000,25080000,53,NONE,NONE,3615274803,2026-08-22T07:01:26,24279,0,1,1787356967000,1787382086000,1787364167000,1787389286000,0,4920,13860,5520,840,1,14.0,9.0,17.0,1,14.0,ADULT,51.0,POSITIVE_DEEP,NONE,GENERAL_POS_EXCELLENT_OR_GOOD_SLEEP,FAIR,27600.0,27600.0,GOOD,0.0,15.0,GOOD,0.0,1.0,83,GOOD,23,EXCELLENT,21.0,31.0,5098.59,7526.49,GOOD,0.0,5.0,57,EXCELLENT,30.0,64.0,7283.7,15538.56,20,EXCELLENT,16.0,33.0,3884.64,8012.07,2,332,43,96.0,53,48,6.74,82,231,92,14,83,96,135,96,83,REACHED_ZERO,83,2026-08-22T01:59:11,HIGH,SLEEP_TIME_PASSED_NOT_STRESS_DATA_AND_INACTIVE,ACTIVITY,2026-08-22T08:55:43,7200000,7620000,-34,EXERCISE_TRAINING_EFFECT_4_GOOD_TIMING,HIGHLY_IMPROVING_AEROBIC_ENDURANCE,3615274803,2026-08-22T11:07:09,182.0,Chevrières Course à pied,running,24071226351,129031336,53.2,53.0,0,0,0,43,46,41,0,0,0,53.2,,,,DEACCLIMATIZING,,,,,,,,,,,,,,,,,,,,,,
2026-08-23,3113.0,963.0,2150.0,3113.0,963.0,963.0,2,private,8190,2026-08-22T22:00:00.0,2026-08-23T00:00:00.0,2026-08-23T22:00:00.0,2026-08-24T00:00:00.0,86400000,551,1826,60463,23560,1,1,0,0,53,63,28.295,14.36,9.28314,4.71129,150,10,31,20520,86280,38.8,33.31,4.1,23.78,23.09,14.6,1.11,BALANCED,44100,21660,16.0,2026-08-23T19:13:31,HIGH,SLEEP_PREPARATION_STRESSFUL_AND_INTENSIVE_EXERCISE,SLEEP_PREPARATION_STRESSFUL_AND_INTENSIVE_EXERCISE,1,0,3615274803,2026-08-22T11:07:12,460,460,NO_CHANGE_NO_ADJUSTMENTS,NO_CHANGE,NO_CHANGE,NO_CHANGE,NO_CHANGE,0,1420,0,1,3615274803,2026-08-23T09:33:58,460,490,INCREASED,HIGH_ACWR_AND_CHRONIC,INCREASING,NO_CHANGE,NO_CHANGE,1,1390,0,1,129031336,3615274803,1,460,-110,350,BEHIND,120,92,78,85,117,0.359375,BALANCED,HRV_BALANCED_2,2026-08-23T06:26:01.666,7,3615274803,RUNNING,GENERIC,RUNNING,2,PRODUCTIVE_6,0,61,OPTIMAL,FEEDBACK_3,716,754.5,402.40000000000003,503,1.4,1,PRODUCTIVE_6,129031336,53.2,53.0,0,,,,0,0,39,43,DEACCLIMATIZING,11,0,0,0,2026-08-23T11:33:58.0,3615274803,MODERATE,MOD_RT_MOD_SS_MOD,LISTEN_TO_YOUR_BODY,50,61,MODERATE,1360,63,MODERATE,73,GOOD,716,82,GOOD,100,VERY_GOOD,92,79,GOOD,1,AFTER_POST_EXERCISE_RESET,1,50,26,18.10942810805789,18.0,18.10942810805789,3.5,,,,0,6,49,0,221.3,0,6,24.1,20.7,3.4,18.0,1,0,2026-08-23T00:00:00.0,1360,50,MODERATE,LISTEN_TO_YOUR_BODY,79,100,92,82,716,73,7,BALANCED,92,85,117,0.359375,74.2,36.7,67.1,-30.4,,48,161,52,49,85,33480,28740,19920,49,156,45,75,100,26,29,3.0,14.0,22.0,6.0,13.0,2026-08-23T22:00:00.0,200,2808,62474,2394,3540,12600,960,40,100,SLEEP,2026-08-22T23:29:09,7200000,22560000,42,NONE,NONE,3615274803,2026-08-23T06:25:20,22140,0,1,1787441349000,1787463909000,1787448549000,1787471109000,0,5160,15000,1980,420,1,15.0,7.0,20.0,0,11.0,ADULT,54.0,NEGATIVE_NOT_ENOUGH_REM,NEGATIVE_STRENUOUS_EXERCISE,HARD_EXERCISE_NEG_FAIR_OR_POOR_SLEEP_HARD_DURING_DAY,FAIR,27600.0,27600.0,EXCELLENT,0.0,15.0,EXCELLENT,0.0,1.0,74,FAIR,9,POOR,21.0,31.0,4649.4,6863.4,EXCELLENT,0.0,5.0,68,FAIR,30.0,64.0,6642.0,14169.6,23,EXCELLENT,16.0,33.0,3542.4,7306.2,2,277,45,83.0,42,52,6.15,86,250,33,7,74,83,108,83,74,,74,,,,,,,,,,,,,208.0,,,,,,,,,,,,,,,,,,,,,,,,,,,,,,,,,,,,,,,,,,
2026-08-24,2221.0,71.0,2150.0,2221.0,71.0,71.0,2,private,7660,2026-08-23T22:00:00.0,2026-08-24T00:00:00.0,2026-08-24T22:00:00.0,2026-08-25T00:00:00.0,86400000,817,861,57195,27527,1,0,0,0,0,0,20.358,20.993,6.67913,6.88747,150,10,32,8940,86400,42.78,41.39,5.49,10.35,20.76,18.12,3.89,BALANCED,51720,25740,44.0,2026-08-24T19:00:13,MODERATE,SLEEP_PREPARATION_STRESSFUL_AND_INACTIVE,SLEEP_PREPARATION_STRESSFUL_AND_INACTIVE,1,0,3615274803,2026-08-23T09:33:58,460,490,INCREASED,HIGH_ACWR_AND_CHRONIC,INCREASING,NO_CHANGE,NO_CHANGE,1,1390,0,1,3615274803,2026-08-24T05:57:34,460,460,NO_CHANGE_NO_ADJUSTMENTS,NO_CHANGE,NO_CHANGE,NO_CHANGE,NO_CHANGE,0,1420,0,1,129031336,3615274803,1,460,-110,350,BEHIND,120,96,79,85,116,0.42741394,BALANCED,HRV_BALANCED_2,2026-08-24T05:57:44.854,7,3615274803,RUNNING,GENERIC,RUNNING,2,PRODUCTIVE_2,0,47,OPTIMAL,FEEDBACK_2,592,748.5,399.20000000000005,499,1.1,1,PRODUCTIVE_2,129031336,53.2,53.0,0,,,,0,0,33,39,DEACCLIMATIZING,37,0,0,0,2026-08-24T07:57:34.0,3615274803,HIGH,HIGH_RT_HIGHEST_SS_AVAILABLE,WELL_RECOVERED,75,78,GOOD,137,96,GOOD,83,GOOD,592,77,GOOD,100,VERY_GOOD,96,65,MODERATE,1,AFTER_WAKEUP_RESET,1,75,26,18.10942810805789,18.0,18.10942810805789,3.5,,,,0,6,49,0,221.3,0,6,24.1,20.7,3.4,18.0,1,0,2026-08-23T00:00:00.0,137,75,HIGH,WELL_RECOVERED,65,100,96,77,592,83,7,BALANCED,96,85,116,0.42741394,0.0,35.8,57.5,-21.7,,43,92,47,49,90,36960,35760,17940,44,92,73,81,100,19,21,3.0,13.0,22.0,7.0,18.0,2026-08-24T22:00:00.0,200,4122,3357,3357,4740,15660,3360,71,99,SLEEP,2026-08-23T21:43:20,7200000,26820000,71,NONE,NONE,3615274803,2026-08-24T05:57:33,25980,0,1,1787521400000,1787548220000,1787528600000,1787555420000,0,4320,16200,5460,840,1,14.0,8.0,18.0,1,16.0,ADULT,51.0,POSITIVE_LONG_AND_CONTINUOUS,NONE,MOD_EXERCISE_POS_EXCELLENT_OR_GOOD_SLEEP_VIGOROUS_DURING_DAY_OUTDOOR,GOOD,27600.0,27600.0,FAIR,0.0,15.0,GOOD,0.0,1.0,84,GOOD,21,GOOD,21.0,31.0,5455.8,8053.8,GOOD,0.0,5.0,62,GOOD,30.0,64.0,7794.0,16627.2,17,GOOD,16.0,33.0,4156.8,8573.4,2,207,49,103.0,71,47,7.22,72,270,91,14,84,103,148,103,84,NO_CHANGE_SLEEP,84,2026-08-24T01:56:21,HIGH,SLEEP_TIME_PASSED_STRESSFUL_AND_INACTIVE,STRESS,2026-08-24T16:21:08,7200000,2100000,-5,STRESS,STRESSFUL_PERIOD,3615274803,2026-08-24T17:00:35,,,,,,,,,,,,,,,,,,,,,,,,,,,,,,,,,,,,,,,,,,,
2026-08-25,2239.0,89.0,2150.0,2239.0,89.0,89.0,2,private,6960,2026-08-24T22:00:00.0,2026-08-25T00:00:00.0,2026-08-25T22:00:00.0,2026-08-26T00:00:00.0,86400000,918,1293,56821,27368,1,0,0,0,0,0,17.05,13.821,5.59383,4.53445,150,10,32,15780,85440,38.76,38.27,4.49,18.47,15.03,20.51,3.23,BALANCED,43980,25680,35.0,2026-08-25T19:00:16,MODERATE,SLEEP_PREPARATION_STRESSFUL_AND_INACTIVE,SLEEP_PREPARATION_STRESSFUL_AND_INACTIVE,1,0,3615274803,2026-08-24T05:57:34,460,460,NO_CHANGE_NO_ADJUSTMENTS,NO_CHANGE,NO_CHANGE,NO_CHANGE,NO_CHANGE,0,1420,0,1,3615274803,2026-08-25T05:31:26,460,460,NO_CHANGE_NO_ADJUSTMENTS,NO_CHANGE,NO_CHANGE,NO_CHANGE,NO_CHANGE,0,1420,0,1,129031336,3615274803,1,460,-110,350,BEHIND,120,98,79,85,116,0.45967102,BALANCED,HRV_BALANCED_2,2026-08-25T05:32:05.323,4,3615274803,RUNNING,GENERIC,RUNNING,2,MAINTAINING_2,0,38,OPTIMAL,FEEDBACK_2,475,741.0,395.20000000000005,494,0.9,1,MAINTAINING_2,129031336,53.2,53.0,0,,,,0,0,25,33,DEACCLIMATIZING,18,0,0,0,2026-08-25T07:31:26.0,3615274803,HIGH,HIGH_RT_HIGHEST_SS_AVAILABLE,WELL_RECOVERED,83,82,GOOD,1,99,GOOD,93,GOOD,475,71,GOOD,100,VERY_GOOD,98,71,GOOD,1,AFTER_WAKEUP_RESET,1,83,26,18.10942810805789,18.0,18.10942810805789,3.1,,,,0,6,49,0,191.3,0,6,24.1,20.7,3.4,18.0,1,0,2026-08-25T00:00:00.0,1,83,HIGH,WELL_RECOVERED,71,100,98,71,475,93,4,BALANCED,98,85,116,0.45967102,0.0,34.9,49.3,-14.3,,41,102,45,48,92,33120,32700,12840,42,97,80,82,100,18,20,3.0,13.0,22.0,5.0,17.0,2026-08-25T22:00:00.0,200,3862,3145,3145,3840,17520,2760,81,100,SLEEP,2026-08-24T21:31:33,7200000,27840000,81,NONE,NONE,3615274803,2026-08-25T05:31:25,26760,0,1,1787607093000,1787634933000,1787614293000,1787642133000,0,5160,14640,6960,1080,1,14.0,6.0,18.0,2,16.0,ADULT,49.0,POSITIVE_LONG_AND_REFRESHING,NONE,GENERAL_POS_EXCELLENT_OR_GOOD_SLEEP,EXCELLENT,27600.0,27600.0,FAIR,0.0,15.0,FAIR,0.0,1.0,86,GOOD,26,EXCELLENT,21.0,31.0,5619.6,8295.6,FAIR,0.0,5.0,55,EXCELLENT,30.0,64.0,8028.0,17126.4,19,EXCELLENT,16.0,33.0,4281.6,8830.8,2,203,45,107.0,81,45,7.43,86,244,116,18,86,107,146,107,86,NO_CHANGE_SLEEP,86,2026-08-24T22:21:40,HIGH,SLEEP_TIME_PASSED_STRESSFUL_AND_INACTIVE,,,,,,,,,,,,,,,,,,,,,,,,,,,,,,,,,,,,,,,,,,,,,,,,,,,,
2026-08-26,2695.0,545.0,2150.0,2695.0,545.0,545.0,2,private,6340,2026-08-25T22:00:00.0,2026-08-26T00:00:00.0,2026-08-26T22:00:00.0,2026-08-27T00:00:00.0,86400000,473,2056,58346,25525,1,1,0,0,9,42,38.727,17.354,12.70571,5.69357,150,10,45,6900,86220,52.89,29.85,9.26,8.0,9.67,32.64,10.58,STRESSFUL,53820,25500,26.0,2026-08-26T19:00:12,LOW,SLEEP_PREPARATION_STRESSFUL_AND_EXERCISE,SLEEP_PREPARATION_STRESSFUL_AND_EXERCISE_AND_BB_LOW,1,0,3615274803,2026-08-25T05:31:26,460,460,NO_CHANGE_NO_ADJUSTMENTS,NO_CHANGE,NO_CHANGE,NO_CHANGE,NO_CHANGE,0,1420,0,1,3615274803,2026-08-26T18:07:01,460,460,NO_CHANGE_NO_ADJUSTMENTS,NO_CHANGE,NO_CHANGE,NO_CHANGE,NO_CHANGE,0,1420,0,1,129031336,3615274803,1,460,-110,350,BEHIND,120,95,79,85,116,0.4112854,BALANCED,HRV_BALANCED_3,2026-08-26T05:56:54.383,4,3615274803,RUNNING,GENERIC,RUNNING,2,MAINTAINING_2,0,33,OPTIMAL,FEEDBACK_2,434,747.0,398.40000000000003,498,0.8,1,MAINTAINING_2,129031336,53.2,53.0,0,,,,0,0,20,25,DEACCLIMATIZING,19,0,0,0,2026-08-26T20:07:01.0,3615274803,HIGH,HIGH_RT_AVAILABLE_SS_HIGHEST,RESTED_AND_READY,75,90,VERY_GOOD,700,81,GOOD,96,GOOD,434,65,MODERATE,100,VERY_GOOD,95,80,GOOD,1,AFTER_POST_EXERCISE_RESET,1,75,26,18.10942810805789,18.0,18.10942810805789,3.1,,,,0,6,49,0,198.3,0,6,24.1,20.7,3.4,18.0,1,0,2026-08-26T00:00:00.0,700,75,HIGH,RESTED_AND_READY,80,100,95,65,434,96,4,BALANCED,95,85,116,0.4112854,73.9,35.9,52.8,-16.9,,42,141,47,48,89,45600,25740,8340,45,140,67,81,87,6,6,3.0,13.0,22.0,7.0,20.0,2026-08-26T22:00:00.0,200,4332,5253,3541,7980,28140,9120,69,87,SLEEP,2026-08-25T21:39:25,7200000,26760000,69,NONE,NONE,3615274803,2026-08-26T05:56:24,26400,0,1,1787693965000,1787720725000,1787701165000,1787727925000,0,6420,13740,6240,360,1,15.0,9.0,19.0,1,14.0,ADULT,52.0,POSITIVE_OPTIMAL_STRUCTURE,NONE,GENERAL_POS_EXCELLENT_OR_GOOD_SLEEP,EXCELLENT,27600.0,27600.0,GOOD,0.0,15.0,EXCELLENT,0.0,1.0,90,EXCELLENT,24,EXCELLENT,21.0,31.0,5544.0,8184.0,GOOD,0.0,5.0,52,EXCELLENT,30.0,64.0,7920.0,16896.0,24,EXCELLENT,16.0,33.0,4224.0,8712.0,2,202,53,85.0,69,47,7.33,107,229,104,6,90,85,126,85,90,HIGH_STRESS_NO_RT,90,2026-08-26T00:10:14,HIGH,SLEEP_TIME_PASSED_STRESSFUL_AND_INACTIVE,ACTIVITY,2026-08-26T17:12:22,7200000,3240000,-3,EXERCISE_TRAINING_EFFECT_2,MAINTAINING_AEROBIC_BASE,3615274803,2026-08-26T18:07:00,57.0,Nat. piscine,lap_swimming,24162705974,,,,,,,,,,,,,,,,,,,,,,,,,,,,,,,,,,,,,,,
2026-08-27,2356.0,206.0,2150.0,2356.0,206.0,206.0,2,private,5940,2026-08-26T22:00:00.0,2026-08-27T00:00:00.0,2026-08-27T22:00:00.0,2026-08-28T00:00:00.0,86400000,479,3137,57824,24960,1,0,0,0,0,0,36.828,29.99,12.08268,9.83924,150,10,35,6000,86400,46.53,38.82,7.71,6.94,23.12,17.36,6.04,BALANCED,55620,24780,-3.0,2026-08-27T19:00:11,MODERATE,SLEEP_PREPARATION_STRESSFUL_AND_INACTIVE,SLEEP_PREPARATION_STRESSFUL_AND_INACTIVE,1,0,3615274803,2026-08-26T18:07:01,460,460,NO_CHANGE_NO_ADJUSTMENTS,NO_CHANGE,NO_CHANGE,NO_CHANGE,NO_CHANGE,0,1420,0,1,3615274803,2026-08-27T06:10:16,460,460,NO_CHANGE_NO_ADJUSTMENTS,NO_CHANGE,NO_CHANGE,NO_CHANGE,NO_CHANGE,0,1420,0,1,129031336,3615274803,1,460,-110,350,BEHIND,120,95,79,85,116,0.4112854,BALANCED,HRV_BALANCED_5,2026-08-29T16:26:56.818,4,3615274803,RUNNING,GENERIC,RUNNING,2,MAINTAINING_2,0,25,LOW,FEEDBACK_1,335,735.0,392.0,490,0.6,1,MAINTAINING_2,129031336,53.2,53.0,0,,,,0,0,14,20,DEACCLIMATIZING,0,0,0,0,2026-08-27T09:09:16.0,3615274803,HIGH,HIGH_RT_HIGHEST_SS_AVAILABLE,WELL_RECOVERED,75,78,GOOD,90,97,GOOD,100,VERY_GOOD,335,49,MODERATE,100,VERY_GOOD,95,87,GOOD,1,UPDATE_REALTIME_VARIABLES,1,75,26,18.10942810805789,18.0,18.10942810805789,3.1,,,,0,6,49,0,198.3,0,6,24.1,20.7,3.4,18.0,1,0,2026-08-27T00:00:00.0,90,75,HIGH,WELL_RECOVERED,87,100,95,49,335,100,4,BALANCED,95,85,116,0.4112854,0.0,35.0,45.3,-10.2,,45,109,47,48,95,40200,33540,19980,46,109,78,68,83,5,16,3.0,14.0,24.0,7.0,17.0,2026-08-27T22:00:00.0,200,7334,5973,5973,6660,15000,5220,75,82,SLEEP,2026-08-26T22:34:00,7200000,24960000,75,NONE,NONE,3615274803,2026-08-27T06:10:15,24720,0,1,1787783640000,1787808600000,1787790840000,1787815800000,0,5400,14100,5220,240,1,14.0,9.0,17.0,0,11.0,ADULT,51.0,POSITIVE_DEEP,POSITIVE_STRESSFUL_DAY,STRESS_POS_EXCELLENT_OR_GOOD_SLEEP_VERY_STRESSFUL_DAY,FAIR,27600.0,27600.0,EXCELLENT,0.0,15.0,EXCELLENT,0.0,1.0,84,GOOD,21,GOOD,21.0,31.0,5191.2,7663.2,EXCELLENT,0.0,5.0,57,EXCELLENT,30.0,64.0,7416.0,15820.8,22,EXCELLENT,16.0,33.0,3955.2,8157.6,2,242,50,93.0,75,47,6.87,90,235,87,4,84,93,137,93,84,,84,2026-08-27T00:24:30,HIGH,SLEEP_TIME_PASSED_STRESSFUL_AND_EXERCISE,,,,,,,,,,,,,,,,,,,,,,,,,,,,,,,,,,,,,,,,,,,,,,,,,,,,
2026-08-28,2273.0,123.0,2150.0,2273.0,123.0,123.0,2,private,6080,2026-08-27T22:00:00.0,2026-08-28T00:00:00.0,2026-08-28T22:00:00.0,2026-08-29T00:00:00.0,86400000,424,1971,55625,28380,1,0,0,0,0,0,25.623,21.197,8.4065,6.9544,150,10,30,5700,86340,40.93,43.22,9.24,6.6,21.54,15.84,3.54,BALANCED,52620,28020,11.0,2026-08-28T21:28:36,HIGH,SLEEP_PREPARATION_STRESSFUL_AND_INACTIVE,SLEEP_PREPARATION_STRESSFUL_AND_INACTIVE,1,0,3615274803,2026-08-27T06:10:16,460,460,NO_CHANGE_NO_ADJUSTMENTS,NO_CHANGE,NO_CHANGE,NO_CHANGE,NO_CHANGE,0,1420,0,1,3615274803,2026-08-28T05:45:00,460,460,NO_CHANGE_NO_ADJUSTMENTS,NO_CHANGE,NO_CHANGE,NO_CHANGE,NO_CHANGE,0,1420,0,1,129031336,3615274803,1,460,-110,350,BEHIND,120,96,79,86,116,0.4166565,BALANCED,HRV_BALANCED_6,2026-08-29T16:27:24.61,5,3615274803,RUNNING,GENERIC,RUNNING,2,RECOVERY_2,0,20,LOW,FEEDBACK_1,246,721.5,384.8,481,0.5,1,RECOVERY_2,129031336,53.2,53.0,0,,,,0,0,10,14,DEACCLIMATIZING,3,0,0,0,2026-08-28T07:45:00.0,3615274803,HIGH,HIGH_RT_HIGHEST_SS_AVAILABLE,WELL_RECOVERED,81,78,GOOD,1,99,GOOD,100,VERY_GOOD,246,52,MODERATE,100,VERY_GOOD,96,82,GOOD,1,AFTER_WAKEUP_RESET,1,81,26,18.10942810805789,18.0,18.10942810805789,3.1,,,,0,6,49,0,198.3,0,6,24.1,20.7,3.4,18.0,1,0,2026-08-28T00:00:00.0,1,81,HIGH,WELL_RECOVERED,82,100,96,52,246,100,5,BALANCED,96,86,116,0.4166565,0.0,34.2,38.8,-4.6,,41,105,46,47,93,35340,37320,18600,42,102,90,75,97,16,31,3.0,13.0,22.0,6.0,15.0,2026-08-28T22:00:00.0,200,5209,4258,4258,7980,13680,3060,81,97,SLEEP,2026-08-27T22:18:15,7200000,25140000,81,NONE,NONE,3615274803,2026-08-28T05:45:00,24600,0,1,1787869095000,1787894235000,1787876295000,1787901435000,0,4320,15060,5220,540,1,14.0,9.0,17.0,1,9.0,ADULT,49.0,POSITIVE_RECOVERING,POSITIVE_LATE_BED_TIME,RHYTHM_POS_GOOD_SLEEP_EXCELLENT_TIMING,FAIR,27600.0,27600.0,EXCELLENT,0.0,15.0,EXCELLENT,0.0,1.0,84,GOOD,21,GOOD,21.0,31.0,5166.0,7626.0,GOOD,0.0,5.0,61,GOOD,30.0,64.0,7380.0,15744.0,18,GOOD,16.0,33.0,3936.0,8118.0,2,228,46,106.0,81,46,6.83,72,251,87,9,84,106,166,106,84,NO_CHANGE_SLEEP,84,2026-08-27T23:19:32,HIGH,SLEEP_TIME_PASSED_STRESSFUL_AND_INACTIVE,,,,,,,,,,,,,,,,,,,,,,,,,,,,,,,,,,,,,,,,,,,,,,,,,,,,
2026-08-29,2424.0,274.0,2150.0,2222.0,73.0,274.0,2,private,6000,2026-08-28T22:00:00.0,2026-08-29T00:00:00.0,2026-08-29T22:00:00.0,2026-08-30T00:00:00.0,86400000,136,964,56560,28740,1,1,0,0,0,0,28.27,10.364,9.27493,3.40026,150,10,11,46020,86400,2.5,41.94,2.29,53.26,0.49,0.21,1.81,UNKNOWN,11820,28560,24.0,2026-08-29T19:00:13,HIGH,NO_DATA,NO_DATA,1,0,3615274803,2026-08-28T05:45:00,460,460,NO_CHANGE_NO_ADJUSTMENTS,NO_CHANGE,NO_CHANGE,NO_CHANGE,NO_CHANGE,0,1420,0,1,3615274803,2026-08-29T06:01:27,460,440,DECREASED,NO_CHANGE,DECREASING,NO_CHANGE,NO_CHANGE,1,1410,1430,1,129031336,3615274803,1,460,-110,350,BEHIND,120,97,80,86,116,0.4333191,BALANCED,HRV_BALANCED_7,2026-08-29T16:27:46.281,5,3615274803,RUNNING,GENERIC,RUNNING,2,RECOVERY_2,0,12,LOW,FEEDBACK_1,164,705.0,376.0,470,0.3,1,RECOVERY_2,129031336,53.2,53.0,0,,,,0,0,6,10,DEACCLIMATIZING,39,0,0,0,2026-08-29T08:01:27.0,3615274803,PRIME,PRIME_SS_HIGHEST_SS_AVAILABLE,WELL_RESTED,100,96,VERY_GOOD,0,100,VERY_GOOD,100,VERY_GOOD,164,61,MODERATE,100,VERY_GOOD,97,78,GOOD,1,AFTER_WAKEUP_RESET,1,100,26,18.10942810805789,18.0,18.10942810805789,3.1,,,,0,6,49,0,198.1,0,6,24.1,20.7,3.4,18.0,1,0,2026-08-29T00:00:00.0,0,100,PRIME,WELL_RESTED,78,100,97,61,164,100,5,BALANCED,97,86,116,0.4333191,22.4,33.9,36.5,-2.5,,40,110,44,47,96,2160,36240,420,41,110,69,11,100,31,42,3.0,13.0,19.0,6.0,13.0,2026-08-29T16:50:00.0,200,1422,12990,1166,1980,180,1560,77,100,SLEEP,2026-08-28T21:06:00,7200000,31980000,77,NONE,NONE,3615274803,2026-08-29T06:01:26,31680,0,1,1787951160000,1787983140000,1787958360000,1787990340000,0,4980,18420,8280,300,1,14.0,8.0,20.0,0,7.0,ADULT,48.0,POSITIVE_HIGHLY_RECOVERING,NONE,STRESS_POS_EXCELLENT_OR_GOOD_SLEEP_RESTFUL_EVENING,EXCELLENT,27600.0,27600.0,EXCELLENT,0.0,15.0,EXCELLENT,0.0,1.0,96,EXCELLENT,26,EXCELLENT,21.0,31.0,6652.8,9820.8,EXCELLENT,0.0,5.0,58,EXCELLENT,30.0,64.0,9504.0,20275.2,16,FAIR,16.0,33.0,5068.8,10454.4,2,213,53,108.0,77,44,8.8,83,307,138,5,96,108,153,108,96,REACHED_ZERO,96,2026-08-28T22:17:27,HIGH,SLEEP_TIME_PASSED_STRESSFUL_AND_INACTIVE,,,,,,,,,,38.0,,,,,,,,,,,,,,,,,,,,,202.0,,,,,,,,,,,,,,,,,,,,,
2026-08-30,2150.0,0.0,2150.0,2150.0,0.0,0.0,2,private,5090,2026-08-29T22:00:00.0,2026-08-30T00:00:00.0,2026-08-30T22:00:00.0,2026-08-31T00:00:00.0,86400000,0,0,86400,0,1,0,0,0,0,0,0.0,0.0,0.0,0.0,150,10,-1,86400,86400,0.0,0.0,0.0,100.0,0.0,0.0,0.0,UNKNOWN,0,0,17.0,2026-08-30T19:00:08,HIGH,NO_DATA,NO_DATA,0,0,3615274803,2026-08-29T06:01:27,460,440,DECREASED,NO_CHANGE,DECREASING,NO_CHANGE,NO_CHANGE,1,1410,1430,1,3615274803,2026-08-30T05:35:16,460,460,NO_CHANGE_NO_ADJUSTMENTS,NO_CHANGE,NO_DATA,NO_DATA,NO_CHANGE,0,1410,1430,1,129031336,3615274803,1,460,-120,340,NO_LAST_SLEEP_DATA,110,100,80,86,115,0.49137878,BALANCED,HRV_BALANCED_8,2026-08-30T05:35:33.267,5,3615274803,RUNNING,GENERIC,RUNNING,2,RECOVERY_2,0,8,LOW,FEEDBACK_1,113,681.0,363.20000000000005,454,0.2,1,RECOVERY_2,129031336,53.2,53.0,0,,,,0,0,3,6,DEACCLIMATIZING,13,0,0,0,2026-08-30T07:35:16.0,3615274803,HIGH,HIGH_RT_AVAILABLE_SS_UNKNOWN_ACWR_POS,WELL_RECOVERED,94,0,NONE,1,99,GOOD,100,VERY_GOOD,113,61,MODERATE,98,GOOD,100,92,VERY_GOOD,0,AFTER_WAKEUP_RESET,1,94,26,18.10942810805789,18.0,18.10942810805789,3.1,,,,0,6,49,0,198.1,0,6,24.1,20.7,3.4,18.0,1,0,2026-08-29T00:00:00.0,1,94,HIGH,WELL_RECOVERED,92,98,100,61,113,100,5,BALANCED,100,86,115,0.49137878,0.0,33.1,31.2,1.9,,,,,,,,,,,,,,,,,,,,,,,,,0,0,,,,,,,,,,,,,,,,,,,,,,,,,,,,,,,,,,,,,,,,,,,,,,,,,,,,,,,,,,,,,,,,,,,,,,,,,,,,,,,,,,,,,,,,,,,,,,,,,,,,,,,,,,,,,,,,,,,,,,,,,,,,,,,,,,,,,,,,,,,,,,
2026-08-31,2217.0,67.0,2150.0,2217.0,67.0,67.0,2,private,5090,2026-08-30T22:00:00.0,2026-08-31T00:00:00.0,2026-08-31T22:00:00.0,2026-09-01T00:00:00.0,86400000,603,1095,84702,0,1,0,0,0,0,0,21.336,11.77,7.0,3.86155,150,10,42,33960,86340,43.22,12.65,4.79,39.33,24.67,16.96,1.6,BALANCED_AWAKE,52380,0,7.0,2026-08-31T20:34:30,HIGH,SLEEP_PREPARATION_BALANCED_AND_INACTIVE,SLEEP_PREPARATION_BALANCED_AND_INACTIVE,0,0,3615274803,2026-08-30T05:35:16,460,460,NO_CHANGE_NO_ADJUSTMENTS,NO_CHANGE,NO_DATA,NO_DATA,NO_CHANGE,0,1410,1430,1,3615274803,2026-08-31T05:40:16,460,460,NO_CHANGE_NO_ADJUSTMENTS,NO_CHANGE,NO_DATA,NO_DATA,NO_CHANGE,0,1410,1430,1,129031336,3615274803,1,460,-120,340,NO_LAST_SLEEP_DATA,110,99,81,86,115,0.47413635,BALANCED,HRV_BALANCED_5,2026-08-31T05:54:16.651,5,3615274803,RUNNING,GENERIC,RUNNING,2,RECOVERY_2,0,4,LOW,FEEDBACK_1,73,652.5,348.0,435,0.1,1,RECOVERY_2,129031336,53.2,53.0,0,,,,0,0,2,3,DEACCLIMATIZING,0,0,0,0,2026-08-31T07:40:16.0,3615274803,HIGH,HIGH_RT_AVAILABLE_SS_UNKNOWN_SLEEP_HISTORY_POS,LOW_RECOVERY_NEEDS,94,0,NONE,1,99,GOOD,100,VERY_GOOD,73,66,MODERATE,100,VERY_GOOD,99,96,VERY_GOOD,0,AFTER_WAKEUP_RESET,1,94,26,18.10942810805789,18.0,18.10942810805789,3.3,,,,0,6,49,0,198.1,0,6,24.1,20.7,3.4,18.0,1,0,2026-08-31T00:00:00.0,1,94,HIGH,LOW_RECOVERY_NEEDS,96,100,99,66,73,100,5,BALANCED,99,86,115,0.47413635,0.0,32.3,26.8,5.5,,49,111,50,47,90,37320,10920,21300,49,109,3,65,91,26,29,3.0,14.0,24.0,7.0,15.0,2026-08-31T21:59:00.0,200,3798,3093,3093,4140,14640,1380,,,,,,,,,,,,,,,,,,,,,,,,,,,,,,,,,,,,,,,,,,,,,,,,,,,,,,,,,,,,,,,,,,,,,,,,,,,,,,,,,,,,,,,,,,,,,,,,,,,,,,,,,,,,,,,,,,,,,,,,,,,,,,,,,,,,,,,,,,,
2026-09-01,2814.0,664.0,2150.0,2814.0,664.0,664.0,2,private,4840,2026-08-31T22:00:00.0,2026-09-01T00:00:00.0,2026-09-01T22:00:00.0,2026-09-02T00:00:00.0,86400000,768,1790,62240,21602,1,1,0,0,2,49,25.124,27.697,8.24278,9.08694,150,10,28,10200,86400,40.21,39.44,8.54,11.81,23.89,13.89,2.43,BALANCED,55080,21120,11.0,2026-09-01T21:12:58,MODERATE,SLEEP_PREPARATION_BALANCED_AND_EXERCISE,SLEEP_PREPARATION_BALANCED_AND_EXERCISE,1,0,3615274803,2026-08-31T05:40:16,460,460,NO_CHANGE_NO_ADJUSTMENTS,NO_CHANGE,NO_DATA,NO_DATA,NO_CHANGE,0,1410,1430,1,3615274803,2026-09-01T18:25:59,460,460,NO_CHANGE_NO_ADJUSTMENTS,NO_CHANGE,NO_CHANGE,NO_CHANGE,NO_CHANGE,0,1410,1430,1,129031336,3615274803,1,460,-120,340,BEHIND,110,101,81,87,116,0.49137878,BALANCED,HRV_BALANCED_6,2026-09-01T06:07:57.251,5,3615274803,RUNNING,GENERIC,RUNNING,2,RECOVERY_2,0,8,LOW,FEEDBACK_1,118,648.0,345.6,432,0.2,1,RECOVERY_2,129031336,53.2,53.0,0,,,,0,0,0,2,,6,0,0,0,2026-09-01T20:25:59.0,3615274803,HIGH,HIGH_RT_AVAILABLE_SS_HIGHEST_ACWR_POS,WELL_RESTED,82,64,MODERATE,1113,70,GOOD,100,VERY_GOOD,118,0,NONE,98,GOOD,101,0,NONE,1,AFTER_POST_EXERCISE_RESET,1,82,26,18.10942810805789,18.0,18.10942810805789,3.1,,,,0,6,49,0,198.3,0,6,24.1,20.7,3.4,18.0,1,0,2026-09-01T00:00:00.0,1113,82,HIGH,WELL_RESTED,0,98,101,0,118,100,5,BALANCED,101,87,116,0.49137878,55.5,32.9,30.9,2.0,,40,157,43,46,83,34740,34080,20640,41,154,70,82,97,17,17,3.0,14.0,25.0,6.0,17.0,2026-09-01T22:00:00.0,200,4654,5061,3790,7380,12000,2100,59,97,SLEEP,2026-08-31T23:32:15,7200000,21360000,59,NONE,NONE,3615274803,2026-09-01T06:07:27,21180,0,1,1788219135000,1788240495000,1788226335000,1788247695000,0,4200,13020,3960,180,1,14.0,8.0,18.0,0,15.0,ADULT,46.0,POSITIVE_DEEP,POSITIVE_LATE_BED_TIME,STRESS_POS_FAIR_OR_POOR_SLEEP_RESTFUL_EVENING,FAIR,27600.0,27600.0,GOOD,0.0,15.0,EXCELLENT,0.0,1.0,76,FAIR,19,FAIR,21.0,31.0,4447.8,6565.8,EXCELLENT,0.0,5.0,61,GOOD,30.0,64.0,6354.0,13555.2,20,EXCELLENT,16.0,33.0,3388.8,6989.4,2,270,37,116.0,59,43,5.88,70,217,66,3,76,116,159,116,76,REACHED_ZERO,76,2026-08-31T22:36:39,HIGH,SLEEP_TIME_PASSED_BALANCED_AND_INACTIVE,ACTIVITY,2026-09-01T17:34:23,7200000,3060000,-7,EXERCISE_TRAINING_EFFECT_2,MAINTAINING_AEROBIC_BASE,3615274803,2026-09-01T18:25:58,43.0,Nat. piscine,lap_swimming,24200869202,,,,,,,,,,,,,,,,,,,,,,,,,,,,,,,,,,,,,,,
2026-09-02,2786.0,636.0,2150.0,2786.0,636.0,636.0,2,private,4810,2026-09-01T22:00:00.0,2026-09-02T00:00:00.0,2026-09-02T22:00:00.0,2026-09-03T00:00:00.0,86400000,847,2060,56615,26878,1,1,0,0,3,47,21.734,18.657,7.13058,6.12106,150,10,38,7860,86400,46.18,34.51,10.21,9.1,18.82,18.06,9.31,STRESSFUL,51720,26820,34.0,2026-09-02T20:00:24,LOW,SLEEP_PREPARATION_STRESSFUL_AND_INTENSIVE_EXERCISE,SLEEP_PREPARATION_STRESSFUL_AND_INTENSIVE_EXERCISE_AND_BB_LOW,1,0,3615274803,2026-09-01T18:25:59,460,460,NO_CHANGE_NO_ADJUSTMENTS,NO_CHANGE,NO_CHANGE,NO_CHANGE,NO_CHANGE,0,1410,1430,1,3615274803,2026-09-02T18:19:17,460,460,NO_CHANGE_NO_ADJUSTMENTS,NO_CHANGE,NO_CHANGE,NO_CHANGE,NO_CHANGE,0,1410,1430,1,129031336,3615274803,1,460,-120,340,BEHIND,110,103,81,87,115,0.53570557,BALANCED,HRV_BALANCED_7,2026-09-02T05:36:16.853,5,3615274803,RUNNING,GENERIC,RUNNING,2,RECOVERY_2,0,16,LOW,FEEDBACK_1,185,640.5,341.6,427,0.4,1,RECOVERY_2,129031336,53.2,53.0,0,,,,0,0,0,0,,13,0,0,0,2026-09-02T20:19:17.0,3615274803,HIGH,HIGH_RT_AVAILABLE_SS_HIGHEST_ACWR_POS,WELL_RESTED,87,90,VERY_GOOD,1091,71,GOOD,100,VERY_GOOD,185,75,GOOD,94,GOOD,103,64,MODERATE,1,AFTER_POST_EXERCISE_RESET,1,87,26,18.10942810805789,18.0,18.10942810805789,3.3,,,,0,6,49,0,206.1,0,6,24.1,20.7,3.4,18.0,1,0,2026-09-02T00:00:00.0,1091,87,HIGH,WELL_RESTED,64,94,103,75,185,100,5,BALANCED,103,87,115,0.53570557,55.3,33.4,34.4,-1.0,,44,156,48,46,93,39900,29820,16260,46,154,74,83,91,8,8,3.0,13.0,24.0,7.0,20.0,2026-09-02T22:00:00.0,200,5260,5239,4309,8820,15600,8040,74,91,SLEEP,2026-09-01T21:55:58,7200000,27120000,74,NONE,NONE,3615274803,2026-09-02T05:35:51,26880,0,1,1788299758000,1788326878000,1788306958000,1788334078000,0,6420,14940,5520,240,1,15.0,10.0,18.0,0,14.0,ADULT,51.0,POSITIVE_OPTIMAL_STRUCTURE,POSITIVE_EXERCISE,MOD_EXERCISE_POS_EXCELLENT_OR_GOOD_SLEEP_VIGOROUS_DURING_DAY,EXCELLENT,27600.0,27600.0,GOOD,0.0,15.0,EXCELLENT,0.0,1.0,90,EXCELLENT,21,FAIR,21.0,31.0,5644.8,8332.8,EXCELLENT,0.0,5.0,56,EXCELLENT,30.0,64.0,8064.0,17203.2,24,EXCELLENT,16.0,33.0,4300.8,8870.4,2,221,54,92.0,74,48,7.47,107,249,92,4,90,92,125,92,90,REACHED_ZERO,90,2026-09-01T23:08:28,HIGH,SLEEP_TIME_PASSED_BALANCED_AND_EXERCISE,ACTIVITY,2026-09-02T17:17:14,7200000,3660000,-5,EXERCISE_TRAINING_EFFECT_2,MAINTAINING_AEROBIC_BASE,3615274803,2026-09-02T18:19:14,43.0,Nat. piscine,lap_swimming,24214186279,,,,,,,,,,,,,,,,,,,,,,,,,,,,,,,,,,,,,,,
2026-09-03,2234.0,84.0,2150.0,2234.0,84.0,84.0,2,private,4860,2026-09-02T22:00:00.0,2026-09-03T00:00:00.0,2026-09-03T22:00:00.0,2026-09-04T00:00:00.0,86400000,604,1242,59609,24945,1,0,0,0,0,0,39.841,29.051,13.07119,9.53117,150,10,43,10260,86400,54.44,27.99,5.69,11.88,17.92,28.12,8.4,STRESSFUL,51240,24900,25.0,2026-09-03T19:00:12,LOW,SLEEP_PREPARATION_STRESSFUL_AND_INACTIVE,SLEEP_PREPARATION_STRESSFUL_AND_INACTIVE_AND_BB_LOW,1,0,3615274803,2026-09-02T18:19:17,460,460,NO_CHANGE_NO_ADJUSTMENTS,NO_CHANGE,NO_CHANGE,NO_CHANGE,NO_CHANGE,0,1410,1430,1,3615274803,2026-09-03T06:20:16,460,460,NO_CHANGE_NO_ADJUSTMENTS,NO_CHANGE,NO_CHANGE,NO_CHANGE,NO_CHANGE,0,1410,1430,1,129031336,3615274803,1,460,-120,340,BEHIND,110,101,81,87,115,0.5,BALANCED,HRV_BALANCED_3,2026-09-03T06:20:37.407,5,3615274803,RUNNING,GENERIC,RUNNING,2,RECOVERY_2,0,16,LOW,FEEDBACK_1,162,606.0,323.20000000000005,404,0.4,1,RECOVERY_2,129031336,53.2,53.0,0,,,,0,0,0,0,,17,0,0,0,2026-09-03T08:20:16.0,3615274803,HIGH,HIGH_RT_HIGHEST_SS_AVAILABLE_ACWR_POS,EXCELLENT_RECOVERY,87,74,GOOD,437,88,GOOD,100,VERY_GOOD,162,62,MODERATE,98,GOOD,101,80,GOOD,1,AFTER_WAKEUP_RESET,1,87,26,18.10942810805789,18.0,18.10942810805789,3.5,,,,0,6,49,0,206.1,0,6,24.1,20.7,3.4,18.0,1,0,2026-09-03T00:00:00.0,437,87,HIGH,EXCELLENT_RECOVERY,80,98,101,62,162,100,5,BALANCED,101,87,115,0.5,0.0,32.6,29.5,3.1,,44,106,50,47,91,47040,24180,15480,44,104,66,67,73,7,7,3.0,14.0,23.0,6.0,18.0,2026-09-03T22:00:00.0,200,4522,3697,3697,4920,24300,7260,65,72,SLEEP,2026-09-02T22:16:14,7200000,24900000,65,NONE,NONE,3615274803,2026-09-03T06:20:15,24600,0,1,1788387374000,1788412274000,1788394574000,1788419474000,0,3600,15720,5280,300,1,15.0,11.0,18.0,0,15.0,ADULT,53.0,POSITIVE_CONTINUOUS,NONE,MOD_EXERCISE_POS_EXCELLENT_OR_GOOD_SLEEP_VIGOROUS_DURING_DAY,FAIR,27600.0,27600.0,GOOD,0.0,15.0,EXCELLENT,0.0,1.0,82,GOOD,21,GOOD,21.0,31.0,5166.0,7626.0,EXCELLENT,0.0,5.0,64,GOOD,30.0,64.0,7380.0,15744.0,15,FAIR,16.0,33.0,3936.0,8118.0,2,224,43,84.0,65,50,6.83,60,262,88,5,82,84,121,84,82,NO_CHANGE_SLEEP,82,2026-09-03T00:40:49,HIGH,SLEEP_TIME_PASSED_STRESSFUL_AND_INTENSIVE_EXERCISE,STRESS,2026-09-03T08:42:20,7200000,2940000,-5,STRESS,STRESSFUL_PERIOD,3615274803,2026-09-03T09:35:19,,,,,,,,,,,,,,,,,,,,,,,,,,,,,,,,,,,,,,,,,,,
2026-09-04,2553.0,403.0,2150.0,2553.0,403.0,403.0,2,private,4820,2026-09-03T22:00:00.0,2026-09-04T00:00:00.0,2026-09-04T22:00:00.0,2026-09-05T00:00:00.0,86400000,780,6001,51059,28560,1,0,0,0,0,0,31.295,29.913,10.26739,9.81398,150,10,37,12240,86220,35.14,36.81,13.85,14.2,8.63,18.09,8.42,BALANCED,48780,25200,348.0,2026-09-04T21:18:09,MODERATE,SLEEP_PREPARATION_STRESSFUL_AND_INACTIVE,SLEEP_PREPARATION_STRESSFUL_AND_INACTIVE,1,0,3615274803,2026-09-03T06:20:16,460,460,NO_CHANGE_NO_ADJUSTMENTS,NO_CHANGE,NO_CHANGE,NO_CHANGE,NO_CHANGE,0,1410,1430,1,3615274803,2026-09-04T05:35:15,460,460,NO_CHANGE_NO_ADJUSTMENTS,NO_CHANGE,NO_CHANGE,NO_CHANGE,NO_CHANGE,0,1410,1430,1,129031336,3615274803,1,460,-120,340,BEHIND,110,97,81,87,115,0.42855835,BALANCED,HRV_BALANCED_5,2026-09-04T05:35:39.524,5,3615274803,RUNNING,GENERIC,RUNNING,2,RECOVERY_2,0,12,LOW,FEEDBACK_1,138,571.5,304.8,381,0.3,1,RECOVERY_2,129031336,53.2,53.0,0,,,,0,0,0,0,,782,0,0,0,2026-09-04T07:35:15.0,3615274803,HIGH,HIGH_RT_HIGHEST_SS_AVAILABLE_ACWR_POS,EXCELLENT_RECOVERY,91,80,GOOD,1,99,GOOD,100,VERY_GOOD,138,50,MODERATE,100,VERY_GOOD,97,79,GOOD,1,AFTER_WAKEUP_RESET,1,91,26,18.10942810805789,18.0,18.10942810805789,3.5,,,,0,6,49,0,206.1,0,6,24.1,20.7,3.4,18.0,1,0,2026-09-03T00:00:00.0,1,91,HIGH,EXCELLENT_RECOVERY,79,100,97,50,138,100,5,BALANCED,97,87,115,0.42855835,0.0,31.8,25.3,6.6,,42,111,48,47,98,30300,31740,7440,45,110,78,68,81,7,17,3.0,14.0,22.0,6.0,14.0,2026-09-04T22:00:00.0,200,12720,10399,10399,11940,15600,7260,73,80,SLEEP,2026-09-03T21:59:15,7200000,25320000,72,NONE,NONE,3615274803,2026-09-04T05:35:15,24900,0,1,1788472755000,1788498075000,1788479955000,1788505275000,0,5100,14520,5280,420,1,15.0,8.0,18.0,0,12.0,ADULT,51.0,POSITIVE_LONG_AND_DEEP,NONE,RHYTHM_POS_GOOD_SLEEP_EXCELLENT_TIMING,GOOD,27600.0,27600.0,EXCELLENT,0.0,15.0,EXCELLENT,0.0,1.0,85,GOOD,21,GOOD,21.0,31.0,5229.0,7719.0,EXCELLENT,0.0,5.0,58,EXCELLENT,30.0,64.0,7470.0,15936.0,20,EXCELLENT,16.0,33.0,3984.0,8217.0,2,210,53,87.0,72,48,6.92,85,242,88,7,85,87,124,87,85,NO_CHANGE_SLEEP,85,2026-09-03T23:59:30,HIGH,SLEEP_TIME_PASSED_STRESSFUL_AND_INACTIVE,STRESS,2026-09-04T06:25:20,7200000,3660000,-10,STRESS,STRESSFUL_PERIOD,3615274803,2026-09-04T07:29:10,,,,,,,,,,,,,,,,,,,,,,,STRESS,2026-09-04T11:03:40,7200000,4740000,-9,STRESS,STRESSFUL_PERIOD,3615274803,2026-09-04T12:28:18,,,,,,,,,,,,
2026-09-05,6969.0,4819.0,2150.0,6969.0,4819.0,4819.0,2,private,5610,2026-09-04T22:00:00.0,2026-09-05T00:00:00.0,2026-09-05T22:00:00.0,2026-09-06T00:00:00.0,86400000,13020,11311,39794,22275,1,1,0,0,86,352,237.744,240.853,78.0,79.02001,150,10,45,33900,85980,24.49,25.82,10.26,39.43,0.91,6.49,17.1,UNKNOWN,29880,22200,732.0,2026-09-05T19:00:20,VERY_LOW,SLEEP_PREPARATION_NOT_STRESS_DATA_AND_INTENSIVE_EXERCISE,SLEEP_PREPARATION_NOT_STRESS_DATA_AND_HARD_EXERCISE_AND_BB_LOW,1,0,3615274803,2026-09-04T05:35:15,460,460,NO_CHANGE_NO_ADJUSTMENTS,NO_CHANGE,NO_CHANGE,NO_CHANGE,NO_CHANGE,0,1410,1430,1,3615274803,2026-09-05T15:24:56,460,520,HIGHLY_INCREASED,TODAYS_LOAD_AND_CHRONIC,NO_CHANGE,NO_CHANGE,NO_CHANGE,1,1340,1420,1,129031336,3615274803,1,460,-120,340,ALIGNED,110,93,81,87,115,0.35713196,BALANCED,HRV_BALANCED_6,2026-09-05T04:19:16.853,3,3615274803,RUNNING,GENERIC,RUNNING,2,OVERREACHING_5,0,100,VERY_HIGH,FEEDBACK_5,1319,862.5,460.0,575,2.2,1,OVERREACHING_5,129031336,53.2,53.0,0,,,,0,0,15,0,ACCLIMATIZING,630,0,0,0,2026-09-05T17:24:56.0,3615274803,POOR,POOR_RT_HIGH_SS_GOOD_OR_MOD,LET_YOUR_BODY_RECOVER,1,67,MODERATE,5737,10,POOR,31,POOR,1319,43,MODERATE,97,GOOD,93,78,GOOD,1,AFTER_POST_EXERCISE_RESET,1,1,26,18.0,18.0,18.10942810805789,3.6,,,,0,6,48,0,264.8,0,6,24.1,20.7,3.4,18.0,1,0,2026-09-05T00:00:00.0,5737,1,POOR,LET_YOUR_BODY_RECOVER,78,97,93,43,1319,31,3,BALANCED,93,87,115,0.35713196,268.4,37.5,60.0,-22.5,,38,178,48,48,100,21060,22200,780,41,176,69,81,80,5,5,3.0,24.0,45.0,7.0,18.0,2026-09-05T22:00:00.0,200,29256,130842,34901,8820,5580,14700,67,80,SLEEP,2026-09-04T21:05:15,7200000,25560000,67,NONE,NONE,3615274803,2026-09-05T04:18:37,24360,0,1,1788555915000,1788581475000,1788563115000,1788588675000,0,3840,16800,3720,1200,1,15.0,8.0,18.0,1,16.0,ADULT,52.0,POSITIVE_CALM,NONE,GENERAL_POS_FAIR_OR_POOR_SLEEP,FAIR,27600.0,27600.0,FAIR,0.0,15.0,GOOD,0.0,1.0,78,FAIR,15,FAIR,21.0,31.0,5115.6,7551.6,GOOD,0.0,5.0,69,FAIR,30.0,64.0,7308.0,15590.4,16,GOOD,16.0,33.0,3897.6,8038.8,2,158,33,89.0,67,48,6.77,64,280,62,20,78,89,121,89,78,,78,2026-09-05T21:11:34,VERY_LOW,SLEEP_TIME_PASSED_NOT_STRESS_DATA_AND_INTENSIVE_EXERCISE,ACTIVITY,2026-09-05T06:44:55,7200000,24420000,-4,EXERCISE_TRAINING_EFFECT_5,OVERREACHING_LACTATE_THRESHOLD,3615274803,2026-09-05T13:38:03,951.0,Natation en eau libre,open_water_swimming,24248190896,,,,,,,,,,,,,,,,,,,,,,,,,,,,,,,,,,,,,,,
2026-09-06,2223.0,73.0,2150.0,2223.0,73.0,73.0,2,private,7610,2026-09-05T22:00:00.0,2026-09-06T00:00:00.0,2026-09-06T22:00:00.0,2026-09-07T00:00:00.0,86400000,244,1557,53114,31485,1,0,0,0,0,0,15.353,9.27,5.03707,3.04134,150,10,47,6780,86400,68.33,14.93,8.89,7.85,34.31,23.19,10.83,VERY_STRESSFUL,52800,26820,425.0,2026-09-06T19:00:10,VERY_LOW,SLEEP_PREPARATION_STRESSFUL_AND_INACTIVE,SLEEP_PREPARATION_STRESSFUL_AND_INACTIVE_AND_BB_LOW,1,0,3615274803,2026-09-05T15:24:56,460,520,HIGHLY_INCREASED,TODAYS_LOAD_AND_CHRONIC,NO_CHANGE,NO_CHANGE,NO_CHANGE,1,1340,1420,1,3615274803,2026-09-06T08:10:16,460,520,HIGHLY_INCREASED,HIGH_ACWR_AND_CHRONIC,INCREASING,INCREASING,NO_CHANGE,1,1340,1420,1,129031336,3615274803,1,460,-120,340,BEHIND,110,84,81,87,116,0.18684387,UNBALANCED,HRV_UNBALANCED_7,2026-09-06T08:10:24.625,3,3615274803,,,NONE,0,OVERREACHING_3,0,100,VERY_HIGH,FEEDBACK_5,1181,840.0,448.0,560,2.1,1,OVERREACHING_3,129031336,53.2,53.0,0,,,,0,0,15,15,ACCLIMATIZED,10,0,0,0,2026-09-06T10:10:16.0,3615274803,POOR,POOR_HRV_UNBALANCED,TIME_TO_SLOW_DOWN,1,39,POOR,4945,10,POOR,36,POOR,1181,26,POOR,54,MODERATE,84,70,GOOD,1,AFTER_WAKEUP_RESET,1,1,26,18.0,18.0,18.0,3.6,,,,0,6,48,0,264.8,0,6,24.1,20.7,3.4,18.0,1,0,2026-09-06T00:00:00.0,4945,1,POOR,TIME_TO_SLOW_DOWN,70,54,84,26,1181,36,3,UNBALANCED,84,87,116,0.18684387,0.0,36.6,51.4,-14.9,,45,103,54,49,90,59040,12900,29640,49,101,24,24,29,5,5,3.0,14.0,24.0,6.0,16.0,2026-09-06T22:00:00.0,200,4181,3442,3442,7680,20040,9360,23,28,SLEEP,2026-09-05T23:11:03,7200000,29340000,23,NONE,NONE,3615274803,2026-09-06T08:10:15,25320,0,1,1788649863000,1788679203000,1788657063000,1788686403000,0,3420,18540,3360,4020,1,16.0,7.0,21.0,3,36.0,ADULT,64.0,NEGATIVE_LONG_BUT_NOT_RESTORATIVE,NEGATIVE_VERY_STRENUOUS_EXERCISE,HARD_EXERCISE_NEG_FAIR_OR_POOR_SLEEP_STRENUOUS,GOOD,27600.0,27600.0,POOR,0.0,15.0,POOR,0.0,1.0,58,POOR,13,FAIR,21.0,31.0,5317.2,7849.2,POOR,0.0,5.0,73,FAIR,30.0,64.0,7596.0,16204.8,14,FAIR,16.0,33.0,4051.2,8355.6,2,316,41,51.0,23,54,7.03,57,309,56,67,58,51,82,51,58,NO_CHANGE_SLEEP,58,2026-09-06T02:08:29,LOW,SLEEP_TIME_PASSED_NOT_STRESS_DATA_AND_INACTIVE,STRESS,2026-09-06T11:43:15,7200000,11760000,-12,STRESS_LONG,NEED_A_LITTLE_BREAK,3615274803,2026-09-06T15:03:24,,,,,,,,,,,,,,,,,,,,,,,,,,,,,,,,,,,,,,,,,,,
2026-09-07,2195.0,45.0,2150.0,2195.0,45.0,45.0,2,private,7270,2026-09-06T22:00:00.0,2026-09-07T00:00:00.0,2026-09-07T22:00:00.0,2026-09-08T00:00:00.0,86400000,382,1095,57026,27897,1,0,0,0,0,0,13.278,15.125,4.3563,4.96227,150,10,31,6060,86400,46.32,41.81,4.86,7.01,26.81,17.15,2.36,BALANCED,55320,25020,21.0,2026-09-07T19:58:28,MODERATE,SLEEP_PREPARATION_BALANCED_AND_INACTIVE,SLEEP_PREPARATION_BALANCED_AND_INACTIVE,1,0,3615274803,2026-09-06T08:10:16,460,520,HIGHLY_INCREASED,HIGH_ACWR_AND_CHRONIC,INCREASING,INCREASING,NO_CHANGE,1,1340,1420,1,3615274803,2026-09-07T05:10:19,460,490,INCREASED,HIGH_ACWR_AND_CHRONIC,NO_CHANGE,INCREASING,NO_CHANGE,1,1370,1420,1,129031336,3615274803,1,460,-120,340,BEHIND,110,87,82,88,115,0.2321167,UNBALANCED,HRV_UNBALANCED_8,2026-09-07T05:10:31.669,3,3615274803,,,NONE,0,OVERREACHING_3,0,93,HIGH,FEEDBACK_4,1043,819.0,436.8,546,1.9,1,OVERREACHING_3,129031336,53.2,53.0,0,,,,0,0,15,15,ACCLIMATIZED,12,0,0,0,2026-09-07T07:10:19.0,3615274803,POOR,POOR_HRV_UNBALANCED,TIME_TO_SLOW_DOWN,1,80,GOOD,3712,18,POOR,45,MODERATE,1043,35,POOR,65,MODERATE,87,46,MODERATE,1,AFTER_WAKEUP_RESET,1,1,26,18.0,18.0,18.0,3.6,,,,0,6,48,0,264.8,0,6,24.1,20.7,3.4,18.0,1,0,2026-09-07T00:00:00.0,3712,1,POOR,TIME_TO_SLOW_DOWN,46,65,87,35,1043,45,3,UNBALANCED,87,88,115,0.2321167,0.0,35.7,44.1,-8.4,,42,99,48,48,90,40020,36120,23160,43,98,83,64,83,5,24,3.0,13.0,25.0,6.0,14.0,2026-09-07T22:00:00.0,200,3186,2595,2595,4200,14820,2040,78,83,SLEEP,2026-09-06T21:24:15,7200000,27960000,78,NONE,NONE,3615274803,2026-09-07T05:10:18,27960,0,1,1788729855000,1788757815000,1788737055000,1788765015000,0,3960,17940,6060,0,1,15.0,9.0,18.0,0,19.0,ADULT,51.0,POSITIVE_LONG_AND_CONTINUOUS,NONE,GENERAL_POS_EXCELLENT_OR_GOOD_SLEEP,EXCELLENT,27600.0,27600.0,FAIR,0.0,15.0,EXCELLENT,0.0,1.0,85,GOOD,22,GOOD,21.0,31.0,5871.6,8667.6,GOOD,0.0,5.0,64,GOOD,30.0,64.0,8388.0,17894.4,14,FAIR,16.0,33.0,4473.6,9226.8,2,197,64,106.0,78,48,7.77,66,299,101,,85,106,153,106,85,NO_CHANGE_SLEEP,85,2026-09-07T00:51:00,HIGH,SLEEP_TIME_PASSED_STRESSFUL_AND_INACTIVE,RECOVERY,2026-09-07T20:25:28,7200000,1980000,0,RECOVERY_EVENING,RESTFUL_PERIOD,3615274803,2026-09-07T21:01:07,,,,,,,,,,,,,,,,,,,,,,,,,,,,,,,,,,,,,,,,,,,
2026-09-08,2187.0,37.0,2150.0,2187.0,37.0,37.0,2,private,6460,2026-09-07T22:00:00.0,2026-09-08T00:00:00.0,2026-09-08T22:00:00.0,2026-09-09T00:00:00.0,86400000,548,849,58525,26478,1,0,0,0,0,0,22.49,17.439,7.37861,5.72146,150,10,29,5520,86400,44.1,43.61,5.9,6.39,28.19,14.38,1.53,BALANCED,54840,26040,20.0,2026-09-08T21:25:18,MODERATE,SLEEP_PREPARATION_BALANCED_AND_INACTIVE,SLEEP_PREPARATION_BALANCED_AND_INACTIVE,1,0,3615274803,2026-09-07T05:10:19,460,490,INCREASED,HIGH_ACWR_AND_CHRONIC,NO_CHANGE,INCREASING,NO_CHANGE,1,1370,1420,1,3615274803,2026-09-08T05:30:01,460,460,NO_CHANGE_BALANCED,HIGH_ACWR_AND_CHRONIC,DECREASING_HIGH_QUALITY,INCREASING,NO_CHANGE,0,1400,1420,1,129031336,3615274803,1,460,-120,340,BEHIND,110,87,82,88,116,0.22293091,UNBALANCED,HRV_UNBALANCED_8,2026-09-08T05:30:19.642,4,3615274803,,,NONE,0,MAINTAINING_7,0,73,HIGH,FEEDBACK_4,905,799.5,426.40000000000003,533,1.6,1,MAINTAINING_7,129031336,53.2,53.0,0,,,,0,0,15,15,ACCLIMATIZED,4,0,0,0,2026-09-08T07:30:01.0,3615274803,LOW,LOW_HRV_UNBALANCED,LISTEN_TO_YOUR_BODY,33,92,VERY_GOOD,2133,42,MODERATE,58,MODERATE,905,60,MODERATE,63,MODERATE,87,64,MODERATE,1,AFTER_WAKEUP_RESET,1,33,26,18.0,18.0,18.0,3.6,,,,0,6,48,0,264.8,0,6,24.1,20.7,3.4,18.0,1,0,2026-09-08T00:00:00.0,2133,33,LOW,LISTEN_TO_YOUR_BODY,64,63,87,60,905,58,4,UNBALANCED,87,88,116,0.22293091,0.0,34.8,37.8,-2.9,,41,92,46,49,90,38100,37680,24360,42,87,76,76,100,24,24,3.0,13.0,26.0,7.0,16.0,2026-09-08T22:00:00.0,200,3549,2907,2907,5100,12420,1320,81,100,SLEEP,2026-09-07T21:25:18,7200000,28260000,81,NONE,NONE,3615274803,2026-09-08T05:30:00,28260,0,1,1788816318000,1788844578000,1788823518000,1788851778000,0,4140,17940,6180,0,1,14.0,10.0,19.0,0,8.0,ADULT,49.0,POSITIVE_HIGHLY_RECOVERING,NONE,STRESS_POS_EXCELLENT_OR_GOOD_SLEEP_RESTFUL_EVENING,EXCELLENT,27600.0,27600.0,EXCELLENT,0.0,15.0,EXCELLENT,0.0,1.0,92,EXCELLENT,22,GOOD,21.0,31.0,5934.6,8760.6,GOOD,0.0,5.0,63,GOOD,30.0,64.0,8478.0,18086.4,15,FAIR,16.0,33.0,4521.6,9325.8,2,201,64,115.0,81,46,7.85,69,299,103,,92,115,158,115,92,GOOD_SLEEP,92,2026-09-07T23:11:47,HIGH,SLEEP_TIME_PASSED_BALANCED_AND_INACTIVE,,,,,,,,,,,,,,,,,,,,,,,,,,,,,,,,,,,,,,,,,,,,,,,,,,,,
2026-09-09,2592.0,442.0,2150.0,2592.0,442.0,442.0,2,private,5880,2026-09-08T22:00:00.0,2026-09-09T00:00:00.0,2026-09-09T22:00:00.0,2026-09-10T00:00:00.0,86400000,1017,2787,55296,27300,1,1,0,0,13,15,49.52,8.175,16.24672,2.68209,150,10,31,12060,85200,36.97,38.17,10.7,14.15,17.04,18.17,1.76,BALANCED,45960,27180,12.0,2026-09-09T19:00:14,MODERATE,SLEEP_PREPARATION_STRESSFUL_AND_EXERCISE,SLEEP_PREPARATION_STRESSFUL_AND_EXERCISE,1,0,3615274803,2026-09-08T05:30:01,460,460,NO_CHANGE_BALANCED,HIGH_ACWR_AND_CHRONIC,DECREASING_HIGH_QUALITY,INCREASING,NO_CHANGE,0,1400,1420,1,3615274803,2026-09-09T17:57:25,460,460,NO_CHANGE_NO_ADJUSTMENTS,NO_CHANGE,NO_CHANGE,NO_CHANGE,NO_CHANGE,0,1410,1430,1,129031336,3615274803,1,460,-120,340,BEHIND,110,89,82,88,115,0.2685089,BALANCED,HRV_BALANCED_1,2026-09-09T06:03:54.271,7,3615274803,,,NONE,0,PRODUCTIVE_6,0,66,HIGH,FEEDBACK_4,797,792.0,422.40000000000003,528,1.5,1,PRODUCTIVE_6,129031336,53.2,53.0,0,,,,0,0,14,15,DEACCLIMATIZING,0,0,0,0,2026-09-09T19:57:25.0,3615274803,MODERATE,MOD_RT_LOW_SS_GOOD,RECOVERED_AND_READY,67,82,GOOD,300,92,GOOD,69,MODERATE,797,73,GOOD,74,GOOD,89,89,GOOD,1,AFTER_POST_EXERCISE_RESET,1,67,26,18.0,18.0,18.0,3.6,,,,0,6,48,0,267.3,0,6,24.1,20.7,3.4,18.0,1,0,2026-09-09T00:00:00.0,300,67,MODERATE,RECOVERED_AND_READY,89,74,89,73,797,69,7,BALANCED,89,88,115,0.2685089,53.2,35.3,40.0,-4.7,,40,142,45,48,90,31500,32520,14520,41,137,78,81,100,19,23,3.0,13.0,23.0,7.0,13.0,2026-09-09T21:00:00.0,200,7819,7587,6378,9120,15480,1500,76,100,SLEEP,2026-09-08T21:55:00,7200000,27600000,76,NONE,NONE,3615274803,2026-09-09T06:03:24,26820,0,1,1788904500000,1788932100000,1788911700000,1788939300000,0,5880,15600,5340,780,1,14.0,7.0,17.0,1,17.0,ADULT,49.0,POSITIVE_LONG_AND_DEEP,NONE,RHYTHM_POS_GOOD_SLEEP_EXCELLENT_TIMING,EXCELLENT,27600.0,27600.0,FAIR,0.0,15.0,GOOD,0.0,1.0,86,GOOD,20,FAIR,21.0,31.0,5632.2,8314.2,GOOD,0.0,5.0,58,EXCELLENT,30.0,64.0,8046.0,17164.8,22,EXCELLENT,16.0,33.0,4291.2,8850.6,2,225,55,107.0,76,45,7.45,98,260,89,13,86,107,158,107,86,REACHED_ZERO,86,2026-09-08T23:11:51,HIGH,SLEEP_TIME_PASSED_BALANCED_AND_INACTIVE,ACTIVITY,2026-09-09T17:14:13,7200000,2580000,-3,EXERCISE_TRAINING_EFFECT_BELOW_2,EASY_RECOVERY,3615274803,2026-09-09T17:57:23,43.0,Nat. piscine,lap_swimming,24300459831,,,,,,,,,,,,,,,,,,,,,,,,,,,,,,,,,,,,,,,
2026-09-10,2182.0,32.0,2150.0,2182.0,32.0,32.0,2,private,6080,2026-09-09T22:00:00.0,2026-09-10T00:00:00.0,2026-09-10T22:00:00.0,2026-09-11T00:00:00.0,86400000,562,867,54932,30039,1,0,0,0,0,0,66.151,43.382,21.70308,14.23294,150,10,31,5520,82500,40.36,45.96,6.98,6.69,17.89,18.69,3.78,BALANCED,52920,24060,8.0,2026-09-10T20:09:33,HIGH,SLEEP_PREPARATION_STRESSFUL_AND_INACTIVE,SLEEP_PREPARATION_STRESSFUL_AND_INACTIVE,1,0,3615274803,2026-09-09T17:57:25,460,460,NO_CHANGE_NO_ADJUSTMENTS,NO_CHANGE,NO_CHANGE,NO_CHANGE,NO_CHANGE,0,1410,1430,1,3615274803,2026-09-10T16:22:13,460,460,NO_CHANGE_NO_ADJUSTMENTS,NO_CHANGE,NO_CHANGE,NO_CHANGE,NO_CHANGE,0,1400,1420,1,129031336,3615274803,1,460,-120,340,BEHIND,110,92,82,88,115,0.32406616,BALANCED,HRV_BALANCED_2,2026-09-10T06:15:28.572,7,3615274803,,,NONE,0,PRODUCTIVE_6,0,52,OPTIMAL,FEEDBACK_2,656,775.5,413.6,517,1.2,1,PRODUCTIVE_6,129031336,53.2,53.0,0,,,,0,0,12,14,DEACCLIMATIZING,44,0,0,0,2026-09-10T08:15:22.0,3615274803,MODERATE,MOD_RT_LOW_SS_GOOD,RECOVERED_AND_READY,73,84,GOOD,1,99,GOOD,79,GOOD,656,72,GOOD,92,GOOD,92,86,GOOD,1,AFTER_WAKEUP_RESET,1,73,26,18.0,18.0,18.0,3.6,,,,0,6,48,0,267.3,0,6,24.1,20.7,3.4,18.0,1,0,2026-09-10T00:00:00.0,1,73,MODERATE,RECOVERED_AND_READY,86,92,92,72,656,79,7,BALANCED,92,88,115,0.32406616,0.0,34.4,34.3,0.2,,39,95,45,48,93,33300,37920,14760,40,95,86,74,100,24,36,3.0,13.0,22.0,7.0,16.0,2026-09-10T22:00:00.0,200,3680,3069,3069,5760,15420,3120,73,100,SLEEP,2026-09-09T22:24:23,7200000,26760000,74,NONE,NONE,3615274803,2026-09-10T06:15:21,26700,0,1,1788992663000,1789019423000,1788999863000,1789026623000,0,4620,16380,5700,60,1,14.0,8.0,17.0,1,15.0,ADULT,49.0,POSITIVE_LONG_AND_DEEP,POSITIVE_LATE_BED_TIME,RHYTHM_POS_GOOD_SLEEP_GOOD_TIMING,EXCELLENT,27600.0,27600.0,GOOD,0.0,15.0,GOOD,0.0,1.0,87,GOOD,21,GOOD,21.0,31.0,5607.0,8277.0,GOOD,0.0,5.0,61,GOOD,30.0,64.0,8010.0,17088.0,17,GOOD,16.0,33.0,4272.0,8811.0,2,247,53,111.0,74,45,7.42,77,273,95,1,87,111,144,111,87,NO_CHANGE_SLEEP,87,2026-09-09T22:30:20,HIGH,SLEEP_TIME_PASSED_STRESSFUL_AND_EXERCISE,,,,,,,,,,,,,,,,,,,,,,,,,,,,,,,,,,,,,,,,,,,,,,,,,,,,
2026-09-11,2192.0,42.0,2150.0,2192.0,42.0,42.0,2,private,5840,2026-09-10T22:00:00.0,2026-09-11T00:00:00.0,2026-09-11T22:00:00.0,2026-09-12T00:00:00.0,86400000,386,975,56287,28752,1,0,0,0,0,0,19.836,10.92,6.50787,3.58268,150,10,28,4620,86340,41.0,48.37,5.28,5.35,25.92,13.69,1.39,BALANCED,55020,26700,20.0,2026-09-11T19:00:17,HIGH,SLEEP_PREPARATION_BALANCED_AND_INACTIVE,SLEEP_PREPARATION_BALANCED_AND_INACTIVE,1,0,3615274803,2026-09-10T16:22:13,460,460,NO_CHANGE_NO_ADJUSTMENTS,NO_CHANGE,NO_CHANGE,NO_CHANGE,NO_CHANGE,0,1400,1420,1,3615274803,2026-09-11T06:01:09,460,440,DECREASED,CHRONIC,DECREASING,NO_CHANGE,NO_CHANGE,1,1400,1420,1,129031336,3615274803,1,460,-120,340,BEHIND,110,96,82,88,114,0.4038391,BALANCED,HRV_BALANCED_2,2026-09-11T06:01:45.617,4,3615274803,,,NONE,0,MAINTAINING_1,0,42,OPTIMAL,FEEDBACK_2,515,765.0,408.0,510,1.0,1,MAINTAINING_1,129031336,53.2,53.0,0,,,,0,0,11,12,DEACCLIMATIZING,0,0,0,0,2026-09-11T08:01:09.0,3615274803,HIGH,HIGH_RT_HIGHEST_SS_AVAILABLE,WELL_RECOVERED,80,84,GOOD,1,99,GOOD,90,GOOD,515,71,GOOD,100,VERY_GOOD,96,83,GOOD,1,AFTER_WAKEUP_RESET,1,80,26,18.0,18.0,18.0,3.6,,,,0,6,48,0,267.3,0,6,24.1,20.7,3.4,18.0,1,0,2026-09-11T00:00:00.0,1,80,HIGH,WELL_RECOVERED,83,100,96,71,515,90,4,BALANCED,96,88,114,0.4038391,0.0,33.6,29.4,4.3,,40,97,44,47,90,35400,41760,22380,41,91,69,67,100,33,38,3.0,13.0,22.0,6.0,15.0,2026-09-11T22:00:00.0,200,3329,2731,2731,4560,11820,1200,74,100,SLEEP,2026-09-10T21:05:21,7200000,30180000,74,NONE,NONE,3615274803,2026-09-11T06:01:09,30180,0,1,1789074321000,1789104501000,1789081521000,1789111701000,0,3840,19860,6480,0,1,14.0,8.0,17.0,0,15.0,ADULT,49.0,POSITIVE_LONG_AND_CONTINUOUS,NONE,GENERAL_POS_EXCELLENT_OR_GOOD_SLEEP,EXCELLENT,27600.0,27600.0,GOOD,0.0,15.0,EXCELLENT,0.0,1.0,87,GOOD,21,GOOD,21.0,31.0,6337.8,9355.8,EXCELLENT,0.0,5.0,66,FAIR,30.0,64.0,9054.0,19315.2,13,FAIR,16.0,33.0,4828.8,9959.4,2,197,66,115.0,74,44,8.38,64,331,108,,87,115,158,115,87,NO_CHANGE_SLEEP,87,2026-09-10T23:09:12,HIGH,SLEEP_TIME_PASSED_STRESSFUL_AND_INACTIVE,,,,,,,,,,,,,,,,,,,,,,,,,,,,,,,,,,,,,,,,,,,,,,,,,,,,
2026-09-12,3835.0,1685.0,2150.0,3835.0,1685.0,1685.0,2,private,5340,2026-09-11T22:00:00.0,2026-09-12T00:00:00.0,2026-09-12T22:00:00.0,2026-09-13T00:00:00.0,86400000,672,1148,54219,30361,1,1,0,0,36,122,16.862,4.954000000000001,5.53215,1.62533,150,10,35,16140,86340,39.68,37.94,3.68,18.69,15.64,15.98,8.06,BALANCED,42240,27960,-5.0,2026-09-12T19:00:32,MODERATE,SLEEP_PREPARATION_STRESSFUL_AND_INTENSIVE_EXERCISE,SLEEP_PREPARATION_STRESSFUL_AND_INTENSIVE_EXERCISE,1,0,3615274803,2026-09-11T06:01:09,460,440,DECREASED,CHRONIC,DECREASING,NO_CHANGE,NO_CHANGE,1,1400,1420,1,3615274803,2026-09-12T17:54:28,460,430,DECREASED,TODAYS_LOAD_AND_CHRONIC,DECREASING,NO_CHANGE,DECREASING,1,1400,1420,1,129031336,3615274803,1,460,-120,340,BEHIND,110,97,82,88,114,0.4230652,BALANCED,HRV_BALANCED_5,2026-09-12T05:46:17.137,4,3615274803,,,NONE,0,MAINTAINING_1,0,52,OPTIMAL,FEEDBACK_2,688,834.0,444.8,556,1.2,1,MAINTAINING_1,129031336,53.2,53.0,0,,,,0,0,10,11,DEACCLIMATIZING,0,0,0,0,2026-09-12T17:34:56.0,3615274803,LOW,LOW_RT_HIGH_SS_GOOD_OR_MOD,HIGH_RECOVERY_NEEDS,29,93,VERY_GOOD,3291,24,POOR,81,GOOD,688,76,GOOD,100,VERY_GOOD,97,84,GOOD,1,AFTER_POST_EXERCISE_RESET,1,29,26,18.0,18.0,18.0,3.8,,,,0,6,48,0,287.6,0,6,24.1,20.7,3.4,18.0,1,0,2026-09-12T00:00:00.0,3291,29,LOW,HIGH_RECOVERY_NEEDS,84,100,97,76,688,81,4,BALANCED,97,88,114,0.4230652,153.6,36.5,47.1,-10.6,,41,175,49,47,96,34260,32760,13500,42,175,62,61,100,17,17,3.0,14.0,23.0,8.0,17.0,2026-09-12T21:59:00.0,200,3248,75384,2804,3180,13800,6960,67,100,SLEEP,2026-09-11T21:29:09,7200000,28980000,66,NONE,NONE,3615274803,2026-09-12T05:46:08,28320,2280,1,1789162149000,1789191129000,1789169349000,1789198329000,0,5940,16260,6120,660,1,14.0,8.0,17.0,1,11.0,ADULT,48.0,POSITIVE_OPTIMAL_STRUCTURE,NONE,STRESS_POS_EXCELLENT_OR_GOOD_SLEEP_RESTFUL_EVENING,EXCELLENT,27600.0,27600.0,EXCELLENT,0.0,15.0,GOOD,0.0,1.0,93,EXCELLENT,22,GOOD,21.0,31.0,5947.2,8779.2,GOOD,0.0,5.0,57,EXCELLENT,30.0,64.0,8496.0,18124.8,21,EXCELLENT,16.0,33.0,4531.2,9345.6,2,211,63,95.0,66,49,7.87,99,271,102,11,93,95,145,95,93,,93,2026-09-11T22:28:37,HIGH,SLEEP_TIME_PASSED_BALANCED_AND_INACTIVE,STRESS,2026-09-12T12:14:23,7200000,3900000,-10,STRESS,STRESSFUL_PERIOD,3615274803,2026-09-12T13:22:23,230.0,,,,,,,,,,,,,,,,,,,,,,NAP,2026-09-12T17:16:08,7200000,2280000,0,NAP_NOT_RECOVERING_BODY_BATTERY_MAINTAIN,NAP,3615274803,2026-09-12T17:54:28,,,,3615274803,2280,2026-09-12T17:16:08,2026-09-12T17:54:08,LATE_TIMING_LONG_DURATION_LOW_NEED,0,120,120,
2026-09-13,2205.0,55.0,2150.0,2205.0,55.0,55.0,2,private,4930,2026-09-12T22:00:00.0,2026-09-13T00:00:00.0,2026-09-13T22:00:00.0,2026-09-14T00:00:00.0,86400000,946,989,56017,28448,1,0,0,0,0,0,74.217,43.782,24.34941,14.36417,150,10,34,8280,86340,43.09,36.97,10.35,9.59,24.6,15.43,3.06,BALANCED,50640,27420,12.0,2026-09-13T19:00:16,MODERATE,SLEEP_PREPARATION_STRESSFUL_AND_INACTIVE,SLEEP_PREPARATION_STRESSFUL_AND_INACTIVE,1,0,3615274803,2026-09-12T17:54:28,460,430,DECREASED,TODAYS_LOAD_AND_CHRONIC,DECREASING,NO_CHANGE,DECREASING,1,1400,1420,1,3615274803,2026-09-13T06:16:40,460,440,DECREASED,CHRONIC,DECREASING,NO_CHANGE,NO_CHANGE,1,1410,1430,1,129031336,3615274803,1,460,-120,340,BEHIND,110,102,79,86,117,0.50805664,BALANCED,HRV_BALANCED_2,2026-09-13T06:17:29.108,4,3615274803,,,NONE,0,MAINTAINING_1,0,38,OPTIMAL,FEEDBACK_2,534,822.0,438.40000000000003,548,0.9,1,MAINTAINING_1,129031336,53.2,53.0,0,,,,0,0,9,10,DEACCLIMATIZING,28,0,0,0,2026-09-13T08:16:40.0,3615274803,MODERATE,MOD_RT_HIGH_SS_GOOD,BOOSTED_BY_GOOD_SLEEP,57,82,GOOD,2332,38,POOR,92,GOOD,534,69,MODERATE,96,GOOD,102,91,VERY_GOOD,1,AFTER_WAKEUP_RESET,1,57,26,18.0,18.0,18.0,3.8,,,,0,6,48,0,287.6,0,6,24.1,20.7,3.4,18.0,1,0,2026-09-12T00:00:00.0,2332,57,MODERATE,BOOSTED_BY_GOOD_SLEEP,91,96,102,69,534,92,4,BALANCED,102,86,117,0.50805664,0.0,35.6,40.4,-4.8,,45,100,49,47,84,37200,31920,21240,47,99,52,50,69,17,19,3.0,13.0,22.0,6.0,15.0,2026-09-13T21:59:00.0,200,5264,4345,4345,8940,13320,2640,51,68,SLEEP,2026-09-12T21:44:08,7200000,29400000,51,NONE,NONE,3615274803,2026-09-13T06:16:39,28800,0,1,1789249448000,1789278848000,1789256648000,1789286048000,0,5460,16560,6780,600,1,14.0,9.0,17.0,0,22.0,ADULT,55.0,POSITIVE_LONG_AND_REFRESHING,NONE,HARD_EXERCISE_POS_EXCELLENT_OR_GOOD_SLEEP_HARD_TO_STRENUOUS_DURING_DAY_OUTDOOR,EXCELLENT,27600.0,27600.0,FAIR,0.0,15.0,EXCELLENT,0.0,1.0,86,GOOD,24,EXCELLENT,21.0,31.0,6048.0,8928.0,EXCELLENT,0.0,5.0,58,EXCELLENT,30.0,64.0,8640.0,18432.0,19,EXCELLENT,16.0,33.0,4608.0,9504.0,2,229,43,72.0,51,49,8.0,91,276,113,10,86,72,108,72,86,NO_CHANGE_SLEEP,86,2026-09-12T23:48:39,HIGH,SLEEP_TIME_PASSED_STRESSFUL_AND_INTENSIVE_EXERCISE,,,,,,,,,,,,,,,,,,,,,,,,,,,,,,,,,,,,,,,,,,,,,,,,,,,,
2026-09-14,3395.0,1245.0,2150.0,3395.0,1245.0,1245.0,2,private,4970,2026-09-13T22:00:00.0,2026-09-14T00:00:00.0,2026-09-14T22:00:00.0,2026-09-15T00:00:00.0,86400000,4633,1946,56601,23220,1,1,0,0,5,98,114.463,106.688,37.55348,35.00262,150,10,41,9240,86280,44.99,29.83,14.46,10.71,16.27,19.4,9.32,STRESSFUL,54180,22860,31.0,2026-09-14T21:01:29,VERY_LOW,SLEEP_PREPARATION_STRESSFUL_AND_INTENSIVE_EXERCISE,SLEEP_PREPARATION_STRESSFUL_AND_INTENSIVE_EXERCISE_AND_BB_LOW,1,0,3615274803,2026-09-13T06:16:40,460,440,DECREASED,CHRONIC,DECREASING,NO_CHANGE,NO_CHANGE,1,1410,1430,1,3615274803,2026-09-14T18:38:23,460,460,NO_CHANGE_NO_ADJUSTMENTS,NO_CHANGE,NO_CHANGE,NO_CHANGE,NO_CHANGE,0,1410,1430,1,129031336,3615274803,1,460,-120,340,BEHIND,110,98,80,86,117,0.44354248,BALANCED,HRV_BALANCED_3,2026-09-14T05:39:54.54,7,3615274803,RUNNING,GENERIC,RUNNING,3,PRODUCTIVE_3,0,42,OPTIMAL,FEEDBACK_2,577,862.5,460.0,575,1.0,1,PRODUCTIVE_3,129031336,54.1,54.0,0,,,,0,0,9,9,ACCLIMATIZED,35,0,0,0,2026-09-14T20:38:23.0,3615274803,MODERATE,MOD_RT_MOD_SS_MOD,LISTEN_TO_YOUR_BODY,58,65,MODERATE,1454,61,MODERATE,91,GOOD,577,69,MODERATE,100,VERY_GOOD,98,86,GOOD,1,AFTER_POST_EXERCISE_RESET,1,58,26,18.0,18.0,18.0,3.6,,,,0,6,48,0,282.3,0,6,24.1,20.7,3.4,18.0,1,0,2026-09-14T00:00:00.0,1454,58,MODERATE,LISTEN_TO_YOUR_BODY,86,100,98,69,577,91,7,BALANCED,98,86,117,0.44354248,99.9,37.1,48.9,-11.7,,46,151,48,47,95,38820,25740,14040,47,151,56,70,74,5,5,3.0,13.0,23.0,6.0,10.0,2026-09-14T22:00:00.0,200,15345,16910,15673,12480,16740,8040,55,73,SLEEP,2026-09-13T23:03:39,7200000,23220000,55,NONE,NONE,3615274803,2026-09-14T05:38:44,22560,0,1,1789340619000,1789363839000,1789347819000,1789371039000,0,2760,16080,3720,660,1,14.0,7.0,18.0,1,16.0,ADULT,53.0,POSITIVE_CONTINUOUS,POSITIVE_LATE_BED_TIME,STRESS_POS_FAIR_OR_POOR_SLEEP_RESTFUL_EVENING,FAIR,27600.0,27600.0,FAIR,0.0,15.0,GOOD,0.0,1.0,77,FAIR,16,FAIR,21.0,31.0,4737.6,6993.6,GOOD,0.0,5.0,71,FAIR,30.0,64.0,6768.0,14438.4,12,FAIR,16.0,33.0,3609.6,7444.8,2,257,51,81.0,55,48,6.27,46,268,62,11,77,81,118,81,77,NEW_EXERCISE,77,2026-09-14T00:24:59,HIGH,SLEEP_TIME_PASSED_BALANCED_AND_INACTIVE,ACTIVITY,2026-09-14T10:22:43,7200000,2760000,-5,EXERCISE_TRAINING_EFFECT_2,EASY_AEROBIC,3615274803,2026-09-14T11:08:57,135.0,Nat. piscine,lap_swimming,24355945700,129031336,54.1,54.0,0,0,0,9,9,35,0,0,0,54.1,,,,ACCLIMATIZED,,ACTIVITY,2026-09-14T17:37:23,7200000,3600000,-9,EXERCISE_TRAINING_EFFECT_3,IMPROVING_AEROBIC_BASE,3615274803,2026-09-14T18:38:22,Chevrières Course à pied,running,24361566970,,,,,,,,,
2026-09-15,2378.0,228.0,2150.0,2378.0,228.0,228.0,2,private,6970,2026-09-14T22:00:00.0,2026-09-15T00:00:00.0,2026-09-15T22:00:00.0,2026-09-16T00:00:00.0,86400000,2040,2398,57842,24120,1,0,0,0,0,0,27.432,19.87,9.0,6.51903,150,10,42,8880,86340,48.71,28.21,12.79,10.28,16.12,25.92,6.67,STRESSFUL,53880,23580,26.0,2026-09-15T20:59:42,VERY_LOW,SLEEP_PREPARATION_STRESSFUL_AND_INACTIVE,SLEEP_PREPARATION_STRESSFUL_AND_INACTIVE_AND_BB_LOW,1,0,3615274803,2026-09-14T18:38:23,460,460,NO_CHANGE_NO_ADJUSTMENTS,NO_CHANGE,NO_CHANGE,NO_CHANGE,NO_CHANGE,0,1410,1430,1,3615274803,2026-09-15T05:40:24,460,460,NO_CHANGE_NO_ADJUSTMENTS,NO_CHANGE,NO_CHANGE,NO_CHANGE,NO_CHANGE,0,1410,1430,1,129031336,3615274803,1,460,-120,340,BEHIND,110,94,80,87,117,0.36665344,BALANCED,HRV_BALANCED_8,2026-09-15T05:41:07.682,7,3615274803,RUNNING,GENERIC,RUNNING,3,PRODUCTIVE_3,0,29,LOW,FEEDBACK_1,403,853.5,455.20000000000005,569,0.7,1,PRODUCTIVE_3,129031336,54.1,54.0,0,,,,0,0,9,9,ACCLIMATIZED,2,0,0,0,2026-09-15T07:40:24.0,3615274803,MODERATE,MOD_RT_MOD_OR_LOW_SS_GOOD_STRESS_HISTORY_NEG,WELL_RESTED,59,70,GOOD,839,77,GOOD,100,VERY_GOOD,403,55,MODERATE,100,VERY_GOOD,94,70,GOOD,1,AFTER_WAKEUP_RESET,1,59,26,18.0,18.0,18.0,3.6,,,,0,6,48,0,282.3,0,6,24.1,20.7,3.4,18.0,1,0,2026-09-14T00:00:00.0,839,59,MODERATE,WELL_RESTED,70,100,94,55,403,100,7,BALANCED,94,87,117,0.36665344,0.0,36.3,41.9,-5.6,,46,105,50,47,93,42060,24360,13920,47,104,56,56,61,5,5,3.0,13.0,20.0,6.0,10.0,2026-09-15T21:59:00.0,200,9329,7784,7784,11040,22380,5760,55,60,SLEEP,2026-09-14T22:43:22,7200000,24120000,55,NONE,NONE,3615274803,2026-09-15T05:40:23,23940,0,1,1789425802000,1789449922000,1789433002000,1789457122000,0,5160,15300,3480,180,1,15.0,9.0,18.0,0,17.0,ADULT,54.0,POSITIVE_DEEP,NONE,MOD_EXERCISE_POS_EXCELLENT_OR_GOOD_SLEEP_VIGOROUS_DURING_DAY,FAIR,27600.0,27600.0,FAIR,0.0,15.0,EXCELLENT,0.0,1.0,80,GOOD,15,FAIR,21.0,31.0,5027.4,7421.4,EXCELLENT,0.0,5.0,64,GOOD,30.0,64.0,7182.0,15321.6,22,EXCELLENT,16.0,33.0,3830.4,7900.2,2,244,47,87.0,55,50,6.65,86,255,58,3,80,87,122,87,80,NO_CHANGE_SLEEP,80,2026-09-15T01:29:36,HIGH,SLEEP_TIME_PASSED_STRESSFUL_AND_INACTIVE,,,,,,,,,,,,,,,,,,,,,,,,,,,,,,,,,,,,,,,,,,,,,,,,,,,,
2026-09-16,2660.0,510.0,2150.0,2660.0,510.0,510.0,2,private,7450,2026-09-15T22:00:00.0,2026-09-16T00:00:00.0,2026-09-16T22:00:00.0,2026-09-17T00:00:00.0,86400000,788,1379,61793,22440,1,1,0,0,10,39,41.884,27.316,13.74147,8.96194,150,10,36,13140,86340,44.48,30.72,9.59,15.22,21.61,20.57,2.29,STRESSFUL,51000,22200,22.0,2026-09-16T19:00:14,LOW,SLEEP_PREPARATION_STRESSFUL_AND_EXERCISE,SLEEP_PREPARATION_STRESSFUL_AND_EXERCISE_AND_BB_LOW,1,0,3615274803,2026-09-15T05:40:24,460,460,NO_CHANGE_NO_ADJUSTMENTS,NO_CHANGE,NO_CHANGE,NO_CHANGE,NO_CHANGE,0,1410,1430,1,3615274803,2026-09-16T18:01:00,460,490,INCREASED,NO_CHANGE,INCREASING,NO_CHANGE,NO_CHANGE,1,1380,1430,1,129031336,3615274803,1,460,-120,340,BEHIND,110,92,80,87,117,0.33332825,BALANCED,HRV_BALANCED_5,2026-09-16T06:20:18.754,6,3615274803,RUNNING,GENERIC,RUNNING,3,PEAKING_1,0,29,LOW,FEEDBACK_1,402,828.0,441.6,552,0.7,1,PEAKING_1,129031336,54.1,54.0,0,,,,0,0,8,9,DEACCLIMATIZING,17,0,0,0,2026-09-16T20:00:59.0,3615274803,MODERATE,MOD_RT_LOW_SS_MOD,GOOD_SLEEP_HISTORY,54,58,MODERATE,642,83,GOOD,100,VERY_GOOD,402,50,MODERATE,94,GOOD,92,68,MODERATE,1,AFTER_POST_EXERCISE_RESET,1,54,26,18.0,18.0,18.0,3.3,,,,0,6,47,0,276.5,0,6,24.1,20.7,3.4,18.0,1,0,2026-09-16T00:00:00.0,642,54,MODERATE,GOOD_SLEEP_HISTORY,68,94,92,50,402,100,6,BALANCED,92,87,117,0.33332825,68.6,37.0,45.7,-8.7,,45,139,49,48,86,38400,26520,18660,46,133,59,58,64,5,6,3.0,13.0,23.0,7.0,16.0,2026-09-16T21:59:00.0,200,4395,5167,3579,8280,17760,1980,59,64,SLEEP,2026-09-15T23:27:23,7200000,22440000,59,NONE,NONE,3615274803,2026-09-16T06:20:01,22320,0,1,1789514843000,1789537283000,1789522043000,1789544483000,0,3660,16680,1980,120,1,15.0,9.0,18.0,0,15.0,ADULT,53.0,NEGATIVE_NOT_ENOUGH_REM,NEGATIVE_STRESSFUL_DAY,RHYTHM_NEG_FAIR_SLEEP_LATE_TIMING,FAIR,27600.0,27600.0,GOOD,0.0,15.0,EXCELLENT,0.0,1.0,72,FAIR,9,POOR,21.0,31.0,4687.2,6919.2,EXCELLENT,0.0,5.0,75,FAIR,30.0,64.0,6696.0,14284.8,16,GOOD,16.0,33.0,3571.2,7365.6,2,274,40,92.0,59,49,6.2,61,278,33,2,72,92,128,92,72,REACHED_ZERO,72,2026-09-16T02:05:44,HIGH,SLEEP_TIME_PASSED_STRESSFUL_AND_INACTIVE,ACTIVITY,2026-09-16T17:01:49,7200000,3540000,-4,EXERCISE_TRAINING_EFFECT_2,MAINTAINING_AEROBIC_BASE,3615274803,2026-09-16T18:00:58,59.0,Nat. piscine,lap_swimming,24387156213,,,,,,,,,,,,,,,,,,,,,,,,,,,,,,,,,,,,,,,
2026-09-17,2199.0,49.0,2150.0,2199.0,49.0,49.0,2,private,7150,2026-09-16T22:00:00.0,2026-09-17T00:00:00.0,2026-09-17T22:00:00.0,2026-09-18T00:00:00.0,86400000,543,798,63159,21900,1,0,0,0,0,0,22.502,16.717,7.38255,5.48458,150,10,38,17340,86340,45.73,29.46,4.73,20.08,17.79,23.21,4.73,STRESSFUL,47100,21900,45.0,2026-09-17T21:40:12,MODERATE,SLEEP_PREPARATION_STRESSFUL_AND_INACTIVE,SLEEP_PREPARATION_STRESSFUL_AND_INACTIVE,1,0,3615274803,2026-09-16T18:01:00,460,490,INCREASED,NO_CHANGE,INCREASING,NO_CHANGE,NO_CHANGE,1,1380,1430,1,3615274803,2026-09-17T05:45:54,460,490,INCREASED,NO_CHANGE,INCREASING,NO_CHANGE,NO_CHANGE,1,1370,1420,1,129031336,3615274803,1,460,-120,340,BEHIND,110,91,81,87,118,0.31451416,BALANCED,HRV_BALANCED_6,2026-09-17T05:46:28.759,6,3615274803,RUNNING,GENERIC,RUNNING,3,PEAKING_1,0,25,LOW,FEEDBACK_1,344,790.5,421.6,527,0.6,1,PEAKING_1,129031336,54.1,54.0,0,,,,0,0,7,8,DEACCLIMATIZING,53,0,0,0,2026-09-17T07:45:54.0,3615274803,MODERATE,MOD_RT_LOW_SS_MOD,GOOD_SLEEP_HISTORY,66,65,MODERATE,1,99,GOOD,100,VERY_GOOD,344,54,MODERATE,89,GOOD,91,61,MODERATE,1,AFTER_WAKEUP_RESET,1,66,26,18.0,18.0,18.0,3.3,,,,0,6,47,0,267.6,0,6,24.1,20.7,3.4,18.0,1,0,2026-09-17T00:00:00.0,1,66,MODERATE,GOOD_SLEEP_HISTORY,61,89,91,54,344,100,6,BALANCED,91,87,118,0.31451416,0.0,36.1,39.2,-3.0,,40,100,47,48,94,39480,25440,15360,41,98,73,64,78,5,15,3.0,13.0,21.0,6.0,12.0,2026-09-17T18:22:00.0,200,3462,2918,2918,4080,20040,4080,73,78,SLEEP,2026-09-16T23:30:57,7200000,21900000,73,NONE,NONE,3615274803,2026-09-17T05:45:52,21840,0,1,1789601457000,1789623357000,1789608657000,1789630557000,0,4200,15120,2520,60,1,15.0,9.0,17.0,0,11.0,ADULT,50.0,POSITIVE_RECOVERING,POSITIVE_EXERCISE,GENERAL_POS_FAIR_OR_POOR_SLEEP,FAIR,27600.0,27600.0,EXCELLENT,0.0,15.0,EXCELLENT,0.0,1.0,77,FAIR,12,FAIR,21.0,31.0,4586.4,6770.4,EXCELLENT,0.0,5.0,69,FAIR,30.0,64.0,6552.0,13977.6,19,EXCELLENT,16.0,33.0,3494.4,7207.2,2,273,34,103.0,73,47,6.07,70,252,42,1,77,103,145,103,77,NO_CHANGE_SLEEP,77,2026-09-17T01:18:53,HIGH,SLEEP_TIME_PASSED_STRESSFUL_AND_INACTIVE,,,,,,,,,,,,,,,,,,,,,,,,,,,,,,,,,,,,,,,,,,,,,,,,,,,,
2026-09-18,2214.0,64.0,2150.0,2214.0,64.0,64.0,2,private,6420,2026-09-17T22:00:00.0,2026-09-18T00:00:00.0,2026-09-18T22:00:00.0,2026-09-19T00:00:00.0,86400000,387,1073,84940,0,1,0,0,0,0,0,25.892,13.906,8.49475,4.56234,150,10,57,33660,86400,53.68,2.01,5.35,38.96,18.4,27.22,8.06,VERY_STRESSFUL_AWAKE,52740,0,15.0,2026-09-18T20:28:27,LOW,SLEEP_PREPARATION_STRESSFUL_AND_INACTIVE,SLEEP_PREPARATION_STRESSFUL_AND_INACTIVE_AND_BB_LOW,0,0,3615274803,2026-09-17T05:45:54,460,490,INCREASED,NO_CHANGE,INCREASING,NO_CHANGE,NO_CHANGE,1,1370,1420,1,3615274803,2026-09-18T05:51:10,460,460,NO_CHANGE_NO_ADJUSTMENTS,NO_CHANGE,NO_DATA,NO_DATA,NO_CHANGE,0,1400,1420,1,129031336,3615274803,1,460,-120,340,NO_LAST_SLEEP_DATA,110,88,81,87,118,0.26612854,BALANCED,HRV_BALANCED_7,2026-09-18T05:56:05.520,6,3615274803,RUNNING,GENERIC,RUNNING,3,PEAKING_1,0,20,LOW,FEEDBACK_1,285,756.0,403.20000000000005,504,0.5,1,PEAKING_1,129031336,54.1,54.0,0,,,,0,0,6,7,DEACCLIMATIZING,0,0,0,0,2026-09-18T07:51:10.0,3615274803,MODERATE,MOD_RT_LOW_SS_UNKNOWN,GOOD_SLEEP_HISTORY,70,0,NONE,1,99,GOOD,100,VERY_GOOD,285,54,MODERATE,72,GOOD,88,63,MODERATE,0,AFTER_WAKEUP_RESET,1,70,26,18.0,18.0,18.0,3.3,,,,0,6,47,0,267.6,0,6,24.1,20.7,3.4,18.0,1,0,2026-09-18T00:00:00.0,1,70,MODERATE,GOOD_SLEEP_HISTORY,63,72,88,54,285,100,6,BALANCED,88,87,118,0.26612854,0.0,35.3,33.6,1.7,,55,105,52,49,93,46380,1740,15900,56,99,0,72,83,11,11,3.0,13.0,20.0,7.0,17.0,2026-09-18T22:00:00.0,200,3364,2740,2740,4620,23520,6960,,,,,,,,,,,,,,,,,,,,,,,,,,,,,,,,,,,,,,,,,,,,,,,,,,,,,,,,,,,,,,,,,,,,,,,,,,,,,,,,,,,,,2026-09-18T02:25:06,HIGH,SLEEP_TIME_PASSED_NOT_STRESS_DATA_AND_INACTIVE,,,,,,,,,,,,,,,,,,,,,,,,,,,,,,,,,,,,,,,,,,,,,,,,,,,,
2026-09-19,2182.0,32.0,2150.0,2182.0,32.0,32.0,2,private,5810,2026-09-18T22:00:00.0,2026-09-19T00:00:00.0,2026-09-19T22:00:00.0,2026-09-20T00:00:00.0,86400000,187,414,59039,26760,1,0,0,0,0,0,14.259,9.252,4.67815,3.03543,150,10,32,43680,86400,25.0,22.64,1.81,50.56,18.89,5.49,0.62,UNKNOWN,16980,25740,7.0,2026-09-19T20:17:27,LOW,NO_DATA,NO_DATA,1,0,3615274803,2026-09-18T05:51:10,460,460,NO_CHANGE_NO_ADJUSTMENTS,NO_CHANGE,NO_DATA,NO_DATA,NO_CHANGE,0,1400,1420,1,3615274803,2026-09-19T07:31:10,460,460,NO_CHANGE_NO_ADJUSTMENTS,NO_CHANGE,NO_CHANGE,NO_CHANGE,NO_CHANGE,0,1400,1420,1,129031336,3615274803,1,460,-120,340,BEHIND,110,83,81,87,118,0.15803528,UNBALANCED,HRV_UNBALANCED_12,2026-09-19T07:31:21.337,5,3615274803,,,NONE,0,RECOVERY_1,0,16,LOW,FEEDBACK_1,227,721.5,384.8,481,0.4,1,RECOVERY_1,129031336,54.1,54.0,0,,,,0,0,5,6,DEACCLIMATIZING,0,0,0,0,2026-09-19T09:31:10.0,3615274803,MODERATE,MOD_HRV_UNBALANCED,LISTEN_TO_YOUR_BODY,74,78,GOOD,1,99,GOOD,100,VERY_GOOD,227,54,MODERATE,47,MODERATE,83,65,MODERATE,1,AFTER_WAKEUP_RESET,1,74,26,18.0,18.0,18.0,3.3,,,,0,6,47,0,267.6,0,6,24.1,20.7,3.4,18.0,1,0,2026-09-19T00:00:00.0,1,74,MODERATE,LISTEN_TO_YOUR_BODY,65,47,83,54,227,100,5,UNBALANCED,83,87,118,0.15803528,0.0,34.4,28.8,5.7,,52,96,52,50,87,21600,19560,16320,53,90,44,13,49,7,13,3.0,14.0,23.0,6.0,21.0,2026-09-19T22:00:00.0,200,1327,1081,1081,1560,4740,540,42,49,SLEEP,2026-09-18T23:33:10,7200000,26760000,42,NONE,NONE,3615274803,2026-09-19T07:31:10,26520,0,1,1789774390000,1789801150000,1789781590000,1789808350000,0,5820,14460,6240,240,1,16.0,11.0,19.0,0,23.0,ADULT,58.0,POSITIVE_LONG_AND_DEEP,NONE,GENERAL_POS_EXCELLENT_OR_GOOD_SLEEP,EXCELLENT,27600.0,27600.0,FAIR,0.0,15.0,EXCELLENT,0.0,1.0,84,GOOD,24,EXCELLENT,21.0,31.0,5569.2,8221.2,EXCELLENT,0.0,5.0,55,EXCELLENT,30.0,64.0,7956.0,16972.8,22,EXCELLENT,16.0,33.0,4243.2,8751.6,2,316,53,65.0,42,52,7.37,97,241,104,4,84,65,101,65,84,NO_CHANGE_SLEEP,84,2026-09-19T02:26:29,HIGH,SLEEP_TIME_PASSED_STRESSFUL_AND_INACTIVE,,,,,,,,,,,,,,,,,,,,,,,,,,,,,,,,,,,,,,,,,,,,,,,,,,,,
2026-09-20,3753.0,1603.0,2150.0,2217.0,1371.0,1603.0,2,private,4920,2026-09-19T22:00:00.0,2026-09-20T00:00:00.0,2026-09-20T22:00:00.0,2026-09-21T00:00:00.0,86400000,589,1017,57614,27180,1,1,0,0,74,119,29.504,21.935,9.67979,7.19652,150,10,42,20040,86340,44.34,29.67,2.78,23.21,14.87,20.85,8.62,STRESSFUL,39300,27000,12.0,2026-09-20T19:00:07,LOW,SLEEP_PREPARATION_STRESSFUL_AND_INACTIVE,SLEEP_PREPARATION_STRESSFUL_AND_INACTIVE_AND_BB_LOW,1,0,3615274803,2026-09-19T07:31:10,460,460,NO_CHANGE_NO_ADJUSTMENTS,NO_CHANGE,NO_CHANGE,NO_CHANGE,NO_CHANGE,0,1400,1420,1,3615274803,2026-09-20T06:16:10,460,460,NO_CHANGE_NO_ADJUSTMENTS,NO_CHANGE,NO_CHANGE,NO_CHANGE,NO_CHANGE,0,1400,1420,1,129031336,3615274803,1,460,-120,340,BEHIND,110,84,80,87,118,0.20019531,UNBALANCED,HRV_UNBALANCED_12,2026-09-20T06:16:30.632,5,3615274803,,,NONE,0,RECOVERY_1,0,29,LOW,FEEDBACK_1,354,739.5,394.40000000000003,493,0.7,1,RECOVERY_1,129031336,54.1,54.0,0,,,,0,0,4,5,DEACCLIMATIZING,0,0,0,0,2026-09-20T08:16:10.0,3615274803,HIGH,HIGH_HRV_UNBALANCED,LISTEN_TO_YOUR_BODY,83,86,GOOD,1,99,GOOD,100,VERY_GOOD,171,62,MODERATE,58,MODERATE,84,78,GOOD,1,AFTER_WAKEUP_RESET,1,83,26,18.0,18.0,18.0,3.5,,,,0,6,47,0,286.3,0,6,24.1,20.7,3.4,18.0,1,0,2026-09-20T00:00:00.0,1,83,HIGH,LISTEN_TO_YOUR_BODY,78,58,84,62,171,100,5,UNBALANCED,84,87,118,0.20019531,140.1,37.0,44.7,-7.7,,46,174,51,50,91,38280,25620,12840,47,172,57,40,69,9,9,3.0,15.0,25.0,7.0,18.0,2026-09-20T22:00:00.0,200,2182,87611,1904,2400,18000,7440,57,69,SLEEP,2026-09-19T22:08:10,7200000,27180000,57,NONE,NONE,3615274803,2026-09-20T06:16:10,27120,0,1,1789855690000,1789882870000,1789862890000,1789890070000,0,6960,14400,5760,60,1,16.0,9.0,21.0,0,19.0,ADULT,56.0,POSITIVE_LONG_AND_DEEP,NONE,RHYTHM_POS_GOOD_SLEEP_EXCELLENT_TIMING,EXCELLENT,27600.0,27600.0,FAIR,0.0,15.0,EXCELLENT,0.0,1.0,88,GOOD,21,GOOD,21.0,31.0,5695.2,8407.2,EXCELLENT,0.0,5.0,53,EXCELLENT,30.0,64.0,8136.0,17356.8,26,EXCELLENT,16.0,33.0,4339.2,8949.6,2,235,49,81.0,57,51,7.53,116,240,96,1,88,81,124,81,88,NO_CHANGE_SLEEP,88,,,,STRESS,2026-09-20T11:42:05,7200000,4560000,-8,STRESS,STRESSFUL_PERIOD,3615274803,2026-09-20T13:03:35,295.0,,,,,,,,,,,,,,,,,,,,,1536.0,,,,,,,,,,,,,,,,,,,,,
2026-09-21,2197.0,47.0,2150.0,2197.0,47.0,47.0,2,private,4380,2026-09-20T22:00:00.0,2026-09-21T00:00:00.0,2026-09-21T22:00:00.0,2026-09-22T00:00:00.0,86400000,643,706,60701,24350,1,0,0,0,0,0,27.728,15.113,9.09711,4.95833,150,10,35,4920,86280,55.22,34.35,4.73,5.7,34.7,18.43,2.09,STRESSFUL,57960,23400,22.0,2026-09-21T21:50:28,LOW,SLEEP_PREPARATION_STRESSFUL_AND_INACTIVE,SLEEP_PREPARATION_STRESSFUL_AND_INACTIVE_AND_BB_LOW,1,0,3615274803,2026-09-20T06:16:10,460,460,NO_CHANGE_NO_ADJUSTMENTS,NO_CHANGE,NO_CHANGE,NO_CHANGE,NO_CHANGE,0,1400,1420,1,3615274803,2026-09-21T06:01:10,460,460,NO_CHANGE_NO_ADJUSTMENTS,NO_CHANGE,NO_CHANGE,NO_CHANGE,NO_CHANGE,0,1400,1420,1,129031336,3615274803,1,460,-120,340,BEHIND,110,85,80,87,118,0.21833801,UNBALANCED,HRV_UNBALANCED_12,2026-09-21T06:01:38.894,5,3615274803,,,NONE,0,RECOVERY_1,0,20,LOW,FEEDBACK_1,280,711.0,379.20000000000005,474,0.5,1,RECOVERY_1,129031336,54.1,54.0,0,,,,0,0,3,4,DEACCLIMATIZING,11,0,0,0,2026-09-21T08:01:10.0,3615274803,MODERATE,MOD_HRV_UNBALANCED,LISTEN_TO_YOUR_BODY,53,70,GOOD,983,74,GOOD,100,VERY_GOOD,280,48,MODERATE,62,MODERATE,85,83,GOOD,1,AFTER_WAKEUP_RESET,1,53,26,18.0,18.0,18.0,3.3,,,,0,6,47,0,282.0,0,6,24.1,20.7,3.4,18.0,1,0,2026-09-21T00:00:00.0,983,53,MODERATE,LISTEN_TO_YOUR_BODY,83,62,85,48,280,100,5,UNBALANCED,85,87,118,0.21833801,0.0,36.1,38.3,-2.2,,48,94,52,50,93,47640,29640,29940,48,92,58,53,66,8,14,3.0,13.0,23.0,6.0,17.0,2026-09-21T21:59:00.0,200,3400,2775,2775,4080,15900,1800,58,66,SLEEP,2026-09-20T22:49:10,7200000,23760000,58,NONE,NONE,3615274803,2026-09-21T06:01:10,23760,0,1,1789944550000,1789968310000,1789951750000,1789975510000,0,3660,15060,5040,0,1,15.0,7.0,19.0,0,17.0,ADULT,54.0,POSITIVE_CONTINUOUS,POSITIVE_STRESSFUL_DAY,MOD_EXERCISE_POS_EXCELLENT_OR_GOOD_SLEEP_VIGOROUS_DURING_DAY_OUTDOOR,FAIR,27600.0,27600.0,FAIR,0.0,15.0,EXCELLENT,0.0,1.0,80,GOOD,21,GOOD,21.0,31.0,4989.6,7365.6,EXCELLENT,0.0,5.0,63,GOOD,30.0,64.0,7128.0,15206.4,15,FAIR,16.0,33.0,3801.6,7840.8,2,247,41,85.0,58,52,6.6,61,251,84,,80,85,118,85,80,NO_CHANGE_SLEEP,80,2026-09-21T01:03:41,HIGH,SLEEP_TIME_PASSED_STRESSFUL_AND_INTENSIVE_EXERCISE,,,,,,,,,,,,,,,,,,,,,,,,,,,,,,,,,,,,,,,,,,,,,,,,,,,,
2026-09-22,832.0,22.0,810.0,832.0,22.0,22.0,2,private,4190,2026-09-21T22:00:00.0,2026-09-22T00:00:00.0,2026-09-22T07:03:00.0,2026-09-22T09:03:00.0,32580000,325,152,8213,23890,1,0,0,0,0,0,9.218,4.808,3.02428,1.57743,150,10,17,1440,32580,16.76,74.77,4.05,4.42,11.05,5.52,0.18,UNKNOWN,7380,23760,22.0,2026-09-22T06:38:26,MODERATE,MORNING_BALANCED_AND_INACTIVE,MORNING_BALANCED_AND_INACTIVE,1,0,3615274803,2026-09-21T06:01:10,460,460,NO_CHANGE_NO_ADJUSTMENTS,NO_CHANGE,NO_CHANGE,NO_CHANGE,NO_CHANGE,0,1400,1420,1,3615274803,2026-09-22T04:49:47,460,460,NO_CHANGE_NO_ADJUSTMENTS,NO_CHANGE,NO_CHANGE,NO_CHANGE,NO_CHANGE,0,1400,1420,1,129031336,3615274803,1,460,-120,340,BEHIND,110,88,80,87,118,0.26612854,BALANCED,HRV_BALANCED_4,2026-09-22T04:50:36.444,5,3615274803,,,NONE,0,RECOVERY_1,0,16,LOW,FEEDBACK_1,206,684.0,364.8,456,0.4,1,RECOVERY_1,129031336,54.1,54.0,0,,,,0,0,2,3,DEACCLIMATIZING,0,0,0,0,2026-09-22T06:49:47.0,3615274803,HIGH,HIGH_RT_HIGHEST_SS_AVAILABLE,WELL_RECOVERED,82,82,GOOD,1,99,GOOD,100,VERY_GOOD,206,62,MODERATE,75,GOOD,88,75,GOOD,1,AFTER_WAKEUP_RESET,1,82,26,18.0,18.0,18.0,3.1,,,,0,6,47,0,271.6,0,6,24.1,20.7,3.4,18.0,1,0,2026-09-22T00:00:00.0,1,82,HIGH,WELL_RECOVERED,75,75,88,62,206,100,5,BALANCED,88,87,118,0.26612854,0.0,35.2,32.8,2.4,,41,97,44,50,78,5460,24360,3600,42,97,73,17,89,16,72,3.0,13.0,20.0,8.0,10.0,2026-09-22T07:03:00.0,200,1186,997,997,1320,1800,60,75,89,SLEEP,2026-09-21T21:50:10,7200000,24480000,74,NONE,NONE,3615274803,2026-09-22T04:49:46,24240,0,1,1790027410000,1790051890000,1790034610000,1790059090000,0,6060,12960,5220,240,1,15.0,10.0,19.0,0,12.0,ADULT,50.0,POSITIVE_DEEP,NONE,GENERAL_POS_EXCELLENT_OR_GOOD_SLEEP,FAIR,27600.0,27600.0,EXCELLENT,0.0,15.0,EXCELLENT,0.0,1.0,86,GOOD,22,GOOD,21.0,31.0,5090.4,7514.4,EXCELLENT,0.0,5.0,53,EXCELLENT,30.0,64.0,7272.0,15513.6,25,EXCELLENT,16.0,33.0,3878.4,7999.2,2,194,36,106.0,74,44,6.73,101,216,87,4,86,106,145,106,86,NO_CHANGE_SLEEP,86,2026-09-21T23:17:33,HIGH,SLEEP_TIME_PASSED_STRESSFUL_AND_INACTIVE,,,,,,,,,,,,,,,,,,,,,,,,,,,,,,,,,,,,,,,,,,,,,,,,,,,,2026-09-22T07:04:11.417
